trace_id,timestamp,domain,latency_ms,is_error
42-trace-0001016,2026-08-18T15:12:40.415566+00:00,pix,83.94,False
42-trace-0008563,2026-08-18T15:33:15.711268+00:00,checkout,257.94,False
42-trace-0012121,2026-08-18T15:16:06.119651+00:00,site_latency,204.43,False
42-trace-0021550,2026-08-18T15:20:51.151769+00:00,api_generic,47.56,False
42-trace-0002089,2026-08-18T15:21:17.119811+00:00,pix,96.28,False
42-trace-0011353,2026-08-18T15:13:26.508444+00:00,site_latency,329.18,False
42-trace-0010773,2026-08-18T15:11:22.408863+00:00,site_latency,213.23,False
42-trace-0013285,2026-08-18T15:19:58.265791+00:00,site_latency,121.05,False
42-trace-0009925,2026-08-18T15:08:25.795578+00:00,site_latency,192.72,False
42-trace-0020381,2026-08-18T15:15:59.116864+00:00,api_generic,316.91,True
42-trace-0023886,2026-08-18T15:30:07.047438+00:00,api_generic,63.72,False
42-trace-0018580,2026-08-18T15:08:35.190793+00:00,api_generic,142.58,False
42-trace-0000974,2026-08-18T15:12:23.639124+00:00,pix,148.92,False
42-trace-0023188,2026-08-18T15:27:24.231317+00:00,api_generic,81.06,False
42-trace-0009629,2026-08-18T15:07:27.712293+00:00,site_latency,88.5,False
42-trace-0006456,2026-08-18T15:20:30.206448+00:00,checkout,376.97,False
42-trace-0008005,2026-08-18T15:29:43.918587+00:00,checkout,208.49,False
42-trace-0016140,2026-08-18T15:29:40.098034+00:00,site_latency,201.49,False
42-trace-0019446,2026-08-18T15:12:12.027376+00:00,api_generic,117.27,False
42-trace-0019564,2026-08-18T15:12:42.211968+00:00,api_generic,105.25,False
42-trace-0005346,2026-08-18T15:13:44.760534+00:00,checkout,269.41,False
42-trace-0011753,2026-08-18T15:14:47.934319+00:00,site_latency,751.1,False
42-trace-0000973,2026-08-18T15:12:23.145338+00:00,pix,129.75,False
42-trace-0018192,2026-08-18T15:07:06.480402+00:00,api_generic,92.12,False
42-trace-0006186,2026-08-18T15:18:58.424332+00:00,checkout,2837.27,False
42-trace-0023171,2026-08-18T15:27:19.973552+00:00,api_generic,84.27,False
42-trace-0001435,2026-08-18T15:16:02.819188+00:00,pix,130.38,False
42-trace-0013062,2026-08-18T15:19:14.319864+00:00,site_latency,519.61,False
42-trace-0022391,2026-08-18T15:24:06.399736+00:00,api_generic,63.22,False
42-trace-0017640,2026-08-18T15:04:56.032960+00:00,api_generic,176.06,False
42-trace-0021766,2026-08-18T15:21:40.106119+00:00,api_generic,131.63,False
42-trace-0016498,2026-08-18T15:30:58.997910+00:00,site_latency,524.75,False
42-trace-0015714,2026-08-18T15:28:09.982639+00:00,site_latency,152.58,False
42-trace-0001863,2026-08-18T15:19:27.056046+00:00,pix,196.74,False
42-trace-0005838,2026-08-18T15:16:48.739451+00:00,checkout,138.25,False
42-trace-0024396,2026-08-18T15:32:06.375185+00:00,api_generic,40.64,False
42-trace-0004124,2026-08-18T15:06:36.697148+00:00,checkout,482.79,True
42-trace-0000392,2026-08-18T15:07:45.587979+00:00,pix,122.3,False
42-trace-0024819,2026-08-18T15:33:46.488512+00:00,api_generic,49.67,False
42-trace-0002659,2026-08-18T15:25:39.318666+00:00,pix,617.98,False
42-trace-0019005,2026-08-18T15:10:24.720797+00:00,api_generic,137.08,False
42-trace-0011393,2026-08-18T15:13:35.752115+00:00,site_latency,123.44,False
42-trace-0014815,2026-08-18T15:25:05.220985+00:00,site_latency,340.04,False
42-trace-0021529,2026-08-18T15:20:46.374242+00:00,api_generic,153.91,False
42-trace-0019884,2026-08-18T15:13:59.156170+00:00,api_generic,158.3,False
42-trace-0010536,2026-08-18T15:10:33.313353+00:00,site_latency,270.02,False
42-trace-0008547,2026-08-18T15:33:09.681083+00:00,checkout,241.63,False
42-trace-0003188,2026-08-18T15:29:47.727104+00:00,pix,93.16,False
42-trace-0003902,2026-08-18T15:05:18.761452+00:00,checkout,249.95,False
42-trace-0007467,2026-08-18T15:26:27.666810+00:00,checkout,242.11,False
42-trace-0018673,2026-08-18T15:08:59.207844+00:00,api_generic,158.59,False
42-trace-0024289,2026-08-18T15:31:41.125154+00:00,api_generic,169.03,False
42-trace-0005748,2026-08-18T15:16:19.937973+00:00,checkout,201.84,False
42-trace-0000630,2026-08-18T15:09:41.023710+00:00,pix,51.57,False
42-trace-0024281,2026-08-18T15:31:39.193910+00:00,api_generic,102.72,False
42-trace-0018533,2026-08-18T15:08:23.421742+00:00,api_generic,119.37,False
42-trace-0006831,2026-08-18T15:22:40.604984+00:00,checkout,3440.78,False
42-trace-0006929,2026-08-18T15:23:14.486798+00:00,checkout,349.73,False
42-trace-0003006,2026-08-18T15:28:17.431698+00:00,pix,102.06,False
42-trace-0013789,2026-08-18T15:21:41.424182+00:00,site_latency,395.28,False
42-trace-0023989,2026-08-18T15:30:28.972513+00:00,api_generic,72.56,False
42-trace-0007460,2026-08-18T15:26:23.584868+00:00,checkout,190.22,False
42-trace-0022713,2026-08-18T15:25:28.757375+00:00,api_generic,133.02,False
42-trace-0016606,2026-08-18T15:31:24.309125+00:00,site_latency,161.65,False
42-trace-0013691,2026-08-18T15:21:21.662607+00:00,site_latency,149.99,False
42-trace-0003086,2026-08-18T15:29:00.460581+00:00,pix,155.44,False
42-trace-0018576,2026-08-18T15:08:34.146438+00:00,api_generic,130.51,False
42-trace-0015546,2026-08-18T15:27:34.984221+00:00,site_latency,161.81,False
42-trace-0014241,2026-08-18T15:23:12.104814+00:00,site_latency,262.99,False
42-trace-0018602,2026-08-18T15:08:42.718466+00:00,api_generic,66.53,False
42-trace-0001206,2026-08-18T15:14:11.187020+00:00,pix,94.78,False
42-trace-0023024,2026-08-18T15:26:47.567996+00:00,api_generic,164.52,False
42-trace-0012973,2026-08-18T15:18:57.198875+00:00,site_latency,176.71,False
42-trace-0001263,2026-08-18T15:14:39.740084+00:00,pix,158.54,False
42-trace-0023047,2026-08-18T15:26:51.686251+00:00,api_generic,159.31,False
42-trace-0019375,2026-08-18T15:11:54.301944+00:00,api_generic,28.7,False
42-trace-0014818,2026-08-18T15:25:05.723972+00:00,site_latency,132.96,False
42-trace-0006241,2026-08-18T15:19:17.897665+00:00,checkout,285.16,False
42-trace-0015836,2026-08-18T15:28:36.518031+00:00,site_latency,64.14,False
42-trace-0009039,2026-08-18T15:05:27.871676+00:00,site_latency,101.68,False
42-trace-0006077,2026-08-18T15:18:16.774071+00:00,checkout,247.62,False
42-trace-0001928,2026-08-18T15:19:56.622731+00:00,pix,84.05,False
42-trace-0014357,2026-08-18T15:23:34.177252+00:00,site_latency,50.14,False
42-trace-0001906,2026-08-18T15:19:47.732965+00:00,pix,79.93,False
42-trace-0008156,2026-08-18T15:30:39.900306+00:00,checkout,331.86,False
42-trace-0020452,2026-08-18T15:16:13.422901+00:00,api_generic,43.25,False
42-trace-0004781,2026-08-18T15:10:28.504725+00:00,checkout,453.52,False
42-trace-0002624,2026-08-18T15:25:25.082819+00:00,pix,129.22,False
42-trace-0023775,2026-08-18T15:29:39.978667+00:00,api_generic,140.69,False
42-trace-0023469,2026-08-18T15:28:34.700358+00:00,api_generic,188.21,False
42-trace-0017376,2026-08-18T15:34:02.010175+00:00,site_latency,116.77,False
42-trace-0006206,2026-08-18T15:19:04.688118+00:00,checkout,212.54,False
42-trace-0022418,2026-08-18T15:24:12.881589+00:00,api_generic,127.0,False
42-trace-0012000,2026-08-18T15:15:40.455932+00:00,site_latency,47.46,False
42-trace-0022206,2026-08-18T15:23:23.466784+00:00,api_generic,84.26,False
42-trace-0006584,2026-08-18T15:21:11.964022+00:00,checkout,243.03,False
42-trace-0006185,2026-08-18T15:18:58.220116+00:00,checkout,1009.22,False
42-trace-0005401,2026-08-18T15:14:08.935678+00:00,checkout,551.04,False
42-trace-0024547,2026-08-18T15:32:43.199036+00:00,api_generic,59.07,False
42-trace-0003672,2026-08-18T15:33:45.946784+00:00,pix,144.29,False
42-trace-0001066,2026-08-18T15:13:05.155472+00:00,pix,117.5,False
42-trace-0016674,2026-08-18T15:31:37.548504+00:00,site_latency,263.97,False
42-trace-0013429,2026-08-18T15:20:28.650306+00:00,site_latency,164.35,False
42-trace-0001421,2026-08-18T15:15:54.224776+00:00,pix,111.21,False
42-trace-0016574,2026-08-18T15:31:16.783593+00:00,site_latency,26.29,False
42-trace-0005109,2026-08-18T15:12:15.554495+00:00,checkout,377.62,False
42-trace-0000834,2026-08-18T15:11:13.209709+00:00,pix,105.06,False
42-trace-0019454,2026-08-18T15:12:13.214100+00:00,api_generic,108.27,False
42-trace-0022187,2026-08-18T15:23:18.980434+00:00,api_generic,74.67,False
42-trace-0006776,2026-08-18T15:22:22.773708+00:00,checkout,266.44,False
42-trace-0004490,2026-08-18T15:08:44.283741+00:00,checkout,339.08,False
42-trace-0019865,2026-08-18T15:13:53.742263+00:00,api_generic,43.81,False
42-trace-0021190,2026-08-18T15:19:23.215517+00:00,api_generic,135.5,False
42-trace-0009783,2026-08-18T15:07:57.116166+00:00,site_latency,43.4,False
42-trace-0009414,2026-08-18T15:06:43.984745+00:00,site_latency,182.45,False
42-trace-0011477,2026-08-18T15:13:49.089140+00:00,site_latency,136.63,False
42-trace-0012096,2026-08-18T15:16:01.561756+00:00,site_latency,97.82,False
42-trace-0006665,2026-08-18T15:21:46.134446+00:00,checkout,206.83,False
42-trace-0015816,2026-08-18T15:28:31.050620+00:00,site_latency,94.43,False
42-trace-0005007,2026-08-18T15:11:41.710742+00:00,checkout,341.14,False
42-trace-0011363,2026-08-18T15:13:29.728804+00:00,site_latency,823.04,False
42-trace-0006130,2026-08-18T15:18:39.582060+00:00,checkout,343.3,False
42-trace-0005904,2026-08-18T15:17:12.375317+00:00,checkout,378.03,False
42-trace-0013953,2026-08-18T15:22:12.620889+00:00,site_latency,146.53,False
42-trace-0023577,2026-08-18T15:28:57.521291+00:00,api_generic,42.47,False
42-trace-0010057,2026-08-18T15:08:50.511665+00:00,site_latency,201.99,False
42-trace-0007968,2026-08-18T15:29:30.508965+00:00,checkout,769.57,True
42-trace-0013523,2026-08-18T15:20:48.817623+00:00,site_latency,211.27,False
42-trace-0014177,2026-08-18T15:22:58.915284+00:00,site_latency,64.36,False
42-trace-0020506,2026-08-18T15:16:27.271276+00:00,api_generic,57.48,False
42-trace-0005263,2026-08-18T15:13:11.756909+00:00,checkout,629.27,False
42-trace-0002987,2026-08-18T15:28:10.724794+00:00,pix,129.18,False
42-trace-0011064,2026-08-18T15:12:23.930511+00:00,site_latency,331.65,False
42-trace-0017102,2026-08-18T15:33:04.989830+00:00,site_latency,72.38,False
42-trace-0009237,2026-08-18T15:06:09.572779+00:00,site_latency,278.37,False
42-trace-0018454,2026-08-18T15:08:05.325454+00:00,api_generic,78.22,False
42-trace-0007275,2026-08-18T15:25:24.403872+00:00,checkout,137.87,False
42-trace-0017449,2026-08-18T15:34:14.229853+00:00,site_latency,398.48,False
42-trace-0009988,2026-08-18T15:08:38.892679+00:00,site_latency,151.24,False
42-trace-0001217,2026-08-18T15:14:14.986477+00:00,pix,63.67,False
42-trace-0011964,2026-08-18T15:15:32.204041+00:00,site_latency,292.88,False
42-trace-0009204,2026-08-18T15:06:03.431289+00:00,site_latency,292.88,False
42-trace-0005666,2026-08-18T15:15:54.873886+00:00,checkout,358.42,False
42-trace-0010283,2026-08-18T15:09:38.856510+00:00,site_latency,124.69,False
42-trace-0004146,2026-08-18T15:06:42.332304+00:00,checkout,295.36,False
42-trace-0024897,2026-08-18T15:34:02.659119+00:00,api_generic,25.72,False
42-trace-0013800,2026-08-18T15:21:43.250552+00:00,site_latency,95.38,False
42-trace-0011240,2026-08-18T15:13:03.558184+00:00,site_latency,181.06,False
42-trace-0004747,2026-08-18T15:10:19.065172+00:00,checkout,241.2,False
42-trace-0009759,2026-08-18T15:07:53.248912+00:00,site_latency,246.52,False
42-trace-0000976,2026-08-18T15:12:23.895702+00:00,pix,83.34,False
42-trace-0020453,2026-08-18T15:16:13.822976+00:00,api_generic,80.36,False
42-trace-0010642,2026-08-18T15:10:55.775185+00:00,site_latency,137.12,False
42-trace-0004480,2026-08-18T15:08:39.509638+00:00,checkout,518.43,False
42-trace-0001902,2026-08-18T15:19:45.367344+00:00,pix,174.59,False
42-trace-0021521,2026-08-18T15:20:45.025848+00:00,api_generic,46.96,False
42-trace-0003661,2026-08-18T15:33:41.747486+00:00,pix,120.63,False
42-trace-0012637,2026-08-18T15:17:49.169758+00:00,site_latency,65.57,False
42-trace-0002638,2026-08-18T15:25:30.578014+00:00,pix,111.34,False
42-trace-0010402,2026-08-18T15:10:07.705755+00:00,site_latency,127.17,False
42-trace-0015406,2026-08-18T15:27:09.765938+00:00,site_latency,236.15,False
42-trace-0000210,2026-08-18T15:06:13.006889+00:00,pix,106.76,False
42-trace-0023797,2026-08-18T15:29:45.897710+00:00,api_generic,128.59,False
42-trace-0008921,2026-08-18T15:05:05.185946+00:00,site_latency,184.74,False
42-trace-0014520,2026-08-18T15:24:06.749988+00:00,site_latency,133.47,False
42-trace-0014516,2026-08-18T15:24:05.600079+00:00,site_latency,127.15,False
42-trace-0006838,2026-08-18T15:22:44.242993+00:00,checkout,359.25,False
42-trace-0016538,2026-08-18T15:31:08.618679+00:00,site_latency,313.29,False
42-trace-0023092,2026-08-18T15:27:02.711450+00:00,api_generic,73.35,False
42-trace-0000407,2026-08-18T15:07:51.964027+00:00,pix,115.16,False
42-trace-0013869,2026-08-18T15:21:58.208083+00:00,site_latency,416.66,False
42-trace-0018381,2026-08-18T15:07:48.745672+00:00,api_generic,103.46,False
42-trace-0006587,2026-08-18T15:21:13.860785+00:00,checkout,249.27,False
42-trace-0024887,2026-08-18T15:33:59.837030+00:00,api_generic,33.0,False
42-trace-0019637,2026-08-18T15:12:57.105765+00:00,api_generic,68.79,False
42-trace-0002864,2026-08-18T15:27:16.565195+00:00,pix,350.14,False
42-trace-0001627,2026-08-18T15:17:23.824145+00:00,pix,52.83,False
42-trace-0020731,2026-08-18T15:17:30.560730+00:00,api_generic,51.0,False
42-trace-0016272,2026-08-18T15:30:11.831264+00:00,site_latency,221.93,False
42-trace-0021544,2026-08-18T15:20:50.097369+00:00,api_generic,74.49,False
42-trace-0003232,2026-08-18T15:30:04.817438+00:00,pix,203.56,False
42-trace-0019683,2026-08-18T15:13:12.410602+00:00,api_generic,182.33,False
42-trace-0000779,2026-08-18T15:10:49.723842+00:00,pix,122.56,False
42-trace-0017388,2026-08-18T15:34:04.038053+00:00,site_latency,287.29,False
42-trace-0004500,2026-08-18T15:08:48.420313+00:00,checkout,185.42,False
42-trace-0007103,2026-08-18T15:24:23.168589+00:00,checkout,584.4,False
42-trace-0021178,2026-08-18T15:19:20.423433+00:00,api_generic,45.15,False
42-trace-0011633,2026-08-18T15:14:21.122982+00:00,site_latency,426.33,False
42-trace-0003956,2026-08-18T15:05:34.480615+00:00,checkout,272.22,False
42-trace-0013104,2026-08-18T15:19:22.934029+00:00,site_latency,188.13,False
42-trace-0018062,2026-08-18T15:06:37.836735+00:00,api_generic,129.84,False
42-trace-0021748,2026-08-18T15:21:34.239517+00:00,api_generic,130.98,False
42-trace-0022807,2026-08-18T15:25:54.603181+00:00,api_generic,85.57,False
42-trace-0010524,2026-08-18T15:10:31.452302+00:00,site_latency,172.75,False
42-trace-0014636,2026-08-18T15:24:31.779197+00:00,site_latency,120.91,False
42-trace-0004111,2026-08-18T15:06:31.978704+00:00,checkout,102.7,False
42-trace-0008852,2026-08-18T15:04:48.202771+00:00,site_latency,138.63,False
42-trace-0005844,2026-08-18T15:16:50.031490+00:00,checkout,438.47,False
42-trace-0006329,2026-08-18T15:19:47.112276+00:00,checkout,417.03,False
42-trace-0005771,2026-08-18T15:16:28.703789+00:00,checkout,705.95,False
42-trace-0007745,2026-08-18T15:28:04.001758+00:00,checkout,266.54,False
42-trace-0024286,2026-08-18T15:31:40.452614+00:00,api_generic,69.12,False
42-trace-0010076,2026-08-18T15:08:55.340277+00:00,site_latency,183.08,False
42-trace-0023686,2026-08-18T15:29:21.136339+00:00,api_generic,34.71,False
42-trace-0008511,2026-08-18T15:32:56.238707+00:00,checkout,446.23,False
42-trace-0020039,2026-08-18T15:14:38.030786+00:00,api_generic,22.34,False
42-trace-0017398,2026-08-18T15:34:05.886482+00:00,site_latency,254.01,False
42-trace-0021607,2026-08-18T15:21:05.845472+00:00,api_generic,103.52,False
42-trace-0009549,2026-08-18T15:07:10.121455+00:00,site_latency,246.1,False
42-trace-0021510,2026-08-18T15:20:42.118181+00:00,api_generic,36.8,False
42-trace-0023978,2026-08-18T15:30:27.517929+00:00,api_generic,280.09,False
42-trace-0008581,2026-08-18T15:33:21.229482+00:00,checkout,149.53,False
42-trace-0023130,2026-08-18T15:27:11.589853+00:00,api_generic,102.95,False
42-trace-0005877,2026-08-18T15:17:02.826448+00:00,checkout,218.52,False
42-trace-0017443,2026-08-18T15:34:13.379652+00:00,site_latency,327.19,False
42-trace-0005162,2026-08-18T15:12:36.895648+00:00,checkout,219.87,False
42-trace-0007132,2026-08-18T15:24:32.461485+00:00,checkout,295.18,False
42-trace-0001171,2026-08-18T15:13:59.651588+00:00,pix,80.26,False
42-trace-0000612,2026-08-18T15:09:33.101949+00:00,pix,130.3,False
42-trace-0000924,2026-08-18T15:11:53.611644+00:00,pix,98.25,False
42-trace-0016770,2026-08-18T15:31:55.770115+00:00,site_latency,380.02,False
42-trace-0018871,2026-08-18T15:09:49.728638+00:00,api_generic,252.52,False
42-trace-0022042,2026-08-18T15:22:44.497521+00:00,api_generic,122.25,False
42-trace-0015773,2026-08-18T15:28:21.766715+00:00,site_latency,231.4,False
42-trace-0010092,2026-08-18T15:08:58.976498+00:00,site_latency,276.56,False
42-trace-0017113,2026-08-18T15:33:06.786851+00:00,site_latency,285.59,False
42-trace-0008348,2026-08-18T15:31:55.539017+00:00,checkout,306.42,False
42-trace-0009736,2026-08-18T15:07:49.494163+00:00,site_latency,1106.9,False
42-trace-0013167,2026-08-18T15:19:35.875807+00:00,site_latency,185.62,False
42-trace-0006399,2026-08-18T15:20:08.711587+00:00,checkout,428.65,False
42-trace-0019234,2026-08-18T15:11:23.000864+00:00,api_generic,93.73,False
42-trace-0006301,2026-08-18T15:19:36.825024+00:00,checkout,387.61,False
42-trace-0011588,2026-08-18T15:14:13.245804+00:00,site_latency,561.29,False
42-trace-0005596,2026-08-18T15:15:26.975640+00:00,checkout,629.16,False
42-trace-0010963,2026-08-18T15:12:03.280830+00:00,site_latency,1000.64,False
42-trace-0022094,2026-08-18T15:22:57.140453+00:00,api_generic,129.01,False
42-trace-0017632,2026-08-18T15:04:53.712927+00:00,api_generic,70.29,False
42-trace-0005174,2026-08-18T15:12:41.418704+00:00,checkout,355.36,False
42-trace-0003291,2026-08-18T15:30:33.506064+00:00,pix,111.22,False
42-trace-0004000,2026-08-18T15:05:51.776356+00:00,checkout,265.61,False
42-trace-0000939,2026-08-18T15:12:03.760873+00:00,pix,166.77,False
42-trace-0011734,2026-08-18T15:14:42.662889+00:00,site_latency,141.54,False
42-trace-0017671,2026-08-18T15:05:04.124926+00:00,api_generic,77.74,False
42-trace-0018601,2026-08-18T15:08:42.546333+00:00,api_generic,186.73,False
42-trace-0009534,2026-08-18T15:07:07.860950+00:00,site_latency,121.43,False
42-trace-0015149,2026-08-18T15:26:10.482628+00:00,site_latency,551.87,False
42-trace-0004045,2026-08-18T15:06:11.769560+00:00,checkout,348.88,False
42-trace-0004685,2026-08-18T15:09:52.160785+00:00,checkout,154.79,False
42-trace-0019748,2026-08-18T15:13:28.169361+00:00,api_generic,100.52,False
42-trace-0023739,2026-08-18T15:29:33.409541+00:00,api_generic,762.17,False
42-trace-0015315,2026-08-18T15:26:49.252829+00:00,site_latency,191.32,False
42-trace-0002053,2026-08-18T15:21:00.238373+00:00,pix,180.03,False
42-trace-0018532,2026-08-18T15:08:23.271140+00:00,api_generic,142.9,False
42-trace-0015466,2026-08-18T15:27:20.661629+00:00,site_latency,115.88,False
42-trace-0009507,2026-08-18T15:07:01.559253+00:00,site_latency,592.42,False
42-trace-0024227,2026-08-18T15:31:26.495887+00:00,api_generic,69.7,False
42-trace-0004875,2026-08-18T15:10:58.676944+00:00,checkout,513.68,False
42-trace-0021109,2026-08-18T15:19:03.849834+00:00,api_generic,60.37,False
42-trace-0005120,2026-08-18T15:12:19.544857+00:00,checkout,256.08,False
42-trace-0014859,2026-08-18T15:25:13.787639+00:00,site_latency,147.29,False
42-trace-0018490,2026-08-18T15:08:12.521243+00:00,api_generic,532.04,False
42-trace-0017841,2026-08-18T15:05:41.321410+00:00,api_generic,81.29,False
42-trace-0022505,2026-08-18T15:24:33.038663+00:00,api_generic,130.7,False
42-trace-0023435,2026-08-18T15:28:22.479341+00:00,api_generic,64.32,False
42-trace-0006415,2026-08-18T15:20:16.640985+00:00,checkout,407.15,False
42-trace-0012493,2026-08-18T15:17:24.404097+00:00,site_latency,71.24,False
42-trace-0011617,2026-08-18T15:14:18.718339+00:00,site_latency,303.4,False
42-trace-0000653,2026-08-18T15:09:49.942560+00:00,pix,215.13,False
42-trace-0010534,2026-08-18T15:10:33.259264+00:00,site_latency,482.67,False
42-trace-0013441,2026-08-18T15:20:30.568194+00:00,site_latency,512.95,False
42-trace-0021793,2026-08-18T15:21:46.150239+00:00,api_generic,107.05,False
42-trace-0006944,2026-08-18T15:23:20.917850+00:00,checkout,281.26,False
42-trace-0024753,2026-08-18T15:33:31.040616+00:00,api_generic,145.12,False
42-trace-0004492,2026-08-18T15:08:45.767727+00:00,checkout,167.62,False
42-trace-0011484,2026-08-18T15:13:50.898889+00:00,site_latency,173.89,False
42-trace-0015626,2026-08-18T15:27:51.688290+00:00,site_latency,190.92,False
42-trace-0024452,2026-08-18T15:32:21.051749+00:00,api_generic,123.62,False
42-trace-0000115,2026-08-18T15:05:27.222575+00:00,pix,123.07,False
42-trace-0023659,2026-08-18T15:29:16.270820+00:00,api_generic,107.99,False
42-trace-0022835,2026-08-18T15:26:00.980430+00:00,api_generic,88.59,False
42-trace-0001856,2026-08-18T15:19:25.287983+00:00,pix,94.19,False
42-trace-0010860,2026-08-18T15:11:40.617270+00:00,site_latency,422.3,False
42-trace-0008666,2026-08-18T15:33:52.689261+00:00,checkout,192.46,False
42-trace-0005173,2026-08-18T15:12:40.953013+00:00,checkout,2382.17,False
42-trace-0017211,2026-08-18T15:33:27.580943+00:00,site_latency,190.05,False
42-trace-0017339,2026-08-18T15:33:54.635680+00:00,site_latency,407.58,False
42-trace-0019037,2026-08-18T15:10:35.255413+00:00,api_generic,86.83,False
42-trace-0015646,2026-08-18T15:27:54.633950+00:00,site_latency,118.6,False
42-trace-0002340,2026-08-18T15:23:12.630289+00:00,pix,161.24,False
42-trace-0009642,2026-08-18T15:07:30.710054+00:00,site_latency,300.89,False
42-trace-0008540,2026-08-18T15:33:07.376417+00:00,checkout,337.94,False
42-trace-0009703,2026-08-18T15:07:42.417400+00:00,site_latency,126.03,False
42-trace-0006170,2026-08-18T15:18:52.341757+00:00,checkout,233.46,False
42-trace-0023105,2026-08-18T15:27:06.394356+00:00,api_generic,98.17,False
42-trace-0010905,2026-08-18T15:11:51.045019+00:00,site_latency,135.75,False
42-trace-0005759,2026-08-18T15:16:23.628771+00:00,checkout,288.46,False
42-trace-0003089,2026-08-18T15:29:01.560347+00:00,pix,126.65,False
42-trace-0003586,2026-08-18T15:32:59.036150+00:00,pix,244.4,False
42-trace-0012449,2026-08-18T15:17:14.603460+00:00,site_latency,179.96,False
42-trace-0014836,2026-08-18T15:25:08.109791+00:00,site_latency,315.54,False
42-trace-0019262,2026-08-18T15:11:30.342861+00:00,api_generic,58.8,False
42-trace-0007425,2026-08-18T15:26:14.770698+00:00,checkout,281.77,False
42-trace-0001327,2026-08-18T15:15:07.015131+00:00,pix,132.96,False
42-trace-0015093,2026-08-18T15:26:00.821129+00:00,site_latency,228.96,False
42-trace-0016155,2026-08-18T15:29:42.495684+00:00,site_latency,193.1,False
42-trace-0000636,2026-08-18T15:09:44.066034+00:00,pix,108.56,False
42-trace-0009568,2026-08-18T15:07:14.715197+00:00,site_latency,332.07,False
42-trace-0004232,2026-08-18T15:07:12.963555+00:00,checkout,508.41,False
42-trace-0008843,2026-08-18T15:04:45.426507+00:00,site_latency,135.86,False
42-trace-0022929,2026-08-18T15:26:23.917879+00:00,api_generic,75.82,False
42-trace-0024926,2026-08-18T15:34:09.586522+00:00,api_generic,98.87,False
42-trace-0023846,2026-08-18T15:29:56.361940+00:00,api_generic,79.01,False
42-trace-0007795,2026-08-18T15:28:21.936540+00:00,checkout,298.59,False
42-trace-0004094,2026-08-18T15:06:28.291669+00:00,checkout,187.36,False
42-trace-0019485,2026-08-18T15:12:21.444565+00:00,api_generic,51.57,False
42-trace-0022557,2026-08-18T15:24:47.942379+00:00,api_generic,88.7,False
42-trace-0010294,2026-08-18T15:09:41.473940+00:00,site_latency,315.6,False
42-trace-0019944,2026-08-18T15:14:12.307758+00:00,api_generic,88.35,False
42-trace-0020152,2026-08-18T15:15:04.089310+00:00,api_generic,148.32,False
42-trace-0024676,2026-08-18T15:33:13.476502+00:00,api_generic,122.24,False
42-trace-0001690,2026-08-18T15:17:57.641084+00:00,pix,162.89,False
42-trace-0014514,2026-08-18T15:24:05.543191+00:00,site_latency,91.95,False
42-trace-0020404,2026-08-18T15:16:05.230400+00:00,api_generic,129.4,False
42-trace-0012967,2026-08-18T15:18:56.754795+00:00,site_latency,1613.69,False
42-trace-0003445,2026-08-18T15:31:47.286963+00:00,pix,176.72,False
42-trace-0023791,2026-08-18T15:29:43.722086+00:00,api_generic,85.82,False
42-trace-0001839,2026-08-18T15:19:13.957337+00:00,pix,201.32,False
42-trace-0005822,2026-08-18T15:16:45.404559+00:00,checkout,159.58,False
42-trace-0003957,2026-08-18T15:05:34.825701+00:00,checkout,403.33,False
42-trace-0023817,2026-08-18T15:29:49.739211+00:00,api_generic,97.34,False
42-trace-0021224,2026-08-18T15:19:33.465348+00:00,api_generic,218.5,False
42-trace-0017861,2026-08-18T15:05:45.024840+00:00,api_generic,91.0,False
42-trace-0016198,2026-08-18T15:29:52.416075+00:00,site_latency,169.86,False
42-trace-0006305,2026-08-18T15:19:38.360173+00:00,checkout,302.23,False
42-trace-0009884,2026-08-18T15:08:17.448800+00:00,site_latency,244.81,False
42-trace-0017709,2026-08-18T15:05:10.977859+00:00,api_generic,133.34,False
42-trace-0023428,2026-08-18T15:28:19.831886+00:00,api_generic,66.21,False
42-trace-0005974,2026-08-18T15:17:39.680239+00:00,checkout,299.68,False
42-trace-0014641,2026-08-18T15:24:32.875100+00:00,site_latency,195.78,False
42-trace-0019549,2026-08-18T15:12:38.884624+00:00,api_generic,87.76,False
42-trace-0000931,2026-08-18T15:11:57.711179+00:00,pix,120.25,False
42-trace-0004981,2026-08-18T15:11:30.713628+00:00,checkout,437.37,False
42-trace-0022127,2026-08-18T15:23:05.917189+00:00,api_generic,97.55,False
42-trace-0016112,2026-08-18T15:29:34.071208+00:00,site_latency,230.98,False
42-trace-0002919,2026-08-18T15:27:42.885011+00:00,pix,83.98,False
42-trace-0013650,2026-08-18T15:21:13.932433+00:00,site_latency,362.18,False
42-trace-0024584,2026-08-18T15:32:50.634950+00:00,api_generic,69.2,False
42-trace-0016483,2026-08-18T15:30:56.146052+00:00,site_latency,213.83,False
42-trace-0018566,2026-08-18T15:08:31.449108+00:00,api_generic,56.13,False
42-trace-0012483,2026-08-18T15:17:23.471634+00:00,site_latency,147.74,False
42-trace-0020118,2026-08-18T15:14:57.139028+00:00,api_generic,76.14,False
42-trace-0020685,2026-08-18T15:17:17.428810+00:00,api_generic,86.36,False
42-trace-0021050,2026-08-18T15:18:48.186895+00:00,api_generic,145.31,False
42-trace-0005870,2026-08-18T15:16:59.622260+00:00,checkout,607.78,False
42-trace-0004881,2026-08-18T15:11:00.183824+00:00,checkout,490.22,False
42-trace-0012349,2026-08-18T15:16:55.332020+00:00,site_latency,41.93,False
42-trace-0018137,2026-08-18T15:06:56.532257+00:00,api_generic,200.58,False
42-trace-0018734,2026-08-18T15:09:15.110394+00:00,api_generic,145.69,False
42-trace-0011116,2026-08-18T15:12:37.841409+00:00,site_latency,136.4,False
42-trace-0020054,2026-08-18T15:14:41.183205+00:00,api_generic,52.78,False
42-trace-0018115,2026-08-18T15:06:50.672676+00:00,api_generic,107.01,False
42-trace-0002782,2026-08-18T15:26:35.980049+00:00,pix,95.21,False
42-trace-0008833,2026-08-18T15:04:44.016882+00:00,site_latency,229.27,False
42-trace-0006435,2026-08-18T15:20:24.585499+00:00,checkout,575.29,False
42-trace-0001163,2026-08-18T15:13:55.804674+00:00,pix,109.77,False
42-trace-0024579,2026-08-18T15:32:49.461992+00:00,api_generic,107.44,False
42-trace-0003045,2026-08-18T15:28:35.227239+00:00,pix,128.74,False
42-trace-0024159,2026-08-18T15:31:10.382441+00:00,api_generic,165.69,False
42-trace-0003400,2026-08-18T15:31:25.505263+00:00,pix,100.93,False
42-trace-0008087,2026-08-18T15:30:18.911254+00:00,checkout,157.02,False
42-trace-0021971,2026-08-18T15:22:26.188697+00:00,api_generic,65.83,False
42-trace-0020460,2026-08-18T15:16:15.475654+00:00,api_generic,141.15,False
42-trace-0009428,2026-08-18T15:06:45.724961+00:00,site_latency,207.65,False
42-trace-0005824,2026-08-18T15:16:46.565918+00:00,checkout,230.96,False
42-trace-0021608,2026-08-18T15:21:05.925013+00:00,api_generic,55.25,False
42-trace-0016846,2026-08-18T15:32:08.072999+00:00,site_latency,279.13,False
42-trace-0023253,2026-08-18T15:27:38.639360+00:00,api_generic,56.33,False
42-trace-0012700,2026-08-18T15:18:03.194862+00:00,site_latency,230.95,False
42-trace-0024241,2026-08-18T15:31:28.591630+00:00,api_generic,88.88,False
42-trace-0018623,2026-08-18T15:08:49.246001+00:00,api_generic,98.4,False
42-trace-0022407,2026-08-18T15:24:10.620910+00:00,api_generic,68.18,False
42-trace-0014557,2026-08-18T15:24:13.144761+00:00,site_latency,154.32,False
42-trace-0003241,2026-08-18T15:30:10.044032+00:00,pix,177.2,False
42-trace-0011656,2026-08-18T15:14:25.965665+00:00,site_latency,53.93,False
42-trace-0005391,2026-08-18T15:14:03.467987+00:00,checkout,180.16,False
42-trace-0010815,2026-08-18T15:11:30.514873+00:00,site_latency,119.87,False
42-trace-0001503,2026-08-18T15:16:32.596262+00:00,pix,190.81,False
42-trace-0018156,2026-08-18T15:06:59.554150+00:00,api_generic,61.15,False
42-trace-0016064,2026-08-18T15:29:24.910381+00:00,site_latency,485.73,False
42-trace-0015053,2026-08-18T15:25:52.276238+00:00,site_latency,367.78,False
42-trace-0018067,2026-08-18T15:06:39.227898+00:00,api_generic,136.3,False
42-trace-0005992,2026-08-18T15:17:44.981009+00:00,checkout,875.77,False
42-trace-0005212,2026-08-18T15:12:55.225973+00:00,checkout,311.27,False
42-trace-0007059,2026-08-18T15:24:03.913944+00:00,checkout,263.37,False
42-trace-0011433,2026-08-18T15:13:41.273500+00:00,site_latency,114.16,False
42-trace-0017531,2026-08-18T15:04:33.032575+00:00,api_generic,65.0,False
42-trace-0024503,2026-08-18T15:32:33.488973+00:00,api_generic,104.73,False
42-trace-0013318,2026-08-18T15:20:05.619303+00:00,site_latency,128.72,False
42-trace-0013658,2026-08-18T15:21:15.157648+00:00,site_latency,141.9,False
42-trace-0010205,2026-08-18T15:09:21.010926+00:00,site_latency,601.36,False
42-trace-0011438,2026-08-18T15:13:42.116796+00:00,site_latency,151.93,False
42-trace-0007902,2026-08-18T15:29:05.244152+00:00,checkout,258.24,False
42-trace-0004904,2026-08-18T15:11:08.811355+00:00,checkout,233.4,False
42-trace-0011589,2026-08-18T15:14:13.423514+00:00,site_latency,230.31,False
42-trace-0000664,2026-08-18T15:09:55.312207+00:00,pix,850.61,False
42-trace-0005547,2026-08-18T15:15:01.706310+00:00,checkout,126.25,False
42-trace-0016924,2026-08-18T15:32:26.382668+00:00,site_latency,116.56,False
42-trace-0001310,2026-08-18T15:14:57.710306+00:00,pix,106.26,False
42-trace-0003683,2026-08-18T15:33:53.004083+00:00,pix,1001.72,False
42-trace-0003363,2026-08-18T15:31:08.945202+00:00,pix,129.4,False
42-trace-0017297,2026-08-18T15:33:47.215968+00:00,site_latency,93.2,False
42-trace-0011879,2026-08-18T15:15:14.680809+00:00,site_latency,106.04,False
42-trace-0012332,2026-08-18T15:16:51.952855+00:00,site_latency,441.95,False
42-trace-0014295,2026-08-18T15:23:21.160350+00:00,site_latency,175.16,False
42-trace-0009878,2026-08-18T15:08:17.113397+00:00,site_latency,125.76,False
42-trace-0022896,2026-08-18T15:26:16.479896+00:00,api_generic,169.49,False
42-trace-0011025,2026-08-18T15:12:16.297202+00:00,site_latency,94.16,False
42-trace-0002440,2026-08-18T15:23:55.250166+00:00,pix,114.67,False
42-trace-0014304,2026-08-18T15:23:24.254222+00:00,site_latency,129.79,False
42-trace-0012056,2026-08-18T15:15:52.691301+00:00,site_latency,230.36,False
42-trace-0007960,2026-08-18T15:29:27.556287+00:00,checkout,204.75,False
42-trace-0011070,2026-08-18T15:12:26.236472+00:00,site_latency,207.01,False
42-trace-0015433,2026-08-18T15:27:15.835784+00:00,site_latency,227.03,False
42-trace-0016424,2026-08-18T15:30:42.629835+00:00,site_latency,140.84,False
42-trace-0019410,2026-08-18T15:12:04.085076+00:00,api_generic,118.97,False
42-trace-0016058,2026-08-18T15:29:23.765442+00:00,site_latency,572.34,False
42-trace-0008861,2026-08-18T15:04:49.717489+00:00,site_latency,109.79,False
42-trace-0011601,2026-08-18T15:14:16.426439+00:00,site_latency,225.07,False
42-trace-0007618,2026-08-18T15:27:18.557304+00:00,checkout,193.41,False
42-trace-0005737,2026-08-18T15:16:16.932284+00:00,checkout,169.03,False
42-trace-0021067,2026-08-18T15:18:51.386747+00:00,api_generic,117.02,False
42-trace-0000035,2026-08-18T15:04:43.212988+00:00,pix,148.87,False
42-trace-0008989,2026-08-18T15:05:17.873097+00:00,site_latency,565.4,False
42-trace-0017306,2026-08-18T15:33:48.853271+00:00,site_latency,145.64,False
42-trace-0018738,2026-08-18T15:09:15.997601+00:00,api_generic,67.82,False
42-trace-0008294,2026-08-18T15:31:36.363525+00:00,checkout,560.69,False
42-trace-0007522,2026-08-18T15:26:44.841166+00:00,checkout,278.39,False
42-trace-0008525,2026-08-18T15:33:00.292791+00:00,checkout,116.82,False
42-trace-0001392,2026-08-18T15:15:43.294916+00:00,pix,201.26,False
42-trace-0020579,2026-08-18T15:16:45.505701+00:00,api_generic,101.96,False
42-trace-0015158,2026-08-18T15:26:12.197351+00:00,site_latency,52.3,False
42-trace-0003023,2026-08-18T15:28:23.813179+00:00,pix,138.13,False
42-trace-0019910,2026-08-18T15:14:04.571652+00:00,api_generic,56.39,False
42-trace-0016889,2026-08-18T15:32:19.143272+00:00,site_latency,381.22,False
42-trace-0020997,2026-08-18T15:18:35.053516+00:00,api_generic,164.26,False
42-trace-0005308,2026-08-18T15:13:29.513233+00:00,checkout,256.24,False
42-trace-0013191,2026-08-18T15:19:41.627607+00:00,site_latency,68.09,False
42-trace-0009441,2026-08-18T15:06:47.746284+00:00,site_latency,393.41,False
42-trace-0010338,2026-08-18T15:09:52.794854+00:00,site_latency,140.36,False
42-trace-0015068,2026-08-18T15:25:56.104343+00:00,site_latency,255.02,False
42-trace-0018999,2026-08-18T15:10:22.801243+00:00,api_generic,114.75,False
42-trace-0013387,2026-08-18T15:20:18.345393+00:00,site_latency,186.97,False
42-trace-0012192,2026-08-18T15:16:20.033763+00:00,site_latency,239.16,False
42-trace-0012670,2026-08-18T15:17:56.082070+00:00,site_latency,111.92,False
42-trace-0008778,2026-08-18T15:04:31.750460+00:00,site_latency,110.33,False
42-trace-0017875,2026-08-18T15:05:47.724794+00:00,api_generic,180.06,False
42-trace-0024184,2026-08-18T15:31:17.198580+00:00,api_generic,74.07,False
42-trace-0011543,2026-08-18T15:14:04.262850+00:00,site_latency,85.69,False
42-trace-0024962,2026-08-18T15:34:18.851565+00:00,api_generic,47.4,False
42-trace-0017511,2026-08-18T15:04:28.815351+00:00,api_generic,130.94,False
42-trace-0010342,2026-08-18T15:09:53.774784+00:00,site_latency,233.21,False
42-trace-0018182,2026-08-18T15:07:05.190125+00:00,api_generic,67.65,False
42-trace-0015781,2026-08-18T15:28:23.637565+00:00,site_latency,270.95,False
42-trace-0005414,2026-08-18T15:14:13.209182+00:00,checkout,324.92,False
42-trace-0015016,2026-08-18T15:25:44.644463+00:00,site_latency,207.53,False
42-trace-0004792,2026-08-18T15:10:34.744721+00:00,checkout,398.64,False
42-trace-0022271,2026-08-18T15:23:40.421986+00:00,api_generic,168.86,False
42-trace-0005621,2026-08-18T15:15:39.033406+00:00,checkout,613.49,False
42-trace-0019704,2026-08-18T15:13:16.837250+00:00,api_generic,40.36,False
42-trace-0024944,2026-08-18T15:34:14.363740+00:00,api_generic,64.01,False
42-trace-0019023,2026-08-18T15:10:29.575904+00:00,api_generic,40.56,False
42-trace-0021743,2026-08-18T15:21:33.106403+00:00,api_generic,71.69,False
42-trace-0012432,2026-08-18T15:17:11.239418+00:00,site_latency,113.73,False
42-trace-0021049,2026-08-18T15:18:47.786055+00:00,api_generic,137.15,False
42-trace-0015400,2026-08-18T15:27:07.486487+00:00,site_latency,253.64,False
42-trace-0021369,2026-08-18T15:20:04.853841+00:00,api_generic,72.79,False
42-trace-0020069,2026-08-18T15:14:45.425455+00:00,api_generic,71.79,False
42-trace-0002362,2026-08-18T15:23:21.557671+00:00,pix,84.62,False
42-trace-0020261,2026-08-18T15:15:29.989326+00:00,api_generic,128.33,False
42-trace-0018589,2026-08-18T15:08:39.515345+00:00,api_generic,60.0,False
42-trace-0024193,2026-08-18T15:31:19.081675+00:00,api_generic,71.72,False
42-trace-0018040,2026-08-18T15:06:31.814004+00:00,api_generic,74.72,False
42-trace-0014270,2026-08-18T15:23:17.274771+00:00,site_latency,461.08,False
42-trace-0008000,2026-08-18T15:29:40.851234+00:00,checkout,444.93,False
42-trace-0010533,2026-08-18T15:10:32.756907+00:00,site_latency,197.3,False
42-trace-0013638,2026-08-18T15:21:12.296778+00:00,site_latency,300.97,False
42-trace-0004505,2026-08-18T15:08:50.433530+00:00,checkout,432.95,False
42-trace-0012129,2026-08-18T15:16:07.083936+00:00,site_latency,164.34,False
42-trace-0000328,2026-08-18T15:07:17.305613+00:00,pix,117.22,False
42-trace-0013386,2026-08-18T15:20:18.201289+00:00,site_latency,76.09,False
42-trace-0003694,2026-08-18T15:33:59.664953+00:00,pix,75.54,False
42-trace-0000564,2026-08-18T15:09:05.866670+00:00,pix,91.79,False
42-trace-0021820,2026-08-18T15:21:54.760046+00:00,api_generic,85.82,False
42-trace-0004936,2026-08-18T15:11:17.178661+00:00,checkout,290.46,False
42-trace-0009628,2026-08-18T15:07:27.691167+00:00,site_latency,162.46,False
42-trace-0020441,2026-08-18T15:16:11.817672+00:00,api_generic,74.56,False
42-trace-0004588,2026-08-18T15:09:13.698517+00:00,checkout,318.92,False
42-trace-0014221,2026-08-18T15:23:07.645982+00:00,site_latency,265.16,False
42-trace-0022936,2026-08-18T15:26:25.231076+00:00,api_generic,60.06,False
42-trace-0017063,2026-08-18T15:32:55.041541+00:00,site_latency,86.56,False
42-trace-0013063,2026-08-18T15:19:14.655580+00:00,site_latency,205.13,False
42-trace-0007376,2026-08-18T15:25:57.170132+00:00,checkout,255.06,False
42-trace-0019747,2026-08-18T15:13:28.150739+00:00,api_generic,102.48,False
42-trace-0018497,2026-08-18T15:08:14.272731+00:00,api_generic,101.76,False
42-trace-0023073,2026-08-18T15:26:58.767922+00:00,api_generic,30.14,False
42-trace-0007387,2026-08-18T15:26:02.647359+00:00,checkout,204.38,False
42-trace-0013836,2026-08-18T15:21:52.276056+00:00,site_latency,97.09,False
42-trace-0022125,2026-08-18T15:23:05.397669+00:00,api_generic,115.36,False
42-trace-0014265,2026-08-18T15:23:16.686617+00:00,site_latency,217.15,False
42-trace-0023985,2026-08-18T15:30:28.140826+00:00,api_generic,137.62,False
42-trace-0017353,2026-08-18T15:33:57.049626+00:00,site_latency,270.61,False
42-trace-0006627,2026-08-18T15:21:30.987019+00:00,checkout,169.02,False
42-trace-0004948,2026-08-18T15:11:21.269688+00:00,checkout,449.41,False
42-trace-0019451,2026-08-18T15:12:12.511994+00:00,api_generic,29.37,False
42-trace-0010482,2026-08-18T15:10:24.883421+00:00,site_latency,146.19,False
42-trace-0002313,2026-08-18T15:23:02.287803+00:00,pix,193.75,False
42-trace-0006774,2026-08-18T15:22:22.392496+00:00,checkout,93.65,False
42-trace-0015961,2026-08-18T15:29:02.612238+00:00,site_latency,117.18,False
42-trace-0007068,2026-08-18T15:24:09.114997+00:00,checkout,224.13,False
42-trace-0007547,2026-08-18T15:26:55.122083+00:00,checkout,422.7,False
42-trace-0019251,2026-08-18T15:11:28.273305+00:00,api_generic,91.75,False
42-trace-0002620,2026-08-18T15:25:22.746986+00:00,pix,214.34,False
42-trace-0024015,2026-08-18T15:30:35.578888+00:00,api_generic,174.73,False
42-trace-0000912,2026-08-18T15:11:48.375163+00:00,pix,137.89,False
42-trace-0018515,2026-08-18T15:08:17.344163+00:00,api_generic,179.5,False
42-trace-0024217,2026-08-18T15:31:23.401196+00:00,api_generic,78.7,False
42-trace-0008076,2026-08-18T15:30:13.977783+00:00,checkout,565.05,False
42-trace-0000608,2026-08-18T15:09:31.695140+00:00,pix,140.38,False
42-trace-0009710,2026-08-18T15:07:43.715904+00:00,site_latency,152.73,False
42-trace-0009651,2026-08-18T15:07:32.350873+00:00,site_latency,993.69,False
42-trace-0012570,2026-08-18T15:17:37.162394+00:00,site_latency,189.12,False
42-trace-0006766,2026-08-18T15:22:19.154587+00:00,checkout,186.69,False
42-trace-0013253,2026-08-18T15:19:52.758180+00:00,site_latency,82.04,False
42-trace-0004054,2026-08-18T15:06:13.470868+00:00,checkout,144.87,False
42-trace-0008140,2026-08-18T15:30:35.699440+00:00,checkout,338.64,False
42-trace-0017518,2026-08-18T15:04:30.453305+00:00,api_generic,44.37,False
42-trace-0014152,2026-08-18T15:22:53.206218+00:00,site_latency,184.32,False
42-trace-0002359,2026-08-18T15:23:20.028082+00:00,pix,183.23,False
42-trace-0012438,2026-08-18T15:17:12.334260+00:00,site_latency,68.52,False
42-trace-0004372,2026-08-18T15:08:02.622548+00:00,checkout,442.0,False
42-trace-0019155,2026-08-18T15:11:03.176723+00:00,api_generic,88.9,False
42-trace-0016973,2026-08-18T15:32:34.829113+00:00,site_latency,132.73,False
42-trace-0019761,2026-08-18T15:13:32.400369+00:00,api_generic,346.91,False
42-trace-0007981,2026-08-18T15:29:33.922389+00:00,checkout,301.19,False
42-trace-0023011,2026-08-18T15:26:44.380243+00:00,api_generic,101.2,False
42-trace-0009247,2026-08-18T15:06:11.550187+00:00,site_latency,463.72,False
42-trace-0007291,2026-08-18T15:25:26.931422+00:00,checkout,208.28,False
42-trace-0002189,2026-08-18T15:22:07.944704+00:00,pix,242.58,False
42-trace-0020095,2026-08-18T15:14:53.252163+00:00,api_generic,425.2,False
42-trace-0014323,2026-08-18T15:23:27.227611+00:00,site_latency,135.38,False
42-trace-0006045,2026-08-18T15:18:05.615415+00:00,checkout,238.48,False
42-trace-0016792,2026-08-18T15:31:58.989683+00:00,site_latency,174.31,False
42-trace-0008686,2026-08-18T15:33:58.113046+00:00,checkout,537.32,False
42-trace-0019140,2026-08-18T15:10:58.846162+00:00,api_generic,124.38,False
42-trace-0013182,2026-08-18T15:19:40.343623+00:00,site_latency,165.92,False
42-trace-0018919,2026-08-18T15:10:01.934512+00:00,api_generic,30.43,False
42-trace-0015232,2026-08-18T15:26:26.790913+00:00,site_latency,124.14,False
42-trace-0006827,2026-08-18T15:22:39.086391+00:00,checkout,357.21,False
42-trace-0017567,2026-08-18T15:04:38.967841+00:00,api_generic,50.65,False
42-trace-0024301,2026-08-18T15:31:43.457578+00:00,api_generic,385.42,False
42-trace-0023186,2026-08-18T15:27:23.818684+00:00,api_generic,407.5,True
42-trace-0012390,2026-08-18T15:17:02.905782+00:00,site_latency,65.28,False
42-trace-0010674,2026-08-18T15:11:01.417213+00:00,site_latency,287.96,False
42-trace-0001290,2026-08-18T15:14:50.401992+00:00,pix,160.13,False
42-trace-0012191,2026-08-18T15:16:19.857994+00:00,site_latency,208.55,False
42-trace-0007562,2026-08-18T15:26:58.788692+00:00,checkout,451.74,False
42-trace-0006391,2026-08-18T15:20:07.783409+00:00,checkout,254.5,False
42-trace-0006623,2026-08-18T15:21:30.214447+00:00,checkout,420.47,False
42-trace-0020307,2026-08-18T15:15:40.128502+00:00,api_generic,76.68,False
42-trace-0011002,2026-08-18T15:12:11.950201+00:00,site_latency,133.71,False
42-trace-0016818,2026-08-18T15:32:04.064341+00:00,site_latency,432.02,False
42-trace-0000527,2026-08-18T15:08:52.288723+00:00,pix,199.69,False
42-trace-0007428,2026-08-18T15:26:15.338837+00:00,checkout,332.28,False
42-trace-0012324,2026-08-18T15:16:48.889441+00:00,site_latency,184.52,False
42-trace-0023490,2026-08-18T15:28:38.928768+00:00,api_generic,59.43,False
42-trace-0004381,2026-08-18T15:08:06.428448+00:00,checkout,192.09,False
42-trace-0006841,2026-08-18T15:22:44.353955+00:00,checkout,152.65,False
42-trace-0003799,2026-08-18T15:04:41.528849+00:00,checkout,435.47,False
42-trace-0003634,2026-08-18T15:33:24.415042+00:00,pix,114.77,False
42-trace-0008908,2026-08-18T15:05:03.379726+00:00,site_latency,341.83,False
42-trace-0024332,2026-08-18T15:31:50.449583+00:00,api_generic,103.31,False
42-trace-0004920,2026-08-18T15:11:12.726693+00:00,checkout,157.8,False
42-trace-0011839,2026-08-18T15:15:06.184676+00:00,site_latency,180.61,False
42-trace-0010772,2026-08-18T15:11:22.270663+00:00,site_latency,247.57,False
42-trace-0009800,2026-08-18T15:08:01.668801+00:00,site_latency,93.92,False
42-trace-0020333,2026-08-18T15:15:46.582901+00:00,api_generic,67.0,False
42-trace-0016974,2026-08-18T15:32:34.847576+00:00,site_latency,205.52,False
42-trace-0004769,2026-08-18T15:10:25.783336+00:00,checkout,312.91,False
42-trace-0000955,2026-08-18T15:12:13.948177+00:00,pix,741.5,False
42-trace-0001020,2026-08-18T15:12:42.100422+00:00,pix,149.07,False
42-trace-0003107,2026-08-18T15:29:14.976116+00:00,pix,156.48,False
42-trace-0000870,2026-08-18T15:11:30.467082+00:00,pix,118.06,False
42-trace-0017864,2026-08-18T15:05:45.573331+00:00,api_generic,64.14,False
42-trace-0007288,2026-08-18T15:25:26.727407+00:00,checkout,363.94,False
42-trace-0007269,2026-08-18T15:25:22.615659+00:00,checkout,489.97,False
42-trace-0001076,2026-08-18T15:13:12.445056+00:00,pix,129.91,False
42-trace-0005146,2026-08-18T15:12:29.437538+00:00,checkout,237.29,False
42-trace-0006981,2026-08-18T15:23:33.799383+00:00,checkout,125.13,False
42-trace-0022248,2026-08-18T15:23:34.656084+00:00,api_generic,128.87,False
42-trace-0009169,2026-08-18T15:05:55.688396+00:00,site_latency,89.11,False
42-trace-0004469,2026-08-18T15:08:33.649167+00:00,checkout,296.47,False
42-trace-0022140,2026-08-18T15:23:08.407324+00:00,api_generic,69.07,False
42-trace-0007811,2026-08-18T15:28:24.887225+00:00,checkout,1085.7,False
42-trace-0006949,2026-08-18T15:23:23.356503+00:00,checkout,321.39,False
42-trace-0010877,2026-08-18T15:11:44.260696+00:00,site_latency,332.85,False
42-trace-0003838,2026-08-18T15:04:56.464028+00:00,checkout,243.06,False
42-trace-0018761,2026-08-18T15:09:22.501219+00:00,api_generic,163.5,False
42-trace-0016951,2026-08-18T15:32:31.003498+00:00,site_latency,219.57,False
42-trace-0012473,2026-08-18T15:17:21.292057+00:00,site_latency,174.16,False
42-trace-0007699,2026-08-18T15:27:48.073090+00:00,checkout,284.45,False
42-trace-0012850,2026-08-18T15:18:31.996526+00:00,site_latency,312.96,False
42-trace-0010395,2026-08-18T15:10:06.084992+00:00,site_latency,85.52,False
42-trace-0018150,2026-08-18T15:06:58.498697+00:00,api_generic,72.21,False
42-trace-0007869,2026-08-18T15:28:51.813508+00:00,checkout,459.36,False
42-trace-0001679,2026-08-18T15:17:53.396062+00:00,pix,93.07,False
42-trace-0002879,2026-08-18T15:27:23.878479+00:00,pix,89.71,False
42-trace-0000039,2026-08-18T15:04:45.253298+00:00,pix,89.92,False
42-trace-0012511,2026-08-18T15:17:28.486572+00:00,site_latency,214.14,False
42-trace-0022399,2026-08-18T15:24:07.364714+00:00,api_generic,121.56,False
42-trace-0020057,2026-08-18T15:14:41.891898+00:00,api_generic,185.56,False
42-trace-0016023,2026-08-18T15:29:15.064487+00:00,site_latency,204.13,False
42-trace-0012843,2026-08-18T15:18:30.925158+00:00,site_latency,222.26,False
42-trace-0019790,2026-08-18T15:13:39.175387+00:00,api_generic,180.2,False
42-trace-0016310,2026-08-18T15:30:19.437368+00:00,site_latency,141.69,False
42-trace-0012218,2026-08-18T15:16:25.050501+00:00,site_latency,112.15,False
42-trace-0007684,2026-08-18T15:27:42.816574+00:00,checkout,339.02,False
42-trace-0022996,2026-08-18T15:26:40.719204+00:00,api_generic,172.02,False
42-trace-0018861,2026-08-18T15:09:47.083940+00:00,api_generic,319.71,True
42-trace-0020264,2026-08-18T15:15:31.066402+00:00,api_generic,70.81,False
42-trace-0019840,2026-08-18T15:13:50.873280+00:00,api_generic,53.03,False
42-trace-0008956,2026-08-18T15:05:12.186219+00:00,site_latency,83.29,False
42-trace-0007790,2026-08-18T15:28:19.975419+00:00,checkout,196.21,False
42-trace-0022439,2026-08-18T15:24:17.732036+00:00,api_generic,117.82,False
42-trace-0024448,2026-08-18T15:32:19.183343+00:00,api_generic,104.53,False
42-trace-0002039,2026-08-18T15:20:51.796422+00:00,pix,84.75,False
42-trace-0023156,2026-08-18T15:27:16.750731+00:00,api_generic,102.55,False
42-trace-0000922,2026-08-18T15:11:52.663154+00:00,pix,88.59,False
42-trace-0009739,2026-08-18T15:07:49.813007+00:00,site_latency,116.67,False
42-trace-0019466,2026-08-18T15:12:16.058682+00:00,api_generic,91.97,False
42-trace-0013124,2026-08-18T15:19:27.726749+00:00,site_latency,194.0,False
42-trace-0000505,2026-08-18T15:08:46.815039+00:00,pix,42.52,False
42-trace-0010260,2026-08-18T15:09:34.062158+00:00,site_latency,66.71,False
42-trace-0014591,2026-08-18T15:24:19.592633+00:00,site_latency,105.12,False
42-trace-0015905,2026-08-18T15:28:49.094468+00:00,site_latency,45.06,False
42-trace-0010392,2026-08-18T15:10:05.011620+00:00,site_latency,253.36,False
42-trace-0000417,2026-08-18T15:07:58.031169+00:00,pix,175.69,False
42-trace-0019775,2026-08-18T15:13:36.467295+00:00,api_generic,176.06,False
42-trace-0021856,2026-08-18T15:22:02.446823+00:00,api_generic,102.0,False
42-trace-0005994,2026-08-18T15:17:45.882860+00:00,checkout,627.79,False
42-trace-0017232,2026-08-18T15:33:31.676118+00:00,site_latency,135.55,False
42-trace-0011440,2026-08-18T15:13:42.660108+00:00,site_latency,131.69,False
42-trace-0023403,2026-08-18T15:28:14.465688+00:00,api_generic,75.84,False
42-trace-0023298,2026-08-18T15:27:50.043194+00:00,api_generic,79.44,False
42-trace-0007471,2026-08-18T15:26:29.355444+00:00,checkout,339.17,False
42-trace-0020505,2026-08-18T15:16:27.084993+00:00,api_generic,261.03,False
42-trace-0003403,2026-08-18T15:31:27.568245+00:00,pix,93.5,False
42-trace-0010943,2026-08-18T15:11:58.502693+00:00,site_latency,279.58,False
42-trace-0011038,2026-08-18T15:12:19.565114+00:00,site_latency,319.59,False
42-trace-0003729,2026-08-18T15:34:16.077997+00:00,pix,132.45,False
42-trace-0013039,2026-08-18T15:19:09.637914+00:00,site_latency,75.49,False
42-trace-0007545,2026-08-18T15:26:53.772275+00:00,checkout,319.92,False
42-trace-0010985,2026-08-18T15:12:07.624898+00:00,site_latency,165.83,False
42-trace-0022615,2026-08-18T15:25:02.935981+00:00,api_generic,66.8,False
42-trace-0016281,2026-08-18T15:30:14.117410+00:00,site_latency,277.87,False
42-trace-0012821,2026-08-18T15:18:26.834675+00:00,site_latency,174.06,False
42-trace-0014010,2026-08-18T15:22:27.452436+00:00,site_latency,281.68,False
42-trace-0003124,2026-08-18T15:29:20.480678+00:00,pix,145.28,False
42-trace-0011561,2026-08-18T15:14:07.986252+00:00,site_latency,90.8,False
42-trace-0014471,2026-08-18T15:23:57.487100+00:00,site_latency,127.6,False
42-trace-0023029,2026-08-18T15:26:48.149714+00:00,api_generic,45.98,False
42-trace-0005517,2026-08-18T15:14:53.858475+00:00,checkout,220.28,False
42-trace-0017413,2026-08-18T15:34:08.819437+00:00,site_latency,505.0,False
42-trace-0012856,2026-08-18T15:18:32.464908+00:00,site_latency,158.2,False
42-trace-0022184,2026-08-18T15:23:18.318864+00:00,api_generic,69.83,False
42-trace-0002294,2026-08-18T15:22:54.013244+00:00,pix,103.36,False
42-trace-0023149,2026-08-18T15:27:15.039977+00:00,api_generic,98.65,False
42-trace-0000831,2026-08-18T15:11:11.530271+00:00,pix,137.84,False
42-trace-0001431,2026-08-18T15:15:59.848719+00:00,pix,109.14,False
42-trace-0009659,2026-08-18T15:07:34.297764+00:00,site_latency,281.06,False
42-trace-0007267,2026-08-18T15:25:21.779878+00:00,checkout,201.34,False
42-trace-0019792,2026-08-18T15:13:40.048297+00:00,api_generic,154.7,False
42-trace-0012139,2026-08-18T15:16:08.912104+00:00,site_latency,109.59,False
42-trace-0009515,2026-08-18T15:07:03.889798+00:00,site_latency,539.49,False
42-trace-0021482,2026-08-18T15:20:35.238530+00:00,api_generic,73.32,False
42-trace-0005889,2026-08-18T15:17:06.015440+00:00,checkout,419.18,False
42-trace-0017744,2026-08-18T15:05:19.893415+00:00,api_generic,139.83,True
42-trace-0000761,2026-08-18T15:10:40.346364+00:00,pix,185.84,False
42-trace-0024853,2026-08-18T15:33:52.425664+00:00,api_generic,423.36,False
42-trace-0020497,2026-08-18T15:16:25.151048+00:00,api_generic,118.89,False
42-trace-0007171,2026-08-18T15:24:47.095131+00:00,checkout,180.9,False
42-trace-0000627,2026-08-18T15:09:40.442889+00:00,pix,103.9,False
42-trace-0010470,2026-08-18T15:10:21.823063+00:00,site_latency,47.65,False
42-trace-0024100,2026-08-18T15:30:53.868591+00:00,api_generic,114.19,False
42-trace-0000361,2026-08-18T15:07:31.935485+00:00,pix,113.76,False
42-trace-0003364,2026-08-18T15:31:09.257653+00:00,pix,86.71,False
42-trace-0022605,2026-08-18T15:25:01.140207+00:00,api_generic,93.27,False
42-trace-0015692,2026-08-18T15:28:05.093397+00:00,site_latency,463.51,False
42-trace-0000845,2026-08-18T15:11:18.830372+00:00,pix,125.63,False
42-trace-0012298,2026-08-18T15:16:44.165288+00:00,site_latency,381.68,False
42-trace-0008811,2026-08-18T15:04:39.368842+00:00,site_latency,152.74,False
42-trace-0011887,2026-08-18T15:15:16.742844+00:00,site_latency,318.51,False
42-trace-0009104,2026-08-18T15:05:41.307238+00:00,site_latency,78.17,False
42-trace-0022359,2026-08-18T15:23:58.916961+00:00,api_generic,60.7,False
42-trace-0006648,2026-08-18T15:21:39.425045+00:00,checkout,430.62,False
42-trace-0005482,2026-08-18T15:14:40.715946+00:00,checkout,353.46,False
42-trace-0004646,2026-08-18T15:09:39.566208+00:00,checkout,839.23,False
42-trace-0005805,2026-08-18T15:16:40.272350+00:00,checkout,122.94,False
42-trace-0023021,2026-08-18T15:26:47.162933+00:00,api_generic,85.41,False
42-trace-0005031,2026-08-18T15:11:51.165833+00:00,checkout,247.59,False
42-trace-0022276,2026-08-18T15:23:40.897033+00:00,api_generic,80.58,False
42-trace-0000071,2026-08-18T15:05:04.038365+00:00,pix,76.78,False
42-trace-0017887,2026-08-18T15:05:50.618712+00:00,api_generic,118.65,False
42-trace-0012007,2026-08-18T15:15:41.747120+00:00,site_latency,109.67,False
42-trace-0014687,2026-08-18T15:24:41.815210+00:00,site_latency,287.29,False
42-trace-0010128,2026-08-18T15:09:04.856541+00:00,site_latency,343.18,False
42-trace-0001953,2026-08-18T15:20:06.433366+00:00,pix,64.44,False
42-trace-0015082,2026-08-18T15:25:58.445867+00:00,site_latency,651.21,False
42-trace-0012807,2026-08-18T15:18:24.445180+00:00,site_latency,192.14,False
42-trace-0022195,2026-08-18T15:23:20.795805+00:00,api_generic,129.51,False
42-trace-0019993,2026-08-18T15:14:24.207487+00:00,api_generic,131.97,False
42-trace-0017890,2026-08-18T15:05:51.932884+00:00,api_generic,47.65,False
42-trace-0000185,2026-08-18T15:06:03.531176+00:00,pix,139.43,False
42-trace-0013049,2026-08-18T15:19:11.987026+00:00,site_latency,206.24,False
42-trace-0021287,2026-08-18T15:19:45.485828+00:00,api_generic,107.03,False
42-trace-0006790,2026-08-18T15:22:27.482968+00:00,checkout,132.53,False
42-trace-0012092,2026-08-18T15:16:01.254833+00:00,site_latency,603.49,False
42-trace-0023406,2026-08-18T15:28:14.751286+00:00,api_generic,166.49,True
42-trace-0016530,2026-08-18T15:31:06.915605+00:00,site_latency,145.16,False
42-trace-0008798,2026-08-18T15:04:35.759407+00:00,site_latency,202.06,False
42-trace-0007343,2026-08-18T15:25:46.076001+00:00,checkout,382.1,False
42-trace-0006736,2026-08-18T15:22:10.724299+00:00,checkout,223.28,False
42-trace-0003691,2026-08-18T15:33:58.051332+00:00,pix,154.3,False
42-trace-0015211,2026-08-18T15:26:22.237943+00:00,site_latency,124.57,False
42-trace-0001623,2026-08-18T15:17:23.107602+00:00,pix,156.67,False
42-trace-0018278,2026-08-18T15:07:28.603305+00:00,api_generic,36.13,False
42-trace-0022770,2026-08-18T15:25:46.384662+00:00,api_generic,85.31,False
42-trace-0009129,2026-08-18T15:05:46.275043+00:00,site_latency,124.14,False
42-trace-0021809,2026-08-18T15:21:50.979245+00:00,api_generic,133.63,False
42-trace-0023897,2026-08-18T15:30:11.117344+00:00,api_generic,159.26,False
42-trace-0024317,2026-08-18T15:31:47.420277+00:00,api_generic,101.0,False
42-trace-0000657,2026-08-18T15:09:51.439907+00:00,pix,88.53,False
42-trace-0000810,2026-08-18T15:11:04.402150+00:00,pix,129.48,False
42-trace-0008013,2026-08-18T15:29:48.342780+00:00,checkout,262.46,False
42-trace-0011653,2026-08-18T15:14:25.804680+00:00,site_latency,296.19,False
42-trace-0019173,2026-08-18T15:11:06.065254+00:00,api_generic,190.07,False
42-trace-0011783,2026-08-18T15:14:54.764536+00:00,site_latency,106.15,False
42-trace-0010008,2026-08-18T15:08:43.037568+00:00,site_latency,89.03,False
42-trace-0016794,2026-08-18T15:31:59.480278+00:00,site_latency,93.6,False
42-trace-0020250,2026-08-18T15:15:26.869452+00:00,api_generic,229.97,False
42-trace-0021081,2026-08-18T15:18:57.453351+00:00,api_generic,123.31,False
42-trace-0024453,2026-08-18T15:32:21.168998+00:00,api_generic,61.0,False
42-trace-0010512,2026-08-18T15:10:29.128151+00:00,site_latency,256.72,False
42-trace-0015693,2026-08-18T15:28:05.108944+00:00,site_latency,78.33,False
42-trace-0017004,2026-08-18T15:32:40.336813+00:00,site_latency,194.56,False
42-trace-0021889,2026-08-18T15:22:09.754290+00:00,api_generic,43.74,False
42-trace-0019695,2026-08-18T15:13:15.437814+00:00,api_generic,56.87,False
42-trace-0020783,2026-08-18T15:17:42.781437+00:00,api_generic,51.6,False
42-trace-0018876,2026-08-18T15:09:50.402572+00:00,api_generic,65.93,False
42-trace-0021764,2026-08-18T15:21:39.729032+00:00,api_generic,205.31,True
42-trace-0016508,2026-08-18T15:31:00.832256+00:00,site_latency,165.75,False
42-trace-0005049,2026-08-18T15:11:56.115993+00:00,checkout,279.06,False
42-trace-0011911,2026-08-18T15:15:20.203123+00:00,site_latency,88.85,False
42-trace-0018671,2026-08-18T15:08:59.004920+00:00,api_generic,56.95,False
42-trace-0022124,2026-08-18T15:23:05.167079+00:00,api_generic,487.49,False
42-trace-0015912,2026-08-18T15:28:51.321851+00:00,site_latency,71.0,False
42-trace-0007773,2026-08-18T15:28:14.415334+00:00,checkout,547.19,False
42-trace-0000661,2026-08-18T15:09:52.761018+00:00,pix,66.37,False
42-trace-0016904,2026-08-18T15:32:22.046017+00:00,site_latency,102.86,False
42-trace-0014665,2026-08-18T15:24:38.544896+00:00,site_latency,643.65,False
42-trace-0001297,2026-08-18T15:14:52.916817+00:00,pix,69.13,False
42-trace-0017288,2026-08-18T15:33:46.061293+00:00,site_latency,237.95,False
42-trace-0013385,2026-08-18T15:20:18.119350+00:00,site_latency,122.23,False
42-trace-0019825,2026-08-18T15:13:48.977800+00:00,api_generic,39.55,False
42-trace-0012717,2026-08-18T15:18:07.923285+00:00,site_latency,151.79,False
42-trace-0005772,2026-08-18T15:16:29.029630+00:00,checkout,152.79,False
42-trace-0010922,2026-08-18T15:11:55.749037+00:00,site_latency,148.43,False
42-trace-0018729,2026-08-18T15:09:13.013093+00:00,api_generic,31.91,False
42-trace-0020004,2026-08-18T15:14:27.325074+00:00,api_generic,60.62,False
42-trace-0006406,2026-08-18T15:20:11.878301+00:00,checkout,304.43,False
42-trace-0013099,2026-08-18T15:19:21.368446+00:00,site_latency,204.13,False
42-trace-0015568,2026-08-18T15:27:38.254341+00:00,site_latency,157.9,False
42-trace-0005368,2026-08-18T15:13:54.031241+00:00,checkout,501.59,False
42-trace-0016352,2026-08-18T15:30:28.103270+00:00,site_latency,205.39,False
42-trace-0015880,2026-08-18T15:28:44.168898+00:00,site_latency,164.86,False
42-trace-0021516,2026-08-18T15:20:43.473142+00:00,api_generic,101.41,False
42-trace-0016229,2026-08-18T15:30:00.459382+00:00,site_latency,171.87,False
42-trace-0004809,2026-08-18T15:10:41.166383+00:00,checkout,226.13,False
42-trace-0011871,2026-08-18T15:15:12.144021+00:00,site_latency,217.23,False
42-trace-0006056,2026-08-18T15:18:09.734490+00:00,checkout,279.71,False
42-trace-0011198,2026-08-18T15:12:54.569224+00:00,site_latency,130.39,False
42-trace-0016127,2026-08-18T15:29:36.457687+00:00,site_latency,533.24,False
42-trace-0011088,2026-08-18T15:12:32.139523+00:00,site_latency,146.46,False
42-trace-0017901,2026-08-18T15:05:54.045241+00:00,api_generic,150.97,False
42-trace-0019746,2026-08-18T15:13:28.012587+00:00,api_generic,75.53,False
42-trace-0007416,2026-08-18T15:26:12.121119+00:00,checkout,523.23,False
42-trace-0007284,2026-08-18T15:25:26.338335+00:00,checkout,213.09,False
42-trace-0005620,2026-08-18T15:15:38.920356+00:00,checkout,768.05,False
42-trace-0012748,2026-08-18T15:18:12.780587+00:00,site_latency,67.48,False
42-trace-0021310,2026-08-18T15:19:51.127499+00:00,api_generic,74.14,False
42-trace-0023944,2026-08-18T15:30:19.522593+00:00,api_generic,32.33,False
42-trace-0022047,2026-08-18T15:22:46.511659+00:00,api_generic,71.1,False
42-trace-0000711,2026-08-18T15:10:19.426251+00:00,pix,119.43,False
42-trace-0001544,2026-08-18T15:16:52.510070+00:00,pix,115.67,False
42-trace-0017082,2026-08-18T15:32:58.835921+00:00,site_latency,69.83,False
42-trace-0023043,2026-08-18T15:26:51.045002+00:00,api_generic,44.56,False
42-trace-0024045,2026-08-18T15:30:40.187242+00:00,api_generic,141.03,False
42-trace-0004107,2026-08-18T15:06:30.437989+00:00,checkout,436.71,False
42-trace-0009203,2026-08-18T15:06:02.800147+00:00,site_latency,181.28,True
42-trace-0006634,2026-08-18T15:21:33.724547+00:00,checkout,1837.48,True
42-trace-0023375,2026-08-18T15:28:09.056926+00:00,api_generic,673.28,False
42-trace-0016317,2026-08-18T15:30:20.973560+00:00,site_latency,240.4,False
42-trace-0002880,2026-08-18T15:27:23.956501+00:00,pix,137.86,False
42-trace-0018484,2026-08-18T15:08:11.190082+00:00,api_generic,168.52,False
42-trace-0002842,2026-08-18T15:27:05.541987+00:00,pix,176.11,False
42-trace-0002973,2026-08-18T15:28:02.898330+00:00,pix,118.72,False
42-trace-0014378,2026-08-18T15:23:37.039643+00:00,site_latency,392.82,False
42-trace-0017315,2026-08-18T15:33:50.759265+00:00,site_latency,263.96,False
42-trace-0006657,2026-08-18T15:21:41.896777+00:00,checkout,297.88,False
42-trace-0009891,2026-08-18T15:08:19.602095+00:00,site_latency,2660.11,False
42-trace-0009181,2026-08-18T15:05:58.664524+00:00,site_latency,453.02,False
42-trace-0004340,2026-08-18T15:07:51.256141+00:00,checkout,327.42,False
42-trace-0011241,2026-08-18T15:13:03.836478+00:00,site_latency,272.89,False
42-trace-0004960,2026-08-18T15:11:26.566197+00:00,checkout,430.29,False
42-trace-0012589,2026-08-18T15:17:40.329820+00:00,site_latency,176.19,False
42-trace-0011248,2026-08-18T15:13:04.691374+00:00,site_latency,185.48,False
42-trace-0014896,2026-08-18T15:25:20.829148+00:00,site_latency,100.71,False
42-trace-0015711,2026-08-18T15:28:09.622808+00:00,site_latency,181.25,False
42-trace-0011925,2026-08-18T15:15:24.072709+00:00,site_latency,254.79,False
42-trace-0003197,2026-08-18T15:29:50.481283+00:00,pix,76.09,False
42-trace-0008235,2026-08-18T15:31:11.781979+00:00,checkout,178.91,False
42-trace-0017094,2026-08-18T15:33:04.117601+00:00,site_latency,227.13,False
42-trace-0021816,2026-08-18T15:21:53.599122+00:00,api_generic,106.59,False
42-trace-0019571,2026-08-18T15:12:43.837377+00:00,api_generic,153.25,False
42-trace-0018446,2026-08-18T15:08:02.967256+00:00,api_generic,255.25,False
42-trace-0003514,2026-08-18T15:32:21.686344+00:00,pix,174.86,False
42-trace-0021365,2026-08-18T15:20:04.468141+00:00,api_generic,49.41,False
42-trace-0016908,2026-08-18T15:32:22.346961+00:00,site_latency,149.14,False
42-trace-0007568,2026-08-18T15:27:00.762025+00:00,checkout,139.31,False
42-trace-0000047,2026-08-18T15:04:47.490898+00:00,pix,162.8,False
42-trace-0006893,2026-08-18T15:23:04.780962+00:00,checkout,300.01,False
42-trace-0009706,2026-08-18T15:07:42.722031+00:00,site_latency,376.87,False
42-trace-0008192,2026-08-18T15:30:54.378633+00:00,checkout,366.2,False
42-trace-0022240,2026-08-18T15:23:30.865857+00:00,api_generic,150.44,False
42-trace-0023640,2026-08-18T15:29:11.557736+00:00,api_generic,61.15,False
42-trace-0024862,2026-08-18T15:33:54.627926+00:00,api_generic,104.85,False
42-trace-0011093,2026-08-18T15:12:32.905562+00:00,site_latency,206.83,False
42-trace-0019698,2026-08-18T15:13:16.029521+00:00,api_generic,46.11,False
42-trace-0006353,2026-08-18T15:19:57.476117+00:00,checkout,176.47,False
42-trace-0016035,2026-08-18T15:29:18.415619+00:00,site_latency,279.53,False
42-trace-0016854,2026-08-18T15:32:09.838620+00:00,site_latency,217.24,False
42-trace-0007751,2026-08-18T15:28:05.867456+00:00,checkout,221.34,False
42-trace-0019270,2026-08-18T15:11:31.024061+00:00,api_generic,150.8,False
42-trace-0024437,2026-08-18T15:32:16.952165+00:00,api_generic,90.46,False
42-trace-0023287,2026-08-18T15:27:48.020455+00:00,api_generic,72.06,False
42-trace-0010538,2026-08-18T15:10:33.470841+00:00,site_latency,241.68,False
42-trace-0001296,2026-08-18T15:14:52.429001+00:00,pix,161.32,False
42-trace-0003235,2026-08-18T15:30:08.549450+00:00,pix,101.27,False
42-trace-0015865,2026-08-18T15:28:41.296690+00:00,site_latency,224.57,False
42-trace-0019817,2026-08-18T15:13:45.555125+00:00,api_generic,285.98,False
42-trace-0005006,2026-08-18T15:11:41.586165+00:00,checkout,545.22,False
42-trace-0018834,2026-08-18T15:09:40.958309+00:00,api_generic,76.94,False
42-trace-0011618,2026-08-18T15:14:18.787883+00:00,site_latency,102.77,False
42-trace-0001160,2026-08-18T15:13:53.651449+00:00,pix,73.06,False
42-trace-0022197,2026-08-18T15:23:20.888004+00:00,api_generic,42.44,False
42-trace-0004153,2026-08-18T15:06:43.754499+00:00,checkout,266.71,True
42-trace-0017141,2026-08-18T15:33:13.593921+00:00,site_latency,57.64,False
42-trace-0006707,2026-08-18T15:22:00.080502+00:00,checkout,334.78,False
42-trace-0006942,2026-08-18T15:23:20.393037+00:00,checkout,358.66,False
42-trace-0007345,2026-08-18T15:25:46.447216+00:00,checkout,369.29,False
42-trace-0022233,2026-08-18T15:23:29.871116+00:00,api_generic,98.02,False
42-trace-0013431,2026-08-18T15:20:28.851344+00:00,site_latency,176.49,False
42-trace-0004238,2026-08-18T15:07:15.263583+00:00,checkout,357.27,False
42-trace-0016022,2026-08-18T15:29:14.373103+00:00,site_latency,112.81,False
42-trace-0009965,2026-08-18T15:08:35.124895+00:00,site_latency,156.44,False
42-trace-0017146,2026-08-18T15:33:14.903915+00:00,site_latency,113.98,False
42-trace-0014441,2026-08-18T15:23:51.187503+00:00,site_latency,116.95,False
42-trace-0014106,2026-08-18T15:22:43.557647+00:00,site_latency,169.31,False
42-trace-0013740,2026-08-18T15:21:28.763422+00:00,site_latency,188.86,False
42-trace-0012456,2026-08-18T15:17:16.758068+00:00,site_latency,149.91,False
42-trace-0014309,2026-08-18T15:23:24.840932+00:00,site_latency,84.67,False
42-trace-0002699,2026-08-18T15:26:00.420716+00:00,pix,137.71,False
42-trace-0000344,2026-08-18T15:07:25.934338+00:00,pix,138.71,False
42-trace-0002093,2026-08-18T15:21:18.865328+00:00,pix,125.67,False
42-trace-0020732,2026-08-18T15:17:30.679113+00:00,api_generic,133.69,False
42-trace-0002193,2026-08-18T15:22:10.119124+00:00,pix,84.59,False
42-trace-0011415,2026-08-18T15:13:39.183206+00:00,site_latency,118.43,False
42-trace-0002431,2026-08-18T15:23:52.601764+00:00,pix,70.44,False
42-trace-0018258,2026-08-18T15:07:24.020811+00:00,api_generic,123.14,False
42-trace-0011509,2026-08-18T15:13:57.913311+00:00,site_latency,115.95,False
42-trace-0004216,2026-08-18T15:07:08.367539+00:00,checkout,261.87,False
42-trace-0010751,2026-08-18T15:11:17.819948+00:00,site_latency,234.84,False
42-trace-0009086,2026-08-18T15:05:37.145429+00:00,site_latency,91.72,False
42-trace-0013079,2026-08-18T15:19:17.503001+00:00,site_latency,168.54,False
42-trace-0014097,2026-08-18T15:22:42.205587+00:00,site_latency,233.37,False
42-trace-0010390,2026-08-18T15:10:04.027900+00:00,site_latency,217.32,False
42-trace-0002101,2026-08-18T15:21:22.071786+00:00,pix,131.28,False
42-trace-0015498,2026-08-18T15:27:25.870102+00:00,site_latency,88.54,False
42-trace-0006895,2026-08-18T15:23:05.547352+00:00,checkout,420.85,False
42-trace-0014629,2026-08-18T15:24:28.486309+00:00,site_latency,135.19,False
42-trace-0005397,2026-08-18T15:14:06.894714+00:00,checkout,213.91,False
42-trace-0014876,2026-08-18T15:25:17.286748+00:00,site_latency,172.24,False
42-trace-0022041,2026-08-18T15:22:44.174918+00:00,api_generic,124.42,False
42-trace-0020999,2026-08-18T15:18:35.526995+00:00,api_generic,66.79,False
42-trace-0005561,2026-08-18T15:15:06.386843+00:00,checkout,187.03,False
42-trace-0016814,2026-08-18T15:32:03.162755+00:00,site_latency,161.9,False
42-trace-0011351,2026-08-18T15:13:26.145935+00:00,site_latency,369.39,False
42-trace-0016773,2026-08-18T15:31:56.357167+00:00,site_latency,90.39,False
42-trace-0004461,2026-08-18T15:08:29.390343+00:00,checkout,332.05,False
42-trace-0001438,2026-08-18T15:16:04.801883+00:00,pix,42.65,False
42-trace-0020886,2026-08-18T15:18:04.838384+00:00,api_generic,103.15,False
42-trace-0000579,2026-08-18T15:09:13.801097+00:00,pix,109.85,False
42-trace-0005086,2026-08-18T15:12:09.893522+00:00,checkout,517.69,False
42-trace-0015332,2026-08-18T15:26:52.867815+00:00,site_latency,806.71,False
42-trace-0015855,2026-08-18T15:28:38.791153+00:00,site_latency,188.21,False
42-trace-0024196,2026-08-18T15:31:19.409373+00:00,api_generic,128.82,False
42-trace-0020627,2026-08-18T15:17:00.148197+00:00,api_generic,130.65,False
42-trace-0004738,2026-08-18T15:10:14.876592+00:00,checkout,475.11,False
42-trace-0009455,2026-08-18T15:06:50.476621+00:00,site_latency,84.88,False
42-trace-0016239,2026-08-18T15:30:03.644855+00:00,site_latency,141.94,False
42-trace-0001207,2026-08-18T15:14:11.548361+00:00,pix,93.52,False
42-trace-0024506,2026-08-18T15:32:33.950169+00:00,api_generic,26.96,False
42-trace-0024892,2026-08-18T15:34:01.371286+00:00,api_generic,53.46,False
42-trace-0015100,2026-08-18T15:26:02.057080+00:00,site_latency,92.03,False
42-trace-0023794,2026-08-18T15:29:45.109821+00:00,api_generic,109.51,False
42-trace-0003293,2026-08-18T15:30:33.959708+00:00,pix,100.92,False
42-trace-0024758,2026-08-18T15:33:31.844159+00:00,api_generic,109.14,False
42-trace-0004630,2026-08-18T15:09:32.626662+00:00,checkout,312.35,False
42-trace-0013254,2026-08-18T15:19:52.819166+00:00,site_latency,1602.92,False
42-trace-0022642,2026-08-18T15:25:11.508766+00:00,api_generic,95.32,False
42-trace-0020978,2026-08-18T15:18:29.538343+00:00,api_generic,57.3,False
42-trace-0014619,2026-08-18T15:24:26.416206+00:00,site_latency,122.12,False
42-trace-0011504,2026-08-18T15:13:56.290015+00:00,site_latency,138.0,False
42-trace-0014741,2026-08-18T15:24:52.785300+00:00,site_latency,122.6,False
42-trace-0008188,2026-08-18T15:30:53.795289+00:00,checkout,149.81,False
42-trace-0009503,2026-08-18T15:07:00.489256+00:00,site_latency,206.13,False
42-trace-0018879,2026-08-18T15:09:51.725507+00:00,api_generic,49.86,False
42-trace-0015647,2026-08-18T15:27:54.934138+00:00,site_latency,278.33,False
42-trace-0017863,2026-08-18T15:05:45.526051+00:00,api_generic,81.77,False
42-trace-0012662,2026-08-18T15:17:54.388738+00:00,site_latency,164.32,False
42-trace-0018306,2026-08-18T15:07:35.343013+00:00,api_generic,108.32,False
42-trace-0021416,2026-08-18T15:20:17.926181+00:00,api_generic,98.69,False
42-trace-0006804,2026-08-18T15:22:31.063803+00:00,checkout,312.42,False
42-trace-0020822,2026-08-18T15:17:50.880264+00:00,api_generic,104.32,False
42-trace-0007731,2026-08-18T15:27:59.108562+00:00,checkout,371.99,False
42-trace-0017680,2026-08-18T15:05:05.943083+00:00,api_generic,71.75,False
42-trace-0000301,2026-08-18T15:07:05.601453+00:00,pix,219.66,False
42-trace-0020842,2026-08-18T15:17:56.673840+00:00,api_generic,97.03,False
42-trace-0005923,2026-08-18T15:17:19.216845+00:00,checkout,225.46,False
42-trace-0006304,2026-08-18T15:19:37.440826+00:00,checkout,160.45,False
42-trace-0005422,2026-08-18T15:14:15.979153+00:00,checkout,194.45,False
42-trace-0015198,2026-08-18T15:26:20.041760+00:00,site_latency,151.62,False
42-trace-0008915,2026-08-18T15:05:04.397233+00:00,site_latency,320.86,False
42-trace-0018292,2026-08-18T15:07:32.535598+00:00,api_generic,67.84,False
42-trace-0022343,2026-08-18T15:23:54.312667+00:00,api_generic,97.29,False
42-trace-0008605,2026-08-18T15:33:28.877611+00:00,checkout,748.27,False
42-trace-0004387,2026-08-18T15:08:09.450097+00:00,checkout,536.26,False
42-trace-0007367,2026-08-18T15:25:54.709393+00:00,checkout,93.56,False
42-trace-0020225,2026-08-18T15:15:20.052282+00:00,api_generic,50.0,False
42-trace-0007164,2026-08-18T15:24:43.338979+00:00,checkout,197.88,False
42-trace-0016796,2026-08-18T15:31:59.967622+00:00,site_latency,134.38,False
42-trace-0003095,2026-08-18T15:29:05.756146+00:00,pix,227.39,False
42-trace-0013966,2026-08-18T15:22:17.952219+00:00,site_latency,137.11,False
42-trace-0024666,2026-08-18T15:33:08.695257+00:00,api_generic,123.77,False
42-trace-0006674,2026-08-18T15:21:48.498653+00:00,checkout,343.69,False
42-trace-0002648,2026-08-18T15:25:33.353265+00:00,pix,100.26,False
42-trace-0022745,2026-08-18T15:25:36.154129+00:00,api_generic,110.24,False
42-trace-0016025,2026-08-18T15:29:15.207790+00:00,site_latency,285.07,False
42-trace-0011382,2026-08-18T15:13:34.385508+00:00,site_latency,1387.77,False
42-trace-0015860,2026-08-18T15:28:40.277639+00:00,site_latency,164.46,False
42-trace-0010706,2026-08-18T15:11:06.780939+00:00,site_latency,193.86,False
42-trace-0014791,2026-08-18T15:25:00.874691+00:00,site_latency,538.7,False
42-trace-0017645,2026-08-18T15:04:57.957591+00:00,api_generic,211.56,False
42-trace-0001515,2026-08-18T15:16:37.501881+00:00,pix,66.6,False
42-trace-0023515,2026-08-18T15:28:45.220576+00:00,api_generic,121.64,False
42-trace-0002299,2026-08-18T15:22:55.903124+00:00,pix,100.47,False
42-trace-0022581,2026-08-18T15:24:55.349880+00:00,api_generic,50.32,False
42-trace-0002074,2026-08-18T15:21:09.696692+00:00,pix,109.5,False
42-trace-0003391,2026-08-18T15:31:17.821749+00:00,pix,82.41,False
42-trace-0021972,2026-08-18T15:22:26.478775+00:00,api_generic,132.7,False
42-trace-0023596,2026-08-18T15:29:00.569041+00:00,api_generic,277.67,True
42-trace-0005812,2026-08-18T15:16:42.378861+00:00,checkout,386.01,False
42-trace-0005128,2026-08-18T15:12:23.218269+00:00,checkout,359.94,False
42-trace-0012769,2026-08-18T15:18:16.620159+00:00,site_latency,148.66,False
42-trace-0008736,2026-08-18T15:34:17.907780+00:00,checkout,701.2,False
42-trace-0010025,2026-08-18T15:08:45.998100+00:00,site_latency,563.13,False
42-trace-0013295,2026-08-18T15:20:01.094762+00:00,site_latency,281.44,False
42-trace-0015235,2026-08-18T15:26:27.261439+00:00,site_latency,201.31,False
42-trace-0011636,2026-08-18T15:14:21.826283+00:00,site_latency,261.42,False
42-trace-0011818,2026-08-18T15:15:02.289377+00:00,site_latency,389.52,False
42-trace-0011610,2026-08-18T15:14:18.265451+00:00,site_latency,337.72,False
42-trace-0016933,2026-08-18T15:32:28.193722+00:00,site_latency,155.92,False
42-trace-0001874,2026-08-18T15:19:33.379554+00:00,pix,79.0,False
42-trace-0024825,2026-08-18T15:33:47.335993+00:00,api_generic,85.79,False
42-trace-0003513,2026-08-18T15:32:20.933859+00:00,pix,96.4,False
42-trace-0017723,2026-08-18T15:05:15.257422+00:00,api_generic,65.09,False
42-trace-0017256,2026-08-18T15:33:36.940592+00:00,site_latency,224.74,False
42-trace-0014420,2026-08-18T15:23:47.674290+00:00,site_latency,198.08,False
42-trace-0009754,2026-08-18T15:07:52.655637+00:00,site_latency,88.17,False
42-trace-0018542,2026-08-18T15:08:26.140876+00:00,api_generic,44.92,False
42-trace-0004364,2026-08-18T15:07:58.871408+00:00,checkout,350.51,False
42-trace-0021410,2026-08-18T15:20:16.718218+00:00,api_generic,105.42,False
42-trace-0002903,2026-08-18T15:27:35.801929+00:00,pix,171.56,False
42-trace-0015706,2026-08-18T15:28:07.737043+00:00,site_latency,108.89,False
42-trace-0007754,2026-08-18T15:28:07.096621+00:00,checkout,234.02,False
42-trace-0009587,2026-08-18T15:07:19.079055+00:00,site_latency,175.84,False
42-trace-0020164,2026-08-18T15:15:06.863784+00:00,api_generic,121.91,False
42-trace-0021861,2026-08-18T15:22:03.201208+00:00,api_generic,57.77,False
42-trace-0024027,2026-08-18T15:30:37.626460+00:00,api_generic,98.39,False
42-trace-0009887,2026-08-18T15:08:18.010942+00:00,site_latency,352.99,False
42-trace-0023662,2026-08-18T15:29:16.685043+00:00,api_generic,67.07,False
42-trace-0011882,2026-08-18T15:15:15.439022+00:00,site_latency,164.1,False
42-trace-0014030,2026-08-18T15:22:31.367214+00:00,site_latency,98.51,False
42-trace-0008425,2026-08-18T15:32:23.141272+00:00,checkout,365.81,False
42-trace-0006988,2026-08-18T15:23:35.902646+00:00,checkout,424.64,False
42-trace-0013877,2026-08-18T15:21:59.291510+00:00,site_latency,90.39,False
42-trace-0008448,2026-08-18T15:32:31.020253+00:00,checkout,409.04,False
42-trace-0006102,2026-08-18T15:18:28.037424+00:00,checkout,265.41,False
42-trace-0024545,2026-08-18T15:32:42.737958+00:00,api_generic,69.76,False
42-trace-0001113,2026-08-18T15:13:28.778824+00:00,pix,80.17,False
42-trace-0003739,2026-08-18T15:34:21.261083+00:00,pix,94.82,False
42-trace-0019484,2026-08-18T15:12:21.425405+00:00,api_generic,138.37,False
42-trace-0010483,2026-08-18T15:10:25.079983+00:00,site_latency,88.37,False
42-trace-0017677,2026-08-18T15:05:05.195075+00:00,api_generic,130.4,False
42-trace-0024324,2026-08-18T15:31:48.562892+00:00,api_generic,109.98,False
42-trace-0004269,2026-08-18T15:07:27.018245+00:00,checkout,122.28,False
42-trace-0011319,2026-08-18T15:13:21.038263+00:00,site_latency,635.75,False
42-trace-0003724,2026-08-18T15:34:14.373590+00:00,pix,165.08,False
42-trace-0011075,2026-08-18T15:12:28.349413+00:00,site_latency,249.76,False
42-trace-0022524,2026-08-18T15:24:38.674808+00:00,api_generic,159.02,False
42-trace-0021002,2026-08-18T15:18:36.583290+00:00,api_generic,129.99,False
42-trace-0024024,2026-08-18T15:30:36.782408+00:00,api_generic,128.88,False
42-trace-0017285,2026-08-18T15:33:44.956640+00:00,site_latency,313.31,False
42-trace-0018213,2026-08-18T15:07:11.336233+00:00,api_generic,57.72,False
42-trace-0020411,2026-08-18T15:16:07.044116+00:00,api_generic,153.6,False
42-trace-0010521,2026-08-18T15:10:30.881112+00:00,site_latency,88.46,False
42-trace-0017172,2026-08-18T15:33:19.445213+00:00,site_latency,176.67,False
42-trace-0015117,2026-08-18T15:26:05.395041+00:00,site_latency,601.06,False
42-trace-0003550,2026-08-18T15:32:40.323717+00:00,pix,146.42,False
42-trace-0016603,2026-08-18T15:31:23.493942+00:00,site_latency,547.72,False
42-trace-0020851,2026-08-18T15:17:57.644798+00:00,api_generic,195.33,False
42-trace-0004715,2026-08-18T15:10:04.075205+00:00,checkout,476.12,False
42-trace-0023528,2026-08-18T15:28:46.987336+00:00,api_generic,57.48,False
42-trace-0013753,2026-08-18T15:21:30.534734+00:00,site_latency,48.83,False
42-trace-0020044,2026-08-18T15:14:38.619643+00:00,api_generic,185.46,False
42-trace-0020436,2026-08-18T15:16:11.567868+00:00,api_generic,35.23,False
42-trace-0018810,2026-08-18T15:09:35.929527+00:00,api_generic,73.34,False
42-trace-0022746,2026-08-18T15:25:36.507092+00:00,api_generic,80.38,False
42-trace-0015894,2026-08-18T15:28:46.477897+00:00,site_latency,113.48,False
42-trace-0001256,2026-08-18T15:14:36.284640+00:00,pix,96.31,False
42-trace-0011193,2026-08-18T15:12:53.972116+00:00,site_latency,388.41,False
42-trace-0020804,2026-08-18T15:17:47.336482+00:00,api_generic,137.12,False
42-trace-0004178,2026-08-18T15:06:54.188708+00:00,checkout,118.95,False
42-trace-0017579,2026-08-18T15:04:41.076937+00:00,api_generic,106.86,False
42-trace-0014960,2026-08-18T15:25:35.013429+00:00,site_latency,124.46,False
42-trace-0010371,2026-08-18T15:10:01.327304+00:00,site_latency,232.37,False
42-trace-0005445,2026-08-18T15:14:22.837257+00:00,checkout,339.76,False
42-trace-0002096,2026-08-18T15:21:20.119153+00:00,pix,157.93,False
42-trace-0022241,2026-08-18T15:23:30.965073+00:00,api_generic,85.66,False
42-trace-0021009,2026-08-18T15:18:38.563960+00:00,api_generic,73.96,False
42-trace-0009125,2026-08-18T15:05:45.212371+00:00,site_latency,351.79,False
42-trace-0016068,2026-08-18T15:29:26.232981+00:00,site_latency,112.12,False
42-trace-0014527,2026-08-18T15:24:08.235284+00:00,site_latency,197.31,False
42-trace-0002698,2026-08-18T15:26:00.410530+00:00,pix,126.28,False
42-trace-0008485,2026-08-18T15:32:46.555561+00:00,checkout,254.57,False
42-trace-0018813,2026-08-18T15:09:36.177243+00:00,api_generic,36.58,False
42-trace-0009923,2026-08-18T15:08:25.691098+00:00,site_latency,400.6,False
42-trace-0016790,2026-08-18T15:31:58.709057+00:00,site_latency,355.32,False
42-trace-0004512,2026-08-18T15:08:51.819697+00:00,checkout,423.44,False
42-trace-0024363,2026-08-18T15:31:59.012498+00:00,api_generic,58.86,False
42-trace-0011634,2026-08-18T15:14:21.478793+00:00,site_latency,135.11,False
42-trace-0018231,2026-08-18T15:07:15.541488+00:00,api_generic,259.97,False
42-trace-0016769,2026-08-18T15:31:55.765507+00:00,site_latency,87.18,False
42-trace-0021519,2026-08-18T15:20:44.587092+00:00,api_generic,171.02,False
42-trace-0018966,2026-08-18T15:10:15.921957+00:00,api_generic,91.74,False
42-trace-0018494,2026-08-18T15:08:12.933895+00:00,api_generic,62.16,False
42-trace-0009041,2026-08-18T15:05:28.111578+00:00,site_latency,161.48,False
42-trace-0013957,2026-08-18T15:22:13.438025+00:00,site_latency,155.19,False
42-trace-0015172,2026-08-18T15:26:15.209708+00:00,site_latency,41.6,False
42-trace-0022492,2026-08-18T15:24:30.827090+00:00,api_generic,119.45,False
42-trace-0015902,2026-08-18T15:28:48.242072+00:00,site_latency,49.67,False
42-trace-0009113,2026-08-18T15:05:43.331067+00:00,site_latency,99.3,False
42-trace-0004700,2026-08-18T15:09:56.455344+00:00,checkout,268.03,False
42-trace-0020340,2026-08-18T15:15:48.025063+00:00,api_generic,89.16,False
42-trace-0024276,2026-08-18T15:31:38.049075+00:00,api_generic,53.56,False
42-trace-0014639,2026-08-18T15:24:32.323008+00:00,site_latency,124.43,False
42-trace-0016156,2026-08-18T15:29:42.521650+00:00,site_latency,51.24,False
42-trace-0019029,2026-08-18T15:10:30.869472+00:00,api_generic,87.46,False
42-trace-0000674,2026-08-18T15:09:59.545180+00:00,pix,75.69,False
42-trace-0015577,2026-08-18T15:27:40.446163+00:00,site_latency,120.74,False
42-trace-0009322,2026-08-18T15:06:27.253441+00:00,site_latency,171.91,False
42-trace-0012217,2026-08-18T15:16:24.946090+00:00,site_latency,66.65,False
42-trace-0021590,2026-08-18T15:21:02.528385+00:00,api_generic,111.02,False
42-trace-0013113,2026-08-18T15:19:24.453164+00:00,site_latency,488.77,False
42-trace-0010677,2026-08-18T15:11:02.139950+00:00,site_latency,235.35,False
42-trace-0016836,2026-08-18T15:32:06.817790+00:00,site_latency,449.65,False
42-trace-0000906,2026-08-18T15:11:44.545965+00:00,pix,246.8,False
42-trace-0021646,2026-08-18T15:21:11.171585+00:00,api_generic,82.86,False
42-trace-0011961,2026-08-18T15:15:31.339230+00:00,site_latency,264.23,False
42-trace-0013493,2026-08-18T15:20:43.254318+00:00,site_latency,142.02,False
42-trace-0005779,2026-08-18T15:16:30.191050+00:00,checkout,446.65,False
42-trace-0000570,2026-08-18T15:09:08.451709+00:00,pix,128.16,False
42-trace-0003295,2026-08-18T15:30:34.234470+00:00,pix,97.85,False
42-trace-0016055,2026-08-18T15:29:23.297240+00:00,site_latency,84.27,False
42-trace-0011432,2026-08-18T15:13:41.163213+00:00,site_latency,131.88,False
42-trace-0020752,2026-08-18T15:17:34.662685+00:00,api_generic,228.74,False
42-trace-0012404,2026-08-18T15:17:05.657353+00:00,site_latency,233.76,False
42-trace-0008569,2026-08-18T15:33:17.926298+00:00,checkout,1041.02,False
42-trace-0001010,2026-08-18T15:12:38.568711+00:00,pix,137.01,False
42-trace-0018555,2026-08-18T15:08:28.871318+00:00,api_generic,59.16,False
42-trace-0012532,2026-08-18T15:17:31.123394+00:00,site_latency,342.16,False
42-trace-0002336,2026-08-18T15:23:11.358789+00:00,pix,123.61,False
42-trace-0023715,2026-08-18T15:29:28.197149+00:00,api_generic,85.2,False
42-trace-0017537,2026-08-18T15:04:34.485098+00:00,api_generic,75.93,False
42-trace-0024658,2026-08-18T15:33:06.837315+00:00,api_generic,90.69,False
42-trace-0009272,2026-08-18T15:06:16.447736+00:00,site_latency,265.19,False
42-trace-0001745,2026-08-18T15:18:22.548829+00:00,pix,151.78,False
42-trace-0015541,2026-08-18T15:27:33.912272+00:00,site_latency,128.95,False
42-trace-0012268,2026-08-18T15:16:36.061952+00:00,site_latency,128.42,False
42-trace-0024533,2026-08-18T15:32:39.375205+00:00,api_generic,58.53,False
42-trace-0024693,2026-08-18T15:33:17.491476+00:00,api_generic,154.28,True
42-trace-0001369,2026-08-18T15:15:27.615597+00:00,pix,930.89,False
42-trace-0022567,2026-08-18T15:24:51.158128+00:00,api_generic,152.47,False
42-trace-0017152,2026-08-18T15:33:15.685492+00:00,site_latency,110.66,False
42-trace-0024535,2026-08-18T15:32:39.596826+00:00,api_generic,135.32,False
42-trace-0013198,2026-08-18T15:19:42.017123+00:00,site_latency,532.74,False
42-trace-0016967,2026-08-18T15:32:33.815379+00:00,site_latency,305.87,False
42-trace-0022665,2026-08-18T15:25:17.233503+00:00,api_generic,48.55,False
42-trace-0023566,2026-08-18T15:28:55.017616+00:00,api_generic,147.73,False
42-trace-0009072,2026-08-18T15:05:34.839797+00:00,site_latency,153.45,False
42-trace-0008655,2026-08-18T15:33:50.056565+00:00,checkout,243.95,False
42-trace-0004234,2026-08-18T15:07:14.277827+00:00,checkout,405.58,False
42-trace-0011245,2026-08-18T15:13:04.404861+00:00,site_latency,179.92,False
42-trace-0024609,2026-08-18T15:32:55.342899+00:00,api_generic,58.34,False
42-trace-0001646,2026-08-18T15:17:36.251076+00:00,pix,122.27,False
42-trace-0001673,2026-08-18T15:17:48.706589+00:00,pix,125.81,False
42-trace-0020109,2026-08-18T15:14:55.488864+00:00,api_generic,48.33,False
42-trace-0015534,2026-08-18T15:27:32.884153+00:00,site_latency,195.4,False
42-trace-0010079,2026-08-18T15:08:56.029107+00:00,site_latency,99.64,False
42-trace-0007398,2026-08-18T15:26:07.586668+00:00,checkout,501.16,False
42-trace-0020923,2026-08-18T15:18:15.537324+00:00,api_generic,76.63,False
42-trace-0016429,2026-08-18T15:30:43.515359+00:00,site_latency,118.45,False
42-trace-0017668,2026-08-18T15:05:03.581659+00:00,api_generic,143.26,False
42-trace-0019679,2026-08-18T15:13:11.452184+00:00,api_generic,51.91,False
42-trace-0016529,2026-08-18T15:31:06.196384+00:00,site_latency,158.76,False
42-trace-0016343,2026-08-18T15:30:26.826580+00:00,site_latency,161.38,False
42-trace-0002742,2026-08-18T15:26:18.459781+00:00,pix,150.53,False
42-trace-0022360,2026-08-18T15:23:59.113189+00:00,api_generic,95.87,False
42-trace-0007131,2026-08-18T15:24:32.135026+00:00,checkout,208.38,False
42-trace-0007943,2026-08-18T15:29:19.708161+00:00,checkout,298.77,False
42-trace-0009299,2026-08-18T15:06:22.921861+00:00,site_latency,273.97,False
42-trace-0004914,2026-08-18T15:11:10.202340+00:00,checkout,332.26,False
42-trace-0019765,2026-08-18T15:13:33.681272+00:00,api_generic,52.36,False
42-trace-0009690,2026-08-18T15:07:40.330889+00:00,site_latency,76.87,False
42-trace-0015298,2026-08-18T15:26:43.155644+00:00,site_latency,401.89,False
42-trace-0008173,2026-08-18T15:30:47.211570+00:00,checkout,603.93,False
42-trace-0003947,2026-08-18T15:05:31.869397+00:00,checkout,606.65,False
42-trace-0004415,2026-08-18T15:08:17.211031+00:00,checkout,723.97,False
42-trace-0010696,2026-08-18T15:11:05.381789+00:00,site_latency,188.59,False
42-trace-0004932,2026-08-18T15:11:15.140846+00:00,checkout,125.14,False
42-trace-0004085,2026-08-18T15:06:25.649482+00:00,checkout,395.73,False
42-trace-0024664,2026-08-18T15:33:08.453808+00:00,api_generic,93.52,False
42-trace-0003571,2026-08-18T15:32:52.550881+00:00,pix,154.7,False
42-trace-0009490,2026-08-18T15:06:58.089252+00:00,site_latency,355.82,False
42-trace-0021047,2026-08-18T15:18:47.569031+00:00,api_generic,54.99,False
42-trace-0003927,2026-08-18T15:05:25.430261+00:00,checkout,232.93,False
42-trace-0010140,2026-08-18T15:09:07.125522+00:00,site_latency,590.7,False
42-trace-0019812,2026-08-18T15:13:44.231972+00:00,api_generic,83.45,False
42-trace-0002691,2026-08-18T15:25:55.893981+00:00,pix,76.68,False
42-trace-0007561,2026-08-18T15:26:58.583139+00:00,checkout,570.84,False
42-trace-0004532,2026-08-18T15:08:57.115101+00:00,checkout,257.94,False
42-trace-0004255,2026-08-18T15:07:20.726570+00:00,checkout,254.86,False
42-trace-0021066,2026-08-18T15:18:51.045612+00:00,api_generic,40.72,False
42-trace-0002637,2026-08-18T15:25:29.712298+00:00,pix,106.94,False
42-trace-0014112,2026-08-18T15:22:45.004876+00:00,site_latency,101.78,False
42-trace-0006133,2026-08-18T15:18:40.910467+00:00,checkout,242.18,False
42-trace-0006423,2026-08-18T15:20:18.884961+00:00,checkout,607.33,False
42-trace-0004955,2026-08-18T15:11:24.810130+00:00,checkout,153.5,False
42-trace-0024439,2026-08-18T15:32:17.620331+00:00,api_generic,255.24,False
42-trace-0018500,2026-08-18T15:08:14.619910+00:00,api_generic,163.87,False
42-trace-0023934,2026-08-18T15:30:17.990429+00:00,api_generic,98.11,False
42-trace-0024931,2026-08-18T15:34:10.697129+00:00,api_generic,145.5,False
42-trace-0024223,2026-08-18T15:31:24.994661+00:00,api_generic,96.6,False
42-trace-0013950,2026-08-18T15:22:12.363215+00:00,site_latency,77.74,False
42-trace-0009758,2026-08-18T15:07:53.232142+00:00,site_latency,313.08,False
42-trace-0020703,2026-08-18T15:17:22.062754+00:00,api_generic,140.82,False
42-trace-0015057,2026-08-18T15:25:53.478781+00:00,site_latency,128.25,False
42-trace-0002178,2026-08-18T15:21:58.166276+00:00,pix,143.34,False
42-trace-0012281,2026-08-18T15:16:39.082506+00:00,site_latency,156.78,False
42-trace-0005478,2026-08-18T15:14:40.091483+00:00,checkout,398.97,False
42-trace-0021029,2026-08-18T15:18:42.900722+00:00,api_generic,58.42,False
42-trace-0015285,2026-08-18T15:26:39.833494+00:00,site_latency,115.15,False
42-trace-0015239,2026-08-18T15:26:28.443173+00:00,site_latency,188.03,False
42-trace-0006916,2026-08-18T15:23:11.959003+00:00,checkout,559.41,False
42-trace-0009417,2026-08-18T15:06:44.486861+00:00,site_latency,207.89,False
42-trace-0001963,2026-08-18T15:20:10.638417+00:00,pix,109.15,False
42-trace-0001336,2026-08-18T15:15:12.993178+00:00,pix,230.05,False
42-trace-0004240,2026-08-18T15:07:15.512165+00:00,checkout,177.11,False
42-trace-0024300,2026-08-18T15:31:43.191798+00:00,api_generic,69.42,False
42-trace-0011271,2026-08-18T15:13:09.178701+00:00,site_latency,167.95,False
42-trace-0008585,2026-08-18T15:33:22.564203+00:00,checkout,285.59,False
42-trace-0005002,2026-08-18T15:11:38.787540+00:00,checkout,209.67,False
42-trace-0018652,2026-08-18T15:08:56.817712+00:00,api_generic,87.44,False
42-trace-0011744,2026-08-18T15:14:45.838278+00:00,site_latency,398.86,False
42-trace-0002425,2026-08-18T15:23:48.105694+00:00,pix,124.32,False
42-trace-0020299,2026-08-18T15:15:38.835493+00:00,api_generic,42.34,False
42-trace-0000562,2026-08-18T15:09:03.675472+00:00,pix,134.89,False
42-trace-0019462,2026-08-18T15:12:15.313041+00:00,api_generic,107.26,False
42-trace-0013503,2026-08-18T15:20:45.320114+00:00,site_latency,196.59,False
42-trace-0002999,2026-08-18T15:28:14.837278+00:00,pix,159.86,False
42-trace-0005282,2026-08-18T15:13:19.841940+00:00,checkout,219.67,False
42-trace-0009325,2026-08-18T15:06:27.674681+00:00,site_latency,313.76,False
42-trace-0024620,2026-08-18T15:32:58.052404+00:00,api_generic,71.54,False
42-trace-0012329,2026-08-18T15:16:51.515341+00:00,site_latency,148.02,False
42-trace-0021520,2026-08-18T15:20:44.726713+00:00,api_generic,132.51,False
42-trace-0021248,2026-08-18T15:19:39.886793+00:00,api_generic,87.72,False
42-trace-0003094,2026-08-18T15:29:04.719834+00:00,pix,91.2,False
42-trace-0007735,2026-08-18T15:28:00.786254+00:00,checkout,421.6,False
42-trace-0010238,2026-08-18T15:09:27.798865+00:00,site_latency,310.26,False
42-trace-0011573,2026-08-18T15:14:10.864253+00:00,site_latency,46.95,False
42-trace-0001074,2026-08-18T15:13:10.118697+00:00,pix,68.72,False
42-trace-0006801,2026-08-18T15:22:30.073770+00:00,checkout,738.99,False
42-trace-0013927,2026-08-18T15:22:06.964674+00:00,site_latency,190.4,False
42-trace-0005314,2026-08-18T15:13:32.221412+00:00,checkout,290.15,False
42-trace-0007886,2026-08-18T15:28:59.157413+00:00,checkout,148.5,False
42-trace-0020236,2026-08-18T15:15:21.997415+00:00,api_generic,99.94,False
42-trace-0002448,2026-08-18T15:23:58.757601+00:00,pix,102.22,False
42-trace-0018568,2026-08-18T15:08:32.217660+00:00,api_generic,74.79,False
42-trace-0011531,2026-08-18T15:14:02.749762+00:00,site_latency,130.36,False
42-trace-0013010,2026-08-18T15:19:04.760498+00:00,site_latency,102.1,False
42-trace-0000782,2026-08-18T15:10:51.488575+00:00,pix,116.7,False
42-trace-0011039,2026-08-18T15:12:19.736860+00:00,site_latency,216.71,False
42-trace-0005964,2026-08-18T15:17:34.410114+00:00,checkout,279.91,False
42-trace-0013403,2026-08-18T15:20:21.524073+00:00,site_latency,96.83,False
42-trace-0008355,2026-08-18T15:31:58.591770+00:00,checkout,400.66,False
42-trace-0021419,2026-08-18T15:20:18.154172+00:00,api_generic,74.15,False
42-trace-0001050,2026-08-18T15:12:53.587841+00:00,pix,231.94,True
42-trace-0006315,2026-08-18T15:19:42.851049+00:00,checkout,615.23,False
42-trace-0018625,2026-08-18T15:08:49.494391+00:00,api_generic,188.02,False
42-trace-0016754,2026-08-18T15:31:52.441914+00:00,site_latency,102.85,False
42-trace-0007433,2026-08-18T15:26:16.859197+00:00,checkout,430.11,False
42-trace-0008603,2026-08-18T15:33:28.063033+00:00,checkout,336.42,False
42-trace-0023749,2026-08-18T15:29:35.203978+00:00,api_generic,97.29,False
42-trace-0015029,2026-08-18T15:25:46.952300+00:00,site_latency,209.83,False
42-trace-0020706,2026-08-18T15:17:22.770355+00:00,api_generic,41.76,False
42-trace-0016149,2026-08-18T15:29:41.408592+00:00,site_latency,426.07,False
42-trace-0005247,2026-08-18T15:13:04.827222+00:00,checkout,677.46,False
42-trace-0011227,2026-08-18T15:13:01.428100+00:00,site_latency,205.38,False
42-trace-0021668,2026-08-18T15:21:15.608500+00:00,api_generic,115.48,False
42-trace-0016003,2026-08-18T15:29:10.808004+00:00,site_latency,242.32,False
42-trace-0014310,2026-08-18T15:23:24.853225+00:00,site_latency,175.01,False
42-trace-0013866,2026-08-18T15:21:58.090240+00:00,site_latency,160.78,False
42-trace-0001565,2026-08-18T15:17:02.287272+00:00,pix,86.35,False
42-trace-0001549,2026-08-18T15:16:53.705914+00:00,pix,145.53,False
42-trace-0008009,2026-08-18T15:29:45.554595+00:00,checkout,215.47,False
42-trace-0021151,2026-08-18T15:19:14.947745+00:00,api_generic,77.5,False
42-trace-0007193,2026-08-18T15:24:54.980308+00:00,checkout,329.29,False
42-trace-0018495,2026-08-18T15:08:13.368765+00:00,api_generic,150.61,False
42-trace-0023744,2026-08-18T15:29:34.322439+00:00,api_generic,36.32,False
42-trace-0008083,2026-08-18T15:30:16.679140+00:00,checkout,474.05,False
42-trace-0003958,2026-08-18T15:05:35.424779+00:00,checkout,291.26,False
42-trace-0004256,2026-08-18T15:07:20.765255+00:00,checkout,523.34,False
42-trace-0013499,2026-08-18T15:20:43.814490+00:00,site_latency,265.79,False
42-trace-0006370,2026-08-18T15:20:01.375861+00:00,checkout,244.92,False
42-trace-0001424,2026-08-18T15:15:55.489980+00:00,pix,195.96,False
42-trace-0000307,2026-08-18T15:07:08.945987+00:00,pix,106.74,False
42-trace-0006200,2026-08-18T15:19:02.198599+00:00,checkout,263.24,False
42-trace-0021420,2026-08-18T15:20:18.771473+00:00,api_generic,3443.06,True
42-trace-0016457,2026-08-18T15:30:51.003718+00:00,site_latency,217.18,False
42-trace-0005931,2026-08-18T15:17:22.710457+00:00,checkout,268.49,False
42-trace-0001778,2026-08-18T15:18:38.267952+00:00,pix,129.18,False
42-trace-0021823,2026-08-18T15:21:55.346982+00:00,api_generic,96.9,False
42-trace-0000133,2026-08-18T15:05:38.184968+00:00,pix,149.87,False
42-trace-0022585,2026-08-18T15:24:57.516843+00:00,api_generic,80.62,False
42-trace-0008815,2026-08-18T15:04:40.273957+00:00,site_latency,449.19,False
42-trace-0005695,2026-08-18T15:16:04.443575+00:00,checkout,683.29,False
42-trace-0004864,2026-08-18T15:10:56.612158+00:00,checkout,295.04,False
42-trace-0005604,2026-08-18T15:15:33.004812+00:00,checkout,1859.96,False
42-trace-0021381,2026-08-18T15:20:09.530315+00:00,api_generic,34.24,False
42-trace-0006382,2026-08-18T15:20:05.725181+00:00,checkout,308.07,False
42-trace-0023342,2026-08-18T15:28:01.290232+00:00,api_generic,175.55,False
42-trace-0008386,2026-08-18T15:32:09.239030+00:00,checkout,394.15,False
42-trace-0015834,2026-08-18T15:28:36.092665+00:00,site_latency,175.33,False
42-trace-0005843,2026-08-18T15:16:49.979791+00:00,checkout,296.16,False
42-trace-0022824,2026-08-18T15:25:58.478659+00:00,api_generic,196.63,False
42-trace-0003480,2026-08-18T15:32:04.944547+00:00,pix,120.78,False
42-trace-0016364,2026-08-18T15:30:30.357142+00:00,site_latency,428.87,False
42-trace-0004198,2026-08-18T15:07:01.481158+00:00,checkout,279.78,False
42-trace-0001460,2026-08-18T15:16:10.852171+00:00,pix,135.99,False
42-trace-0022674,2026-08-18T15:25:19.750882+00:00,api_generic,98.48,False
42-trace-0018543,2026-08-18T15:08:26.576081+00:00,api_generic,54.84,False
42-trace-0012995,2026-08-18T15:19:02.424907+00:00,site_latency,322.86,False
42-trace-0008960,2026-08-18T15:05:12.958823+00:00,site_latency,105.98,False
42-trace-0012592,2026-08-18T15:17:41.074345+00:00,site_latency,435.43,False
42-trace-0003795,2026-08-18T15:04:40.945933+00:00,checkout,304.14,False
42-trace-0012367,2026-08-18T15:16:58.331982+00:00,site_latency,89.09,False
42-trace-0000609,2026-08-18T15:09:31.850970+00:00,pix,66.52,False
42-trace-0018749,2026-08-18T15:09:19.753915+00:00,api_generic,157.81,False
42-trace-0000825,2026-08-18T15:11:08.373048+00:00,pix,62.54,False
42-trace-0002996,2026-08-18T15:28:13.738266+00:00,pix,91.76,False
42-trace-0013683,2026-08-18T15:21:20.526976+00:00,site_latency,139.08,False
42-trace-0000631,2026-08-18T15:09:42.400015+00:00,pix,210.89,False
42-trace-0019843,2026-08-18T15:13:51.402658+00:00,api_generic,60.97,False
42-trace-0001730,2026-08-18T15:18:13.631615+00:00,pix,121.59,False
42-trace-0007525,2026-08-18T15:26:46.115506+00:00,checkout,299.85,False
42-trace-0012424,2026-08-18T15:17:09.742668+00:00,site_latency,117.95,False
42-trace-0014488,2026-08-18T15:24:01.785567+00:00,site_latency,83.22,False
42-trace-0020606,2026-08-18T15:16:53.833946+00:00,api_generic,66.42,False
42-trace-0007992,2026-08-18T15:29:36.848067+00:00,checkout,222.81,False
42-trace-0022995,2026-08-18T15:26:40.565225+00:00,api_generic,194.61,False
42-trace-0023395,2026-08-18T15:28:12.949540+00:00,api_generic,95.57,False
42-trace-0013428,2026-08-18T15:20:28.583112+00:00,site_latency,144.46,False
42-trace-0009604,2026-08-18T15:07:21.450175+00:00,site_latency,93.2,False
42-trace-0007064,2026-08-18T15:24:06.845535+00:00,checkout,212.88,False
42-trace-0007113,2026-08-18T15:24:25.391952+00:00,checkout,236.18,False
42-trace-0003304,2026-08-18T15:30:39.251611+00:00,pix,168.86,False
42-trace-0006376,2026-08-18T15:20:03.233820+00:00,checkout,286.63,False
42-trace-0013256,2026-08-18T15:19:53.513152+00:00,site_latency,223.61,False
42-trace-0019879,2026-08-18T15:13:58.059164+00:00,api_generic,45.53,False
42-trace-0024252,2026-08-18T15:31:31.493130+00:00,api_generic,112.18,False
42-trace-0021249,2026-08-18T15:19:39.985405+00:00,api_generic,203.51,False
42-trace-0018354,2026-08-18T15:07:43.607609+00:00,api_generic,90.69,False
42-trace-0016663,2026-08-18T15:31:35.841677+00:00,site_latency,178.17,False
42-trace-0020318,2026-08-18T15:15:43.024987+00:00,api_generic,108.27,False
42-trace-0011709,2026-08-18T15:14:37.544654+00:00,site_latency,193.8,False
42-trace-0011296,2026-08-18T15:13:14.800181+00:00,site_latency,313.9,False
42-trace-0022260,2026-08-18T15:23:38.477206+00:00,api_generic,50.88,False
42-trace-0014943,2026-08-18T15:25:29.536208+00:00,site_latency,173.52,False
42-trace-0022966,2026-08-18T15:26:32.189259+00:00,api_generic,289.21,False
42-trace-0003405,2026-08-18T15:31:28.350310+00:00,pix,70.6,False
42-trace-0006800,2026-08-18T15:22:29.467364+00:00,checkout,379.03,False
42-trace-0020501,2026-08-18T15:16:25.546987+00:00,api_generic,119.79,False
42-trace-0015810,2026-08-18T15:28:29.686818+00:00,site_latency,207.53,False
42-trace-0004225,2026-08-18T15:07:11.286799+00:00,checkout,285.36,False
42-trace-0017202,2026-08-18T15:33:25.217618+00:00,site_latency,323.69,False
42-trace-0001661,2026-08-18T15:17:40.572837+00:00,pix,276.7,False
42-trace-0012284,2026-08-18T15:16:39.357116+00:00,site_latency,153.8,False
42-trace-0010779,2026-08-18T15:11:22.902698+00:00,site_latency,126.06,False
42-trace-0005614,2026-08-18T15:15:36.665667+00:00,checkout,374.96,False
42-trace-0015543,2026-08-18T15:27:34.613553+00:00,site_latency,96.09,False
42-trace-0015353,2026-08-18T15:26:58.265936+00:00,site_latency,138.43,False
42-trace-0013603,2026-08-18T15:21:04.361198+00:00,site_latency,177.32,False
42-trace-0017542,2026-08-18T15:04:34.946114+00:00,api_generic,145.42,False
42-trace-0020087,2026-08-18T15:14:50.552602+00:00,api_generic,100.83,False
42-trace-0011757,2026-08-18T15:14:48.188677+00:00,site_latency,157.98,False
42-trace-0012636,2026-08-18T15:17:48.660852+00:00,site_latency,163.54,False
42-trace-0018339,2026-08-18T15:07:41.323490+00:00,api_generic,189.58,False
42-trace-0005394,2026-08-18T15:14:04.980507+00:00,checkout,145.85,False
42-trace-0015447,2026-08-18T15:27:17.443196+00:00,site_latency,643.53,False
42-trace-0000372,2026-08-18T15:07:35.711500+00:00,pix,191.07,False
42-trace-0007883,2026-08-18T15:28:57.635042+00:00,checkout,399.45,False
42-trace-0001545,2026-08-18T15:16:52.680095+00:00,pix,193.42,False
42-trace-0002478,2026-08-18T15:24:07.375887+00:00,pix,129.23,False
42-trace-0016523,2026-08-18T15:31:04.199440+00:00,site_latency,143.78,False
42-trace-0012263,2026-08-18T15:16:34.581115+00:00,site_latency,130.22,False
42-trace-0013761,2026-08-18T15:21:32.406149+00:00,site_latency,313.7,False
42-trace-0002641,2026-08-18T15:25:31.417559+00:00,pix,147.45,False
42-trace-0007890,2026-08-18T15:29:00.303758+00:00,checkout,582.14,False
42-trace-0019557,2026-08-18T15:12:40.612593+00:00,api_generic,74.14,False
42-trace-0014603,2026-08-18T15:24:21.860444+00:00,site_latency,104.3,False
42-trace-0005316,2026-08-18T15:13:32.477118+00:00,checkout,353.41,False
42-trace-0009626,2026-08-18T15:07:26.375714+00:00,site_latency,282.95,False
42-trace-0008797,2026-08-18T15:04:35.736558+00:00,site_latency,271.44,False
42-trace-0010673,2026-08-18T15:11:01.235763+00:00,site_latency,161.13,False
42-trace-0006487,2026-08-18T15:20:39.675005+00:00,checkout,459.9,False
42-trace-0023602,2026-08-18T15:29:02.713149+00:00,api_generic,284.86,False
42-trace-0017329,2026-08-18T15:33:52.774706+00:00,site_latency,106.23,False
42-trace-0013435,2026-08-18T15:20:29.623708+00:00,site_latency,262.01,False
42-trace-0019941,2026-08-18T15:14:11.758315+00:00,api_generic,92.61,False
42-trace-0009719,2026-08-18T15:07:45.712588+00:00,site_latency,320.3,False
42-trace-0022690,2026-08-18T15:25:23.712950+00:00,api_generic,39.56,False
42-trace-0013202,2026-08-18T15:19:43.091699+00:00,site_latency,201.88,False
42-trace-0010619,2026-08-18T15:10:49.656191+00:00,site_latency,353.32,False
42-trace-0015977,2026-08-18T15:29:06.344491+00:00,site_latency,386.32,False
42-trace-0004451,2026-08-18T15:08:25.640377+00:00,checkout,170.3,False
42-trace-0018785,2026-08-18T15:09:29.980875+00:00,api_generic,45.4,False
42-trace-0012445,2026-08-18T15:17:12.623770+00:00,site_latency,403.6,False
42-trace-0017761,2026-08-18T15:05:24.786069+00:00,api_generic,134.87,False
42-trace-0003494,2026-08-18T15:32:11.715997+00:00,pix,130.58,False
42-trace-0015556,2026-08-18T15:27:36.995923+00:00,site_latency,359.38,False
42-trace-0014795,2026-08-18T15:25:01.894010+00:00,site_latency,792.71,False
42-trace-0014322,2026-08-18T15:23:27.174936+00:00,site_latency,207.22,False
42-trace-0020078,2026-08-18T15:14:47.671764+00:00,api_generic,160.47,True
42-trace-0021723,2026-08-18T15:21:29.466625+00:00,api_generic,51.18,False
42-trace-0019582,2026-08-18T15:12:45.908639+00:00,api_generic,22.23,False
42-trace-0013168,2026-08-18T15:19:35.990079+00:00,site_latency,76.35,False
42-trace-0013573,2026-08-18T15:20:58.517434+00:00,site_latency,209.0,False
42-trace-0012082,2026-08-18T15:15:58.132128+00:00,site_latency,138.26,False
42-trace-0017843,2026-08-18T15:05:41.770472+00:00,api_generic,108.13,False
42-trace-0023087,2026-08-18T15:27:02.091997+00:00,api_generic,51.02,False
42-trace-0001281,2026-08-18T15:14:45.917099+00:00,pix,182.23,False
42-trace-0017526,2026-08-18T15:04:32.561868+00:00,api_generic,178.84,False
42-trace-0006336,2026-08-18T15:19:49.448465+00:00,checkout,263.38,False
42-trace-0017806,2026-08-18T15:05:33.329346+00:00,api_generic,98.32,False
42-trace-0004596,2026-08-18T15:09:16.489966+00:00,checkout,627.76,False
42-trace-0023661,2026-08-18T15:29:16.456323+00:00,api_generic,341.21,False
42-trace-0003678,2026-08-18T15:33:49.001220+00:00,pix,148.6,False
42-trace-0001096,2026-08-18T15:13:23.627929+00:00,pix,184.32,False
42-trace-0002531,2026-08-18T15:24:32.764129+00:00,pix,179.36,False
42-trace-0006859,2026-08-18T15:22:51.165614+00:00,checkout,208.63,False
42-trace-0017649,2026-08-18T15:04:58.573003+00:00,api_generic,64.8,False
42-trace-0000791,2026-08-18T15:10:54.671517+00:00,pix,92.42,False
42-trace-0001148,2026-08-18T15:13:48.337138+00:00,pix,104.9,False
42-trace-0010650,2026-08-18T15:10:57.227657+00:00,site_latency,202.86,False
42-trace-0018452,2026-08-18T15:08:04.584699+00:00,api_generic,71.92,False
42-trace-0004813,2026-08-18T15:10:41.579429+00:00,checkout,1057.95,False
42-trace-0023863,2026-08-18T15:30:00.776388+00:00,api_generic,72.57,False
42-trace-0020409,2026-08-18T15:16:06.169091+00:00,api_generic,102.49,False
42-trace-0007148,2026-08-18T15:24:37.570124+00:00,checkout,440.16,False
42-trace-0012573,2026-08-18T15:17:37.661340+00:00,site_latency,172.11,False
42-trace-0011935,2026-08-18T15:15:26.075723+00:00,site_latency,84.18,False
42-trace-0009385,2026-08-18T15:06:38.095077+00:00,site_latency,102.03,False
42-trace-0020153,2026-08-18T15:15:04.375403+00:00,api_generic,61.86,False
42-trace-0003744,2026-08-18T15:34:22.789570+00:00,pix,149.7,False
42-trace-0001783,2026-08-18T15:18:40.244569+00:00,pix,51.15,False
42-trace-0022269,2026-08-18T15:23:40.029512+00:00,api_generic,145.29,False
42-trace-0001393,2026-08-18T15:15:43.392635+00:00,pix,99.25,False
42-trace-0012149,2026-08-18T15:16:10.533455+00:00,site_latency,268.6,False
42-trace-0012318,2026-08-18T15:16:48.069739+00:00,site_latency,138.23,False
42-trace-0001236,2026-08-18T15:14:25.649830+00:00,pix,90.93,False
42-trace-0017741,2026-08-18T15:05:19.676566+00:00,api_generic,207.83,False
42-trace-0005960,2026-08-18T15:17:33.031344+00:00,checkout,398.96,False
42-trace-0009439,2026-08-18T15:06:47.483156+00:00,site_latency,103.65,False
42-trace-0008080,2026-08-18T15:30:15.634611+00:00,checkout,293.72,False
42-trace-0012738,2026-08-18T15:18:11.589580+00:00,site_latency,182.69,False
42-trace-0009864,2026-08-18T15:08:13.326689+00:00,site_latency,275.12,False
42-trace-0003473,2026-08-18T15:32:02.506670+00:00,pix,176.08,False
42-trace-0013297,2026-08-18T15:20:01.386201+00:00,site_latency,178.12,False
42-trace-0012542,2026-08-18T15:17:32.499622+00:00,site_latency,71.0,False
42-trace-0010682,2026-08-18T15:11:03.088486+00:00,site_latency,143.82,False
42-trace-0009259,2026-08-18T15:06:13.954306+00:00,site_latency,156.87,False
42-trace-0022795,2026-08-18T15:25:51.070242+00:00,api_generic,451.13,False
42-trace-0016174,2026-08-18T15:29:45.661776+00:00,site_latency,174.67,False
42-trace-0017535,2026-08-18T15:04:34.129711+00:00,api_generic,98.0,False
42-trace-0003212,2026-08-18T15:29:54.406113+00:00,pix,117.44,False
42-trace-0014501,2026-08-18T15:24:04.416797+00:00,site_latency,240.32,False
42-trace-0019397,2026-08-18T15:12:01.222486+00:00,api_generic,127.02,False
42-trace-0017556,2026-08-18T15:04:37.622747+00:00,api_generic,80.82,False
42-trace-0006628,2026-08-18T15:21:31.199816+00:00,checkout,360.28,False
42-trace-0020125,2026-08-18T15:14:58.743311+00:00,api_generic,67.87,False
42-trace-0006519,2026-08-18T15:20:51.602508+00:00,checkout,490.65,False
42-trace-0010904,2026-08-18T15:11:50.779937+00:00,site_latency,144.19,False
42-trace-0000886,2026-08-18T15:11:36.262132+00:00,pix,132.77,False
42-trace-0019656,2026-08-18T15:13:02.014159+00:00,api_generic,48.38,False
42-trace-0015090,2026-08-18T15:26:00.044527+00:00,site_latency,127.31,False
42-trace-0006333,2026-08-18T15:19:49.071193+00:00,checkout,714.36,False
42-trace-0017207,2026-08-18T15:33:27.302110+00:00,site_latency,121.42,False
42-trace-0023579,2026-08-18T15:28:57.789528+00:00,api_generic,71.38,False
42-trace-0024836,2026-08-18T15:33:49.289914+00:00,api_generic,88.44,False
42-trace-0010834,2026-08-18T15:11:35.521579+00:00,site_latency,172.88,False
42-trace-0016676,2026-08-18T15:31:38.404297+00:00,site_latency,100.62,False
42-trace-0008828,2026-08-18T15:04:42.840207+00:00,site_latency,44.79,False
42-trace-0016270,2026-08-18T15:30:11.357833+00:00,site_latency,66.66,False
42-trace-0017021,2026-08-18T15:32:44.931649+00:00,site_latency,86.63,False
42-trace-0008047,2026-08-18T15:30:05.174036+00:00,checkout,255.78,False
42-trace-0022920,2026-08-18T15:26:21.888668+00:00,api_generic,205.05,False
42-trace-0011283,2026-08-18T15:13:12.563066+00:00,site_latency,217.15,False
42-trace-0009702,2026-08-18T15:07:42.175004+00:00,site_latency,77.41,False
42-trace-0004337,2026-08-18T15:07:50.276828+00:00,checkout,396.67,False
42-trace-0011943,2026-08-18T15:15:27.623029+00:00,site_latency,230.94,False
42-trace-0002547,2026-08-18T15:24:39.952417+00:00,pix,107.59,False
42-trace-0006543,2026-08-18T15:21:01.386153+00:00,checkout,458.31,False
42-trace-0021977,2026-08-18T15:22:27.393637+00:00,api_generic,68.69,False
42-trace-0011542,2026-08-18T15:14:04.011286+00:00,site_latency,262.72,False
42-trace-0023935,2026-08-18T15:30:18.040403+00:00,api_generic,161.77,False
42-trace-0001094,2026-08-18T15:13:23.059990+00:00,pix,127.82,False
42-trace-0014973,2026-08-18T15:25:36.462277+00:00,site_latency,587.7,False
42-trace-0005934,2026-08-18T15:17:23.618604+00:00,checkout,418.6,False
42-trace-0017497,2026-08-18T15:34:25.066760+00:00,site_latency,413.09,False
42-trace-0024254,2026-08-18T15:31:31.768467+00:00,api_generic,58.88,False
42-trace-0006951,2026-08-18T15:23:24.320835+00:00,checkout,323.8,False
42-trace-0002528,2026-08-18T15:24:31.452648+00:00,pix,105.37,False
42-trace-0007209,2026-08-18T15:25:00.388341+00:00,checkout,349.87,False
42-trace-0018956,2026-08-18T15:10:12.771699+00:00,api_generic,105.31,False
42-trace-0018319,2026-08-18T15:07:36.690808+00:00,api_generic,135.42,False
42-trace-0010235,2026-08-18T15:09:27.132282+00:00,site_latency,671.62,False
42-trace-0009890,2026-08-18T15:08:19.128155+00:00,site_latency,398.03,False
42-trace-0007808,2026-08-18T15:28:24.312514+00:00,checkout,333.84,False
42-trace-0003786,2026-08-18T15:04:38.186965+00:00,checkout,411.87,False
42-trace-0006070,2026-08-18T15:18:14.636403+00:00,checkout,588.17,False
42-trace-0017751,2026-08-18T15:05:22.084958+00:00,api_generic,115.98,False
42-trace-0018635,2026-08-18T15:08:52.039174+00:00,api_generic,61.59,False
42-trace-0018488,2026-08-18T15:08:12.209162+00:00,api_generic,157.67,False
42-trace-0020917,2026-08-18T15:18:13.365948+00:00,api_generic,200.54,True
42-trace-0013447,2026-08-18T15:20:31.700877+00:00,site_latency,799.61,False
42-trace-0008896,2026-08-18T15:05:00.620475+00:00,site_latency,194.85,False
42-trace-0018679,2026-08-18T15:09:01.010739+00:00,api_generic,73.7,False
42-trace-0011352,2026-08-18T15:13:26.438433+00:00,site_latency,170.09,False
42-trace-0012620,2026-08-18T15:17:45.899288+00:00,site_latency,222.78,False
42-trace-0008732,2026-08-18T15:34:16.559705+00:00,checkout,200.57,False
42-trace-0006881,2026-08-18T15:22:57.649966+00:00,checkout,139.85,False
42-trace-0003333,2026-08-18T15:30:53.748325+00:00,pix,62.03,False
42-trace-0005083,2026-08-18T15:12:08.811504+00:00,checkout,186.64,False
42-trace-0014504,2026-08-18T15:24:04.764037+00:00,site_latency,248.41,False
42-trace-0016447,2026-08-18T15:30:47.433017+00:00,site_latency,223.7,False
42-trace-0014968,2026-08-18T15:25:36.006260+00:00,site_latency,306.09,False
42-trace-0018703,2026-08-18T15:09:07.239545+00:00,api_generic,89.03,False
42-trace-0017974,2026-08-18T15:06:15.445689+00:00,api_generic,102.69,False
42-trace-0020696,2026-08-18T15:17:21.069665+00:00,api_generic,74.49,False
42-trace-0003220,2026-08-18T15:29:59.159902+00:00,pix,170.4,False
42-trace-0011318,2026-08-18T15:13:20.798743+00:00,site_latency,160.15,False
42-trace-0017303,2026-08-18T15:33:48.295399+00:00,site_latency,113.3,False
42-trace-0006334,2026-08-18T15:19:49.079809+00:00,checkout,495.05,False
42-trace-0008702,2026-08-18T15:34:03.242870+00:00,checkout,514.91,False
42-trace-0000577,2026-08-18T15:09:11.850497+00:00,pix,191.55,False
42-trace-0009152,2026-08-18T15:05:50.674102+00:00,site_latency,338.46,False
42-trace-0024416,2026-08-18T15:32:11.396039+00:00,api_generic,65.52,False
42-trace-0012148,2026-08-18T15:16:10.367014+00:00,site_latency,197.94,False
42-trace-0021914,2026-08-18T15:22:14.238090+00:00,api_generic,77.61,False
42-trace-0013136,2026-08-18T15:19:30.021003+00:00,site_latency,335.18,False
42-trace-0009708,2026-08-18T15:07:43.431031+00:00,site_latency,87.17,False
42-trace-0019561,2026-08-18T15:12:41.581170+00:00,api_generic,108.73,False
42-trace-0019942,2026-08-18T15:14:11.980578+00:00,api_generic,64.92,False
42-trace-0021777,2026-08-18T15:21:42.720641+00:00,api_generic,34.77,False
42-trace-0000587,2026-08-18T15:09:19.897009+00:00,pix,79.49,False
42-trace-0017430,2026-08-18T15:34:11.553609+00:00,site_latency,228.89,False
42-trace-0012274,2026-08-18T15:16:38.113362+00:00,site_latency,216.72,False
42-trace-0001666,2026-08-18T15:17:43.405641+00:00,pix,94.05,False
42-trace-0011019,2026-08-18T15:12:15.775903+00:00,site_latency,128.91,False
42-trace-0008468,2026-08-18T15:32:39.235896+00:00,checkout,525.53,False
42-trace-0005775,2026-08-18T15:16:29.285364+00:00,checkout,207.54,False
42-trace-0016138,2026-08-18T15:29:39.469134+00:00,site_latency,225.02,True
42-trace-0006229,2026-08-18T15:19:12.995753+00:00,checkout,1170.48,False
42-trace-0014891,2026-08-18T15:25:20.041158+00:00,site_latency,66.85,False
42-trace-0015962,2026-08-18T15:29:02.644166+00:00,site_latency,72.16,False
42-trace-0018627,2026-08-18T15:08:50.229956+00:00,api_generic,138.11,False
42-trace-0024053,2026-08-18T15:30:41.597983+00:00,api_generic,44.12,False
42-trace-0011458,2026-08-18T15:13:45.370596+00:00,site_latency,176.76,False
42-trace-0011519,2026-08-18T15:14:00.031116+00:00,site_latency,214.46,False
42-trace-0017018,2026-08-18T15:32:43.815472+00:00,site_latency,356.66,False
42-trace-0022752,2026-08-18T15:25:38.602998+00:00,api_generic,55.48,False
42-trace-0019938,2026-08-18T15:14:10.808562+00:00,api_generic,53.1,False
42-trace-0010204,2026-08-18T15:09:20.663444+00:00,site_latency,303.63,False
42-trace-0001194,2026-08-18T15:14:07.885579+00:00,pix,1067.51,False
42-trace-0010162,2026-08-18T15:09:11.274553+00:00,site_latency,1033.68,True
42-trace-0002749,2026-08-18T15:26:22.990672+00:00,pix,113.2,False
42-trace-0004352,2026-08-18T15:07:54.944508+00:00,checkout,509.22,False
42-trace-0000173,2026-08-18T15:05:59.482342+00:00,pix,102.33,False
42-trace-0002394,2026-08-18T15:23:33.405617+00:00,pix,133.7,False
42-trace-0022272,2026-08-18T15:23:40.457672+00:00,api_generic,76.93,False
42-trace-0004885,2026-08-18T15:11:00.955466+00:00,checkout,252.39,False
42-trace-0002166,2026-08-18T15:21:54.994691+00:00,pix,185.68,False
42-trace-0012870,2026-08-18T15:18:35.848403+00:00,site_latency,217.44,False
42-trace-0000092,2026-08-18T15:05:11.865829+00:00,pix,115.93,False
42-trace-0004467,2026-08-18T15:08:33.522699+00:00,checkout,269.96,False
42-trace-0018431,2026-08-18T15:08:00.000043+00:00,api_generic,77.48,False
42-trace-0024662,2026-08-18T15:33:08.270199+00:00,api_generic,86.06,False
42-trace-0008535,2026-08-18T15:33:05.150594+00:00,checkout,253.68,False
42-trace-0014755,2026-08-18T15:24:54.949314+00:00,site_latency,400.75,False
42-trace-0002083,2026-08-18T15:21:14.847181+00:00,pix,80.13,False
42-trace-0020651,2026-08-18T15:17:08.554511+00:00,api_generic,69.46,False
42-trace-0015678,2026-08-18T15:28:02.540060+00:00,site_latency,242.06,False
42-trace-0005599,2026-08-18T15:15:27.961120+00:00,checkout,257.01,False
42-trace-0007060,2026-08-18T15:24:05.749280+00:00,checkout,187.29,False
42-trace-0020827,2026-08-18T15:17:52.208671+00:00,api_generic,107.1,False
42-trace-0005103,2026-08-18T15:12:14.686441+00:00,checkout,283.59,False
42-trace-0019160,2026-08-18T15:11:04.304093+00:00,api_generic,349.07,False
42-trace-0011905,2026-08-18T15:15:19.066193+00:00,site_latency,69.31,False
42-trace-0002186,2026-08-18T15:22:03.888105+00:00,pix,120.73,False
42-trace-0000571,2026-08-18T15:09:08.496377+00:00,pix,72.29,False
42-trace-0019080,2026-08-18T15:10:45.023661+00:00,api_generic,121.1,False
42-trace-0006708,2026-08-18T15:22:00.464431+00:00,checkout,127.52,False
42-trace-0004179,2026-08-18T15:06:54.526444+00:00,checkout,386.58,False
42-trace-0001378,2026-08-18T15:15:33.580555+00:00,pix,127.68,False
42-trace-0009761,2026-08-18T15:07:53.512761+00:00,site_latency,319.09,False
42-trace-0021771,2026-08-18T15:21:40.776880+00:00,api_generic,98.47,False
42-trace-0003973,2026-08-18T15:05:40.897666+00:00,checkout,441.46,False
42-trace-0001499,2026-08-18T15:16:30.861440+00:00,pix,153.96,False
42-trace-0020974,2026-08-18T15:18:27.033188+00:00,api_generic,159.1,False
42-trace-0010971,2026-08-18T15:12:04.820283+00:00,site_latency,754.38,False
42-trace-0002541,2026-08-18T15:24:38.516020+00:00,pix,141.96,False
42-trace-0011908,2026-08-18T15:15:19.349470+00:00,site_latency,129.0,False
42-trace-0013819,2026-08-18T15:21:48.572024+00:00,site_latency,112.62,False
42-trace-0000551,2026-08-18T15:09:00.864466+00:00,pix,137.31,False
42-trace-0012903,2026-08-18T15:18:43.446705+00:00,site_latency,74.48,False
42-trace-0024116,2026-08-18T15:30:58.436386+00:00,api_generic,58.73,False
42-trace-0000526,2026-08-18T15:08:52.266484+00:00,pix,102.78,False
42-trace-0000005,2026-08-18T15:04:28.522069+00:00,pix,60.62,False
42-trace-0023106,2026-08-18T15:27:06.692855+00:00,api_generic,584.33,False
42-trace-0005553,2026-08-18T15:15:03.146286+00:00,checkout,268.15,False
42-trace-0019539,2026-08-18T15:12:36.859779+00:00,api_generic,40.89,False
42-trace-0012682,2026-08-18T15:17:58.930515+00:00,site_latency,56.01,False
42-trace-0014048,2026-08-18T15:22:34.521903+00:00,site_latency,213.76,False
42-trace-0023990,2026-08-18T15:30:29.059151+00:00,api_generic,21.0,False
42-trace-0019133,2026-08-18T15:10:57.373010+00:00,api_generic,52.25,False
42-trace-0022827,2026-08-18T15:25:59.151339+00:00,api_generic,144.01,False
42-trace-0005221,2026-08-18T15:12:57.578954+00:00,checkout,290.81,False
42-trace-0011216,2026-08-18T15:12:59.004624+00:00,site_latency,111.09,False
42-trace-0012206,2026-08-18T15:16:22.766503+00:00,site_latency,133.81,False
42-trace-0000535,2026-08-18T15:08:54.539285+00:00,pix,69.37,False
42-trace-0020821,2026-08-18T15:17:50.873436+00:00,api_generic,54.77,False
42-trace-0023273,2026-08-18T15:27:44.729125+00:00,api_generic,562.32,False
42-trace-0009791,2026-08-18T15:07:58.948778+00:00,site_latency,218.7,False
42-trace-0020867,2026-08-18T15:18:01.071608+00:00,api_generic,81.29,False
42-trace-0010450,2026-08-18T15:10:17.969996+00:00,site_latency,154.91,False
42-trace-0009069,2026-08-18T15:05:34.627228+00:00,site_latency,104.91,False
42-trace-0003961,2026-08-18T15:05:36.025797+00:00,checkout,251.51,False
42-trace-0009643,2026-08-18T15:07:30.928839+00:00,site_latency,81.13,False
42-trace-0014062,2026-08-18T15:22:37.485223+00:00,site_latency,51.21,False
42-trace-0013007,2026-08-18T15:19:04.013072+00:00,site_latency,184.28,False
42-trace-0001234,2026-08-18T15:14:24.348633+00:00,pix,123.69,False
42-trace-0019114,2026-08-18T15:10:51.857897+00:00,api_generic,132.44,False
42-trace-0007520,2026-08-18T15:26:43.717705+00:00,checkout,190.07,False
42-trace-0007083,2026-08-18T15:24:18.610627+00:00,checkout,213.22,False
42-trace-0012099,2026-08-18T15:16:02.471923+00:00,site_latency,593.13,False
42-trace-0000595,2026-08-18T15:09:25.492907+00:00,pix,76.64,False
42-trace-0019909,2026-08-18T15:14:04.383981+00:00,api_generic,89.44,False
42-trace-0000385,2026-08-18T15:07:41.256454+00:00,pix,486.86,False
42-trace-0004424,2026-08-18T15:08:19.059065+00:00,checkout,255.72,False
42-trace-0005977,2026-08-18T15:17:40.522185+00:00,checkout,300.33,False
42-trace-0005473,2026-08-18T15:14:37.507087+00:00,checkout,193.66,False
42-trace-0000052,2026-08-18T15:04:49.412307+00:00,pix,149.67,False
42-trace-0017599,2026-08-18T15:04:45.758057+00:00,api_generic,100.59,False
42-trace-0024369,2026-08-18T15:32:00.189160+00:00,api_generic,93.66,False
42-trace-0021150,2026-08-18T15:19:14.790388+00:00,api_generic,32.21,False
42-trace-0018031,2026-08-18T15:06:29.240746+00:00,api_generic,50.94,False
42-trace-0013987,2026-08-18T15:22:21.814650+00:00,site_latency,261.38,False
42-trace-0008555,2026-08-18T15:33:13.026360+00:00,checkout,432.45,False
42-trace-0023879,2026-08-18T15:30:05.228224+00:00,api_generic,100.29,False
42-trace-0007733,2026-08-18T15:28:00.282251+00:00,checkout,221.04,False
42-trace-0009404,2026-08-18T15:06:42.291453+00:00,site_latency,110.7,False
42-trace-0013119,2026-08-18T15:19:25.402685+00:00,site_latency,332.17,False
42-trace-0009928,2026-08-18T15:08:26.234748+00:00,site_latency,261.92,False
42-trace-0002444,2026-08-18T15:23:56.699596+00:00,pix,155.46,False
42-trace-0022669,2026-08-18T15:25:18.374370+00:00,api_generic,89.21,False
42-trace-0006688,2026-08-18T15:21:51.649108+00:00,checkout,252.75,False
42-trace-0010980,2026-08-18T15:12:06.899261+00:00,site_latency,230.35,False
42-trace-0003747,2026-08-18T15:34:24.115571+00:00,pix,66.96,False
42-trace-0000594,2026-08-18T15:09:23.172676+00:00,pix,67.31,False
42-trace-0014220,2026-08-18T15:23:07.462359+00:00,site_latency,221.57,False
42-trace-0024780,2026-08-18T15:33:35.107790+00:00,api_generic,55.14,False
42-trace-0020767,2026-08-18T15:17:38.001519+00:00,api_generic,49.87,False
42-trace-0024641,2026-08-18T15:33:02.840685+00:00,api_generic,52.06,False
42-trace-0011675,2026-08-18T15:14:30.073859+00:00,site_latency,368.89,False
42-trace-0004657,2026-08-18T15:09:43.753121+00:00,checkout,237.11,False
42-trace-0018620,2026-08-18T15:08:47.776244+00:00,api_generic,107.77,False
42-trace-0011329,2026-08-18T15:13:22.890509+00:00,site_latency,184.61,False
42-trace-0019352,2026-08-18T15:11:48.727174+00:00,api_generic,61.04,False
42-trace-0001361,2026-08-18T15:15:25.572786+00:00,pix,105.14,False
42-trace-0024701,2026-08-18T15:33:18.665028+00:00,api_generic,59.5,False
42-trace-0021206,2026-08-18T15:19:27.458468+00:00,api_generic,130.92,False
42-trace-0005925,2026-08-18T15:17:20.782230+00:00,checkout,461.03,False
42-trace-0021571,2026-08-18T15:20:57.056526+00:00,api_generic,67.48,False
42-trace-0006344,2026-08-18T15:19:52.045008+00:00,checkout,577.12,False
42-trace-0024669,2026-08-18T15:33:09.037715+00:00,api_generic,122.12,False
42-trace-0008090,2026-08-18T15:30:19.937342+00:00,checkout,158.51,False
42-trace-0008576,2026-08-18T15:33:20.211815+00:00,checkout,307.57,False
42-trace-0003320,2026-08-18T15:30:45.505127+00:00,pix,157.33,False
42-trace-0017266,2026-08-18T15:33:39.106111+00:00,site_latency,107.07,False
42-trace-0011516,2026-08-18T15:13:59.367756+00:00,site_latency,232.4,False
42-trace-0005916,2026-08-18T15:17:15.442522+00:00,checkout,673.71,False
42-trace-0016115,2026-08-18T15:29:34.749448+00:00,site_latency,42.94,False
42-trace-0007767,2026-08-18T15:28:11.962153+00:00,checkout,296.83,False
42-trace-0007517,2026-08-18T15:26:42.480803+00:00,checkout,212.45,False
42-trace-0020186,2026-08-18T15:15:11.503532+00:00,api_generic,108.44,False
42-trace-0006052,2026-08-18T15:18:08.365014+00:00,checkout,218.5,False
42-trace-0014168,2026-08-18T15:22:56.839381+00:00,site_latency,127.35,False
42-trace-0014644,2026-08-18T15:24:33.285256+00:00,site_latency,250.91,False
42-trace-0001700,2026-08-18T15:18:02.039155+00:00,pix,128.86,False
42-trace-0010879,2026-08-18T15:11:44.436009+00:00,site_latency,235.17,False
42-trace-0012234,2026-08-18T15:16:27.922185+00:00,site_latency,193.89,False
42-trace-0013097,2026-08-18T15:19:21.188128+00:00,site_latency,142.26,False
42-trace-0023450,2026-08-18T15:28:28.600582+00:00,api_generic,174.02,False
42-trace-0001095,2026-08-18T15:13:23.540529+00:00,pix,95.38,False
42-trace-0009508,2026-08-18T15:07:01.657774+00:00,site_latency,177.68,False
42-trace-0011939,2026-08-18T15:15:26.699894+00:00,site_latency,124.11,False
42-trace-0016882,2026-08-18T15:32:17.764819+00:00,site_latency,141.65,False
42-trace-0014338,2026-08-18T15:23:30.540678+00:00,site_latency,86.16,False
42-trace-0015848,2026-08-18T15:28:38.134382+00:00,site_latency,142.84,False
42-trace-0018885,2026-08-18T15:09:53.899718+00:00,api_generic,77.16,False
42-trace-0000780,2026-08-18T15:10:50.577818+00:00,pix,76.06,False
42-trace-0022149,2026-08-18T15:23:09.679200+00:00,api_generic,109.6,False
42-trace-0001919,2026-08-18T15:19:53.660007+00:00,pix,107.39,False
42-trace-0008017,2026-08-18T15:29:49.573509+00:00,checkout,249.39,False
42-trace-0023822,2026-08-18T15:29:51.194978+00:00,api_generic,78.5,False
42-trace-0022512,2026-08-18T15:24:36.418652+00:00,api_generic,38.21,False
42-trace-0014038,2026-08-18T15:22:32.087534+00:00,site_latency,52.96,False
42-trace-0008537,2026-08-18T15:33:07.080499+00:00,checkout,252.32,False
42-trace-0022278,2026-08-18T15:23:41.450042+00:00,api_generic,78.55,False
42-trace-0012965,2026-08-18T15:18:54.581520+00:00,site_latency,278.81,False
42-trace-0021702,2026-08-18T15:21:22.138706+00:00,api_generic,70.86,False
42-trace-0010590,2026-08-18T15:10:45.160414+00:00,site_latency,131.62,False
42-trace-0013186,2026-08-18T15:19:40.882850+00:00,site_latency,163.3,False
42-trace-0015569,2026-08-18T15:27:38.619810+00:00,site_latency,225.52,False
42-trace-0002692,2026-08-18T15:25:56.176570+00:00,pix,83.62,False
42-trace-0012531,2026-08-18T15:17:30.959406+00:00,site_latency,229.61,False
42-trace-0000857,2026-08-18T15:11:25.396458+00:00,pix,135.0,False
42-trace-0000849,2026-08-18T15:11:21.526310+00:00,pix,93.69,False
42-trace-0001204,2026-08-18T15:14:11.038542+00:00,pix,115.78,False
42-trace-0023367,2026-08-18T15:28:05.565037+00:00,api_generic,77.11,False
42-trace-0022679,2026-08-18T15:25:21.056716+00:00,api_generic,127.32,False
42-trace-0008038,2026-08-18T15:29:59.244172+00:00,checkout,224.39,False
42-trace-0000184,2026-08-18T15:06:02.902959+00:00,pix,176.74,False
42-trace-0022627,2026-08-18T15:25:06.630310+00:00,api_generic,160.68,False
42-trace-0016269,2026-08-18T15:30:10.520909+00:00,site_latency,501.71,False
42-trace-0005301,2026-08-18T15:13:26.921461+00:00,checkout,350.52,False
42-trace-0004062,2026-08-18T15:06:15.523854+00:00,checkout,245.77,False
42-trace-0023179,2026-08-18T15:27:21.373105+00:00,api_generic,110.38,False
42-trace-0010814,2026-08-18T15:11:30.509576+00:00,site_latency,182.01,False
42-trace-0004765,2026-08-18T15:10:25.196625+00:00,checkout,165.89,False
42-trace-0010957,2026-08-18T15:12:01.485075+00:00,site_latency,122.28,False
42-trace-0003782,2026-08-18T15:04:35.189481+00:00,checkout,299.6,False
42-trace-0010074,2026-08-18T15:08:54.714151+00:00,site_latency,247.61,False
42-trace-0019969,2026-08-18T15:14:17.780993+00:00,api_generic,57.77,False
42-trace-0001330,2026-08-18T15:15:10.141427+00:00,pix,155.59,False
42-trace-0016090,2026-08-18T15:29:30.371852+00:00,site_latency,148.38,False
42-trace-0024846,2026-08-18T15:33:50.890949+00:00,api_generic,154.79,False
42-trace-0004126,2026-08-18T15:06:37.250570+00:00,checkout,606.85,False
42-trace-0017729,2026-08-18T15:05:15.920749+00:00,api_generic,24.21,False
42-trace-0004283,2026-08-18T15:07:32.204324+00:00,checkout,376.31,False
42-trace-0024650,2026-08-18T15:33:04.561748+00:00,api_generic,111.22,False
42-trace-0008296,2026-08-18T15:31:37.402567+00:00,checkout,517.85,False
42-trace-0014945,2026-08-18T15:25:29.953404+00:00,site_latency,155.45,False
42-trace-0017020,2026-08-18T15:32:44.024530+00:00,site_latency,73.92,False
42-trace-0005789,2026-08-18T15:16:34.262196+00:00,checkout,273.88,False
42-trace-0011751,2026-08-18T15:14:47.417157+00:00,site_latency,296.08,False
42-trace-0000056,2026-08-18T15:04:51.540745+00:00,pix,95.96,False
42-trace-0001475,2026-08-18T15:16:19.180689+00:00,pix,112.25,False
42-trace-0000024,2026-08-18T15:04:36.030271+00:00,pix,113.68,False
42-trace-0000432,2026-08-18T15:08:07.044475+00:00,pix,141.69,False
42-trace-0022009,2026-08-18T15:22:34.843218+00:00,api_generic,65.17,False
42-trace-0005035,2026-08-18T15:11:52.035966+00:00,checkout,327.0,False
42-trace-0005876,2026-08-18T15:17:02.513142+00:00,checkout,563.48,False
42-trace-0018157,2026-08-18T15:06:59.868996+00:00,api_generic,73.88,False
42-trace-0005717,2026-08-18T15:16:11.199742+00:00,checkout,401.56,False
42-trace-0018626,2026-08-18T15:08:50.123554+00:00,api_generic,82.05,False
42-trace-0014436,2026-08-18T15:23:50.214536+00:00,site_latency,193.3,False
42-trace-0022831,2026-08-18T15:26:00.128393+00:00,api_generic,156.98,False
42-trace-0022603,2026-08-18T15:25:00.969524+00:00,api_generic,142.24,False
42-trace-0003756,2026-08-18T15:04:27.301726+00:00,checkout,579.3,False
42-trace-0000781,2026-08-18T15:10:51.158938+00:00,pix,117.87,False
42-trace-0020249,2026-08-18T15:15:26.867027+00:00,api_generic,43.61,False
42-trace-0009297,2026-08-18T15:06:22.598373+00:00,site_latency,98.75,False
42-trace-0007963,2026-08-18T15:29:28.328996+00:00,checkout,191.91,False
42-trace-0008640,2026-08-18T15:33:42.998000+00:00,checkout,164.63,False
42-trace-0006162,2026-08-18T15:18:48.646905+00:00,checkout,471.1,False
42-trace-0004471,2026-08-18T15:08:34.719857+00:00,checkout,290.91,True
42-trace-0009826,2026-08-18T15:08:06.704189+00:00,site_latency,116.66,False
42-trace-0013797,2026-08-18T15:21:42.727366+00:00,site_latency,141.99,False
42-trace-0000765,2026-08-18T15:10:41.334525+00:00,pix,135.2,False
42-trace-0006807,2026-08-18T15:22:31.809691+00:00,checkout,250.5,False
42-trace-0023182,2026-08-18T15:27:22.226016+00:00,api_generic,1119.39,True
42-trace-0017282,2026-08-18T15:33:44.701180+00:00,site_latency,146.2,False
42-trace-0003401,2026-08-18T15:31:26.491561+00:00,pix,137.98,False
42-trace-0013319,2026-08-18T15:20:06.297125+00:00,site_latency,274.12,False
42-trace-0019343,2026-08-18T15:11:46.178426+00:00,api_generic,69.4,False
42-trace-0011684,2026-08-18T15:14:31.538078+00:00,site_latency,143.94,False
42-trace-0006512,2026-08-18T15:20:48.629816+00:00,checkout,744.53,False
42-trace-0021137,2026-08-18T15:19:11.530971+00:00,api_generic,106.97,False
42-trace-0010418,2026-08-18T15:10:10.455487+00:00,site_latency,373.91,False
42-trace-0024824,2026-08-18T15:33:47.297021+00:00,api_generic,166.0,False
42-trace-0002296,2026-08-18T15:22:54.119436+00:00,pix,166.04,False
42-trace-0004609,2026-08-18T15:09:22.068258+00:00,checkout,361.76,False
42-trace-0006262,2026-08-18T15:19:25.123670+00:00,checkout,245.98,False
42-trace-0014298,2026-08-18T15:23:22.473075+00:00,site_latency,431.62,False
42-trace-0006276,2026-08-18T15:19:29.482110+00:00,checkout,419.95,False
42-trace-0021898,2026-08-18T15:22:11.599337+00:00,api_generic,117.48,False
42-trace-0022628,2026-08-18T15:25:06.924342+00:00,api_generic,131.47,False
42-trace-0008559,2026-08-18T15:33:14.358794+00:00,checkout,407.2,False
42-trace-0019863,2026-08-18T15:13:53.671653+00:00,api_generic,118.47,False
42-trace-0019455,2026-08-18T15:12:13.616865+00:00,api_generic,121.92,False
42-trace-0010001,2026-08-18T15:08:42.010690+00:00,site_latency,344.72,False
42-trace-0003132,2026-08-18T15:29:24.227521+00:00,pix,94.93,False
42-trace-0003979,2026-08-18T15:05:44.011078+00:00,checkout,232.26,False
42-trace-0000277,2026-08-18T15:06:52.669900+00:00,pix,91.87,False
42-trace-0009814,2026-08-18T15:08:04.409612+00:00,site_latency,512.6,False
42-trace-0020415,2026-08-18T15:16:07.607807+00:00,api_generic,120.89,False
42-trace-0010262,2026-08-18T15:09:34.165133+00:00,site_latency,306.4,False
42-trace-0022689,2026-08-18T15:25:23.698309+00:00,api_generic,68.05,False
42-trace-0022354,2026-08-18T15:23:57.601827+00:00,api_generic,88.33,False
42-trace-0007906,2026-08-18T15:29:06.421951+00:00,checkout,269.1,False
42-trace-0014187,2026-08-18T15:23:00.895149+00:00,site_latency,188.34,False
42-trace-0019458,2026-08-18T15:12:14.419224+00:00,api_generic,211.55,False
42-trace-0023737,2026-08-18T15:29:32.756619+00:00,api_generic,61.74,False
42-trace-0007604,2026-08-18T15:27:13.221189+00:00,checkout,273.24,False
42-trace-0009743,2026-08-18T15:07:50.616476+00:00,site_latency,78.21,False
42-trace-0019849,2026-08-18T15:13:52.313406+00:00,api_generic,81.14,False
42-trace-0005205,2026-08-18T15:12:52.001990+00:00,checkout,180.48,False
42-trace-0016685,2026-08-18T15:31:40.157819+00:00,site_latency,56.73,False
42-trace-0000434,2026-08-18T15:08:07.568740+00:00,pix,63.22,False
42-trace-0010952,2026-08-18T15:12:00.867648+00:00,site_latency,188.34,False
42-trace-0009709,2026-08-18T15:07:43.478852+00:00,site_latency,97.87,False
42-trace-0022659,2026-08-18T15:25:16.603282+00:00,api_generic,135.35,False
42-trace-0011281,2026-08-18T15:13:12.292981+00:00,site_latency,97.85,False
42-trace-0005858,2026-08-18T15:16:54.300371+00:00,checkout,727.87,False
42-trace-0013071,2026-08-18T15:19:16.248652+00:00,site_latency,43.04,False
42-trace-0002066,2026-08-18T15:21:07.553290+00:00,pix,112.95,False
42-trace-0003732,2026-08-18T15:34:17.623655+00:00,pix,153.39,False
42-trace-0022622,2026-08-18T15:25:04.097051+00:00,api_generic,182.71,False
42-trace-0020391,2026-08-18T15:16:01.890893+00:00,api_generic,117.25,False
42-trace-0002265,2026-08-18T15:22:44.125606+00:00,pix,141.83,False
42-trace-0023499,2026-08-18T15:28:42.011027+00:00,api_generic,138.75,False
42-trace-0004814,2026-08-18T15:10:41.661115+00:00,checkout,328.81,False
42-trace-0016420,2026-08-18T15:30:42.172319+00:00,site_latency,147.52,False
42-trace-0023262,2026-08-18T15:27:41.306627+00:00,api_generic,67.07,False
42-trace-0004373,2026-08-18T15:08:03.541156+00:00,checkout,160.19,False
42-trace-0013700,2026-08-18T15:21:22.605811+00:00,site_latency,242.42,False
42-trace-0013633,2026-08-18T15:21:11.293484+00:00,site_latency,151.57,False
42-trace-0022781,2026-08-18T15:25:48.173881+00:00,api_generic,71.47,False
42-trace-0011336,2026-08-18T15:13:23.365533+00:00,site_latency,401.05,False
42-trace-0020853,2026-08-18T15:17:58.213292+00:00,api_generic,129.3,False
42-trace-0013825,2026-08-18T15:21:49.103652+00:00,site_latency,81.63,False
42-trace-0018059,2026-08-18T15:06:36.999128+00:00,api_generic,105.01,False
42-trace-0016097,2026-08-18T15:29:31.595460+00:00,site_latency,163.77,False
42-trace-0012642,2026-08-18T15:17:49.987013+00:00,site_latency,156.31,False
42-trace-0002822,2026-08-18T15:26:57.016722+00:00,pix,133.23,False
42-trace-0024919,2026-08-18T15:34:08.619695+00:00,api_generic,46.42,False
42-trace-0024420,2026-08-18T15:32:13.254964+00:00,api_generic,59.32,False
42-trace-0015052,2026-08-18T15:25:52.092627+00:00,site_latency,176.18,False
42-trace-0020172,2026-08-18T15:15:08.523449+00:00,api_generic,156.37,False
42-trace-0000610,2026-08-18T15:09:32.137850+00:00,pix,144.87,False
42-trace-0010284,2026-08-18T15:09:39.151219+00:00,site_latency,135.44,False
42-trace-0006963,2026-08-18T15:23:27.450606+00:00,checkout,4798.6,False
42-trace-0011502,2026-08-18T15:13:55.338025+00:00,site_latency,362.78,False
42-trace-0016160,2026-08-18T15:29:42.929413+00:00,site_latency,64.44,False
42-trace-0012381,2026-08-18T15:17:01.188270+00:00,site_latency,123.32,False
42-trace-0012359,2026-08-18T15:16:56.967211+00:00,site_latency,214.58,False
42-trace-0003652,2026-08-18T15:33:35.144347+00:00,pix,131.28,False
42-trace-0009654,2026-08-18T15:07:32.662740+00:00,site_latency,237.84,False
42-trace-0024462,2026-08-18T15:32:22.066185+00:00,api_generic,54.67,False
42-trace-0007293,2026-08-18T15:25:27.438622+00:00,checkout,212.25,False
42-trace-0021773,2026-08-18T15:21:41.332661+00:00,api_generic,139.89,False
42-trace-0010103,2026-08-18T15:09:00.999399+00:00,site_latency,134.09,False
42-trace-0018693,2026-08-18T15:09:04.252511+00:00,api_generic,56.18,False
42-trace-0006223,2026-08-18T15:19:10.272349+00:00,checkout,98.19,False
42-trace-0015722,2026-08-18T15:28:10.839276+00:00,site_latency,240.56,False
42-trace-0000503,2026-08-18T15:08:46.393610+00:00,pix,93.29,False
42-trace-0003815,2026-08-18T15:04:47.726104+00:00,checkout,433.86,False
42-trace-0008611,2026-08-18T15:33:30.823441+00:00,checkout,670.92,False
42-trace-0019198,2026-08-18T15:11:11.938276+00:00,api_generic,57.1,False
42-trace-0010308,2026-08-18T15:09:45.735343+00:00,site_latency,258.83,False
42-trace-0004997,2026-08-18T15:11:36.867970+00:00,checkout,219.53,False
42-trace-0008677,2026-08-18T15:33:56.049586+00:00,checkout,239.18,False
42-trace-0017573,2026-08-18T15:04:40.153211+00:00,api_generic,253.1,False
42-trace-0003171,2026-08-18T15:29:41.551958+00:00,pix,174.16,False
42-trace-0018193,2026-08-18T15:07:06.559769+00:00,api_generic,68.56,False
42-trace-0009063,2026-08-18T15:05:32.456839+00:00,site_latency,113.12,False
42-trace-0021567,2026-08-18T15:20:56.129970+00:00,api_generic,223.14,False
42-trace-0010621,2026-08-18T15:10:49.975013+00:00,site_latency,159.16,False
42-trace-0003619,2026-08-18T15:33:15.866862+00:00,pix,135.55,False
42-trace-0021435,2026-08-18T15:20:22.861026+00:00,api_generic,37.72,False
42-trace-0010054,2026-08-18T15:08:50.208656+00:00,site_latency,188.81,False
42-trace-0004060,2026-08-18T15:06:15.096861+00:00,checkout,244.58,False
42-trace-0002778,2026-08-18T15:26:34.088344+00:00,pix,102.02,False
42-trace-0021765,2026-08-18T15:21:39.881137+00:00,api_generic,86.75,False
42-trace-0008187,2026-08-18T15:30:53.388877+00:00,checkout,243.74,False
42-trace-0012987,2026-08-18T15:19:00.906855+00:00,site_latency,165.49,False
42-trace-0023963,2026-08-18T15:30:23.729183+00:00,api_generic,34.76,False
42-trace-0021776,2026-08-18T15:21:42.385368+00:00,api_generic,211.67,False
42-trace-0008072,2026-08-18T15:30:13.116225+00:00,checkout,676.0,False
42-trace-0019999,2026-08-18T15:14:26.368310+00:00,api_generic,38.18,False
42-trace-0000602,2026-08-18T15:09:29.059538+00:00,pix,98.04,False
42-trace-0016689,2026-08-18T15:31:41.490230+00:00,site_latency,205.07,False
42-trace-0004077,2026-08-18T15:06:23.286498+00:00,checkout,241.12,False
42-trace-0020573,2026-08-18T15:16:44.381903+00:00,api_generic,217.74,False
42-trace-0019780,2026-08-18T15:13:37.384092+00:00,api_generic,43.58,False
42-trace-0012998,2026-08-18T15:19:02.674623+00:00,site_latency,202.43,False
42-trace-0016617,2026-08-18T15:31:26.656539+00:00,site_latency,185.29,False
42-trace-0019339,2026-08-18T15:11:44.783048+00:00,api_generic,46.99,False
42-trace-0023637,2026-08-18T15:29:10.635381+00:00,api_generic,687.93,False
42-trace-0021001,2026-08-18T15:18:36.075320+00:00,api_generic,179.7,False
42-trace-0007407,2026-08-18T15:26:10.395534+00:00,checkout,293.86,False
42-trace-0011555,2026-08-18T15:14:07.302528+00:00,site_latency,290.93,False
42-trace-0021711,2026-08-18T15:21:25.641565+00:00,api_generic,223.52,False
42-trace-0019297,2026-08-18T15:11:37.070516+00:00,api_generic,164.33,False
42-trace-0016724,2026-08-18T15:31:47.022616+00:00,site_latency,189.69,False
42-trace-0020485,2026-08-18T15:16:22.377069+00:00,api_generic,81.4,False
42-trace-0005481,2026-08-18T15:14:40.713769+00:00,checkout,651.92,False
42-trace-0020510,2026-08-18T15:16:28.253634+00:00,api_generic,101.35,False
42-trace-0021159,2026-08-18T15:19:16.412269+00:00,api_generic,142.75,False
42-trace-0005993,2026-08-18T15:17:45.695105+00:00,checkout,392.17,False
42-trace-0005260,2026-08-18T15:13:10.887142+00:00,checkout,477.37,False
42-trace-0023180,2026-08-18T15:27:21.539665+00:00,api_generic,33.31,False
42-trace-0006883,2026-08-18T15:23:00.006955+00:00,checkout,696.75,False
42-trace-0010007,2026-08-18T15:08:42.996116+00:00,site_latency,291.79,False
42-trace-0022620,2026-08-18T15:25:03.884476+00:00,api_generic,98.61,False
42-trace-0020182,2026-08-18T15:15:09.994181+00:00,api_generic,76.86,False
42-trace-0003685,2026-08-18T15:33:55.576530+00:00,pix,83.09,False
42-trace-0000236,2026-08-18T15:06:26.932353+00:00,pix,95.44,False
42-trace-0005376,2026-08-18T15:13:57.479037+00:00,checkout,217.81,False
42-trace-0020175,2026-08-18T15:15:09.263721+00:00,api_generic,23.82,False
42-trace-0017254,2026-08-18T15:33:35.913914+00:00,site_latency,305.83,False
42-trace-0023833,2026-08-18T15:29:52.981653+00:00,api_generic,97.17,False
42-trace-0002795,2026-08-18T15:26:42.455444+00:00,pix,176.38,False
42-trace-0006332,2026-08-18T15:19:48.328304+00:00,checkout,192.21,False
42-trace-0009601,2026-08-18T15:07:21.170838+00:00,site_latency,130.89,False
42-trace-0004051,2026-08-18T15:06:13.002670+00:00,checkout,364.09,False
42-trace-0001266,2026-08-18T15:14:41.084553+00:00,pix,115.25,False
42-trace-0015965,2026-08-18T15:29:03.116693+00:00,site_latency,120.81,False
42-trace-0018537,2026-08-18T15:08:24.487766+00:00,api_generic,122.22,False
42-trace-0017817,2026-08-18T15:05:36.808865+00:00,api_generic,68.22,False
42-trace-0003578,2026-08-18T15:32:54.562704+00:00,pix,128.07,False
42-trace-0012361,2026-08-18T15:16:57.252879+00:00,site_latency,69.69,False
42-trace-0008339,2026-08-18T15:31:51.889652+00:00,checkout,349.16,False
42-trace-0024963,2026-08-18T15:34:19.159264+00:00,api_generic,150.3,False
42-trace-0019049,2026-08-18T15:10:37.521037+00:00,api_generic,89.33,False
42-trace-0018033,2026-08-18T15:06:29.497369+00:00,api_generic,81.84,False
42-trace-0013919,2026-08-18T15:22:06.190326+00:00,site_latency,515.49,False
42-trace-0007663,2026-08-18T15:27:33.427789+00:00,checkout,431.64,False
42-trace-0022819,2026-08-18T15:25:57.366545+00:00,api_generic,82.65,False
42-trace-0005890,2026-08-18T15:17:06.142190+00:00,checkout,384.79,False
42-trace-0004527,2026-08-18T15:08:55.842740+00:00,checkout,285.6,False
42-trace-0000742,2026-08-18T15:10:33.056851+00:00,pix,181.85,False
42-trace-0022928,2026-08-18T15:26:23.847750+00:00,api_generic,114.01,False
42-trace-0016997,2026-08-18T15:32:37.752582+00:00,site_latency,335.47,False
42-trace-0017290,2026-08-18T15:33:46.396374+00:00,site_latency,136.86,False
42-trace-0021546,2026-08-18T15:20:50.352338+00:00,api_generic,133.05,False
42-trace-0011831,2026-08-18T15:15:04.427245+00:00,site_latency,108.62,False
42-trace-0017422,2026-08-18T15:34:10.538232+00:00,site_latency,245.26,False
42-trace-0006055,2026-08-18T15:18:09.459979+00:00,checkout,335.3,False
42-trace-0016567,2026-08-18T15:31:15.790530+00:00,site_latency,142.75,False
42-trace-0009951,2026-08-18T15:08:31.124915+00:00,site_latency,66.25,False
42-trace-0019740,2026-08-18T15:13:27.286414+00:00,api_generic,77.82,False
42-trace-0015979,2026-08-18T15:29:06.504254+00:00,site_latency,138.61,False
42-trace-0010003,2026-08-18T15:08:42.239675+00:00,site_latency,51.28,False
42-trace-0006360,2026-08-18T15:19:58.918346+00:00,checkout,453.98,False
42-trace-0014003,2026-08-18T15:22:25.084906+00:00,site_latency,180.43,False
42-trace-0006272,2026-08-18T15:19:28.719514+00:00,checkout,393.58,False
42-trace-0018765,2026-08-18T15:09:23.616637+00:00,api_generic,99.42,False
42-trace-0020967,2026-08-18T15:18:25.213774+00:00,api_generic,366.78,True
42-trace-0006888,2026-08-18T15:23:02.665452+00:00,checkout,707.16,False
42-trace-0023091,2026-08-18T15:27:02.574908+00:00,api_generic,51.85,False
42-trace-0020749,2026-08-18T15:17:34.389190+00:00,api_generic,60.61,False
42-trace-0015162,2026-08-18T15:26:13.465706+00:00,site_latency,358.32,False
42-trace-0000744,2026-08-18T15:10:33.081906+00:00,pix,62.59,False
42-trace-0007213,2026-08-18T15:25:01.166003+00:00,checkout,166.21,False
42-trace-0004117,2026-08-18T15:06:33.380525+00:00,checkout,108.7,False
42-trace-0015973,2026-08-18T15:29:05.765171+00:00,site_latency,47.55,False
42-trace-0013840,2026-08-18T15:21:53.385609+00:00,site_latency,584.38,False
42-trace-0011971,2026-08-18T15:15:34.074526+00:00,site_latency,208.35,False
42-trace-0017120,2026-08-18T15:33:08.025068+00:00,site_latency,330.31,False
42-trace-0002464,2026-08-18T15:24:04.625578+00:00,pix,79.15,False
42-trace-0014205,2026-08-18T15:23:04.798075+00:00,site_latency,264.15,False
42-trace-0015867,2026-08-18T15:28:41.365524+00:00,site_latency,165.25,False
42-trace-0012306,2026-08-18T15:16:45.637606+00:00,site_latency,282.21,False
42-trace-0017417,2026-08-18T15:34:09.467628+00:00,site_latency,138.52,False
42-trace-0024272,2026-08-18T15:31:37.029854+00:00,api_generic,37.62,False
42-trace-0002194,2026-08-18T15:22:10.644116+00:00,pix,121.56,False
42-trace-0022600,2026-08-18T15:25:00.473695+00:00,api_generic,47.25,False
42-trace-0013612,2026-08-18T15:21:06.304835+00:00,site_latency,261.88,False
42-trace-0008254,2026-08-18T15:31:18.952815+00:00,checkout,330.46,False
42-trace-0004083,2026-08-18T15:06:25.486486+00:00,checkout,319.77,False
42-trace-0006589,2026-08-18T15:21:14.702154+00:00,checkout,309.21,False
42-trace-0018721,2026-08-18T15:09:10.906586+00:00,api_generic,92.77,False
42-trace-0023972,2026-08-18T15:30:25.586241+00:00,api_generic,91.06,False
42-trace-0012241,2026-08-18T15:16:31.138581+00:00,site_latency,87.35,False
42-trace-0017360,2026-08-18T15:33:58.914206+00:00,site_latency,127.56,False
42-trace-0004039,2026-08-18T15:06:09.165961+00:00,checkout,298.06,False
42-trace-0002931,2026-08-18T15:27:46.497136+00:00,pix,92.42,False
42-trace-0009969,2026-08-18T15:08:35.764847+00:00,site_latency,34.77,False
42-trace-0008510,2026-08-18T15:32:55.857023+00:00,checkout,554.73,False
42-trace-0010151,2026-08-18T15:09:09.128744+00:00,site_latency,412.29,False
42-trace-0004455,2026-08-18T15:08:26.059719+00:00,checkout,226.91,False
42-trace-0019947,2026-08-18T15:14:13.867147+00:00,api_generic,72.57,False
42-trace-0024573,2026-08-18T15:32:48.351730+00:00,api_generic,178.76,False
42-trace-0017111,2026-08-18T15:33:06.646619+00:00,site_latency,136.88,False
42-trace-0012376,2026-08-18T15:17:00.752143+00:00,site_latency,68.03,False
42-trace-0014946,2026-08-18T15:25:30.337327+00:00,site_latency,176.9,False
42-trace-0024421,2026-08-18T15:32:13.370556+00:00,api_generic,76.13,False
42-trace-0003890,2026-08-18T15:05:15.324286+00:00,checkout,178.61,False
42-trace-0018347,2026-08-18T15:07:42.787707+00:00,api_generic,118.43,False
42-trace-0016504,2026-08-18T15:31:00.212815+00:00,site_latency,202.67,False
42-trace-0021117,2026-08-18T15:19:05.972045+00:00,api_generic,166.18,False
42-trace-0024513,2026-08-18T15:32:35.700453+00:00,api_generic,62.3,False
42-trace-0002044,2026-08-18T15:20:58.156510+00:00,pix,91.86,False
42-trace-0000745,2026-08-18T15:10:33.894443+00:00,pix,124.23,False
42-trace-0016088,2026-08-18T15:29:29.728096+00:00,site_latency,231.66,False
42-trace-0004199,2026-08-18T15:07:01.922355+00:00,checkout,298.79,False
42-trace-0024500,2026-08-18T15:32:32.236528+00:00,api_generic,214.18,False
42-trace-0015168,2026-08-18T15:26:14.735670+00:00,site_latency,226.38,False
42-trace-0013853,2026-08-18T15:21:55.843738+00:00,site_latency,118.22,False
42-trace-0019149,2026-08-18T15:11:01.384139+00:00,api_generic,71.35,False
42-trace-0023756,2026-08-18T15:29:36.606880+00:00,api_generic,203.48,False
42-trace-0016114,2026-08-18T15:29:34.651499+00:00,site_latency,123.2,False
42-trace-0024287,2026-08-18T15:31:40.670414+00:00,api_generic,46.59,False
42-trace-0006894,2026-08-18T15:23:04.976461+00:00,checkout,320.9,False
42-trace-0014656,2026-08-18T15:24:35.552934+00:00,site_latency,177.6,False
42-trace-0007006,2026-08-18T15:23:42.097119+00:00,checkout,293.95,False
42-trace-0004604,2026-08-18T15:09:18.117561+00:00,checkout,211.73,False
42-trace-0018549,2026-08-18T15:08:27.880775+00:00,api_generic,39.66,False
42-trace-0017218,2026-08-18T15:33:28.658465+00:00,site_latency,263.19,False
42-trace-0008761,2026-08-18T15:04:28.848475+00:00,site_latency,180.57,False
42-trace-0019964,2026-08-18T15:14:16.865689+00:00,api_generic,159.02,False
42-trace-0018933,2026-08-18T15:10:06.423383+00:00,api_generic,70.86,False
42-trace-0023831,2026-08-18T15:29:52.695763+00:00,api_generic,82.91,False
42-trace-0000444,2026-08-18T15:08:12.296931+00:00,pix,1344.25,False
42-trace-0009978,2026-08-18T15:08:36.902056+00:00,site_latency,82.09,False
42-trace-0018338,2026-08-18T15:07:40.982653+00:00,api_generic,30.11,False
42-trace-0010982,2026-08-18T15:12:06.978816+00:00,site_latency,469.66,False
42-trace-0014794,2026-08-18T15:25:01.370595+00:00,site_latency,150.6,False
42-trace-0008029,2026-08-18T15:29:55.847488+00:00,checkout,153.5,False
42-trace-0013799,2026-08-18T15:21:43.198546+00:00,site_latency,286.87,False
42-trace-0000787,2026-08-18T15:10:53.470326+00:00,pix,121.87,False
42-trace-0019146,2026-08-18T15:11:00.652603+00:00,api_generic,62.76,False
42-trace-0023479,2026-08-18T15:28:37.304409+00:00,api_generic,64.71,False
42-trace-0003053,2026-08-18T15:28:38.974621+00:00,pix,87.47,False
42-trace-0014161,2026-08-18T15:22:55.577428+00:00,site_latency,264.71,False
42-trace-0017992,2026-08-18T15:06:19.847962+00:00,api_generic,99.66,False
42-trace-0009524,2026-08-18T15:07:06.774965+00:00,site_latency,403.65,False
42-trace-0015155,2026-08-18T15:26:11.815828+00:00,site_latency,472.63,False
42-trace-0018637,2026-08-18T15:08:52.709814+00:00,api_generic,40.38,False
42-trace-0020666,2026-08-18T15:17:12.972204+00:00,api_generic,51.25,False
42-trace-0003545,2026-08-18T15:32:37.152094+00:00,pix,109.32,False
42-trace-0002051,2026-08-18T15:21:00.131298+00:00,pix,156.94,False
42-trace-0009216,2026-08-18T15:06:05.654439+00:00,site_latency,65.8,False
42-trace-0009053,2026-08-18T15:05:30.618918+00:00,site_latency,424.79,False
42-trace-0018162,2026-08-18T15:07:00.427030+00:00,api_generic,127.28,False
42-trace-0014179,2026-08-18T15:22:59.171144+00:00,site_latency,293.03,False
42-trace-0008893,2026-08-18T15:04:59.781407+00:00,site_latency,227.48,False
42-trace-0013008,2026-08-18T15:19:04.028913+00:00,site_latency,58.98,False
42-trace-0000710,2026-08-18T15:10:18.483868+00:00,pix,150.52,False
42-trace-0010414,2026-08-18T15:10:09.470791+00:00,site_latency,237.72,False
42-trace-0020201,2026-08-18T15:15:15.099773+00:00,api_generic,74.84,False
42-trace-0011635,2026-08-18T15:14:21.488893+00:00,site_latency,250.25,False
42-trace-0000591,2026-08-18T15:09:21.188791+00:00,pix,78.23,False
42-trace-0002392,2026-08-18T15:23:32.896163+00:00,pix,153.64,False
42-trace-0018377,2026-08-18T15:07:47.991897+00:00,api_generic,66.9,False
42-trace-0008334,2026-08-18T15:31:49.948118+00:00,checkout,324.31,False
42-trace-0010670,2026-08-18T15:11:00.649559+00:00,site_latency,400.2,False
42-trace-0009724,2026-08-18T15:07:46.605740+00:00,site_latency,220.04,False
42-trace-0013647,2026-08-18T15:21:13.734891+00:00,site_latency,87.12,False
42-trace-0008165,2026-08-18T15:30:45.812527+00:00,checkout,352.69,False
42-trace-0008473,2026-08-18T15:32:41.065728+00:00,checkout,378.9,False
42-trace-0002260,2026-08-18T15:22:42.892340+00:00,pix,145.52,False
42-trace-0022737,2026-08-18T15:25:34.156863+00:00,api_generic,65.41,False
42-trace-0020533,2026-08-18T15:16:33.268652+00:00,api_generic,103.53,False
42-trace-0021736,2026-08-18T15:21:31.866424+00:00,api_generic,161.29,False
42-trace-0000767,2026-08-18T15:10:42.291380+00:00,pix,123.56,False
42-trace-0014075,2026-08-18T15:22:39.981871+00:00,site_latency,150.96,False
42-trace-0006240,2026-08-18T15:19:17.438230+00:00,checkout,368.72,False
42-trace-0023032,2026-08-18T15:26:48.685911+00:00,api_generic,55.05,False
42-trace-0004041,2026-08-18T15:06:09.923638+00:00,checkout,411.29,False
42-trace-0012440,2026-08-18T15:17:12.351049+00:00,site_latency,273.96,False
42-trace-0013644,2026-08-18T15:21:13.025090+00:00,site_latency,244.22,False
42-trace-0017721,2026-08-18T15:05:14.816181+00:00,api_generic,117.64,False
42-trace-0005574,2026-08-18T15:15:11.564191+00:00,checkout,260.89,False
42-trace-0000292,2026-08-18T15:06:59.835293+00:00,pix,126.58,False
42-trace-0024665,2026-08-18T15:33:08.674403+00:00,api_generic,154.62,False
42-trace-0009075,2026-08-18T15:05:35.431978+00:00,site_latency,118.96,False
42-trace-0023654,2026-08-18T15:29:15.027681+00:00,api_generic,260.45,False
42-trace-0002384,2026-08-18T15:23:30.069610+00:00,pix,100.14,False
42-trace-0001566,2026-08-18T15:17:02.840692+00:00,pix,96.09,False
42-trace-0023842,2026-08-18T15:29:55.285555+00:00,api_generic,99.22,False
42-trace-0002390,2026-08-18T15:23:31.889214+00:00,pix,118.13,False
42-trace-0021303,2026-08-18T15:19:49.810179+00:00,api_generic,55.2,False
42-trace-0012675,2026-08-18T15:17:56.847792+00:00,site_latency,176.88,False
42-trace-0023464,2026-08-18T15:28:33.473314+00:00,api_generic,85.37,False
42-trace-0004365,2026-08-18T15:08:00.645384+00:00,checkout,1700.52,True
42-trace-0018159,2026-08-18T15:07:00.124318+00:00,api_generic,772.31,False
42-trace-0010948,2026-08-18T15:11:59.694740+00:00,site_latency,100.15,False
42-trace-0023876,2026-08-18T15:30:04.917544+00:00,api_generic,271.2,True
42-trace-0014645,2026-08-18T15:24:33.469031+00:00,site_latency,92.65,False
42-trace-0017084,2026-08-18T15:32:59.267103+00:00,site_latency,47.46,False
42-trace-0004075,2026-08-18T15:06:23.035489+00:00,checkout,439.36,False
42-trace-0008634,2026-08-18T15:33:41.017411+00:00,checkout,410.83,False
42-trace-0004367,2026-08-18T15:08:01.019448+00:00,checkout,262.41,False
42-trace-0006455,2026-08-18T15:20:30.014618+00:00,checkout,359.74,False
42-trace-0022658,2026-08-18T15:25:16.245207+00:00,api_generic,180.05,False
42-trace-0007838,2026-08-18T15:28:33.954106+00:00,checkout,125.66,False
42-trace-0014570,2026-08-18T15:24:16.656768+00:00,site_latency,130.32,False
42-trace-0015716,2026-08-18T15:28:10.095483+00:00,site_latency,145.19,False
42-trace-0000921,2026-08-18T15:11:52.657142+00:00,pix,107.36,False
42-trace-0005686,2026-08-18T15:16:01.908475+00:00,checkout,369.43,False
42-trace-0005595,2026-08-18T15:15:26.773978+00:00,checkout,881.88,False
42-trace-0022229,2026-08-18T15:23:28.859228+00:00,api_generic,83.96,False
42-trace-0002029,2026-08-18T15:20:44.659800+00:00,pix,128.94,False
42-trace-0001794,2026-08-18T15:18:49.800779+00:00,pix,108.01,False
42-trace-0019820,2026-08-18T15:13:46.558148+00:00,api_generic,53.35,False
42-trace-0009983,2026-08-18T15:08:37.946390+00:00,site_latency,201.78,False
42-trace-0013376,2026-08-18T15:20:16.657989+00:00,site_latency,147.89,False
42-trace-0001197,2026-08-18T15:14:08.493267+00:00,pix,78.08,False
42-trace-0016943,2026-08-18T15:32:29.436709+00:00,site_latency,168.56,False
42-trace-0019655,2026-08-18T15:13:01.808925+00:00,api_generic,35.18,False
42-trace-0021038,2026-08-18T15:18:44.789096+00:00,api_generic,181.74,False
42-trace-0015780,2026-08-18T15:28:23.031217+00:00,site_latency,291.02,True
42-trace-0021725,2026-08-18T15:21:29.547068+00:00,api_generic,90.45,False
42-trace-0019951,2026-08-18T15:14:14.326002+00:00,api_generic,70.12,False
42-trace-0008284,2026-08-18T15:31:31.379658+00:00,checkout,1108.92,False
42-trace-0001925,2026-08-18T15:19:55.923189+00:00,pix,117.71,False
42-trace-0004212,2026-08-18T15:07:05.989082+00:00,checkout,266.0,False
42-trace-0001210,2026-08-18T15:14:12.416202+00:00,pix,133.17,False
42-trace-0021186,2026-08-18T15:19:22.538102+00:00,api_generic,117.58,False
42-trace-0017345,2026-08-18T15:33:55.523974+00:00,site_latency,298.63,False
42-trace-0018866,2026-08-18T15:09:48.460496+00:00,api_generic,68.77,False
42-trace-0014131,2026-08-18T15:22:48.244830+00:00,site_latency,197.28,False
42-trace-0020848,2026-08-18T15:17:57.235320+00:00,api_generic,65.19,False
42-trace-0002780,2026-08-18T15:26:34.960358+00:00,pix,84.24,False
42-trace-0004408,2026-08-18T15:08:14.886994+00:00,checkout,172.62,False
42-trace-0016556,2026-08-18T15:31:12.960429+00:00,site_latency,42.19,False
42-trace-0011820,2026-08-18T15:15:02.618060+00:00,site_latency,193.13,False
42-trace-0021375,2026-08-18T15:20:06.316750+00:00,api_generic,114.21,False
42-trace-0018830,2026-08-18T15:09:39.854280+00:00,api_generic,38.37,False
42-trace-0006089,2026-08-18T15:18:19.531267+00:00,checkout,93.7,False
42-trace-0019979,2026-08-18T15:14:21.361175+00:00,api_generic,63.31,False
42-trace-0000231,2026-08-18T15:06:24.937831+00:00,pix,71.9,False
42-trace-0005250,2026-08-18T15:13:05.352520+00:00,checkout,275.57,False
42-trace-0007360,2026-08-18T15:25:51.835581+00:00,checkout,126.41,False
42-trace-0009830,2026-08-18T15:08:07.302284+00:00,site_latency,150.8,False
42-trace-0007893,2026-08-18T15:29:00.762914+00:00,checkout,309.05,False
42-trace-0012734,2026-08-18T15:18:11.126644+00:00,site_latency,238.54,False
42-trace-0018699,2026-08-18T15:09:06.633398+00:00,api_generic,104.31,False
42-trace-0004890,2026-08-18T15:11:02.597312+00:00,checkout,341.59,False
42-trace-0003849,2026-08-18T15:05:00.407979+00:00,checkout,244.09,False
42-trace-0023214,2026-08-18T15:27:28.904698+00:00,api_generic,244.35,False
42-trace-0000308,2026-08-18T15:07:09.104496+00:00,pix,189.14,False
42-trace-0010849,2026-08-18T15:11:37.554359+00:00,site_latency,350.33,False
42-trace-0007729,2026-08-18T15:27:57.716716+00:00,checkout,197.49,False
42-trace-0023103,2026-08-18T15:27:06.132121+00:00,api_generic,143.34,False
42-trace-0001896,2026-08-18T15:19:43.640007+00:00,pix,97.9,False
42-trace-0007106,2026-08-18T15:24:24.370991+00:00,checkout,220.93,False
42-trace-0010914,2026-08-18T15:11:53.628133+00:00,site_latency,172.09,False
42-trace-0006936,2026-08-18T15:23:17.458611+00:00,checkout,234.7,False
42-trace-0007775,2026-08-18T15:28:14.935081+00:00,checkout,436.2,False
42-trace-0019285,2026-08-18T15:11:34.087910+00:00,api_generic,48.56,False
42-trace-0014072,2026-08-18T15:22:39.418868+00:00,site_latency,125.76,False
42-trace-0010257,2026-08-18T15:09:33.390401+00:00,site_latency,344.55,False
42-trace-0011499,2026-08-18T15:13:54.470736+00:00,site_latency,88.65,False
42-trace-0000223,2026-08-18T15:06:20.918665+00:00,pix,127.65,False
42-trace-0015526,2026-08-18T15:27:31.659735+00:00,site_latency,134.05,False
42-trace-0023603,2026-08-18T15:29:02.904287+00:00,api_generic,131.35,False
42-trace-0005218,2026-08-18T15:12:56.672329+00:00,checkout,219.86,False
42-trace-0018603,2026-08-18T15:08:42.909405+00:00,api_generic,171.38,False
42-trace-0001303,2026-08-18T15:14:55.479462+00:00,pix,148.78,False
42-trace-0018344,2026-08-18T15:07:42.047487+00:00,api_generic,101.98,False
42-trace-0009033,2026-08-18T15:05:26.578803+00:00,site_latency,70.62,False
42-trace-0024178,2026-08-18T15:31:15.522745+00:00,api_generic,96.95,True
42-trace-0021644,2026-08-18T15:21:10.775828+00:00,api_generic,86.64,False
42-trace-0006147,2026-08-18T15:18:45.173681+00:00,checkout,319.46,False
42-trace-0001031,2026-08-18T15:12:45.075364+00:00,pix,181.85,False
42-trace-0004228,2026-08-18T15:07:11.759285+00:00,checkout,376.7,False
42-trace-0009221,2026-08-18T15:06:06.668972+00:00,site_latency,133.82,False
42-trace-0011864,2026-08-18T15:15:11.059745+00:00,site_latency,202.69,False
42-trace-0008790,2026-08-18T15:04:34.205368+00:00,site_latency,219.53,False
42-trace-0012466,2026-08-18T15:17:20.068527+00:00,site_latency,47.74,False
42-trace-0016848,2026-08-18T15:32:08.799018+00:00,site_latency,136.66,False
42-trace-0007691,2026-08-18T15:27:46.163412+00:00,checkout,173.11,False
42-trace-0010570,2026-08-18T15:10:39.358928+00:00,site_latency,126.94,False
42-trace-0018614,2026-08-18T15:08:44.722270+00:00,api_generic,79.44,False
42-trace-0000729,2026-08-18T15:10:27.453546+00:00,pix,80.51,False
42-trace-0011049,2026-08-18T15:12:21.660275+00:00,site_latency,103.52,False
42-trace-0004959,2026-08-18T15:11:26.516370+00:00,checkout,864.76,False
42-trace-0014640,2026-08-18T15:24:32.498789+00:00,site_latency,217.34,False
42-trace-0006749,2026-08-18T15:22:13.833997+00:00,checkout,497.56,False
42-trace-0014809,2026-08-18T15:25:03.541674+00:00,site_latency,199.15,False
42-trace-0012378,2026-08-18T15:17:00.924100+00:00,site_latency,152.87,False
42-trace-0023585,2026-08-18T15:28:58.931257+00:00,api_generic,200.04,True
42-trace-0008624,2026-08-18T15:33:35.586979+00:00,checkout,337.41,False
42-trace-0000327,2026-08-18T15:07:17.216424+00:00,pix,69.22,False
42-trace-0018179,2026-08-18T15:07:04.352714+00:00,api_generic,102.57,False
42-trace-0001380,2026-08-18T15:15:34.392346+00:00,pix,200.99,False
42-trace-0016021,2026-08-18T15:29:14.142196+00:00,site_latency,76.61,False
42-trace-0021938,2026-08-18T15:22:18.890110+00:00,api_generic,172.79,False
42-trace-0012695,2026-08-18T15:18:01.826261+00:00,site_latency,120.45,False
42-trace-0015616,2026-08-18T15:27:49.400600+00:00,site_latency,294.83,False
42-trace-0010381,2026-08-18T15:10:02.454144+00:00,site_latency,184.82,False
42-trace-0014455,2026-08-18T15:23:53.871638+00:00,site_latency,156.41,False
42-trace-0023547,2026-08-18T15:28:51.472076+00:00,api_generic,118.27,False
42-trace-0000368,2026-08-18T15:07:33.377407+00:00,pix,89.99,False
42-trace-0024982,2026-08-18T15:34:23.088349+00:00,api_generic,92.38,False
42-trace-0012459,2026-08-18T15:17:17.683946+00:00,site_latency,68.34,False
42-trace-0004550,2026-08-18T15:09:03.544000+00:00,checkout,220.15,False
42-trace-0016180,2026-08-18T15:29:47.310040+00:00,site_latency,202.82,False
42-trace-0009960,2026-08-18T15:08:33.421125+00:00,site_latency,152.95,False
42-trace-0015504,2026-08-18T15:27:26.545800+00:00,site_latency,187.04,False
42-trace-0012796,2026-08-18T15:18:22.222934+00:00,site_latency,352.15,False
42-trace-0009591,2026-08-18T15:07:19.991449+00:00,site_latency,302.57,False
42-trace-0018101,2026-08-18T15:06:47.190935+00:00,api_generic,53.84,False
42-trace-0021947,2026-08-18T15:22:21.299369+00:00,api_generic,144.68,False
42-trace-0023631,2026-08-18T15:29:09.372037+00:00,api_generic,254.89,False
42-trace-0005852,2026-08-18T15:16:52.519680+00:00,checkout,426.48,False
42-trace-0000542,2026-08-18T15:08:58.863319+00:00,pix,89.87,False
42-trace-0010925,2026-08-18T15:11:56.197654+00:00,site_latency,224.86,False
42-trace-0000309,2026-08-18T15:07:10.728387+00:00,pix,147.15,False
42-trace-0024993,2026-08-18T15:34:24.771695+00:00,api_generic,192.3,False
42-trace-0008401,2026-08-18T15:32:13.203174+00:00,checkout,231.01,False
42-trace-0001558,2026-08-18T15:16:57.520047+00:00,pix,157.2,False
42-trace-0016957,2026-08-18T15:32:31.465737+00:00,site_latency,213.51,False
42-trace-0014239,2026-08-18T15:23:11.865869+00:00,site_latency,271.16,False
42-trace-0016945,2026-08-18T15:32:29.746343+00:00,site_latency,568.4,False
42-trace-0007196,2026-08-18T15:24:57.072369+00:00,checkout,445.78,False
42-trace-0020682,2026-08-18T15:17:17.211427+00:00,api_generic,61.26,False
42-trace-0017166,2026-08-18T15:33:18.131823+00:00,site_latency,93.41,False
42-trace-0007603,2026-08-18T15:27:12.711808+00:00,checkout,513.19,False
42-trace-0018332,2026-08-18T15:07:40.130371+00:00,api_generic,99.77,False
42-trace-0015181,2026-08-18T15:26:16.951283+00:00,site_latency,271.11,False
42-trace-0023278,2026-08-18T15:27:45.830023+00:00,api_generic,67.8,False
42-trace-0014080,2026-08-18T15:22:40.285852+00:00,site_latency,285.41,False
42-trace-0015022,2026-08-18T15:25:45.328858+00:00,site_latency,256.09,False
42-trace-0010479,2026-08-18T15:10:24.362360+00:00,site_latency,110.62,False
42-trace-0019568,2026-08-18T15:12:43.098670+00:00,api_generic,98.44,False
42-trace-0005632,2026-08-18T15:15:43.466998+00:00,checkout,294.49,False
42-trace-0008179,2026-08-18T15:30:48.930540+00:00,checkout,511.34,False
42-trace-0015449,2026-08-18T15:27:17.839994+00:00,site_latency,82.63,False
42-trace-0007815,2026-08-18T15:28:25.589466+00:00,checkout,451.02,False
42-trace-0006974,2026-08-18T15:23:31.052983+00:00,checkout,620.34,False
42-trace-0019027,2026-08-18T15:10:30.768512+00:00,api_generic,35.7,False
42-trace-0002633,2026-08-18T15:25:28.737888+00:00,pix,117.68,False
42-trace-0023956,2026-08-18T15:30:21.997367+00:00,api_generic,118.63,False
42-trace-0002082,2026-08-18T15:21:14.624746+00:00,pix,137.41,False
42-trace-0017932,2026-08-18T15:06:03.659832+00:00,api_generic,54.97,False
42-trace-0008174,2026-08-18T15:30:47.232595+00:00,checkout,319.6,False
42-trace-0011616,2026-08-18T15:14:18.655966+00:00,site_latency,96.3,False
42-trace-0011052,2026-08-18T15:12:21.798952+00:00,site_latency,102.76,False
42-trace-0004662,2026-08-18T15:09:44.818331+00:00,checkout,314.52,False
42-trace-0005584,2026-08-18T15:15:17.635484+00:00,checkout,485.11,False
42-trace-0008802,2026-08-18T15:04:37.640452+00:00,site_latency,328.61,False
42-trace-0004690,2026-08-18T15:09:53.588391+00:00,checkout,498.09,False
42-trace-0018897,2026-08-18T15:09:57.183449+00:00,api_generic,39.91,False
42-trace-0019148,2026-08-18T15:11:01.313044+00:00,api_generic,81.22,False
42-trace-0016638,2026-08-18T15:31:30.617840+00:00,site_latency,421.65,False
42-trace-0013752,2026-08-18T15:21:30.492154+00:00,site_latency,90.53,False
42-trace-0019162,2026-08-18T15:11:04.428458+00:00,api_generic,189.56,False
42-trace-0013902,2026-08-18T15:22:03.139385+00:00,site_latency,219.73,False
42-trace-0021689,2026-08-18T15:21:20.165112+00:00,api_generic,74.33,False
42-trace-0022448,2026-08-18T15:24:20.481975+00:00,api_generic,83.03,False
42-trace-0024689,2026-08-18T15:33:16.997587+00:00,api_generic,45.72,False
42-trace-0017952,2026-08-18T15:06:08.002743+00:00,api_generic,151.54,False
42-trace-0009677,2026-08-18T15:07:38.446595+00:00,site_latency,511.3,False
42-trace-0001230,2026-08-18T15:14:23.715650+00:00,pix,146.3,False
42-trace-0023241,2026-08-18T15:27:35.939546+00:00,api_generic,140.38,False
42-trace-0024183,2026-08-18T15:31:17.149169+00:00,api_generic,195.96,False
42-trace-0023459,2026-08-18T15:28:31.515570+00:00,api_generic,112.88,False
42-trace-0004267,2026-08-18T15:07:26.756323+00:00,checkout,711.4,False
42-trace-0010979,2026-08-18T15:12:06.059082+00:00,site_latency,315.84,False
42-trace-0010434,2026-08-18T15:10:14.166905+00:00,site_latency,221.45,False
42-trace-0022262,2026-08-18T15:23:38.511867+00:00,api_generic,275.27,False
42-trace-0019922,2026-08-18T15:14:06.869193+00:00,api_generic,36.39,False
42-trace-0024905,2026-08-18T15:34:03.770725+00:00,api_generic,83.32,False
42-trace-0006125,2026-08-18T15:18:36.435455+00:00,checkout,240.33,False
42-trace-0007500,2026-08-18T15:26:38.531214+00:00,checkout,161.71,False
42-trace-0002366,2026-08-18T15:23:22.792078+00:00,pix,201.45,False
42-trace-0016428,2026-08-18T15:30:43.431793+00:00,site_latency,261.53,False
42-trace-0001570,2026-08-18T15:17:05.173864+00:00,pix,68.86,False
42-trace-0010040,2026-08-18T15:08:48.019474+00:00,site_latency,422.03,False
42-trace-0010988,2026-08-18T15:12:08.293197+00:00,site_latency,501.8,False
42-trace-0024323,2026-08-18T15:31:48.489418+00:00,api_generic,39.5,False
42-trace-0012165,2026-08-18T15:16:13.238989+00:00,site_latency,95.33,False
42-trace-0003968,2026-08-18T15:05:39.816503+00:00,checkout,175.92,False
42-trace-0015684,2026-08-18T15:28:03.596522+00:00,site_latency,270.08,False
42-trace-0007287,2026-08-18T15:25:26.701627+00:00,checkout,2226.06,False
42-trace-0019353,2026-08-18T15:11:48.757119+00:00,api_generic,71.02,False
42-trace-0004931,2026-08-18T15:11:15.081728+00:00,checkout,257.76,False
42-trace-0015184,2026-08-18T15:26:17.851538+00:00,site_latency,229.76,False
42-trace-0017714,2026-08-18T15:05:13.501347+00:00,api_generic,181.3,False
42-trace-0020049,2026-08-18T15:14:40.570365+00:00,api_generic,97.62,False
42-trace-0006897,2026-08-18T15:23:05.738525+00:00,checkout,161.39,False
42-trace-0017400,2026-08-18T15:34:06.025835+00:00,site_latency,190.94,False
42-trace-0006740,2026-08-18T15:22:11.160535+00:00,checkout,119.19,False
42-trace-0004483,2026-08-18T15:08:40.561307+00:00,checkout,226.17,False
42-trace-0004887,2026-08-18T15:11:01.460966+00:00,checkout,243.01,False
42-trace-0015653,2026-08-18T15:27:56.920737+00:00,site_latency,151.25,False
42-trace-0009631,2026-08-18T15:07:28.093995+00:00,site_latency,126.34,False
42-trace-0007951,2026-08-18T15:29:24.230051+00:00,checkout,557.56,False
42-trace-0019641,2026-08-18T15:12:58.186865+00:00,api_generic,222.06,False
42-trace-0012009,2026-08-18T15:15:41.890201+00:00,site_latency,124.22,False
42-trace-0016505,2026-08-18T15:31:00.246395+00:00,site_latency,186.29,False
42-trace-0008841,2026-08-18T15:04:45.091812+00:00,site_latency,198.09,False
42-trace-0022829,2026-08-18T15:25:59.922024+00:00,api_generic,147.57,False
42-trace-0021904,2026-08-18T15:22:13.055074+00:00,api_generic,45.04,False
42-trace-0007980,2026-08-18T15:29:33.908663+00:00,checkout,164.81,False
42-trace-0003080,2026-08-18T15:28:57.574781+00:00,pix,173.17,False
42-trace-0009311,2026-08-18T15:06:25.019041+00:00,site_latency,292.46,False
42-trace-0010535,2026-08-18T15:10:33.296949+00:00,site_latency,281.4,False
42-trace-0004526,2026-08-18T15:08:54.849700+00:00,checkout,176.37,False
42-trace-0018920,2026-08-18T15:10:02.393345+00:00,api_generic,84.74,False
42-trace-0023272,2026-08-18T15:27:44.534591+00:00,api_generic,86.03,False
42-trace-0004488,2026-08-18T15:08:42.390726+00:00,checkout,340.1,False
42-trace-0003552,2026-08-18T15:32:42.305239+00:00,pix,79.27,False
42-trace-0009725,2026-08-18T15:07:47.078928+00:00,site_latency,150.41,False
42-trace-0020486,2026-08-18T15:16:22.693536+00:00,api_generic,506.83,False
42-trace-0024920,2026-08-18T15:34:08.974020+00:00,api_generic,109.01,False
42-trace-0012423,2026-08-18T15:17:09.626863+00:00,site_latency,181.02,False
42-trace-0024903,2026-08-18T15:34:03.347550+00:00,api_generic,59.35,False
42-trace-0009135,2026-08-18T15:05:46.718855+00:00,site_latency,256.62,False
42-trace-0009542,2026-08-18T15:07:08.924813+00:00,site_latency,109.69,False
42-trace-0009465,2026-08-18T15:06:53.243885+00:00,site_latency,152.43,False
42-trace-0016102,2026-08-18T15:29:32.230298+00:00,site_latency,57.56,False
42-trace-0004276,2026-08-18T15:07:29.376563+00:00,checkout,303.43,False
42-trace-0017626,2026-08-18T15:04:51.997001+00:00,api_generic,43.3,False
42-trace-0021089,2026-08-18T15:18:58.806602+00:00,api_generic,106.57,False
42-trace-0014884,2026-08-18T15:25:18.635603+00:00,site_latency,289.78,False
42-trace-0023264,2026-08-18T15:27:41.414096+00:00,api_generic,170.19,False
42-trace-0010015,2026-08-18T15:08:44.781645+00:00,site_latency,128.7,False
42-trace-0021074,2026-08-18T15:18:54.368648+00:00,api_generic,93.91,False
42-trace-0024305,2026-08-18T15:31:43.585756+00:00,api_generic,61.67,False
42-trace-0010437,2026-08-18T15:10:15.991747+00:00,site_latency,333.15,False
42-trace-0004183,2026-08-18T15:06:55.369592+00:00,checkout,332.14,False
42-trace-0017455,2026-08-18T15:34:14.614379+00:00,site_latency,133.59,False
42-trace-0015109,2026-08-18T15:26:04.322741+00:00,site_latency,348.69,False
42-trace-0006380,2026-08-18T15:20:05.001091+00:00,checkout,476.24,False
42-trace-0022785,2026-08-18T15:25:48.404301+00:00,api_generic,91.72,False
42-trace-0009231,2026-08-18T15:06:08.866804+00:00,site_latency,99.88,False
42-trace-0015593,2026-08-18T15:27:45.617814+00:00,site_latency,558.85,False
42-trace-0003109,2026-08-18T15:29:15.980294+00:00,pix,76.31,False
42-trace-0015862,2026-08-18T15:28:40.676000+00:00,site_latency,115.84,False
42-trace-0021173,2026-08-18T15:19:19.590842+00:00,api_generic,36.44,False
42-trace-0009295,2026-08-18T15:06:22.263284+00:00,site_latency,113.85,False
42-trace-0014982,2026-08-18T15:25:38.588096+00:00,site_latency,261.54,False
42-trace-0001436,2026-08-18T15:16:03.737841+00:00,pix,116.55,False
42-trace-0009147,2026-08-18T15:05:49.963251+00:00,site_latency,145.73,False
42-trace-0018508,2026-08-18T15:08:15.844348+00:00,api_generic,61.43,False
42-trace-0022975,2026-08-18T15:26:34.193423+00:00,api_generic,241.37,False
42-trace-0015991,2026-08-18T15:29:07.990385+00:00,site_latency,69.35,False
42-trace-0019374,2026-08-18T15:11:54.270440+00:00,api_generic,45.76,False
42-trace-0017199,2026-08-18T15:33:23.830622+00:00,site_latency,147.08,False
42-trace-0007124,2026-08-18T15:24:29.210851+00:00,checkout,136.83,False
42-trace-0010639,2026-08-18T15:10:55.195654+00:00,site_latency,415.6,False
42-trace-0001248,2026-08-18T15:14:31.316487+00:00,pix,63.74,False
42-trace-0023998,2026-08-18T15:30:31.346304+00:00,api_generic,143.28,False
42-trace-0000213,2026-08-18T15:06:14.709582+00:00,pix,121.29,False
42-trace-0009282,2026-08-18T15:06:18.560834+00:00,site_latency,172.23,False
42-trace-0015838,2026-08-18T15:28:36.618772+00:00,site_latency,199.13,False
42-trace-0017848,2026-08-18T15:05:42.651930+00:00,api_generic,90.84,False
42-trace-0013908,2026-08-18T15:22:03.762941+00:00,site_latency,241.18,False
42-trace-0012847,2026-08-18T15:18:31.353026+00:00,site_latency,269.9,False
42-trace-0005197,2026-08-18T15:12:46.762607+00:00,checkout,526.83,False
42-trace-0024340,2026-08-18T15:31:52.690387+00:00,api_generic,188.91,False
42-trace-0012668,2026-08-18T15:17:55.540089+00:00,site_latency,2197.14,False
42-trace-0019264,2026-08-18T15:11:30.441217+00:00,api_generic,60.29,False
42-trace-0006257,2026-08-18T15:19:23.381704+00:00,checkout,305.41,False
42-trace-0001262,2026-08-18T15:14:38.352407+00:00,pix,124.16,False
42-trace-0014121,2026-08-18T15:22:46.083436+00:00,site_latency,102.78,False
42-trace-0018517,2026-08-18T15:08:17.811611+00:00,api_generic,107.11,False
42-trace-0022495,2026-08-18T15:24:31.695438+00:00,api_generic,88.62,False
42-trace-0008641,2026-08-18T15:33:43.757628+00:00,checkout,346.06,False
42-trace-0001313,2026-08-18T15:14:58.463789+00:00,pix,94.75,False
42-trace-0006618,2026-08-18T15:21:28.205833+00:00,checkout,418.91,False
42-trace-0013485,2026-08-18T15:20:41.193923+00:00,site_latency,214.97,False
42-trace-0004312,2026-08-18T15:07:41.689959+00:00,checkout,315.99,False
42-trace-0014995,2026-08-18T15:25:41.765209+00:00,site_latency,336.04,False
42-trace-0005892,2026-08-18T15:17:06.761209+00:00,checkout,690.71,False
42-trace-0016803,2026-08-18T15:32:02.084426+00:00,site_latency,202.15,False
42-trace-0003223,2026-08-18T15:30:00.692136+00:00,pix,67.09,False
42-trace-0013834,2026-08-18T15:21:51.893191+00:00,site_latency,469.56,False
42-trace-0005412,2026-08-18T15:14:13.085570+00:00,checkout,313.29,False
42-trace-0002621,2026-08-18T15:25:23.554496+00:00,pix,94.43,False
42-trace-0013413,2026-08-18T15:20:24.108941+00:00,site_latency,150.15,False
42-trace-0022352,2026-08-18T15:23:57.155052+00:00,api_generic,133.09,False
42-trace-0020265,2026-08-18T15:15:31.529859+00:00,api_generic,150.55,False
42-trace-0012406,2026-08-18T15:17:05.990788+00:00,site_latency,170.83,False
42-trace-0018944,2026-08-18T15:10:09.508646+00:00,api_generic,47.44,False
42-trace-0003645,2026-08-18T15:33:30.036339+00:00,pix,109.03,False
42-trace-0017508,2026-08-18T15:04:28.522824+00:00,api_generic,42.54,False
42-trace-0000356,2026-08-18T15:07:31.105573+00:00,pix,130.19,False
42-trace-0023841,2026-08-18T15:29:54.779481+00:00,api_generic,107.91,False
42-trace-0012439,2026-08-18T15:17:12.347251+00:00,site_latency,58.12,False
42-trace-0024282,2026-08-18T15:31:39.846614+00:00,api_generic,200.24,False
42-trace-0008077,2026-08-18T15:30:14.929827+00:00,checkout,394.48,False
42-trace-0009509,2026-08-18T15:07:01.938590+00:00,site_latency,210.97,False
42-trace-0019542,2026-08-18T15:12:37.426463+00:00,api_generic,38.19,False
42-trace-0000075,2026-08-18T15:05:05.641490+00:00,pix,126.13,False
42-trace-0020140,2026-08-18T15:15:01.922498+00:00,api_generic,89.7,False
42-trace-0003077,2026-08-18T15:28:56.905953+00:00,pix,119.63,False
42-trace-0022242,2026-08-18T15:23:31.428342+00:00,api_generic,123.3,False
42-trace-0019957,2026-08-18T15:14:15.669140+00:00,api_generic,72.95,False
42-trace-0004579,2026-08-18T15:09:11.259390+00:00,checkout,398.01,False
42-trace-0000238,2026-08-18T15:06:28.106221+00:00,pix,113.36,False
42-trace-0015160,2026-08-18T15:26:12.427136+00:00,site_latency,164.23,False
42-trace-0010249,2026-08-18T15:09:31.095265+00:00,site_latency,152.18,False
42-trace-0013464,2026-08-18T15:20:37.196708+00:00,site_latency,156.99,False
42-trace-0019996,2026-08-18T15:14:25.172945+00:00,api_generic,72.27,False
42-trace-0022994,2026-08-18T15:26:39.694887+00:00,api_generic,156.35,True
42-trace-0015140,2026-08-18T15:26:09.056925+00:00,site_latency,388.53,False
42-trace-0000601,2026-08-18T15:09:29.059180+00:00,pix,143.72,False
42-trace-0003773,2026-08-18T15:04:33.347410+00:00,checkout,299.92,False
42-trace-0013334,2026-08-18T15:20:07.618868+00:00,site_latency,252.9,False
42-trace-0003233,2026-08-18T15:30:08.318182+00:00,pix,82.36,False
42-trace-0016137,2026-08-18T15:29:39.272766+00:00,site_latency,121.68,False
42-trace-0011425,2026-08-18T15:13:40.470809+00:00,site_latency,183.89,False
42-trace-0012905,2026-08-18T15:18:43.737408+00:00,site_latency,271.87,False
42-trace-0014710,2026-08-18T15:24:46.800682+00:00,site_latency,79.54,False
42-trace-0020668,2026-08-18T15:17:13.418833+00:00,api_generic,77.97,False
42-trace-0003426,2026-08-18T15:31:39.988710+00:00,pix,136.84,False
42-trace-0001238,2026-08-18T15:14:25.778131+00:00,pix,146.52,False
42-trace-0011278,2026-08-18T15:13:11.305535+00:00,site_latency,328.05,False
42-trace-0018524,2026-08-18T15:08:20.210877+00:00,api_generic,62.53,False
42-trace-0022344,2026-08-18T15:23:55.316655+00:00,api_generic,142.22,False
42-trace-0024764,2026-08-18T15:33:32.753380+00:00,api_generic,421.33,False
42-trace-0014763,2026-08-18T15:24:56.972605+00:00,site_latency,50.6,False
42-trace-0011974,2026-08-18T15:15:34.944407+00:00,site_latency,146.88,False
42-trace-0010083,2026-08-18T15:08:57.467654+00:00,site_latency,422.42,False
42-trace-0021154,2026-08-18T15:19:15.454292+00:00,api_generic,85.44,False
42-trace-0012372,2026-08-18T15:16:59.599200+00:00,site_latency,229.97,False
42-trace-0017716,2026-08-18T15:05:14.189428+00:00,api_generic,130.13,False
42-trace-0022429,2026-08-18T15:24:15.757133+00:00,api_generic,99.38,False
42-trace-0024765,2026-08-18T15:33:32.773360+00:00,api_generic,86.04,False
42-trace-0014350,2026-08-18T15:23:32.167331+00:00,site_latency,141.2,False
42-trace-0013704,2026-08-18T15:21:23.010118+00:00,site_latency,166.85,False
42-trace-0002307,2026-08-18T15:23:00.814460+00:00,pix,236.25,False
42-trace-0012412,2026-08-18T15:17:06.332377+00:00,site_latency,120.64,False
42-trace-0022769,2026-08-18T15:25:45.560231+00:00,api_generic,145.25,False
42-trace-0021868,2026-08-18T15:22:04.954097+00:00,api_generic,110.34,False
42-trace-0012243,2026-08-18T15:16:31.415665+00:00,site_latency,305.33,False
42-trace-0004209,2026-08-18T15:07:05.102470+00:00,checkout,103.47,False
42-trace-0017686,2026-08-18T15:05:06.475978+00:00,api_generic,71.43,False
42-trace-0000679,2026-08-18T15:10:04.420372+00:00,pix,137.44,False
42-trace-0013361,2026-08-18T15:20:12.544696+00:00,site_latency,485.25,False
42-trace-0002617,2026-08-18T15:25:21.919681+00:00,pix,119.68,False
42-trace-0006269,2026-08-18T15:19:26.982504+00:00,checkout,591.43,False
42-trace-0011010,2026-08-18T15:12:13.684088+00:00,site_latency,249.8,False
42-trace-0012195,2026-08-18T15:16:20.467661+00:00,site_latency,238.82,False
42-trace-0004139,2026-08-18T15:06:41.450446+00:00,checkout,464.57,False
42-trace-0009854,2026-08-18T15:08:11.509256+00:00,site_latency,205.01,False
42-trace-0014490,2026-08-18T15:24:01.939751+00:00,site_latency,334.75,False
42-trace-0022381,2026-08-18T15:24:04.364983+00:00,api_generic,51.59,False
42-trace-0019481,2026-08-18T15:12:20.338689+00:00,api_generic,80.99,False
42-trace-0007803,2026-08-18T15:28:23.362160+00:00,checkout,313.47,False
42-trace-0007323,2026-08-18T15:25:38.817780+00:00,checkout,351.63,False
42-trace-0011581,2026-08-18T15:14:12.234341+00:00,site_latency,310.61,False
42-trace-0016563,2026-08-18T15:31:14.782054+00:00,site_latency,120.15,False
42-trace-0011829,2026-08-18T15:15:03.946831+00:00,site_latency,271.15,False
42-trace-0020338,2026-08-18T15:15:47.776960+00:00,api_generic,88.04,False
42-trace-0017608,2026-08-18T15:04:48.617719+00:00,api_generic,77.6,False
42-trace-0018735,2026-08-18T15:09:15.146311+00:00,api_generic,82.32,False
42-trace-0011843,2026-08-18T15:15:06.894040+00:00,site_latency,374.21,False
42-trace-0021090,2026-08-18T15:18:58.983316+00:00,api_generic,61.14,False
42-trace-0007385,2026-08-18T15:26:02.257315+00:00,checkout,198.77,False
42-trace-0014834,2026-08-18T15:25:07.883741+00:00,site_latency,170.1,False
42-trace-0024102,2026-08-18T15:30:54.802008+00:00,api_generic,64.24,False
42-trace-0021909,2026-08-18T15:22:13.686690+00:00,api_generic,101.55,False
42-trace-0003148,2026-08-18T15:29:31.312636+00:00,pix,115.31,False
42-trace-0021228,2026-08-18T15:19:34.746491+00:00,api_generic,94.43,False
42-trace-0017726,2026-08-18T15:05:15.594475+00:00,api_generic,36.07,False
42-trace-0012699,2026-08-18T15:18:02.976119+00:00,site_latency,147.78,False
42-trace-0004871,2026-08-18T15:10:57.999350+00:00,checkout,691.34,False
42-trace-0007930,2026-08-18T15:29:15.968209+00:00,checkout,608.01,False
42-trace-0003671,2026-08-18T15:33:45.863614+00:00,pix,142.34,False
42-trace-0014872,2026-08-18T15:25:16.286075+00:00,site_latency,235.04,False
42-trace-0002502,2026-08-18T15:24:19.422700+00:00,pix,130.92,False
42-trace-0011853,2026-08-18T15:15:08.892834+00:00,site_latency,135.23,False
42-trace-0013105,2026-08-18T15:19:23.235641+00:00,site_latency,95.44,False
42-trace-0010313,2026-08-18T15:09:46.436256+00:00,site_latency,194.25,False
42-trace-0020356,2026-08-18T15:15:51.256909+00:00,api_generic,210.91,False
42-trace-0002695,2026-08-18T15:25:59.695423+00:00,pix,195.82,False
42-trace-0017454,2026-08-18T15:34:14.405011+00:00,site_latency,158.69,False
42-trace-0023683,2026-08-18T15:29:20.269567+00:00,api_generic,91.14,False
42-trace-0022087,2026-08-18T15:22:56.051227+00:00,api_generic,72.85,False
42-trace-0016244,2026-08-18T15:30:05.049892+00:00,site_latency,93.42,False
42-trace-0004812,2026-08-18T15:10:41.485052+00:00,checkout,114.48,False
42-trace-0017979,2026-08-18T15:06:16.260543+00:00,api_generic,49.21,False
42-trace-0019453,2026-08-18T15:12:12.758504+00:00,api_generic,49.83,False
42-trace-0019007,2026-08-18T15:10:25.029501+00:00,api_generic,69.4,False
42-trace-0008200,2026-08-18T15:30:57.506019+00:00,checkout,232.3,False
42-trace-0021964,2026-08-18T15:22:23.787170+00:00,api_generic,153.22,False
42-trace-0021040,2026-08-18T15:18:45.064756+00:00,api_generic,68.86,False
42-trace-0023152,2026-08-18T15:27:15.925545+00:00,api_generic,940.37,False
42-trace-0022624,2026-08-18T15:25:05.402288+00:00,api_generic,144.84,False
42-trace-0003663,2026-08-18T15:33:42.698539+00:00,pix,103.25,False
42-trace-0004874,2026-08-18T15:10:58.537789+00:00,checkout,475.17,False
42-trace-0009907,2026-08-18T15:08:22.858477+00:00,site_latency,98.23,False
42-trace-0018843,2026-08-18T15:09:42.257144+00:00,api_generic,106.38,False
42-trace-0001970,2026-08-18T15:20:15.522373+00:00,pix,158.58,False
42-trace-0018551,2026-08-18T15:08:28.027436+00:00,api_generic,163.02,False
42-trace-0016397,2026-08-18T15:30:36.684539+00:00,site_latency,299.02,False
42-trace-0002849,2026-08-18T15:27:09.487359+00:00,pix,158.01,False
42-trace-0006987,2026-08-18T15:23:35.673856+00:00,checkout,562.63,False
42-trace-0024747,2026-08-18T15:33:29.862998+00:00,api_generic,87.31,False
42-trace-0002775,2026-08-18T15:26:33.614839+00:00,pix,103.32,False
42-trace-0017954,2026-08-18T15:06:10.331023+00:00,api_generic,127.12,False
42-trace-0001812,2026-08-18T15:19:01.078425+00:00,pix,60.14,False
42-trace-0023433,2026-08-18T15:28:21.824783+00:00,api_generic,199.35,False
42-trace-0003352,2026-08-18T15:31:02.647448+00:00,pix,139.02,False
42-trace-0004317,2026-08-18T15:07:44.266702+00:00,checkout,515.66,False
42-trace-0015382,2026-08-18T15:27:04.662739+00:00,site_latency,236.75,False
42-trace-0016358,2026-08-18T15:30:28.967615+00:00,site_latency,182.69,False
42-trace-0011146,2026-08-18T15:12:44.080498+00:00,site_latency,81.66,False
42-trace-0001554,2026-08-18T15:16:55.782820+00:00,pix,105.59,False
42-trace-0004917,2026-08-18T15:11:10.886682+00:00,checkout,370.5,False
42-trace-0019308,2026-08-18T15:11:38.850414+00:00,api_generic,55.64,False
42-trace-0022838,2026-08-18T15:26:01.854381+00:00,api_generic,54.95,False
42-trace-0002481,2026-08-18T15:24:07.629855+00:00,pix,226.62,False
42-trace-0018262,2026-08-18T15:07:25.508542+00:00,api_generic,88.45,False
42-trace-0017739,2026-08-18T15:05:19.426063+00:00,api_generic,141.57,False
42-trace-0017198,2026-08-18T15:33:23.792507+00:00,site_latency,105.82,False
42-trace-0022647,2026-08-18T15:25:13.135985+00:00,api_generic,94.49,False
42-trace-0007836,2026-08-18T15:28:33.401932+00:00,checkout,304.36,False
42-trace-0003584,2026-08-18T15:32:57.260933+00:00,pix,117.44,False
42-trace-0014832,2026-08-18T15:25:07.698860+00:00,site_latency,142.75,False
42-trace-0022825,2026-08-18T15:25:58.608225+00:00,api_generic,44.02,False
42-trace-0009816,2026-08-18T15:08:04.951137+00:00,site_latency,101.93,False
42-trace-0023717,2026-08-18T15:29:29.235425+00:00,api_generic,264.5,False
42-trace-0009220,2026-08-18T15:06:06.492392+00:00,site_latency,115.95,False
42-trace-0006662,2026-08-18T15:21:44.666550+00:00,checkout,397.26,False
42-trace-0001062,2026-08-18T15:13:03.047487+00:00,pix,199.62,False
42-trace-0014695,2026-08-18T15:24:43.452678+00:00,site_latency,209.72,False
42-trace-0002380,2026-08-18T15:23:28.631110+00:00,pix,116.41,False
42-trace-0011388,2026-08-18T15:13:35.284094+00:00,site_latency,162.78,False
42-trace-0007629,2026-08-18T15:27:21.205347+00:00,checkout,129.79,False
42-trace-0007793,2026-08-18T15:28:21.576595+00:00,checkout,290.17,False
42-trace-0015720,2026-08-18T15:28:10.712071+00:00,site_latency,172.71,False
42-trace-0002381,2026-08-18T15:23:28.753389+00:00,pix,109.04,False
42-trace-0009050,2026-08-18T15:05:30.233122+00:00,site_latency,135.12,False
42-trace-0016666,2026-08-18T15:31:36.747593+00:00,site_latency,333.99,False
42-trace-0019874,2026-08-18T15:13:57.015176+00:00,api_generic,77.41,False
42-trace-0010187,2026-08-18T15:09:16.679771+00:00,site_latency,46.76,False
42-trace-0007564,2026-08-18T15:26:59.188666+00:00,checkout,188.8,False
42-trace-0023703,2026-08-18T15:29:24.941106+00:00,api_generic,120.29,False
42-trace-0014129,2026-08-18T15:22:47.779694+00:00,site_latency,192.03,False
42-trace-0006429,2026-08-18T15:20:21.050786+00:00,checkout,375.62,False
42-trace-0023927,2026-08-18T15:30:17.389202+00:00,api_generic,93.13,False
42-trace-0012723,2026-08-18T15:18:09.225321+00:00,site_latency,193.41,False
42-trace-0018860,2026-08-18T15:09:46.835838+00:00,api_generic,131.36,False
42-trace-0020941,2026-08-18T15:18:20.021762+00:00,api_generic,76.07,False
42-trace-0002548,2026-08-18T15:24:40.127617+00:00,pix,688.78,True
42-trace-0020180,2026-08-18T15:15:09.895340+00:00,api_generic,83.65,False
42-trace-0012498,2026-08-18T15:17:25.719683+00:00,site_latency,129.1,False
42-trace-0008420,2026-08-18T15:32:20.221998+00:00,checkout,549.92,False
42-trace-0000332,2026-08-18T15:07:19.420225+00:00,pix,150.0,False
42-trace-0019668,2026-08-18T15:13:07.321027+00:00,api_generic,80.39,False
42-trace-0005157,2026-08-18T15:12:33.659666+00:00,checkout,235.38,False
42-trace-0014225,2026-08-18T15:23:08.801160+00:00,site_latency,242.23,False
42-trace-0003676,2026-08-18T15:33:48.478424+00:00,pix,239.42,False
42-trace-0009594,2026-08-18T15:07:20.419669+00:00,site_latency,296.4,False
42-trace-0007169,2026-08-18T15:24:46.592287+00:00,checkout,175.28,False
42-trace-0012344,2026-08-18T15:16:53.966952+00:00,site_latency,71.79,False
42-trace-0022090,2026-08-18T15:22:56.421180+00:00,api_generic,48.28,False
42-trace-0024901,2026-08-18T15:34:03.035609+00:00,api_generic,134.86,False
42-trace-0013475,2026-08-18T15:20:38.753468+00:00,site_latency,169.08,False
42-trace-0020475,2026-08-18T15:16:20.297825+00:00,api_generic,163.27,False
42-trace-0005616,2026-08-18T15:15:37.602946+00:00,checkout,368.05,False
42-trace-0019066,2026-08-18T15:10:41.354848+00:00,api_generic,68.7,False
42-trace-0021957,2026-08-18T15:22:23.038393+00:00,api_generic,99.53,False
42-trace-0000159,2026-08-18T15:05:53.112418+00:00,pix,523.64,False
42-trace-0012152,2026-08-18T15:16:11.021000+00:00,site_latency,96.4,False
42-trace-0004836,2026-08-18T15:10:50.314260+00:00,checkout,400.74,False
42-trace-0000798,2026-08-18T15:10:57.814411+00:00,pix,173.85,False
42-trace-0007236,2026-08-18T15:25:09.099352+00:00,checkout,258.84,False
42-trace-0007482,2026-08-18T15:26:33.248280+00:00,checkout,229.3,False
42-trace-0018552,2026-08-18T15:08:28.362825+00:00,api_generic,142.31,False
42-trace-0000086,2026-08-18T15:05:09.642053+00:00,pix,142.3,False
42-trace-0008415,2026-08-18T15:32:18.452425+00:00,checkout,400.02,False
42-trace-0006603,2026-08-18T15:21:20.786857+00:00,checkout,310.33,False
42-trace-0022312,2026-08-18T15:23:47.815520+00:00,api_generic,85.46,False
42-trace-0011755,2026-08-18T15:14:47.970260+00:00,site_latency,122.77,False
42-trace-0009876,2026-08-18T15:08:16.615814+00:00,site_latency,293.73,False
42-trace-0017777,2026-08-18T15:05:27.353440+00:00,api_generic,352.4,False
42-trace-0000264,2026-08-18T15:06:44.913382+00:00,pix,262.14,True
42-trace-0001056,2026-08-18T15:12:59.196891+00:00,pix,200.88,False
42-trace-0014023,2026-08-18T15:22:30.037778+00:00,site_latency,171.16,False
42-trace-0016808,2026-08-18T15:32:02.252585+00:00,site_latency,176.03,False
42-trace-0018978,2026-08-18T15:10:18.047799+00:00,api_generic,42.97,False
42-trace-0016200,2026-08-18T15:29:54.096819+00:00,site_latency,245.93,False
42-trace-0008414,2026-08-18T15:32:18.380943+00:00,checkout,171.41,False
42-trace-0006526,2026-08-18T15:20:55.703721+00:00,checkout,113.61,False
42-trace-0017515,2026-08-18T15:04:29.914041+00:00,api_generic,45.31,False
42-trace-0013803,2026-08-18T15:21:43.632844+00:00,site_latency,250.66,False
42-trace-0016510,2026-08-18T15:31:01.310240+00:00,site_latency,311.83,False
42-trace-0003376,2026-08-18T15:31:13.167597+00:00,pix,96.99,False
42-trace-0008687,2026-08-18T15:33:59.315130+00:00,checkout,820.68,False
42-trace-0021432,2026-08-18T15:20:21.620320+00:00,api_generic,79.19,False
42-trace-0020428,2026-08-18T15:16:10.021010+00:00,api_generic,204.6,False
42-trace-0015874,2026-08-18T15:28:42.235299+00:00,site_latency,206.69,False
42-trace-0016680,2026-08-18T15:31:39.181685+00:00,site_latency,243.95,False
42-trace-0008935,2026-08-18T15:05:08.010388+00:00,site_latency,292.33,False
42-trace-0019194,2026-08-18T15:11:10.498567+00:00,api_generic,71.74,False
42-trace-0008277,2026-08-18T15:31:28.411097+00:00,checkout,347.91,False
42-trace-0022792,2026-08-18T15:25:50.571023+00:00,api_generic,42.08,False
42-trace-0005853,2026-08-18T15:16:52.547770+00:00,checkout,297.2,False
42-trace-0005102,2026-08-18T15:12:14.450318+00:00,checkout,332.34,False
42-trace-0003792,2026-08-18T15:04:39.437689+00:00,checkout,279.4,False
42-trace-0010862,2026-08-18T15:11:40.732305+00:00,site_latency,451.92,False
42-trace-0022111,2026-08-18T15:23:01.334989+00:00,api_generic,109.91,False
42-trace-0004717,2026-08-18T15:10:05.673504+00:00,checkout,189.67,False
42-trace-0012474,2026-08-18T15:17:21.332439+00:00,site_latency,148.64,False
42-trace-0018128,2026-08-18T15:06:53.967280+00:00,api_generic,105.83,False
42-trace-0015452,2026-08-18T15:27:18.267110+00:00,site_latency,482.35,False
42-trace-0019334,2026-08-18T15:11:43.543950+00:00,api_generic,74.99,False
42-trace-0013973,2026-08-18T15:22:18.532764+00:00,site_latency,260.25,False
42-trace-0007929,2026-08-18T15:29:15.802430+00:00,checkout,471.1,False
42-trace-0018311,2026-08-18T15:07:36.120897+00:00,api_generic,116.38,False
42-trace-0024052,2026-08-18T15:30:41.298502+00:00,api_generic,53.99,False
42-trace-0022347,2026-08-18T15:23:56.087307+00:00,api_generic,188.23,False
42-trace-0009541,2026-08-18T15:07:08.910985+00:00,site_latency,240.76,False
42-trace-0016414,2026-08-18T15:30:40.538440+00:00,site_latency,101.66,False
42-trace-0024081,2026-08-18T15:30:50.285349+00:00,api_generic,52.4,False
42-trace-0003358,2026-08-18T15:31:05.892730+00:00,pix,99.88,False
42-trace-0002932,2026-08-18T15:27:46.633200+00:00,pix,162.7,False
42-trace-0010800,2026-08-18T15:11:28.386554+00:00,site_latency,139.64,False
42-trace-0009748,2026-08-18T15:07:51.884945+00:00,site_latency,279.6,False
42-trace-0013933,2026-08-18T15:22:08.487300+00:00,site_latency,76.54,False
42-trace-0021355,2026-08-18T15:20:02.929680+00:00,api_generic,136.84,False
42-trace-0009211,2026-08-18T15:06:04.741890+00:00,site_latency,145.48,False
42-trace-0001025,2026-08-18T15:12:43.423410+00:00,pix,57.38,False
42-trace-0015670,2026-08-18T15:28:00.034962+00:00,site_latency,139.63,False
42-trace-0014959,2026-08-18T15:25:34.747165+00:00,site_latency,222.55,False
42-trace-0010828,2026-08-18T15:11:34.214057+00:00,site_latency,178.16,False
42-trace-0000769,2026-08-18T15:10:44.618441+00:00,pix,76.67,False
42-trace-0020947,2026-08-18T15:18:21.227902+00:00,api_generic,565.72,False
42-trace-0020778,2026-08-18T15:17:41.577662+00:00,api_generic,93.46,False
42-trace-0024036,2026-08-18T15:30:38.685187+00:00,api_generic,63.91,False
42-trace-0020912,2026-08-18T15:18:13.072458+00:00,api_generic,108.99,False
42-trace-0006149,2026-08-18T15:18:45.564348+00:00,checkout,211.49,False
42-trace-0009108,2026-08-18T15:05:41.963348+00:00,site_latency,117.09,False
42-trace-0016732,2026-08-18T15:31:48.303920+00:00,site_latency,421.01,False
42-trace-0021409,2026-08-18T15:20:16.690743+00:00,api_generic,85.49,False
42-trace-0001867,2026-08-18T15:19:30.223589+00:00,pix,111.53,False
42-trace-0017418,2026-08-18T15:34:09.539601+00:00,site_latency,340.73,False
42-trace-0017261,2026-08-18T15:33:37.872190+00:00,site_latency,98.02,False
42-trace-0018759,2026-08-18T15:09:21.632867+00:00,api_generic,131.05,False
42-trace-0013242,2026-08-18T15:19:49.984832+00:00,site_latency,128.71,False
42-trace-0024145,2026-08-18T15:31:07.778681+00:00,api_generic,93.13,False
42-trace-0002768,2026-08-18T15:26:32.085209+00:00,pix,221.61,False
42-trace-0017284,2026-08-18T15:33:44.768680+00:00,site_latency,138.96,False
42-trace-0016868,2026-08-18T15:32:14.467006+00:00,site_latency,43.99,False
42-trace-0023260,2026-08-18T15:27:41.054128+00:00,api_generic,124.53,False
42-trace-0001118,2026-08-18T15:13:31.303592+00:00,pix,105.75,False
42-trace-0018402,2026-08-18T15:07:54.687892+00:00,api_generic,171.78,False
42-trace-0007863,2026-08-18T15:28:46.435643+00:00,checkout,192.6,False
42-trace-0001203,2026-08-18T15:14:10.936571+00:00,pix,139.01,False
42-trace-0011247,2026-08-18T15:13:04.634074+00:00,site_latency,148.69,False
42-trace-0002182,2026-08-18T15:21:59.513109+00:00,pix,130.26,False
42-trace-0002934,2026-08-18T15:27:47.202160+00:00,pix,173.68,False
42-trace-0004594,2026-08-18T15:09:15.750879+00:00,checkout,217.42,False
42-trace-0023975,2026-08-18T15:30:25.871798+00:00,api_generic,158.98,True
42-trace-0019087,2026-08-18T15:10:46.997946+00:00,api_generic,82.19,False
42-trace-0010474,2026-08-18T15:10:23.404462+00:00,site_latency,170.56,False
42-trace-0018120,2026-08-18T15:06:51.390436+00:00,api_generic,104.32,False
42-trace-0005196,2026-08-18T15:12:46.537346+00:00,checkout,502.93,False
42-trace-0000367,2026-08-18T15:07:33.057528+00:00,pix,92.5,False
42-trace-0023575,2026-08-18T15:28:57.154424+00:00,api_generic,140.87,False
42-trace-0000318,2026-08-18T15:07:14.782965+00:00,pix,94.01,False
42-trace-0003943,2026-08-18T15:05:29.805183+00:00,checkout,188.82,False
42-trace-0019986,2026-08-18T15:14:22.176596+00:00,api_generic,126.31,False
42-trace-0024934,2026-08-18T15:34:11.451668+00:00,api_generic,131.81,False
42-trace-0005255,2026-08-18T15:13:08.810047+00:00,checkout,315.19,False
42-trace-0020469,2026-08-18T15:16:19.025341+00:00,api_generic,51.75,False
42-trace-0009811,2026-08-18T15:08:03.722461+00:00,site_latency,73.25,False
42-trace-0008775,2026-08-18T15:04:31.340581+00:00,site_latency,220.71,False
42-trace-0008252,2026-08-18T15:31:18.432930+00:00,checkout,1392.01,False
42-trace-0013936,2026-08-18T15:22:08.960627+00:00,site_latency,490.16,False
42-trace-0015623,2026-08-18T15:27:51.036789+00:00,site_latency,106.22,False
42-trace-0006977,2026-08-18T15:23:32.868826+00:00,checkout,237.15,False
42-trace-0001561,2026-08-18T15:16:59.972587+00:00,pix,104.61,False
42-trace-0011613,2026-08-18T15:14:18.497235+00:00,site_latency,568.71,False
42-trace-0020957,2026-08-18T15:18:23.380450+00:00,api_generic,179.48,False
42-trace-0016294,2026-08-18T15:30:16.267830+00:00,site_latency,710.28,True
42-trace-0018127,2026-08-18T15:06:53.498143+00:00,api_generic,212.58,False
42-trace-0006712,2026-08-18T15:22:01.695322+00:00,checkout,284.65,False
42-trace-0019500,2026-08-18T15:12:25.105100+00:00,api_generic,90.41,False
42-trace-0012064,2026-08-18T15:15:53.623346+00:00,site_latency,270.44,False
42-trace-0002664,2026-08-18T15:25:41.034185+00:00,pix,72.78,False
42-trace-0019784,2026-08-18T15:13:38.244188+00:00,api_generic,49.17,False
42-trace-0021488,2026-08-18T15:20:36.923284+00:00,api_generic,70.52,False
42-trace-0013923,2026-08-18T15:22:06.634111+00:00,site_latency,205.36,False
42-trace-0004432,2026-08-18T15:08:20.397280+00:00,checkout,409.92,False
42-trace-0004125,2026-08-18T15:06:37.082702+00:00,checkout,302.01,False
42-trace-0009368,2026-08-18T15:06:35.404198+00:00,site_latency,52.65,False
42-trace-0008872,2026-08-18T15:04:52.652598+00:00,site_latency,73.05,False
42-trace-0008992,2026-08-18T15:05:18.290840+00:00,site_latency,115.12,False
42-trace-0000048,2026-08-18T15:04:47.586915+00:00,pix,129.77,False
42-trace-0008526,2026-08-18T15:33:00.789533+00:00,checkout,198.09,False
42-trace-0013178,2026-08-18T15:19:39.400865+00:00,site_latency,125.97,False
42-trace-0012342,2026-08-18T15:16:53.838536+00:00,site_latency,154.26,False
42-trace-0015215,2026-08-18T15:26:22.626914+00:00,site_latency,137.2,False
42-trace-0010803,2026-08-18T15:11:29.031413+00:00,site_latency,140.75,False
42-trace-0002563,2026-08-18T15:24:50.695270+00:00,pix,191.01,False
42-trace-0006252,2026-08-18T15:19:22.295213+00:00,checkout,535.54,False
42-trace-0004354,2026-08-18T15:07:55.321480+00:00,checkout,191.88,False
42-trace-0005809,2026-08-18T15:16:41.681019+00:00,checkout,357.49,False
42-trace-0019361,2026-08-18T15:11:51.397667+00:00,api_generic,107.65,False
42-trace-0023133,2026-08-18T15:27:12.561030+00:00,api_generic,46.28,False
42-trace-0008368,2026-08-18T15:32:01.888927+00:00,checkout,1005.38,False
42-trace-0000640,2026-08-18T15:09:46.071458+00:00,pix,144.18,False
42-trace-0023258,2026-08-18T15:27:40.965241+00:00,api_generic,74.06,False
42-trace-0015717,2026-08-18T15:28:10.262662+00:00,site_latency,70.92,False
42-trace-0008108,2026-08-18T15:30:25.206137+00:00,checkout,299.51,False
42-trace-0005140,2026-08-18T15:12:26.966379+00:00,checkout,119.39,False
42-trace-0024169,2026-08-18T15:31:12.919223+00:00,api_generic,164.11,False
42-trace-0024838,2026-08-18T15:33:49.578972+00:00,api_generic,61.56,False
42-trace-0008370,2026-08-18T15:32:02.436583+00:00,checkout,249.88,False
42-trace-0013074,2026-08-18T15:19:16.821688+00:00,site_latency,124.81,False
42-trace-0005544,2026-08-18T15:15:00.085494+00:00,checkout,103.83,False
42-trace-0001680,2026-08-18T15:17:54.064525+00:00,pix,108.78,False
42-trace-0009191,2026-08-18T15:06:00.257350+00:00,site_latency,406.95,False
42-trace-0005156,2026-08-18T15:12:33.583545+00:00,checkout,167.19,False
42-trace-0019923,2026-08-18T15:14:07.390931+00:00,api_generic,43.41,False
42-trace-0011084,2026-08-18T15:12:31.601594+00:00,site_latency,237.57,False
42-trace-0008863,2026-08-18T15:04:50.167847+00:00,site_latency,166.12,False
42-trace-0007537,2026-08-18T15:26:50.120707+00:00,checkout,419.56,False
42-trace-0005074,2026-08-18T15:12:03.306626+00:00,checkout,393.52,False
42-trace-0019131,2026-08-18T15:10:56.533128+00:00,api_generic,100.39,False
42-trace-0020355,2026-08-18T15:15:51.126962+00:00,api_generic,122.51,False
42-trace-0006676,2026-08-18T15:21:48.674248+00:00,checkout,218.41,False
42-trace-0015205,2026-08-18T15:26:21.279999+00:00,site_latency,475.52,True
42-trace-0021205,2026-08-18T15:19:27.091436+00:00,api_generic,90.89,False
42-trace-0023354,2026-08-18T15:28:03.194811+00:00,api_generic,89.3,False
42-trace-0009738,2026-08-18T15:07:49.804667+00:00,site_latency,71.43,False
42-trace-0010347,2026-08-18T15:09:54.992428+00:00,site_latency,231.67,False
42-trace-0005345,2026-08-18T15:13:44.750198+00:00,checkout,494.93,False
42-trace-0009632,2026-08-18T15:07:28.833285+00:00,site_latency,108.37,False
42-trace-0009151,2026-08-18T15:05:50.241696+00:00,site_latency,138.55,False
42-trace-0004687,2026-08-18T15:09:53.186186+00:00,checkout,171.0,False
42-trace-0012408,2026-08-18T15:17:06.240651+00:00,site_latency,235.8,False
42-trace-0001456,2026-08-18T15:16:09.901249+00:00,pix,115.3,False
42-trace-0019877,2026-08-18T15:13:57.276988+00:00,api_generic,110.4,False
42-trace-0024258,2026-08-18T15:31:33.072100+00:00,api_generic,72.32,False
42-trace-0002280,2026-08-18T15:22:49.611871+00:00,pix,59.92,False
42-trace-0004963,2026-08-18T15:11:26.699672+00:00,checkout,485.76,False
42-trace-0010612,2026-08-18T15:10:48.425858+00:00,site_latency,82.92,False
42-trace-0020526,2026-08-18T15:16:32.223922+00:00,api_generic,153.13,False
42-trace-0011954,2026-08-18T15:15:29.882138+00:00,site_latency,92.07,False
42-trace-0020449,2026-08-18T15:16:13.122084+00:00,api_generic,114.08,False
42-trace-0022199,2026-08-18T15:23:21.168170+00:00,api_generic,269.69,False
42-trace-0010491,2026-08-18T15:10:26.324518+00:00,site_latency,152.79,False
42-trace-0003073,2026-08-18T15:28:53.603015+00:00,pix,69.24,False
42-trace-0006096,2026-08-18T15:18:24.563729+00:00,checkout,98.96,False
42-trace-0006694,2026-08-18T15:21:54.076389+00:00,checkout,393.62,False
42-trace-0022322,2026-08-18T15:23:50.009532+00:00,api_generic,29.16,False
42-trace-0023263,2026-08-18T15:27:41.384278+00:00,api_generic,224.37,False
42-trace-0007350,2026-08-18T15:25:48.263027+00:00,checkout,168.29,False
42-trace-0004909,2026-08-18T15:11:09.290764+00:00,checkout,240.24,False
42-trace-0005223,2026-08-18T15:12:58.135157+00:00,checkout,253.54,False
42-trace-0008600,2026-08-18T15:33:27.237033+00:00,checkout,244.78,False
42-trace-0024781,2026-08-18T15:33:35.419208+00:00,api_generic,116.47,False
42-trace-0005283,2026-08-18T15:13:20.209346+00:00,checkout,178.1,False
42-trace-0008614,2026-08-18T15:33:31.118754+00:00,checkout,352.99,False
42-trace-0015350,2026-08-18T15:26:57.659703+00:00,site_latency,96.21,False
42-trace-0005298,2026-08-18T15:13:25.267053+00:00,checkout,296.73,False
42-trace-0023903,2026-08-18T15:30:12.294652+00:00,api_generic,50.63,False
42-trace-0019680,2026-08-18T15:13:11.491217+00:00,api_generic,96.97,False
42-trace-0014926,2026-08-18T15:25:26.345923+00:00,site_latency,194.25,False
42-trace-0012702,2026-08-18T15:18:03.438104+00:00,site_latency,106.88,False
42-trace-0008766,2026-08-18T15:04:30.621807+00:00,site_latency,271.86,False
42-trace-0013614,2026-08-18T15:21:07.011153+00:00,site_latency,152.02,False
42-trace-0001516,2026-08-18T15:16:37.609511+00:00,pix,129.17,False
42-trace-0007966,2026-08-18T15:29:29.999635+00:00,checkout,360.53,False
42-trace-0008899,2026-08-18T15:05:01.300507+00:00,site_latency,123.51,False
42-trace-0015262,2026-08-18T15:26:35.803593+00:00,site_latency,121.56,False
42-trace-0005410,2026-08-18T15:14:12.756833+00:00,checkout,449.08,False
42-trace-0002730,2026-08-18T15:26:11.824337+00:00,pix,77.09,False
42-trace-0017401,2026-08-18T15:34:06.997423+00:00,site_latency,155.11,False
42-trace-0002183,2026-08-18T15:21:59.833369+00:00,pix,62.53,False
42-trace-0010759,2026-08-18T15:11:20.021106+00:00,site_latency,198.58,False
42-trace-0005980,2026-08-18T15:17:41.477567+00:00,checkout,723.88,False
42-trace-0013093,2026-08-18T15:19:20.614040+00:00,site_latency,286.66,False
42-trace-0003506,2026-08-18T15:32:17.553944+00:00,pix,213.65,False
42-trace-0003202,2026-08-18T15:29:52.131638+00:00,pix,180.32,False
42-trace-0009048,2026-08-18T15:05:29.524752+00:00,site_latency,111.88,False
42-trace-0012698,2026-08-18T15:18:02.193204+00:00,site_latency,131.56,False
42-trace-0015105,2026-08-18T15:26:03.074935+00:00,site_latency,106.22,False
42-trace-0006518,2026-08-18T15:20:51.357636+00:00,checkout,333.49,False
42-trace-0023233,2026-08-18T15:27:33.207182+00:00,api_generic,85.89,False
42-trace-0007555,2026-08-18T15:26:56.988081+00:00,checkout,604.24,False
42-trace-0006188,2026-08-18T15:18:59.300469+00:00,checkout,364.89,False
42-trace-0006216,2026-08-18T15:19:07.886078+00:00,checkout,641.31,False
42-trace-0013609,2026-08-18T15:21:05.829371+00:00,site_latency,303.1,False
42-trace-0001718,2026-08-18T15:18:08.458647+00:00,pix,99.74,False
42-trace-0007051,2026-08-18T15:24:01.942499+00:00,checkout,440.54,False
42-trace-0007607,2026-08-18T15:27:14.907593+00:00,checkout,728.29,False
42-trace-0019358,2026-08-18T15:11:50.469663+00:00,api_generic,49.4,False
42-trace-0002462,2026-08-18T15:24:04.337206+00:00,pix,75.78,False
42-trace-0008616,2026-08-18T15:33:31.913762+00:00,checkout,301.98,False
42-trace-0007188,2026-08-18T15:24:53.087952+00:00,checkout,688.64,False
42-trace-0022867,2026-08-18T15:26:07.862643+00:00,api_generic,86.61,False
42-trace-0006003,2026-08-18T15:17:48.883953+00:00,checkout,239.41,False
42-trace-0014806,2026-08-18T15:25:03.271650+00:00,site_latency,165.12,False
42-trace-0001402,2026-08-18T15:15:47.346399+00:00,pix,107.14,False
42-trace-0021200,2026-08-18T15:19:25.627844+00:00,api_generic,40.04,False
42-trace-0010193,2026-08-18T15:09:18.504695+00:00,site_latency,119.96,False
42-trace-0007575,2026-08-18T15:27:02.375624+00:00,checkout,238.06,False
42-trace-0011720,2026-08-18T15:14:39.746259+00:00,site_latency,98.39,False
42-trace-0019143,2026-08-18T15:10:59.090586+00:00,api_generic,71.29,False
42-trace-0019766,2026-08-18T15:13:34.314677+00:00,api_generic,38.13,False
42-trace-0014063,2026-08-18T15:22:37.508288+00:00,site_latency,154.73,False
42-trace-0005531,2026-08-18T15:14:58.084917+00:00,checkout,279.46,False
42-trace-0016154,2026-08-18T15:29:42.495042+00:00,site_latency,152.23,False
42-trace-0002590,2026-08-18T15:25:08.327270+00:00,pix,149.3,False
42-trace-0010825,2026-08-18T15:11:32.679917+00:00,site_latency,203.89,False
42-trace-0012684,2026-08-18T15:17:59.066299+00:00,site_latency,114.2,False
42-trace-0024562,2026-08-18T15:32:47.413051+00:00,api_generic,29.87,False
42-trace-0021564,2026-08-18T15:20:55.698073+00:00,api_generic,143.24,False
42-trace-0005558,2026-08-18T15:15:05.234713+00:00,checkout,234.2,False
42-trace-0024972,2026-08-18T15:34:20.802298+00:00,api_generic,61.07,False
42-trace-0018328,2026-08-18T15:07:39.441255+00:00,api_generic,77.25,False
42-trace-0009484,2026-08-18T15:06:57.114636+00:00,site_latency,183.31,False
42-trace-0008256,2026-08-18T15:31:20.180927+00:00,checkout,390.05,False
42-trace-0011069,2026-08-18T15:12:26.020583+00:00,site_latency,227.91,False
42-trace-0021934,2026-08-18T15:22:17.900242+00:00,api_generic,86.43,False
42-trace-0004647,2026-08-18T15:09:40.120523+00:00,checkout,306.88,False
42-trace-0000812,2026-08-18T15:11:04.835695+00:00,pix,98.03,False
42-trace-0024517,2026-08-18T15:32:36.460791+00:00,api_generic,599.31,False
42-trace-0019605,2026-08-18T15:12:50.588453+00:00,api_generic,100.36,False
42-trace-0000629,2026-08-18T15:09:40.729366+00:00,pix,83.37,False
42-trace-0010841,2026-08-18T15:11:36.562000+00:00,site_latency,246.05,False
42-trace-0005711,2026-08-18T15:16:09.671448+00:00,checkout,311.06,False
42-trace-0023275,2026-08-18T15:27:44.936799+00:00,api_generic,108.78,False
42-trace-0014600,2026-08-18T15:24:21.327174+00:00,site_latency,188.59,False
42-trace-0014470,2026-08-18T15:23:57.184929+00:00,site_latency,183.97,False
42-trace-0019474,2026-08-18T15:12:18.819356+00:00,api_generic,77.15,False
42-trace-0011600,2026-08-18T15:14:16.073728+00:00,site_latency,487.99,False
42-trace-0016880,2026-08-18T15:32:17.576542+00:00,site_latency,189.86,False
42-trace-0005552,2026-08-18T15:15:03.110556+00:00,checkout,369.34,False
42-trace-0008487,2026-08-18T15:32:46.770725+00:00,checkout,1437.97,False
42-trace-0004793,2026-08-18T15:10:34.838655+00:00,checkout,175.86,False
42-trace-0016173,2026-08-18T15:29:45.490461+00:00,site_latency,306.69,False
42-trace-0017629,2026-08-18T15:04:52.475136+00:00,api_generic,55.12,False
42-trace-0017813,2026-08-18T15:05:35.858344+00:00,api_generic,125.4,False
42-trace-0014649,2026-08-18T15:24:34.047412+00:00,site_latency,208.03,False
42-trace-0013684,2026-08-18T15:21:20.556034+00:00,site_latency,165.15,False
42-trace-0000707,2026-08-18T15:10:17.515536+00:00,pix,87.25,False
42-trace-0004141,2026-08-18T15:06:41.840169+00:00,checkout,165.9,False
42-trace-0020789,2026-08-18T15:17:44.212285+00:00,api_generic,126.4,False
42-trace-0021836,2026-08-18T15:21:57.458713+00:00,api_generic,84.12,False
42-trace-0011646,2026-08-18T15:14:24.276813+00:00,site_latency,328.01,False
42-trace-0009687,2026-08-18T15:07:40.014095+00:00,site_latency,173.75,False
42-trace-0022101,2026-08-18T15:22:58.618987+00:00,api_generic,50.77,False
42-trace-0021624,2026-08-18T15:21:07.663097+00:00,api_generic,39.27,False
42-trace-0017151,2026-08-18T15:33:15.671072+00:00,site_latency,98.19,False
42-trace-0016279,2026-08-18T15:30:13.997261+00:00,site_latency,182.92,False
42-trace-0004371,2026-08-18T15:08:02.409291+00:00,checkout,273.6,False
42-trace-0008332,2026-08-18T15:31:49.643978+00:00,checkout,737.49,False
42-trace-0019044,2026-08-18T15:10:36.166802+00:00,api_generic,56.14,False
42-trace-0000068,2026-08-18T15:04:58.856867+00:00,pix,102.07,False
42-trace-0016134,2026-08-18T15:29:39.010889+00:00,site_latency,181.09,False
42-trace-0011546,2026-08-18T15:14:04.556605+00:00,site_latency,246.57,False
42-trace-0014933,2026-08-18T15:25:27.690678+00:00,site_latency,281.91,False
42-trace-0006179,2026-08-18T15:18:56.094743+00:00,checkout,279.48,False
42-trace-0008868,2026-08-18T15:04:51.579419+00:00,site_latency,168.83,False
42-trace-0013757,2026-08-18T15:21:31.504332+00:00,site_latency,112.53,False
42-trace-0008660,2026-08-18T15:33:51.490687+00:00,checkout,444.66,False
42-trace-0018767,2026-08-18T15:09:24.102289+00:00,api_generic,128.37,False
42-trace-0007650,2026-08-18T15:27:28.994358+00:00,checkout,1184.11,True
42-trace-0019206,2026-08-18T15:11:14.304431+00:00,api_generic,54.53,False
42-trace-0018228,2026-08-18T15:07:14.827586+00:00,api_generic,81.13,False
42-trace-0013084,2026-08-18T15:19:19.541125+00:00,site_latency,255.86,False
42-trace-0012183,2026-08-18T15:16:17.131676+00:00,site_latency,362.14,False
42-trace-0009193,2026-08-18T15:06:01.217799+00:00,site_latency,167.68,False
42-trace-0023543,2026-08-18T15:28:50.583642+00:00,api_generic,62.28,False
42-trace-0016089,2026-08-18T15:29:30.267427+00:00,site_latency,160.59,False
42-trace-0014513,2026-08-18T15:24:05.395138+00:00,site_latency,378.04,False
42-trace-0011479,2026-08-18T15:13:50.015130+00:00,site_latency,340.57,False
42-trace-0009225,2026-08-18T15:06:08.183944+00:00,site_latency,159.75,False
42-trace-0015877,2026-08-18T15:28:43.134123+00:00,site_latency,239.68,False
42-trace-0022761,2026-08-18T15:25:43.013287+00:00,api_generic,62.69,False
42-trace-0014104,2026-08-18T15:22:43.541093+00:00,site_latency,120.67,False
42-trace-0003716,2026-08-18T15:34:12.145484+00:00,pix,88.79,False
42-trace-0022008,2026-08-18T15:22:34.303683+00:00,api_generic,72.22,True
42-trace-0000272,2026-08-18T15:06:50.340599+00:00,pix,134.06,False
42-trace-0022723,2026-08-18T15:25:31.070454+00:00,api_generic,84.33,False
42-trace-0003813,2026-08-18T15:04:47.300082+00:00,checkout,292.78,False
42-trace-0022980,2026-08-18T15:26:35.576739+00:00,api_generic,125.58,False
42-trace-0017520,2026-08-18T15:04:30.656113+00:00,api_generic,62.2,False
42-trace-0002248,2026-08-18T15:22:39.006149+00:00,pix,92.47,False
42-trace-0020112,2026-08-18T15:14:56.284490+00:00,api_generic,198.92,False
42-trace-0016577,2026-08-18T15:31:17.525307+00:00,site_latency,135.63,False
42-trace-0014287,2026-08-18T15:23:20.010374+00:00,site_latency,483.95,False
42-trace-0014769,2026-08-18T15:24:57.571045+00:00,site_latency,243.04,False
42-trace-0009273,2026-08-18T15:06:16.626680+00:00,site_latency,720.93,False
42-trace-0024313,2026-08-18T15:31:47.291991+00:00,api_generic,74.52,False
42-trace-0017257,2026-08-18T15:33:37.007075+00:00,site_latency,27.88,False
42-trace-0012877,2026-08-18T15:18:37.168258+00:00,site_latency,158.12,False
42-trace-0012583,2026-08-18T15:17:39.349848+00:00,site_latency,109.16,False
42-trace-0001876,2026-08-18T15:19:33.983670+00:00,pix,63.28,False
42-trace-0012017,2026-08-18T15:15:43.738781+00:00,site_latency,2091.53,False
42-trace-0004019,2026-08-18T15:05:58.136917+00:00,checkout,394.25,False
42-trace-0024477,2026-08-18T15:32:25.560725+00:00,api_generic,95.24,False
42-trace-0021827,2026-08-18T15:21:55.836098+00:00,api_generic,120.22,False
42-trace-0013842,2026-08-18T15:21:53.598716+00:00,site_latency,340.43,False
42-trace-0002577,2026-08-18T15:25:04.216245+00:00,pix,140.04,True
42-trace-0001227,2026-08-18T15:14:22.155310+00:00,pix,154.86,False
42-trace-0010164,2026-08-18T15:09:11.841375+00:00,site_latency,97.11,False
42-trace-0018814,2026-08-18T15:09:36.182520+00:00,api_generic,78.84,False
42-trace-0020016,2026-08-18T15:14:30.075903+00:00,api_generic,86.29,False
42-trace-0022817,2026-08-18T15:25:56.797531+00:00,api_generic,95.28,False
42-trace-0001487,2026-08-18T15:16:23.894282+00:00,pix,163.17,False
42-trace-0003939,2026-08-18T15:05:28.695098+00:00,checkout,360.4,False
42-trace-0002689,2026-08-18T15:25:54.940534+00:00,pix,188.27,False
42-trace-0008318,2026-08-18T15:31:43.730612+00:00,checkout,291.23,False
42-trace-0019119,2026-08-18T15:10:53.065584+00:00,api_generic,63.64,False
42-trace-0007627,2026-08-18T15:27:20.900029+00:00,checkout,420.14,False
42-trace-0020171,2026-08-18T15:15:08.363163+00:00,api_generic,67.98,False
42-trace-0016210,2026-08-18T15:29:56.087243+00:00,site_latency,153.55,False
42-trace-0017607,2026-08-18T15:04:48.193341+00:00,api_generic,113.69,False
42-trace-0021169,2026-08-18T15:19:18.995003+00:00,api_generic,125.03,False
42-trace-0016853,2026-08-18T15:32:09.744196+00:00,site_latency,293.63,False
42-trace-0005472,2026-08-18T15:14:37.148788+00:00,checkout,155.08,False
42-trace-0009399,2026-08-18T15:06:40.518944+00:00,site_latency,92.51,False
42-trace-0014948,2026-08-18T15:25:31.532840+00:00,site_latency,140.58,False
42-trace-0018726,2026-08-18T15:09:12.326051+00:00,api_generic,62.54,False
42-trace-0011186,2026-08-18T15:12:51.994010+00:00,site_latency,407.08,False
42-trace-0007214,2026-08-18T15:25:01.726280+00:00,checkout,204.27,False
42-trace-0009731,2026-08-18T15:07:48.431437+00:00,site_latency,422.73,False
42-trace-0008995,2026-08-18T15:05:18.910899+00:00,site_latency,91.81,False
42-trace-0004722,2026-08-18T15:10:07.383309+00:00,checkout,380.87,False
42-trace-0005142,2026-08-18T15:12:27.358835+00:00,checkout,245.72,False
42-trace-0015589,2026-08-18T15:27:44.815686+00:00,site_latency,148.81,False
42-trace-0013069,2026-08-18T15:19:16.150753+00:00,site_latency,141.28,False
42-trace-0013935,2026-08-18T15:22:08.801742+00:00,site_latency,192.07,False
42-trace-0020050,2026-08-18T15:14:40.710823+00:00,api_generic,108.68,False
42-trace-0009911,2026-08-18T15:08:24.280814+00:00,site_latency,165.34,False
42-trace-0019534,2026-08-18T15:12:35.890447+00:00,api_generic,228.75,False
42-trace-0022616,2026-08-18T15:25:03.421773+00:00,api_generic,49.02,False
42-trace-0015580,2026-08-18T15:27:43.105248+00:00,site_latency,256.57,False
42-trace-0019511,2026-08-18T15:12:28.891890+00:00,api_generic,232.2,False
42-trace-0004513,2026-08-18T15:08:51.964659+00:00,checkout,258.55,False
42-trace-0021713,2026-08-18T15:21:26.257734+00:00,api_generic,45.61,False
42-trace-0001803,2026-08-18T15:18:55.271306+00:00,pix,107.87,False
42-trace-0020023,2026-08-18T15:14:33.332809+00:00,api_generic,104.88,False
42-trace-0004300,2026-08-18T15:07:35.975724+00:00,checkout,388.75,False
42-trace-0001776,2026-08-18T15:18:36.952225+00:00,pix,133.14,False
42-trace-0015957,2026-08-18T15:29:02.088945+00:00,site_latency,119.42,False
42-trace-0020772,2026-08-18T15:17:40.119074+00:00,api_generic,68.32,False
42-trace-0019507,2026-08-18T15:12:27.298306+00:00,api_generic,80.02,False
42-trace-0014430,2026-08-18T15:23:48.899777+00:00,site_latency,93.37,False
42-trace-0017201,2026-08-18T15:33:25.175491+00:00,site_latency,57.75,False
42-trace-0022930,2026-08-18T15:26:24.226039+00:00,api_generic,112.04,False
42-trace-0022974,2026-08-18T15:26:34.081951+00:00,api_generic,39.59,False
42-trace-0019322,2026-08-18T15:11:41.346180+00:00,api_generic,64.95,False
42-trace-0014173,2026-08-18T15:22:58.464392+00:00,site_latency,60.77,False
42-trace-0007643,2026-08-18T15:27:27.222454+00:00,checkout,276.92,False
42-trace-0006573,2026-08-18T15:21:09.362347+00:00,checkout,340.43,False
42-trace-0019809,2026-08-18T15:13:43.695565+00:00,api_generic,71.4,False
42-trace-0001241,2026-08-18T15:14:26.880933+00:00,pix,187.62,False
42-trace-0022064,2026-08-18T15:22:50.138604+00:00,api_generic,55.52,False
42-trace-0001949,2026-08-18T15:20:04.802390+00:00,pix,88.46,False
42-trace-0023598,2026-08-18T15:29:01.300598+00:00,api_generic,78.58,False
42-trace-0020141,2026-08-18T15:15:01.986147+00:00,api_generic,42.04,False
42-trace-0007584,2026-08-18T15:27:04.462230+00:00,checkout,85.31,False
42-trace-0015196,2026-08-18T15:26:19.637801+00:00,site_latency,260.95,False
42-trace-0017866,2026-08-18T15:05:46.231471+00:00,api_generic,33.85,False
42-trace-0007586,2026-08-18T15:27:04.752327+00:00,checkout,202.3,False
42-trace-0022691,2026-08-18T15:25:23.891571+00:00,api_generic,120.46,False
42-trace-0023688,2026-08-18T15:29:21.600793+00:00,api_generic,67.56,False
42-trace-0004804,2026-08-18T15:10:38.999229+00:00,checkout,171.48,False
42-trace-0003354,2026-08-18T15:31:04.240517+00:00,pix,90.51,False
42-trace-0024288,2026-08-18T15:31:40.861579+00:00,api_generic,141.85,False
42-trace-0000070,2026-08-18T15:05:02.718479+00:00,pix,112.23,False
42-trace-0006860,2026-08-18T15:22:51.240400+00:00,checkout,198.57,False
42-trace-0014281,2026-08-18T15:23:18.958068+00:00,site_latency,142.79,False
42-trace-0017630,2026-08-18T15:04:52.853466+00:00,api_generic,78.17,False
42-trace-0019742,2026-08-18T15:13:27.683500+00:00,api_generic,51.39,False
42-trace-0002267,2026-08-18T15:22:45.191602+00:00,pix,148.48,False
42-trace-0012215,2026-08-18T15:16:24.758702+00:00,site_latency,51.57,False
42-trace-0002338,2026-08-18T15:23:11.647160+00:00,pix,160.71,False
42-trace-0020258,2026-08-18T15:15:28.954435+00:00,api_generic,114.02,False
42-trace-0021466,2026-08-18T15:20:30.458111+00:00,api_generic,30.22,False
42-trace-0006683,2026-08-18T15:21:50.124447+00:00,checkout,211.98,False
42-trace-0000488,2026-08-18T15:08:35.746478+00:00,pix,139.5,False
42-trace-0000063,2026-08-18T15:04:54.595214+00:00,pix,127.03,False
42-trace-0015590,2026-08-18T15:27:44.818202+00:00,site_latency,108.49,False
42-trace-0000170,2026-08-18T15:05:58.374836+00:00,pix,118.3,False
42-trace-0002848,2026-08-18T15:27:09.273318+00:00,pix,96.56,False
42-trace-0018284,2026-08-18T15:07:30.255508+00:00,api_generic,119.15,False
42-trace-0021215,2026-08-18T15:19:30.588137+00:00,api_generic,146.66,False
42-trace-0021535,2026-08-18T15:20:48.036569+00:00,api_generic,161.41,False
42-trace-0009207,2026-08-18T15:06:03.869938+00:00,site_latency,295.67,False
42-trace-0022578,2026-08-18T15:24:53.914411+00:00,api_generic,51.16,False
42-trace-0019867,2026-08-18T15:13:55.270982+00:00,api_generic,216.1,False
42-trace-0010472,2026-08-18T15:10:22.774716+00:00,site_latency,132.55,False
42-trace-0000306,2026-08-18T15:07:08.234622+00:00,pix,83.01,False
42-trace-0023034,2026-08-18T15:26:49.489061+00:00,api_generic,128.35,False
42-trace-0003163,2026-08-18T15:29:37.178198+00:00,pix,145.72,False
42-trace-0004320,2026-08-18T15:07:45.569511+00:00,checkout,556.91,False
42-trace-0016377,2026-08-18T15:30:33.609480+00:00,site_latency,108.45,False
42-trace-0018138,2026-08-18T15:06:56.585266+00:00,api_generic,232.12,True
42-trace-0015432,2026-08-18T15:27:15.721099+00:00,site_latency,107.1,False
42-trace-0023590,2026-08-18T15:28:59.714655+00:00,api_generic,142.04,False
42-trace-0022305,2026-08-18T15:23:47.243028+00:00,api_generic,57.65,False
42-trace-0014767,2026-08-18T15:24:57.400143+00:00,site_latency,131.27,False
42-trace-0021954,2026-08-18T15:22:22.508680+00:00,api_generic,69.9,False
42-trace-0001169,2026-08-18T15:13:59.289620+00:00,pix,103.89,False
42-trace-0019479,2026-08-18T15:12:20.054044+00:00,api_generic,67.04,False
42-trace-0002213,2026-08-18T15:22:22.349998+00:00,pix,188.59,False
42-trace-0003258,2026-08-18T15:30:17.079279+00:00,pix,213.36,False
42-trace-0021813,2026-08-18T15:21:51.997895+00:00,api_generic,140.43,False
42-trace-0017078,2026-08-18T15:32:58.103181+00:00,site_latency,187.46,False
42-trace-0005573,2026-08-18T15:15:10.026584+00:00,checkout,272.56,False
42-trace-0003040,2026-08-18T15:28:32.694347+00:00,pix,117.01,False
42-trace-0020204,2026-08-18T15:15:15.245409+00:00,api_generic,293.9,False
42-trace-0022434,2026-08-18T15:24:16.580597+00:00,api_generic,211.5,False
42-trace-0007949,2026-08-18T15:29:23.503212+00:00,checkout,156.57,False
42-trace-0013891,2026-08-18T15:22:01.490930+00:00,site_latency,203.97,False
42-trace-0003290,2026-08-18T15:30:33.429531+00:00,pix,83.72,False
42-trace-0008236,2026-08-18T15:31:11.938643+00:00,checkout,386.42,False
42-trace-0006975,2026-08-18T15:23:31.428471+00:00,checkout,273.87,False
42-trace-0017833,2026-08-18T15:05:40.494970+00:00,api_generic,119.36,False
42-trace-0012671,2026-08-18T15:17:56.095922+00:00,site_latency,120.41,False
42-trace-0006909,2026-08-18T15:23:09.428982+00:00,checkout,167.76,False
42-trace-0012554,2026-08-18T15:17:34.519837+00:00,site_latency,146.52,False
42-trace-0002668,2026-08-18T15:25:44.916635+00:00,pix,109.13,False
42-trace-0011701,2026-08-18T15:14:36.175998+00:00,site_latency,73.23,False
42-trace-0002148,2026-08-18T15:21:45.048325+00:00,pix,166.55,False
42-trace-0021217,2026-08-18T15:19:30.779013+00:00,api_generic,97.66,False
42-trace-0002863,2026-08-18T15:27:16.459718+00:00,pix,91.22,False
42-trace-0014245,2026-08-18T15:23:12.996772+00:00,site_latency,341.86,False
42-trace-0009585,2026-08-18T15:07:18.813871+00:00,site_latency,80.98,False
42-trace-0020984,2026-08-18T15:18:31.316011+00:00,api_generic,37.7,False
42-trace-0012966,2026-08-18T15:18:55.950323+00:00,site_latency,161.88,False
42-trace-0000949,2026-08-18T15:12:10.028839+00:00,pix,137.21,False
42-trace-0015201,2026-08-18T15:26:20.512279+00:00,site_latency,628.47,False
42-trace-0024959,2026-08-18T15:34:17.744240+00:00,api_generic,105.24,False
42-trace-0016354,2026-08-18T15:30:28.383971+00:00,site_latency,243.81,False
42-trace-0022058,2026-08-18T15:22:49.255023+00:00,api_generic,209.89,False
42-trace-0008681,2026-08-18T15:33:56.390999+00:00,checkout,413.21,False
42-trace-0013680,2026-08-18T15:21:20.199933+00:00,site_latency,144.32,False
42-trace-0020549,2026-08-18T15:16:37.598438+00:00,api_generic,91.09,False
42-trace-0024961,2026-08-18T15:34:18.753498+00:00,api_generic,39.15,False
42-trace-0017854,2026-08-18T15:05:43.190457+00:00,api_generic,124.77,False
42-trace-0005857,2026-08-18T15:16:53.808049+00:00,checkout,300.32,False
42-trace-0017216,2026-08-18T15:33:28.390556+00:00,site_latency,63.82,False
42-trace-0016163,2026-08-18T15:29:43.539951+00:00,site_latency,132.51,False
42-trace-0023801,2026-08-18T15:29:46.400914+00:00,api_generic,132.85,False
42-trace-0007939,2026-08-18T15:29:18.613254+00:00,checkout,470.71,False
42-trace-0015579,2026-08-18T15:27:42.712763+00:00,site_latency,184.64,False
42-trace-0016905,2026-08-18T15:32:22.049785+00:00,site_latency,186.82,False
42-trace-0007411,2026-08-18T15:26:11.085953+00:00,checkout,110.99,False
42-trace-0023312,2026-08-18T15:27:54.586226+00:00,api_generic,102.29,False
42-trace-0019099,2026-08-18T15:10:49.922330+00:00,api_generic,60.5,False
42-trace-0019093,2026-08-18T15:10:48.990576+00:00,api_generic,62.52,False
42-trace-0023196,2026-08-18T15:27:25.990753+00:00,api_generic,216.85,False
42-trace-0015059,2026-08-18T15:25:54.738981+00:00,site_latency,164.01,False
42-trace-0018539,2026-08-18T15:08:25.703475+00:00,api_generic,76.54,False
42-trace-0022394,2026-08-18T15:24:06.771528+00:00,api_generic,180.92,False
42-trace-0017914,2026-08-18T15:05:57.927153+00:00,api_generic,68.61,False
42-trace-0010746,2026-08-18T15:11:15.734985+00:00,site_latency,114.52,False
42-trace-0021421,2026-08-18T15:20:18.871490+00:00,api_generic,44.14,False
42-trace-0011138,2026-08-18T15:12:42.973107+00:00,site_latency,216.62,False
42-trace-0011074,2026-08-18T15:12:27.383795+00:00,site_latency,76.46,False
42-trace-0022460,2026-08-18T15:24:23.734712+00:00,api_generic,35.43,False
42-trace-0018859,2026-08-18T15:09:46.647848+00:00,api_generic,48.75,False
42-trace-0007094,2026-08-18T15:24:21.051101+00:00,checkout,288.25,False
42-trace-0000670,2026-08-18T15:09:58.582318+00:00,pix,48.9,False
42-trace-0008480,2026-08-18T15:32:45.213737+00:00,checkout,800.9,False
42-trace-0018526,2026-08-18T15:08:20.543275+00:00,api_generic,109.01,False
42-trace-0005770,2026-08-18T15:16:27.349079+00:00,checkout,311.42,False
42-trace-0006341,2026-08-18T15:19:50.260469+00:00,checkout,365.27,False
42-trace-0009956,2026-08-18T15:08:31.750139+00:00,site_latency,276.84,False
42-trace-0006538,2026-08-18T15:20:59.525999+00:00,checkout,143.12,False
42-trace-0020792,2026-08-18T15:17:44.681375+00:00,api_generic,143.35,False
42-trace-0007961,2026-08-18T15:29:27.818870+00:00,checkout,613.01,False
42-trace-0015008,2026-08-18T15:25:43.346745+00:00,site_latency,46.4,False
42-trace-0022686,2026-08-18T15:25:23.145349+00:00,api_generic,100.74,False
42-trace-0002393,2026-08-18T15:23:33.230144+00:00,pix,67.12,False
42-trace-0009246,2026-08-18T15:06:11.422011+00:00,site_latency,85.27,False
42-trace-0016152,2026-08-18T15:29:41.803002+00:00,site_latency,174.92,False
42-trace-0009565,2026-08-18T15:07:13.412907+00:00,site_latency,401.15,False
42-trace-0014822,2026-08-18T15:25:06.723725+00:00,site_latency,306.68,False
42-trace-0015065,2026-08-18T15:25:55.742205+00:00,site_latency,54.31,False
42-trace-0002923,2026-08-18T15:27:43.801156+00:00,pix,76.86,False
42-trace-0017348,2026-08-18T15:33:56.131628+00:00,site_latency,373.35,False
42-trace-0002274,2026-08-18T15:22:46.858495+00:00,pix,164.91,False
42-trace-0017717,2026-08-18T15:05:14.536300+00:00,api_generic,81.5,False
42-trace-0008217,2026-08-18T15:31:04.541799+00:00,checkout,490.6,False
42-trace-0017090,2026-08-18T15:33:02.649382+00:00,site_latency,226.6,False
42-trace-0018585,2026-08-18T15:08:37.146003+00:00,api_generic,67.05,False
42-trace-0020914,2026-08-18T15:18:13.117656+00:00,api_generic,49.69,False
42-trace-0014384,2026-08-18T15:23:38.882316+00:00,site_latency,163.75,False
42-trace-0015940,2026-08-18T15:28:57.264000+00:00,site_latency,190.59,False
42-trace-0010636,2026-08-18T15:10:53.993326+00:00,site_latency,196.11,False
42-trace-0000700,2026-08-18T15:10:15.084379+00:00,pix,111.84,False
42-trace-0021589,2026-08-18T15:21:02.426036+00:00,api_generic,136.12,False
42-trace-0018448,2026-08-18T15:08:03.094952+00:00,api_generic,140.82,False
42-trace-0007041,2026-08-18T15:23:58.110001+00:00,checkout,286.9,False
42-trace-0010066,2026-08-18T15:08:52.544719+00:00,site_latency,79.56,False
42-trace-0000596,2026-08-18T15:09:26.504682+00:00,pix,103.46,False
42-trace-0004246,2026-08-18T15:07:17.846528+00:00,checkout,265.49,False
42-trace-0021342,2026-08-18T15:19:59.131432+00:00,api_generic,133.4,False
42-trace-0011344,2026-08-18T15:13:24.704641+00:00,site_latency,95.56,False
42-trace-0004775,2026-08-18T15:10:27.289194+00:00,checkout,424.29,False
42-trace-0020478,2026-08-18T15:16:20.722500+00:00,api_generic,58.19,False
42-trace-0001346,2026-08-18T15:15:18.179560+00:00,pix,1367.2,False
42-trace-0003554,2026-08-18T15:32:43.906265+00:00,pix,66.09,False
42-trace-0021158,2026-08-18T15:19:16.127094+00:00,api_generic,55.39,False
42-trace-0007463,2026-08-18T15:26:24.989072+00:00,checkout,237.47,False
42-trace-0002025,2026-08-18T15:20:44.115802+00:00,pix,75.25,False
42-trace-0008717,2026-08-18T15:34:09.439707+00:00,checkout,258.9,False
42-trace-0016733,2026-08-18T15:31:48.470809+00:00,site_latency,2317.96,False
42-trace-0015536,2026-08-18T15:27:33.518383+00:00,site_latency,126.84,False
42-trace-0023838,2026-08-18T15:29:54.298417+00:00,api_generic,42.56,False
42-trace-0024808,2026-08-18T15:33:43.545489+00:00,api_generic,77.64,False
42-trace-0001000,2026-08-18T15:12:33.703158+00:00,pix,160.1,False
42-trace-0003846,2026-08-18T15:04:59.584373+00:00,checkout,473.1,False
42-trace-0023959,2026-08-18T15:30:22.742026+00:00,api_generic,99.26,False
42-trace-0009123,2026-08-18T15:05:45.180328+00:00,site_latency,178.11,False
42-trace-0002325,2026-08-18T15:23:06.678079+00:00,pix,52.11,False
42-trace-0006064,2026-08-18T15:18:12.996889+00:00,checkout,302.81,False
42-trace-0004400,2026-08-18T15:08:12.880513+00:00,checkout,277.69,False
42-trace-0021997,2026-08-18T15:22:31.303221+00:00,api_generic,89.3,False
42-trace-0010080,2026-08-18T15:08:56.060876+00:00,site_latency,242.76,False
42-trace-0007572,2026-08-18T15:27:01.730200+00:00,checkout,197.84,False
42-trace-0018223,2026-08-18T15:07:13.589748+00:00,api_generic,22.73,False
42-trace-0006095,2026-08-18T15:18:24.324817+00:00,checkout,430.37,False
42-trace-0003326,2026-08-18T15:30:49.696890+00:00,pix,132.54,False
42-trace-0022987,2026-08-18T15:26:37.200599+00:00,api_generic,123.62,False
42-trace-0002022,2026-08-18T15:20:41.869456+00:00,pix,91.01,False
42-trace-0005774,2026-08-18T15:16:29.251355+00:00,checkout,467.98,False
42-trace-0021735,2026-08-18T15:21:31.598952+00:00,api_generic,57.44,False
42-trace-0019059,2026-08-18T15:10:40.213858+00:00,api_generic,186.7,False
42-trace-0016487,2026-08-18T15:30:57.090486+00:00,site_latency,96.73,False
42-trace-0004428,2026-08-18T15:08:19.940874+00:00,checkout,379.99,False
42-trace-0013466,2026-08-18T15:20:37.477518+00:00,site_latency,87.64,False
42-trace-0002282,2026-08-18T15:22:49.864405+00:00,pix,120.56,False
42-trace-0000521,2026-08-18T15:08:50.463470+00:00,pix,85.45,False
42-trace-0001804,2026-08-18T15:18:55.327529+00:00,pix,103.97,False
42-trace-0017381,2026-08-18T15:34:02.369071+00:00,site_latency,461.66,False
42-trace-0001657,2026-08-18T15:17:40.357470+00:00,pix,137.48,False
42-trace-0008253,2026-08-18T15:31:18.861785+00:00,checkout,147.12,False
42-trace-0016212,2026-08-18T15:29:56.443876+00:00,site_latency,124.48,False
42-trace-0019871,2026-08-18T15:13:55.931850+00:00,api_generic,109.2,False
42-trace-0023582,2026-08-18T15:28:58.505026+00:00,api_generic,149.87,False
42-trace-0021554,2026-08-18T15:20:52.430234+00:00,api_generic,140.9,False
42-trace-0004611,2026-08-18T15:09:23.684396+00:00,checkout,237.97,False
42-trace-0002429,2026-08-18T15:23:50.420165+00:00,pix,119.29,False
42-trace-0022356,2026-08-18T15:23:58.021396+00:00,api_generic,52.14,False
42-trace-0010097,2026-08-18T15:08:59.976448+00:00,site_latency,296.16,False
42-trace-0007348,2026-08-18T15:25:47.523302+00:00,checkout,146.49,False
42-trace-0006259,2026-08-18T15:19:23.868167+00:00,checkout,371.39,False
42-trace-0003673,2026-08-18T15:33:46.848654+00:00,pix,146.35,False
42-trace-0021123,2026-08-18T15:19:07.547772+00:00,api_generic,112.44,False
42-trace-0016585,2026-08-18T15:31:19.857524+00:00,site_latency,251.93,False
42-trace-0015412,2026-08-18T15:27:11.185610+00:00,site_latency,65.34,False
42-trace-0002740,2026-08-18T15:26:17.464198+00:00,pix,195.34,False
42-trace-0012320,2026-08-18T15:16:48.399667+00:00,site_latency,392.4,False
42-trace-0014598,2026-08-18T15:24:21.239891+00:00,site_latency,178.03,False
42-trace-0024668,2026-08-18T15:33:09.024564+00:00,api_generic,145.54,False
42-trace-0014509,2026-08-18T15:24:05.211442+00:00,site_latency,239.4,False
42-trace-0002599,2026-08-18T15:25:12.583198+00:00,pix,61.42,False
42-trace-0008985,2026-08-18T15:05:16.702674+00:00,site_latency,243.72,False
42-trace-0001525,2026-08-18T15:16:44.647274+00:00,pix,103.43,False
42-trace-0023945,2026-08-18T15:30:19.560332+00:00,api_generic,95.61,False
42-trace-0001598,2026-08-18T15:17:14.780039+00:00,pix,130.45,False
42-trace-0011676,2026-08-18T15:14:30.369349+00:00,site_latency,255.31,False
42-trace-0023085,2026-08-18T15:27:01.799324+00:00,api_generic,112.41,False
42-trace-0010263,2026-08-18T15:09:34.215896+00:00,site_latency,122.71,False
42-trace-0010698,2026-08-18T15:11:05.476080+00:00,site_latency,79.73,False
42-trace-0004156,2026-08-18T15:06:46.137028+00:00,checkout,158.1,False
42-trace-0016785,2026-08-18T15:31:58.188891+00:00,site_latency,613.43,False
42-trace-0010230,2026-08-18T15:09:25.671855+00:00,site_latency,368.55,False
42-trace-0007723,2026-08-18T15:27:55.761984+00:00,checkout,303.63,False
42-trace-0004970,2026-08-18T15:11:27.682373+00:00,checkout,447.46,False
42-trace-0005572,2026-08-18T15:15:09.821353+00:00,checkout,235.84,False
42-trace-0010242,2026-08-18T15:09:28.305977+00:00,site_latency,217.7,False
42-trace-0013619,2026-08-18T15:21:08.611851+00:00,site_latency,149.33,False
42-trace-0016963,2026-08-18T15:32:32.592412+00:00,site_latency,1689.73,False
42-trace-0019207,2026-08-18T15:11:14.482421+00:00,api_generic,51.83,False
42-trace-0013018,2026-08-18T15:19:06.065763+00:00,site_latency,204.59,False
42-trace-0023063,2026-08-18T15:26:55.973992+00:00,api_generic,129.07,False
42-trace-0010973,2026-08-18T15:12:05.481484+00:00,site_latency,276.21,False
42-trace-0012321,2026-08-18T15:16:48.470460+00:00,site_latency,138.3,False
42-trace-0012774,2026-08-18T15:18:17.226753+00:00,site_latency,282.53,False
42-trace-0022150,2026-08-18T15:23:09.902901+00:00,api_generic,78.79,False
42-trace-0024933,2026-08-18T15:34:11.195772+00:00,api_generic,103.5,False
42-trace-0021380,2026-08-18T15:20:09.315568+00:00,api_generic,53.81,False
42-trace-0019409,2026-08-18T15:12:04.000220+00:00,api_generic,169.69,False
42-trace-0020520,2026-08-18T15:16:31.008991+00:00,api_generic,107.27,False
42-trace-0008044,2026-08-18T15:30:03.030333+00:00,checkout,179.3,False
42-trace-0014361,2026-08-18T15:23:35.149518+00:00,site_latency,88.26,False
42-trace-0002763,2026-08-18T15:26:30.357899+00:00,pix,99.56,False
42-trace-0013312,2026-08-18T15:20:03.829501+00:00,site_latency,64.91,False
42-trace-0013620,2026-08-18T15:21:08.742553+00:00,site_latency,270.9,False
42-trace-0014596,2026-08-18T15:24:21.118471+00:00,site_latency,225.83,False
42-trace-0000100,2026-08-18T15:05:16.407873+00:00,pix,87.41,False
42-trace-0002386,2026-08-18T15:23:31.064920+00:00,pix,168.25,True
42-trace-0001468,2026-08-18T15:16:14.870471+00:00,pix,333.13,False
42-trace-0007605,2026-08-18T15:27:13.781272+00:00,checkout,637.65,False
42-trace-0015241,2026-08-18T15:26:28.993131+00:00,site_latency,361.96,False
42-trace-0002613,2026-08-18T15:25:20.481975+00:00,pix,97.17,False
42-trace-0001231,2026-08-18T15:14:23.732581+00:00,pix,99.0,False
42-trace-0005096,2026-08-18T15:12:12.591422+00:00,checkout,181.14,False
42-trace-0018330,2026-08-18T15:07:39.973930+00:00,api_generic,55.79,False
42-trace-0014578,2026-08-18T15:24:17.953758+00:00,site_latency,417.75,False
42-trace-0016297,2026-08-18T15:30:16.758437+00:00,site_latency,240.69,False
42-trace-0012350,2026-08-18T15:16:55.471731+00:00,site_latency,143.27,False
42-trace-0000270,2026-08-18T15:06:48.185015+00:00,pix,120.0,False
42-trace-0024143,2026-08-18T15:31:06.035162+00:00,api_generic,61.12,False
42-trace-0005677,2026-08-18T15:15:59.236784+00:00,checkout,167.94,False
42-trace-0004681,2026-08-18T15:09:51.365311+00:00,checkout,383.06,False
42-trace-0010190,2026-08-18T15:09:17.510597+00:00,site_latency,221.12,False
42-trace-0022368,2026-08-18T15:24:00.947104+00:00,api_generic,136.52,False
42-trace-0008330,2026-08-18T15:31:48.831118+00:00,checkout,175.01,False
42-trace-0003595,2026-08-18T15:33:02.140481+00:00,pix,105.18,False
42-trace-0007652,2026-08-18T15:27:29.490628+00:00,checkout,107.79,False
42-trace-0020064,2026-08-18T15:14:44.581731+00:00,api_generic,50.99,False
42-trace-0004918,2026-08-18T15:11:10.961004+00:00,checkout,259.14,False
42-trace-0001643,2026-08-18T15:17:34.010305+00:00,pix,51.55,False
42-trace-0020554,2026-08-18T15:16:38.500995+00:00,api_generic,143.12,False
42-trace-0015793,2026-08-18T15:28:25.936138+00:00,site_latency,303.74,False
42-trace-0002141,2026-08-18T15:21:43.674463+00:00,pix,116.08,False
42-trace-0022084,2026-08-18T15:22:55.129956+00:00,api_generic,264.32,False
42-trace-0022489,2026-08-18T15:24:30.400087+00:00,api_generic,85.89,False
42-trace-0004783,2026-08-18T15:10:29.174577+00:00,checkout,313.49,False
42-trace-0015599,2026-08-18T15:27:46.345057+00:00,site_latency,150.64,False
42-trace-0018236,2026-08-18T15:07:16.724899+00:00,api_generic,150.81,False
42-trace-0008451,2026-08-18T15:32:31.483036+00:00,checkout,165.84,False
42-trace-0006874,2026-08-18T15:22:55.694158+00:00,checkout,467.59,False
42-trace-0013930,2026-08-18T15:22:07.866383+00:00,site_latency,316.02,False
42-trace-0021978,2026-08-18T15:22:27.676849+00:00,api_generic,71.13,False
42-trace-0011293,2026-08-18T15:13:14.023977+00:00,site_latency,511.38,False
42-trace-0001715,2026-08-18T15:18:08.136349+00:00,pix,84.19,False
42-trace-0001886,2026-08-18T15:19:38.746168+00:00,pix,131.74,False
42-trace-0005332,2026-08-18T15:13:38.465831+00:00,checkout,216.47,False
42-trace-0021509,2026-08-18T15:20:42.054382+00:00,api_generic,126.84,False
42-trace-0021893,2026-08-18T15:22:10.471820+00:00,api_generic,51.04,False
42-trace-0013100,2026-08-18T15:19:21.800314+00:00,site_latency,76.7,False
42-trace-0003062,2026-08-18T15:28:43.853408+00:00,pix,128.67,False
42-trace-0013014,2026-08-18T15:19:05.350660+00:00,site_latency,109.72,False
42-trace-0024900,2026-08-18T15:34:02.939396+00:00,api_generic,261.85,False
42-trace-0021910,2026-08-18T15:22:13.731289+00:00,api_generic,90.94,False
42-trace-0017900,2026-08-18T15:05:53.857144+00:00,api_generic,723.03,False
42-trace-0011946,2026-08-18T15:15:28.704535+00:00,site_latency,119.06,False
42-trace-0021872,2026-08-18T15:22:05.552019+00:00,api_generic,78.62,False
42-trace-0000093,2026-08-18T15:05:11.993690+00:00,pix,103.48,False
42-trace-0014714,2026-08-18T15:24:47.261246+00:00,site_latency,354.64,False
42-trace-0017615,2026-08-18T15:04:49.697730+00:00,api_generic,77.21,False
42-trace-0013766,2026-08-18T15:21:32.837384+00:00,site_latency,180.25,False
42-trace-0001093,2026-08-18T15:13:22.955434+00:00,pix,158.49,False
42-trace-0002228,2026-08-18T15:22:26.531019+00:00,pix,146.97,False
42-trace-0009680,2026-08-18T15:07:38.754034+00:00,site_latency,507.9,False
42-trace-0001476,2026-08-18T15:16:19.679572+00:00,pix,113.35,False
42-trace-0001012,2026-08-18T15:12:38.879577+00:00,pix,198.8,False
42-trace-0023255,2026-08-18T15:27:39.781299+00:00,api_generic,129.59,False
42-trace-0009099,2026-08-18T15:05:40.394189+00:00,site_latency,182.98,False
42-trace-0023316,2026-08-18T15:27:55.351609+00:00,api_generic,334.9,False
42-trace-0017735,2026-08-18T15:05:18.083484+00:00,api_generic,40.79,False
42-trace-0013577,2026-08-18T15:20:58.681536+00:00,site_latency,263.08,False
42-trace-0000908,2026-08-18T15:11:45.934847+00:00,pix,76.75,False
42-trace-0010671,2026-08-18T15:11:00.695407+00:00,site_latency,80.53,False
42-trace-0015010,2026-08-18T15:25:43.644854+00:00,site_latency,151.99,False
42-trace-0003534,2026-08-18T15:32:30.568892+00:00,pix,135.73,False
42-trace-0005678,2026-08-18T15:15:59.273880+00:00,checkout,916.72,False
42-trace-0006214,2026-08-18T15:19:07.141489+00:00,checkout,196.23,False
42-trace-0012568,2026-08-18T15:17:37.056495+00:00,site_latency,156.33,False
42-trace-0009456,2026-08-18T15:06:50.651448+00:00,site_latency,268.17,False
42-trace-0019577,2026-08-18T15:12:45.257308+00:00,api_generic,96.8,False
42-trace-0000233,2026-08-18T15:06:25.326327+00:00,pix,134.02,False
42-trace-0001443,2026-08-18T15:16:06.907813+00:00,pix,73.76,False
42-trace-0017222,2026-08-18T15:33:29.070498+00:00,site_latency,67.87,False
42-trace-0008572,2026-08-18T15:33:19.062927+00:00,checkout,536.37,False
42-trace-0014110,2026-08-18T15:22:44.313650+00:00,site_latency,65.3,False
42-trace-0007252,2026-08-18T15:25:14.553358+00:00,checkout,282.6,False
42-trace-0005849,2026-08-18T15:16:51.467495+00:00,checkout,150.6,False
42-trace-0014327,2026-08-18T15:23:27.640547+00:00,site_latency,277.7,False
42-trace-0019052,2026-08-18T15:10:38.892011+00:00,api_generic,161.98,False
42-trace-0018308,2026-08-18T15:07:35.430834+00:00,api_generic,383.61,False
42-trace-0004514,2026-08-18T15:08:52.109897+00:00,checkout,2129.56,False
42-trace-0010755,2026-08-18T15:11:19.040011+00:00,site_latency,360.38,False
42-trace-0000312,2026-08-18T15:07:12.911334+00:00,pix,139.93,False
42-trace-0010131,2026-08-18T15:09:05.377147+00:00,site_latency,166.04,False
42-trace-0018949,2026-08-18T15:10:11.758170+00:00,api_generic,207.63,False
42-trace-0006196,2026-08-18T15:19:01.228546+00:00,checkout,248.77,False
42-trace-0002986,2026-08-18T15:28:10.478347+00:00,pix,102.62,False
42-trace-0014440,2026-08-18T15:23:50.935069+00:00,site_latency,87.08,False
42-trace-0010741,2026-08-18T15:11:14.891290+00:00,site_latency,244.76,False
42-trace-0011102,2026-08-18T15:12:34.502980+00:00,site_latency,142.6,False
42-trace-0024125,2026-08-18T15:31:01.333657+00:00,api_generic,74.85,False
42-trace-0007410,2026-08-18T15:26:10.948005+00:00,checkout,141.14,False
42-trace-0009405,2026-08-18T15:06:42.445465+00:00,site_latency,126.08,False
42-trace-0002862,2026-08-18T15:27:16.230281+00:00,pix,149.75,False
42-trace-0000818,2026-08-18T15:11:06.695928+00:00,pix,130.7,False
42-trace-0001132,2026-08-18T15:13:37.926146+00:00,pix,109.44,False
42-trace-0024451,2026-08-18T15:32:19.583416+00:00,api_generic,104.91,False
42-trace-0003140,2026-08-18T15:29:28.280556+00:00,pix,239.31,False
42-trace-0019422,2026-08-18T15:12:06.452570+00:00,api_generic,177.97,False
42-trace-0020764,2026-08-18T15:17:37.188219+00:00,api_generic,82.06,False
42-trace-0004896,2026-08-18T15:11:05.257153+00:00,checkout,313.64,False
42-trace-0024358,2026-08-18T15:31:58.412876+00:00,api_generic,133.62,False
42-trace-0003248,2026-08-18T15:30:13.431395+00:00,pix,74.82,False
42-trace-0021638,2026-08-18T15:21:09.976914+00:00,api_generic,81.91,False
42-trace-0015342,2026-08-18T15:26:56.544406+00:00,site_latency,52.63,False
42-trace-0005689,2026-08-18T15:16:02.724770+00:00,checkout,403.74,False
42-trace-0016831,2026-08-18T15:32:06.404694+00:00,site_latency,88.96,False
42-trace-0007388,2026-08-18T15:26:02.938232+00:00,checkout,334.53,False
42-trace-0024265,2026-08-18T15:31:34.483662+00:00,api_generic,124.53,False
42-trace-0004800,2026-08-18T15:10:37.316352+00:00,checkout,524.44,False
42-trace-0014473,2026-08-18T15:23:58.324150+00:00,site_latency,176.88,False
42-trace-0006763,2026-08-18T15:22:18.773231+00:00,checkout,320.21,False
42-trace-0002748,2026-08-18T15:26:21.729349+00:00,pix,101.8,False
42-trace-0022542,2026-08-18T15:24:44.746800+00:00,api_generic,320.46,True
42-trace-0014869,2026-08-18T15:25:16.055946+00:00,site_latency,179.12,False
42-trace-0020872,2026-08-18T15:18:01.993372+00:00,api_generic,78.59,False
42-trace-0005415,2026-08-18T15:14:13.990200+00:00,checkout,198.74,False
42-trace-0006320,2026-08-18T15:19:44.090166+00:00,checkout,97.85,False
42-trace-0014662,2026-08-18T15:24:37.630313+00:00,site_latency,89.19,False
42-trace-0008948,2026-08-18T15:05:10.244181+00:00,site_latency,135.57,False
42-trace-0014736,2026-08-18T15:24:52.047053+00:00,site_latency,223.53,False
42-trace-0018085,2026-08-18T15:06:43.093899+00:00,api_generic,63.25,False
42-trace-0022277,2026-08-18T15:23:41.119542+00:00,api_generic,135.47,False
42-trace-0000062,2026-08-18T15:04:54.390568+00:00,pix,106.73,False
42-trace-0015340,2026-08-18T15:26:55.940665+00:00,site_latency,234.38,False
42-trace-0010554,2026-08-18T15:10:36.649085+00:00,site_latency,133.69,False
42-trace-0023003,2026-08-18T15:26:42.888389+00:00,api_generic,136.9,False
42-trace-0020283,2026-08-18T15:15:33.869490+00:00,api_generic,52.38,False
42-trace-0005342,2026-08-18T15:13:42.786824+00:00,checkout,220.14,False
42-trace-0007920,2026-08-18T15:29:12.945191+00:00,checkout,230.02,False
42-trace-0004007,2026-08-18T15:05:54.325285+00:00,checkout,590.79,False
42-trace-0003865,2026-08-18T15:05:04.859780+00:00,checkout,207.81,False
42-trace-0018135,2026-08-18T15:06:56.068282+00:00,api_generic,169.59,False
42-trace-0014032,2026-08-18T15:22:31.436101+00:00,site_latency,109.09,False
42-trace-0005732,2026-08-18T15:16:16.058084+00:00,checkout,319.07,False
42-trace-0014155,2026-08-18T15:22:54.187001+00:00,site_latency,116.86,False
42-trace-0001512,2026-08-18T15:16:35.450285+00:00,pix,145.38,False
42-trace-0014207,2026-08-18T15:23:05.236115+00:00,site_latency,344.91,False
42-trace-0011305,2026-08-18T15:13:17.453179+00:00,site_latency,258.64,False
42-trace-0017192,2026-08-18T15:33:23.408925+00:00,site_latency,365.75,False
42-trace-0004713,2026-08-18T15:10:02.484697+00:00,checkout,561.43,False
42-trace-0023374,2026-08-18T15:28:08.967510+00:00,api_generic,54.09,False
42-trace-0009741,2026-08-18T15:07:50.191754+00:00,site_latency,130.16,False
42-trace-0010486,2026-08-18T15:10:25.623362+00:00,site_latency,174.27,False
42-trace-0022340,2026-08-18T15:23:54.043048+00:00,api_generic,81.77,False
42-trace-0020547,2026-08-18T15:16:37.210521+00:00,api_generic,63.82,False
42-trace-0012628,2026-08-18T15:17:47.667087+00:00,site_latency,249.54,False
42-trace-0024054,2026-08-18T15:30:41.739361+00:00,api_generic,208.9,False
42-trace-0020488,2026-08-18T15:16:22.849347+00:00,api_generic,50.93,False
42-trace-0008105,2026-08-18T15:30:23.655239+00:00,checkout,189.98,False
42-trace-0003209,2026-08-18T15:29:53.655104+00:00,pix,171.54,False
42-trace-0000945,2026-08-18T15:12:06.864450+00:00,pix,132.79,False
42-trace-0007419,2026-08-18T15:26:13.175553+00:00,checkout,402.2,False
42-trace-0004096,2026-08-18T15:06:28.313646+00:00,checkout,303.14,False
42-trace-0023545,2026-08-18T15:28:50.944965+00:00,api_generic,129.48,False
42-trace-0015368,2026-08-18T15:27:01.908352+00:00,site_latency,246.52,False
42-trace-0022734,2026-08-18T15:25:33.460876+00:00,api_generic,187.49,False
42-trace-0017559,2026-08-18T15:04:37.925569+00:00,api_generic,137.48,False
42-trace-0018301,2026-08-18T15:07:34.232414+00:00,api_generic,307.1,True
42-trace-0008053,2026-08-18T15:30:07.776151+00:00,checkout,215.6,False
42-trace-0010062,2026-08-18T15:08:51.525776+00:00,site_latency,121.84,False
42-trace-0004042,2026-08-18T15:06:11.003913+00:00,checkout,517.45,False
42-trace-0018403,2026-08-18T15:07:54.703431+00:00,api_generic,144.89,False
42-trace-0014124,2026-08-18T15:22:47.089964+00:00,site_latency,127.55,False
42-trace-0014777,2026-08-18T15:24:58.652268+00:00,site_latency,129.06,False
42-trace-0003128,2026-08-18T15:29:22.127774+00:00,pix,138.66,False
42-trace-0015529,2026-08-18T15:27:32.237386+00:00,site_latency,197.94,False
42-trace-0011345,2026-08-18T15:13:24.812699+00:00,site_latency,101.31,False
42-trace-0016006,2026-08-18T15:29:10.946572+00:00,site_latency,242.23,False
42-trace-0020650,2026-08-18T15:17:08.206563+00:00,api_generic,161.71,False
42-trace-0013037,2026-08-18T15:19:09.513784+00:00,site_latency,229.36,False
42-trace-0018272,2026-08-18T15:07:27.721715+00:00,api_generic,65.54,False
42-trace-0004389,2026-08-18T15:08:09.830986+00:00,checkout,363.3,False
42-trace-0004898,2026-08-18T15:11:06.631964+00:00,checkout,286.2,False
42-trace-0013917,2026-08-18T15:22:06.026197+00:00,site_latency,193.13,False
42-trace-0015600,2026-08-18T15:27:46.401863+00:00,site_latency,209.36,False
42-trace-0000970,2026-08-18T15:12:21.045386+00:00,pix,121.46,False
42-trace-0013163,2026-08-18T15:19:35.667544+00:00,site_latency,269.0,False
42-trace-0013366,2026-08-18T15:20:13.678411+00:00,site_latency,378.84,False
42-trace-0023986,2026-08-18T15:30:28.447185+00:00,api_generic,61.7,False
42-trace-0024946,2026-08-18T15:34:14.812657+00:00,api_generic,133.01,False
42-trace-0014120,2026-08-18T15:22:46.078904+00:00,site_latency,173.41,False
42-trace-0015392,2026-08-18T15:27:06.204746+00:00,site_latency,192.92,False
42-trace-0013802,2026-08-18T15:21:43.622905+00:00,site_latency,103.6,False
42-trace-0009288,2026-08-18T15:06:20.126313+00:00,site_latency,247.13,False
42-trace-0016894,2026-08-18T15:32:19.829707+00:00,site_latency,128.15,False
42-trace-0004030,2026-08-18T15:06:03.648127+00:00,checkout,269.44,False
42-trace-0011750,2026-08-18T15:14:47.404278+00:00,site_latency,126.98,False
42-trace-0018662,2026-08-18T15:08:57.619196+00:00,api_generic,126.45,False
42-trace-0001352,2026-08-18T15:15:21.527562+00:00,pix,146.1,False
42-trace-0002055,2026-08-18T15:21:00.357615+00:00,pix,136.42,False
42-trace-0023259,2026-08-18T15:27:40.972355+00:00,api_generic,62.69,False
42-trace-0014352,2026-08-18T15:23:33.009015+00:00,site_latency,144.57,False
42-trace-0009868,2026-08-18T15:08:14.366195+00:00,site_latency,587.18,False
42-trace-0019417,2026-08-18T15:12:05.102872+00:00,api_generic,93.35,False
42-trace-0017592,2026-08-18T15:04:44.400020+00:00,api_generic,66.29,False
42-trace-0003929,2026-08-18T15:05:25.786307+00:00,checkout,787.91,True
42-trace-0019505,2026-08-18T15:12:25.985249+00:00,api_generic,49.4,False
42-trace-0008391,2026-08-18T15:32:10.408677+00:00,checkout,3054.8,False
42-trace-0022901,2026-08-18T15:26:17.367316+00:00,api_generic,106.32,False
42-trace-0021345,2026-08-18T15:19:59.373692+00:00,api_generic,62.81,False
42-trace-0003075,2026-08-18T15:28:54.293023+00:00,pix,187.01,False
42-trace-0022777,2026-08-18T15:25:47.369865+00:00,api_generic,102.72,False
42-trace-0008172,2026-08-18T15:30:47.164549+00:00,checkout,546.47,False
42-trace-0007393,2026-08-18T15:26:04.050162+00:00,checkout,357.39,False
42-trace-0017064,2026-08-18T15:32:55.179780+00:00,site_latency,282.36,False
42-trace-0006187,2026-08-18T15:18:59.045682+00:00,checkout,340.49,False
42-trace-0021136,2026-08-18T15:19:11.378170+00:00,api_generic,51.72,False
42-trace-0023809,2026-08-18T15:29:48.950109+00:00,api_generic,57.35,False
42-trace-0023081,2026-08-18T15:27:01.119847+00:00,api_generic,92.85,False
42-trace-0008723,2026-08-18T15:34:11.904462+00:00,checkout,191.66,False
42-trace-0010050,2026-08-18T15:08:49.787345+00:00,site_latency,252.98,False
42-trace-0019244,2026-08-18T15:11:26.716463+00:00,api_generic,106.51,False
42-trace-0021397,2026-08-18T15:20:14.471425+00:00,api_generic,151.11,False
42-trace-0005315,2026-08-18T15:13:32.256199+00:00,checkout,243.0,False
42-trace-0020784,2026-08-18T15:17:43.169022+00:00,api_generic,111.82,False
42-trace-0013975,2026-08-18T15:22:18.645453+00:00,site_latency,87.02,False
42-trace-0011170,2026-08-18T15:12:48.820644+00:00,site_latency,128.62,False
42-trace-0004191,2026-08-18T15:06:58.932052+00:00,checkout,213.46,False
42-trace-0024746,2026-08-18T15:33:29.740388+00:00,api_generic,134.31,False
42-trace-0006349,2026-08-18T15:19:54.678283+00:00,checkout,347.31,False
42-trace-0016906,2026-08-18T15:32:22.138949+00:00,site_latency,143.75,False
42-trace-0012882,2026-08-18T15:18:38.370020+00:00,site_latency,136.77,False
42-trace-0020989,2026-08-18T15:18:32.512033+00:00,api_generic,70.22,False
42-trace-0005265,2026-08-18T15:13:12.355205+00:00,checkout,352.53,False
42-trace-0000305,2026-08-18T15:07:07.424256+00:00,pix,117.45,False
42-trace-0002799,2026-08-18T15:26:44.592018+00:00,pix,146.67,False
42-trace-0021160,2026-08-18T15:19:16.533925+00:00,api_generic,84.58,False
42-trace-0008400,2026-08-18T15:32:13.002538+00:00,checkout,238.98,False
42-trace-0002612,2026-08-18T15:25:20.390975+00:00,pix,160.1,False
42-trace-0022520,2026-08-18T15:24:37.642246+00:00,api_generic,58.46,False
42-trace-0010011,2026-08-18T15:08:43.621403+00:00,site_latency,78.1,False
42-trace-0021433,2026-08-18T15:20:21.859876+00:00,api_generic,41.77,False
42-trace-0007753,2026-08-18T15:28:06.797692+00:00,checkout,694.57,False
42-trace-0006474,2026-08-18T15:20:34.353034+00:00,checkout,261.59,False
42-trace-0006485,2026-08-18T15:20:39.125168+00:00,checkout,603.04,False
42-trace-0000169,2026-08-18T15:05:57.306169+00:00,pix,113.6,False
42-trace-0021906,2026-08-18T15:22:13.269846+00:00,api_generic,89.09,False
42-trace-0003441,2026-08-18T15:31:46.254496+00:00,pix,240.15,False
42-trace-0002109,2026-08-18T15:21:25.352462+00:00,pix,90.75,False
42-trace-0006741,2026-08-18T15:22:11.221760+00:00,checkout,234.69,False
42-trace-0013363,2026-08-18T15:20:12.914119+00:00,site_latency,128.77,False
42-trace-0016413,2026-08-18T15:30:40.468695+00:00,site_latency,111.93,False
42-trace-0024996,2026-08-18T15:34:25.012114+00:00,api_generic,95.21,False
42-trace-0001483,2026-08-18T15:16:21.993589+00:00,pix,124.91,False
42-trace-0022057,2026-08-18T15:22:49.028170+00:00,api_generic,115.42,False
42-trace-0016782,2026-08-18T15:31:57.918650+00:00,site_latency,78.86,False
42-trace-0024270,2026-08-18T15:31:36.801522+00:00,api_generic,137.07,False
42-trace-0020991,2026-08-18T15:18:32.883444+00:00,api_generic,106.52,False
42-trace-0006576,2026-08-18T15:21:10.333814+00:00,checkout,308.4,False
42-trace-0000433,2026-08-18T15:08:07.172021+00:00,pix,114.62,False
42-trace-0006471,2026-08-18T15:20:33.758605+00:00,checkout,311.04,False
42-trace-0024906,2026-08-18T15:34:03.996629+00:00,api_generic,79.49,False
42-trace-0012291,2026-08-18T15:16:42.593281+00:00,site_latency,298.88,False
42-trace-0023444,2026-08-18T15:28:27.211026+00:00,api_generic,106.21,False
42-trace-0020015,2026-08-18T15:14:29.871807+00:00,api_generic,80.84,False
42-trace-0003835,2026-08-18T15:04:56.181549+00:00,checkout,495.13,False
42-trace-0013807,2026-08-18T15:21:46.069102+00:00,site_latency,189.82,False
42-trace-0007487,2026-08-18T15:26:34.557919+00:00,checkout,209.0,False
42-trace-0008665,2026-08-18T15:33:52.616383+00:00,checkout,413.43,False
42-trace-0004698,2026-08-18T15:09:55.978713+00:00,checkout,309.55,False
42-trace-0008491,2026-08-18T15:32:48.486941+00:00,checkout,151.7,False
42-trace-0008337,2026-08-18T15:31:50.649526+00:00,checkout,205.51,False
42-trace-0003923,2026-08-18T15:05:24.114352+00:00,checkout,480.13,False
42-trace-0021826,2026-08-18T15:21:55.725909+00:00,api_generic,127.32,False
42-trace-0022682,2026-08-18T15:25:21.740790+00:00,api_generic,100.51,False
42-trace-0011229,2026-08-18T15:13:01.747246+00:00,site_latency,152.42,False
42-trace-0004442,2026-08-18T15:08:22.095447+00:00,checkout,266.74,False
42-trace-0022268,2026-08-18T15:23:39.594796+00:00,api_generic,81.8,False
42-trace-0002471,2026-08-18T15:24:05.738042+00:00,pix,102.12,False
42-trace-0013579,2026-08-18T15:20:59.073936+00:00,site_latency,239.03,False
42-trace-0004384,2026-08-18T15:08:08.361029+00:00,checkout,640.89,False
42-trace-0005625,2026-08-18T15:15:41.041051+00:00,checkout,219.54,False
42-trace-0014283,2026-08-18T15:23:19.074116+00:00,site_latency,159.94,False
42-trace-0000472,2026-08-18T15:08:25.850305+00:00,pix,104.06,False
42-trace-0009022,2026-08-18T15:05:24.331287+00:00,site_latency,279.0,False
42-trace-0022798,2026-08-18T15:25:51.689892+00:00,api_generic,58.01,False
42-trace-0021759,2026-08-18T15:21:36.813748+00:00,api_generic,67.75,False
42-trace-0019333,2026-08-18T15:11:43.508970+00:00,api_generic,144.3,False
42-trace-0012453,2026-08-18T15:17:15.333055+00:00,site_latency,92.25,False
42-trace-0020882,2026-08-18T15:18:03.635547+00:00,api_generic,37.45,False
42-trace-0016142,2026-08-18T15:29:40.300774+00:00,site_latency,328.07,False
42-trace-0011663,2026-08-18T15:14:27.410587+00:00,site_latency,225.3,False
42-trace-0005420,2026-08-18T15:14:15.463592+00:00,checkout,459.95,False
42-trace-0006865,2026-08-18T15:22:52.330365+00:00,checkout,186.21,False
42-trace-0005455,2026-08-18T15:14:27.077983+00:00,checkout,401.95,False
42-trace-0016456,2026-08-18T15:30:50.662435+00:00,site_latency,96.08,False
42-trace-0021141,2026-08-18T15:19:13.167058+00:00,api_generic,185.85,True
42-trace-0021939,2026-08-18T15:22:18.916334+00:00,api_generic,101.95,False
42-trace-0009065,2026-08-18T15:05:33.397995+00:00,site_latency,200.17,False
42-trace-0005636,2026-08-18T15:15:44.137507+00:00,checkout,500.78,False
42-trace-0019860,2026-08-18T15:13:53.425750+00:00,api_generic,170.45,False
42-trace-0021098,2026-08-18T15:19:00.853007+00:00,api_generic,46.12,False
42-trace-0019894,2026-08-18T15:14:01.535750+00:00,api_generic,75.86,False
42-trace-0015468,2026-08-18T15:27:20.699724+00:00,site_latency,257.53,False
42-trace-0002582,2026-08-18T15:25:06.693764+00:00,pix,168.39,False
42-trace-0004476,2026-08-18T15:08:38.252090+00:00,checkout,368.83,False
42-trace-0005431,2026-08-18T15:14:18.944163+00:00,checkout,332.29,False
42-trace-0012323,2026-08-18T15:16:48.767489+00:00,site_latency,339.34,False
42-trace-0004289,2026-08-18T15:07:33.579140+00:00,checkout,638.44,False
42-trace-0007578,2026-08-18T15:27:03.349014+00:00,checkout,367.8,False
42-trace-0022821,2026-08-18T15:25:57.924033+00:00,api_generic,97.57,False
42-trace-0005538,2026-08-18T15:14:58.654254+00:00,checkout,268.07,False
42-trace-0020385,2026-08-18T15:16:00.343229+00:00,api_generic,139.46,False
42-trace-0004582,2026-08-18T15:09:12.280771+00:00,checkout,183.61,False
42-trace-0012131,2026-08-18T15:16:07.127411+00:00,site_latency,276.87,False
42-trace-0016100,2026-08-18T15:29:31.756519+00:00,site_latency,171.33,False
42-trace-0006555,2026-08-18T15:21:04.872522+00:00,checkout,326.34,False
42-trace-0014589,2026-08-18T15:24:19.529377+00:00,site_latency,97.21,False
42-trace-0019701,2026-08-18T15:13:16.369096+00:00,api_generic,36.69,False
42-trace-0023892,2026-08-18T15:30:09.943304+00:00,api_generic,165.22,False
42-trace-0011668,2026-08-18T15:14:28.261571+00:00,site_latency,68.71,False
42-trace-0015146,2026-08-18T15:26:09.989350+00:00,site_latency,215.54,False
42-trace-0007315,2026-08-18T15:25:36.014190+00:00,checkout,270.74,False
42-trace-0014448,2026-08-18T15:23:52.079495+00:00,site_latency,126.11,False
42-trace-0019235,2026-08-18T15:11:23.113436+00:00,api_generic,95.0,False
42-trace-0000252,2026-08-18T15:06:39.981933+00:00,pix,135.24,False
42-trace-0024871,2026-08-18T15:33:56.968207+00:00,api_generic,104.03,False
42-trace-0015845,2026-08-18T15:28:37.816579+00:00,site_latency,427.61,False
42-trace-0016423,2026-08-18T15:30:42.613967+00:00,site_latency,124.07,False
42-trace-0018177,2026-08-18T15:07:03.182173+00:00,api_generic,99.4,False
42-trace-0012575,2026-08-18T15:17:37.755949+00:00,site_latency,114.46,False
42-trace-0023110,2026-08-18T15:27:07.284681+00:00,api_generic,62.04,False
42-trace-0022074,2026-08-18T15:22:52.717244+00:00,api_generic,33.02,False
42-trace-0020143,2026-08-18T15:15:02.324642+00:00,api_generic,60.18,False
42-trace-0006440,2026-08-18T15:20:25.974406+00:00,checkout,302.72,False
42-trace-0018362,2026-08-18T15:07:45.032030+00:00,api_generic,126.85,False
42-trace-0007777,2026-08-18T15:28:15.822522+00:00,checkout,501.4,False
42-trace-0013161,2026-08-18T15:19:35.262597+00:00,site_latency,91.76,False
42-trace-0020351,2026-08-18T15:15:50.071223+00:00,api_generic,65.82,False
42-trace-0010660,2026-08-18T15:10:58.639561+00:00,site_latency,89.3,False
42-trace-0022660,2026-08-18T15:25:16.727144+00:00,api_generic,112.34,False
42-trace-0021379,2026-08-18T15:20:09.192745+00:00,api_generic,331.42,False
42-trace-0011667,2026-08-18T15:14:28.088504+00:00,site_latency,735.72,False
42-trace-0022560,2026-08-18T15:24:48.401139+00:00,api_generic,83.04,False
42-trace-0010566,2026-08-18T15:10:38.078317+00:00,site_latency,67.64,False
42-trace-0023228,2026-08-18T15:27:31.799254+00:00,api_generic,86.99,False
42-trace-0007313,2026-08-18T15:25:34.533817+00:00,checkout,269.97,False
42-trace-0020622,2026-08-18T15:16:59.902432+00:00,api_generic,75.98,False
42-trace-0006663,2026-08-18T15:21:45.077685+00:00,checkout,140.75,False
42-trace-0011151,2026-08-18T15:12:44.976299+00:00,site_latency,67.23,False
42-trace-0003547,2026-08-18T15:32:37.934000+00:00,pix,210.48,False
42-trace-0015431,2026-08-18T15:27:15.313557+00:00,site_latency,374.22,False
42-trace-0001946,2026-08-18T15:20:03.664845+00:00,pix,63.85,False
42-trace-0014102,2026-08-18T15:22:43.042901+00:00,site_latency,121.2,False
42-trace-0023426,2026-08-18T15:28:18.667312+00:00,api_generic,60.09,False
42-trace-0007771,2026-08-18T15:28:13.807198+00:00,checkout,235.06,False
42-trace-0004966,2026-08-18T15:11:27.306113+00:00,checkout,744.83,False
42-trace-0024414,2026-08-18T15:32:10.906464+00:00,api_generic,121.26,False
42-trace-0012506,2026-08-18T15:17:27.263623+00:00,site_latency,349.67,False
42-trace-0012969,2026-08-18T15:18:56.813193+00:00,site_latency,110.43,False
42-trace-0019010,2026-08-18T15:10:25.595277+00:00,api_generic,58.92,False
42-trace-0000204,2026-08-18T15:06:11.076174+00:00,pix,150.34,False
42-trace-0013399,2026-08-18T15:20:20.692491+00:00,site_latency,125.29,False
42-trace-0012681,2026-08-18T15:17:58.521419+00:00,site_latency,157.86,False
42-trace-0018781,2026-08-18T15:09:29.465540+00:00,api_generic,33.13,False
42-trace-0023615,2026-08-18T15:29:05.310869+00:00,api_generic,94.96,False
42-trace-0023893,2026-08-18T15:30:10.435896+00:00,api_generic,62.88,False
42-trace-0020117,2026-08-18T15:14:57.021215+00:00,api_generic,114.16,False
42-trace-0008706,2026-08-18T15:34:04.459343+00:00,checkout,302.09,False
42-trace-0005667,2026-08-18T15:15:54.875508+00:00,checkout,201.28,False
42-trace-0001410,2026-08-18T15:15:50.906954+00:00,pix,143.61,False
42-trace-0008396,2026-08-18T15:32:11.865443+00:00,checkout,307.38,False
42-trace-0010658,2026-08-18T15:10:58.125579+00:00,site_latency,188.78,False
42-trace-0018740,2026-08-18T15:09:17.055217+00:00,api_generic,117.88,False
42-trace-0004652,2026-08-18T15:09:42.041654+00:00,checkout,455.11,False
42-trace-0001585,2026-08-18T15:17:08.860210+00:00,pix,115.09,False
42-trace-0013065,2026-08-18T15:19:15.318120+00:00,site_latency,86.65,False
42-trace-0017752,2026-08-18T15:05:22.153036+00:00,api_generic,66.53,False
42-trace-0002414,2026-08-18T15:23:42.385880+00:00,pix,72.46,False
42-trace-0023977,2026-08-18T15:30:26.211981+00:00,api_generic,93.2,False
42-trace-0007717,2026-08-18T15:27:51.924564+00:00,checkout,164.36,False
42-trace-0006746,2026-08-18T15:22:12.832458+00:00,checkout,575.82,False
42-trace-0021536,2026-08-18T15:20:48.114903+00:00,api_generic,207.56,False
42-trace-0018502,2026-08-18T15:08:15.119982+00:00,api_generic,72.57,False
42-trace-0014398,2026-08-18T15:23:41.556370+00:00,site_latency,209.02,False
42-trace-0023774,2026-08-18T15:29:39.883783+00:00,api_generic,41.18,False
42-trace-0007651,2026-08-18T15:27:29.364178+00:00,checkout,420.8,False
42-trace-0001449,2026-08-18T15:16:08.160322+00:00,pix,107.79,False
42-trace-0003993,2026-08-18T15:05:49.932481+00:00,checkout,199.07,False
42-trace-0014402,2026-08-18T15:23:43.018809+00:00,site_latency,509.25,False
42-trace-0013651,2026-08-18T15:21:14.036778+00:00,site_latency,283.74,False
42-trace-0003099,2026-08-18T15:29:07.740276+00:00,pix,242.77,False
42-trace-0000490,2026-08-18T15:08:38.033162+00:00,pix,151.48,False
42-trace-0005850,2026-08-18T15:16:51.743011+00:00,checkout,343.56,False
42-trace-0013756,2026-08-18T15:21:31.309692+00:00,site_latency,74.96,False
42-trace-0021358,2026-08-18T15:20:03.291434+00:00,api_generic,53.31,False
42-trace-0019587,2026-08-18T15:12:47.566053+00:00,api_generic,50.51,False
42-trace-0017273,2026-08-18T15:33:41.687340+00:00,site_latency,502.16,False
42-trace-0011340,2026-08-18T15:13:23.585762+00:00,site_latency,253.36,False
42-trace-0023825,2026-08-18T15:29:51.682233+00:00,api_generic,73.61,False
42-trace-0016855,2026-08-18T15:32:10.434606+00:00,site_latency,100.43,False
42-trace-0019197,2026-08-18T15:11:11.619376+00:00,api_generic,220.8,False
42-trace-0017889,2026-08-18T15:05:51.258833+00:00,api_generic,114.62,False
42-trace-0013554,2026-08-18T15:20:54.840066+00:00,site_latency,119.78,False
42-trace-0002012,2026-08-18T15:20:36.341746+00:00,pix,223.52,False
42-trace-0010573,2026-08-18T15:10:40.007686+00:00,site_latency,258.43,False
42-trace-0016144,2026-08-18T15:29:40.763907+00:00,site_latency,92.66,False
42-trace-0000946,2026-08-18T15:12:07.915004+00:00,pix,105.95,False
42-trace-0022776,2026-08-18T15:25:47.261226+00:00,api_generic,440.24,True
42-trace-0010663,2026-08-18T15:10:59.326346+00:00,site_latency,206.18,False
42-trace-0004540,2026-08-18T15:08:58.625975+00:00,checkout,155.03,False
42-trace-0007688,2026-08-18T15:27:43.811184+00:00,checkout,154.07,False
42-trace-0016840,2026-08-18T15:32:07.407593+00:00,site_latency,176.09,False
42-trace-0011466,2026-08-18T15:13:46.978550+00:00,site_latency,168.5,False
42-trace-0003870,2026-08-18T15:05:06.215472+00:00,checkout,460.91,False
42-trace-0024380,2026-08-18T15:32:01.832350+00:00,api_generic,82.7,False
42-trace-0005514,2026-08-18T15:14:52.881993+00:00,checkout,400.29,False
42-trace-0006057,2026-08-18T15:18:09.808167+00:00,checkout,306.55,False
42-trace-0007017,2026-08-18T15:23:44.126588+00:00,checkout,587.89,False
42-trace-0012944,2026-08-18T15:18:51.263491+00:00,site_latency,306.27,False
42-trace-0015143,2026-08-18T15:26:09.683462+00:00,site_latency,115.55,False
42-trace-0001931,2026-08-18T15:19:58.212430+00:00,pix,65.75,False
42-trace-0021603,2026-08-18T15:21:05.196044+00:00,api_generic,124.26,False
42-trace-0004002,2026-08-18T15:05:52.257219+00:00,checkout,656.92,False
42-trace-0010121,2026-08-18T15:09:03.340121+00:00,site_latency,353.88,False
42-trace-0013423,2026-08-18T15:20:27.194055+00:00,site_latency,257.75,False
42-trace-0007861,2026-08-18T15:28:45.166287+00:00,checkout,425.74,False
42-trace-0011863,2026-08-18T15:15:11.035255+00:00,site_latency,136.23,False
42-trace-0024377,2026-08-18T15:32:01.570281+00:00,api_generic,67.23,False
42-trace-0013600,2026-08-18T15:21:03.657902+00:00,site_latency,144.62,False
42-trace-0011005,2026-08-18T15:12:12.370992+00:00,site_latency,223.19,False
42-trace-0003409,2026-08-18T15:31:29.231124+00:00,pix,142.62,False
42-trace-0014801,2026-08-18T15:25:02.488313+00:00,site_latency,122.46,False
42-trace-0007904,2026-08-18T15:29:06.124201+00:00,checkout,598.51,False
42-trace-0017065,2026-08-18T15:32:55.511052+00:00,site_latency,143.7,False
42-trace-0003331,2026-08-18T15:30:51.396802+00:00,pix,120.8,False
42-trace-0006041,2026-08-18T15:18:04.236060+00:00,checkout,600.14,False
42-trace-0001209,2026-08-18T15:14:11.989106+00:00,pix,266.68,False
42-trace-0002713,2026-08-18T15:26:04.185588+00:00,pix,116.9,False
42-trace-0005108,2026-08-18T15:12:15.549337+00:00,checkout,351.92,False
42-trace-0016667,2026-08-18T15:31:36.861972+00:00,site_latency,248.46,False
42-trace-0024419,2026-08-18T15:32:13.145077+00:00,api_generic,21.89,False
42-trace-0021413,2026-08-18T15:20:17.456191+00:00,api_generic,99.19,False
42-trace-0023699,2026-08-18T15:29:24.148791+00:00,api_generic,47.11,False
42-trace-0019808,2026-08-18T15:13:43.330177+00:00,api_generic,212.11,False
42-trace-0006787,2026-08-18T15:22:26.851287+00:00,checkout,301.11,False
42-trace-0003082,2026-08-18T15:28:59.018285+00:00,pix,81.4,False
42-trace-0013219,2026-08-18T15:19:46.278669+00:00,site_latency,186.73,False
42-trace-0013052,2026-08-18T15:19:12.733857+00:00,site_latency,98.39,False
42-trace-0003215,2026-08-18T15:29:56.429564+00:00,pix,171.3,False
42-trace-0022967,2026-08-18T15:26:32.373658+00:00,api_generic,75.18,False
42-trace-0008202,2026-08-18T15:30:58.004095+00:00,checkout,166.98,False
42-trace-0009349,2026-08-18T15:06:31.263733+00:00,site_latency,185.44,False
42-trace-0004071,2026-08-18T15:06:20.007786+00:00,checkout,213.89,False
42-trace-0005562,2026-08-18T15:15:06.457624+00:00,checkout,258.71,False
42-trace-0019569,2026-08-18T15:12:43.696352+00:00,api_generic,61.6,False
42-trace-0005679,2026-08-18T15:15:59.688231+00:00,checkout,308.62,False
42-trace-0003745,2026-08-18T15:34:23.838363+00:00,pix,319.7,False
42-trace-0017517,2026-08-18T15:04:30.082729+00:00,api_generic,62.41,False
42-trace-0011200,2026-08-18T15:12:55.305505+00:00,site_latency,141.85,False
42-trace-0002256,2026-08-18T15:22:41.659490+00:00,pix,79.33,False
42-trace-0011405,2026-08-18T15:13:37.921416+00:00,site_latency,160.92,False
42-trace-0005462,2026-08-18T15:14:30.883419+00:00,checkout,262.62,False
42-trace-0018302,2026-08-18T15:07:34.599017+00:00,api_generic,110.6,False
42-trace-0006687,2026-08-18T15:21:51.424238+00:00,checkout,401.67,False
42-trace-0007307,2026-08-18T15:25:32.455206+00:00,checkout,226.13,False
42-trace-0023881,2026-08-18T15:30:05.926870+00:00,api_generic,144.75,False
42-trace-0002927,2026-08-18T15:27:45.288020+00:00,pix,158.82,False
42-trace-0016774,2026-08-18T15:31:56.496937+00:00,site_latency,109.14,False
42-trace-0005828,2026-08-18T15:16:47.150620+00:00,checkout,465.67,False
42-trace-0013147,2026-08-18T15:19:32.237776+00:00,site_latency,88.49,False
42-trace-0004345,2026-08-18T15:07:52.417999+00:00,checkout,207.58,False
42-trace-0007897,2026-08-18T15:29:02.752029+00:00,checkout,247.06,False
42-trace-0014868,2026-08-18T15:25:15.951305+00:00,site_latency,114.36,False
42-trace-0010623,2026-08-18T15:10:51.048617+00:00,site_latency,362.58,False
42-trace-0021804,2026-08-18T15:21:49.165186+00:00,api_generic,99.46,False
42-trace-0009000,2026-08-18T15:05:19.544477+00:00,site_latency,131.89,False
42-trace-0013939,2026-08-18T15:22:10.815778+00:00,site_latency,114.84,False
42-trace-0005001,2026-08-18T15:11:38.581327+00:00,checkout,366.44,False
42-trace-0004529,2026-08-18T15:08:56.353626+00:00,checkout,365.76,False
42-trace-0014050,2026-08-18T15:22:34.685448+00:00,site_latency,114.42,False
42-trace-0012615,2026-08-18T15:17:45.084298+00:00,site_latency,437.04,False
42-trace-0007389,2026-08-18T15:26:03.438990+00:00,checkout,268.14,False
42-trace-0004422,2026-08-18T15:08:18.090911+00:00,checkout,234.8,False
42-trace-0015994,2026-08-18T15:29:08.337501+00:00,site_latency,280.82,False
42-trace-0012489,2026-08-18T15:17:23.955600+00:00,site_latency,360.02,False
42-trace-0009691,2026-08-18T15:07:40.401530+00:00,site_latency,202.83,False
42-trace-0004210,2026-08-18T15:07:05.503017+00:00,checkout,360.82,False
42-trace-0023764,2026-08-18T15:29:38.143019+00:00,api_generic,63.66,False
42-trace-0004768,2026-08-18T15:10:25.705637+00:00,checkout,438.21,False
42-trace-0019380,2026-08-18T15:11:56.728175+00:00,api_generic,64.09,False
42-trace-0000685,2026-08-18T15:10:07.267302+00:00,pix,103.04,False
42-trace-0002090,2026-08-18T15:21:18.022137+00:00,pix,141.35,False
42-trace-0020562,2026-08-18T15:16:41.359922+00:00,api_generic,156.77,False
42-trace-0021282,2026-08-18T15:19:44.058281+00:00,api_generic,36.21,False
42-trace-0018170,2026-08-18T15:07:01.459335+00:00,api_generic,125.35,False
42-trace-0014054,2026-08-18T15:22:35.488474+00:00,site_latency,230.55,False
42-trace-0000171,2026-08-18T15:05:58.947577+00:00,pix,95.42,False
42-trace-0004795,2026-08-18T15:10:35.826498+00:00,checkout,520.76,False
42-trace-0006559,2026-08-18T15:21:05.898405+00:00,checkout,314.46,False
42-trace-0009292,2026-08-18T15:06:21.426473+00:00,site_latency,248.84,False
42-trace-0013343,2026-08-18T15:20:09.489086+00:00,site_latency,129.7,False
42-trace-0021388,2026-08-18T15:20:11.304075+00:00,api_generic,98.15,False
42-trace-0023238,2026-08-18T15:27:34.405998+00:00,api_generic,150.72,False
42-trace-0015015,2026-08-18T15:25:44.537854+00:00,site_latency,93.4,False
42-trace-0003347,2026-08-18T15:31:00.963381+00:00,pix,131.28,False
42-trace-0020980,2026-08-18T15:18:29.747713+00:00,api_generic,159.25,False
42-trace-0022719,2026-08-18T15:25:30.602631+00:00,api_generic,89.43,False
42-trace-0016717,2026-08-18T15:31:46.155722+00:00,site_latency,175.95,False
42-trace-0002939,2026-08-18T15:27:48.992888+00:00,pix,104.28,False
42-trace-0024062,2026-08-18T15:30:43.349225+00:00,api_generic,54.48,False
42-trace-0015943,2026-08-18T15:28:58.312988+00:00,site_latency,135.89,False
42-trace-0014442,2026-08-18T15:23:51.306794+00:00,site_latency,144.7,False
42-trace-0018904,2026-08-18T15:09:58.153481+00:00,api_generic,197.35,False
42-trace-0006317,2026-08-18T15:19:43.690109+00:00,checkout,479.71,False
42-trace-0014292,2026-08-18T15:23:20.648250+00:00,site_latency,311.27,False
42-trace-0019463,2026-08-18T15:12:15.477773+00:00,api_generic,114.8,False
42-trace-0019936,2026-08-18T15:14:10.537177+00:00,api_generic,34.66,False
42-trace-0020156,2026-08-18T15:15:04.910509+00:00,api_generic,27.61,False
42-trace-0009939,2026-08-18T15:08:28.104782+00:00,site_latency,249.04,False
42-trace-0004823,2026-08-18T15:10:45.583130+00:00,checkout,365.86,False
42-trace-0015269,2026-08-18T15:26:38.082892+00:00,site_latency,116.75,False
42-trace-0018756,2026-08-18T15:09:20.984029+00:00,api_generic,90.4,False
42-trace-0012364,2026-08-18T15:16:58.046597+00:00,site_latency,222.89,False
42-trace-0024954,2026-08-18T15:34:15.733819+00:00,api_generic,47.93,False
42-trace-0019025,2026-08-18T15:10:30.292753+00:00,api_generic,56.13,False
42-trace-0024127,2026-08-18T15:31:01.902120+00:00,api_generic,58.78,False
42-trace-0006866,2026-08-18T15:22:52.461199+00:00,checkout,183.72,False
42-trace-0011764,2026-08-18T15:14:51.744550+00:00,site_latency,66.76,False
42-trace-0020017,2026-08-18T15:14:30.277807+00:00,api_generic,170.29,False
42-trace-0013135,2026-08-18T15:19:29.538870+00:00,site_latency,160.08,False
42-trace-0003440,2026-08-18T15:31:46.179418+00:00,pix,235.39,False
42-trace-0000632,2026-08-18T15:09:42.538636+00:00,pix,292.88,False
42-trace-0012373,2026-08-18T15:16:59.981694+00:00,site_latency,797.33,False
42-trace-0007987,2026-08-18T15:29:35.619873+00:00,checkout,397.73,False
42-trace-0003711,2026-08-18T15:34:11.193048+00:00,pix,141.48,False
42-trace-0009528,2026-08-18T15:07:06.952065+00:00,site_latency,246.11,False
42-trace-0010832,2026-08-18T15:11:35.372693+00:00,site_latency,121.3,False
42-trace-0018873,2026-08-18T15:09:50.255819+00:00,api_generic,72.74,False
42-trace-0006404,2026-08-18T15:20:11.345264+00:00,checkout,399.82,False
42-trace-0024549,2026-08-18T15:32:43.257511+00:00,api_generic,115.5,False
42-trace-0010229,2026-08-18T15:09:25.538272+00:00,site_latency,377.05,False
42-trace-0018289,2026-08-18T15:07:31.365977+00:00,api_generic,49.97,False
42-trace-0009244,2026-08-18T15:06:11.187604+00:00,site_latency,188.9,False
42-trace-0008143,2026-08-18T15:30:37.120599+00:00,checkout,182.46,False
42-trace-0000183,2026-08-18T15:06:02.845995+00:00,pix,103.92,False
42-trace-0003500,2026-08-18T15:32:14.543617+00:00,pix,147.77,False
42-trace-0014391,2026-08-18T15:23:39.882836+00:00,site_latency,163.84,False
42-trace-0019764,2026-08-18T15:13:33.149356+00:00,api_generic,56.95,False
42-trace-0024507,2026-08-18T15:32:34.086907+00:00,api_generic,139.48,False
42-trace-0011688,2026-08-18T15:14:33.096136+00:00,site_latency,140.39,False
42-trace-0014871,2026-08-18T15:25:16.269274+00:00,site_latency,161.16,False
42-trace-0017787,2026-08-18T15:05:28.522295+00:00,api_generic,139.57,False
42-trace-0023067,2026-08-18T15:26:58.000114+00:00,api_generic,73.24,False
42-trace-0010391,2026-08-18T15:10:04.179457+00:00,site_latency,2307.51,False
42-trace-0000522,2026-08-18T15:08:50.549998+00:00,pix,87.95,False
42-trace-0012660,2026-08-18T15:17:54.272183+00:00,site_latency,510.09,False
42-trace-0006502,2026-08-18T15:20:44.605391+00:00,checkout,233.98,False
42-trace-0023628,2026-08-18T15:29:09.025162+00:00,api_generic,144.38,False
42-trace-0008643,2026-08-18T15:33:43.959766+00:00,checkout,123.34,False
42-trace-0018326,2026-08-18T15:07:38.165370+00:00,api_generic,64.23,False
42-trace-0016571,2026-08-18T15:31:16.383058+00:00,site_latency,124.16,False
42-trace-0001467,2026-08-18T15:16:14.678565+00:00,pix,76.5,False
42-trace-0006373,2026-08-18T15:20:01.830162+00:00,checkout,261.56,False
42-trace-0009378,2026-08-18T15:06:36.911328+00:00,site_latency,216.36,False
42-trace-0018269,2026-08-18T15:07:27.530624+00:00,api_generic,85.89,False
42-trace-0005901,2026-08-18T15:17:10.805132+00:00,checkout,384.49,False
42-trace-0017344,2026-08-18T15:33:55.498330+00:00,site_latency,180.89,False
42-trace-0001833,2026-08-18T15:19:10.745486+00:00,pix,81.16,False
42-trace-0006195,2026-08-18T15:19:01.040446+00:00,checkout,551.41,False
42-trace-0022747,2026-08-18T15:25:36.507804+00:00,api_generic,62.03,False
42-trace-0002322,2026-08-18T15:23:04.923650+00:00,pix,1096.74,False
42-trace-0016463,2026-08-18T15:30:52.303376+00:00,site_latency,149.86,False
42-trace-0006256,2026-08-18T15:19:23.331469+00:00,checkout,307.95,False
42-trace-0008023,2026-08-18T15:29:52.181597+00:00,checkout,292.15,False
42-trace-0021867,2026-08-18T15:22:04.779469+00:00,api_generic,166.47,False
42-trace-0007550,2026-08-18T15:26:55.547991+00:00,checkout,567.98,False
42-trace-0014964,2026-08-18T15:25:35.661868+00:00,site_latency,321.18,False
42-trace-0003470,2026-08-18T15:32:00.301006+00:00,pix,166.54,False
42-trace-0023961,2026-08-18T15:30:23.220881+00:00,api_generic,120.0,False
42-trace-0000588,2026-08-18T15:09:20.331977+00:00,pix,89.51,False
42-trace-0003156,2026-08-18T15:29:34.596875+00:00,pix,91.44,False
42-trace-0013348,2026-08-18T15:20:11.209410+00:00,site_latency,170.27,False
42-trace-0007600,2026-08-18T15:27:09.498471+00:00,checkout,358.53,False
42-trace-0002116,2026-08-18T15:21:29.454653+00:00,pix,109.59,False
42-trace-0000053,2026-08-18T15:04:49.620997+00:00,pix,72.06,False
42-trace-0002859,2026-08-18T15:27:15.126283+00:00,pix,106.55,False
42-trace-0010403,2026-08-18T15:10:07.707827+00:00,site_latency,193.77,False
42-trace-0021945,2026-08-18T15:22:20.968022+00:00,api_generic,65.04,False
42-trace-0000486,2026-08-18T15:08:34.264797+00:00,pix,113.05,False
42-trace-0002238,2026-08-18T15:22:35.266982+00:00,pix,116.27,False
42-trace-0017332,2026-08-18T15:33:53.259710+00:00,site_latency,106.29,False
42-trace-0015524,2026-08-18T15:27:30.901974+00:00,site_latency,254.05,False
42-trace-0014183,2026-08-18T15:22:59.681303+00:00,site_latency,240.35,False
42-trace-0024645,2026-08-18T15:33:04.112501+00:00,api_generic,124.31,False
42-trace-0021152,2026-08-18T15:19:14.974064+00:00,api_generic,144.99,False
42-trace-0003309,2026-08-18T15:30:41.134097+00:00,pix,84.3,False
42-trace-0018036,2026-08-18T15:06:29.876322+00:00,api_generic,82.06,False
42-trace-0022377,2026-08-18T15:24:03.750577+00:00,api_generic,87.66,False
42-trace-0005794,2026-08-18T15:16:36.242799+00:00,checkout,539.94,False
42-trace-0008195,2026-08-18T15:30:55.011319+00:00,checkout,280.46,False
42-trace-0021172,2026-08-18T15:19:19.384346+00:00,api_generic,177.26,False
42-trace-0011399,2026-08-18T15:13:36.505032+00:00,site_latency,307.58,False
42-trace-0012638,2026-08-18T15:17:49.310801+00:00,site_latency,49.23,False
42-trace-0018108,2026-08-18T15:06:48.001176+00:00,api_generic,59.46,False
42-trace-0001572,2026-08-18T15:17:05.590362+00:00,pix,111.11,False
