trace_id,timestamp,domain,latency_ms,is_error
99-trace-0017501,2026-08-18T15:04:26.579481+00:00,api_generic,62.15,False
99-trace-0003752,2026-08-18T15:04:26.896776+00:00,checkout,321.52,False
99-trace-0000003,2026-08-18T15:04:26.986500+00:00,pix,122.14,False
99-trace-0008757,2026-08-18T15:04:27.557331+00:00,site_latency,229.22,False
99-trace-0017504,2026-08-18T15:04:27.762611+00:00,api_generic,238.1,False
99-trace-0017506,2026-08-18T15:04:27.913554+00:00,api_generic,63.08,False
99-trace-0017507,2026-08-18T15:04:27.960104+00:00,api_generic,161.5,False
99-trace-0000006,2026-08-18T15:04:28.507206+00:00,pix,216.38,False
99-trace-0003755,2026-08-18T15:04:28.564941+00:00,checkout,241.84,False
99-trace-0017512,2026-08-18T15:04:29.179570+00:00,api_generic,170.06,False
99-trace-0000008,2026-08-18T15:04:29.195056+00:00,pix,97.39,False
99-trace-0017513,2026-08-18T15:04:29.215568+00:00,api_generic,613.96,False
99-trace-0017514,2026-08-18T15:04:29.337139+00:00,api_generic,126.35,False
99-trace-0003756,2026-08-18T15:04:29.385066+00:00,checkout,777.99,False
99-trace-0008766,2026-08-18T15:04:29.575753+00:00,site_latency,72.82,False
99-trace-0003759,2026-08-18T15:04:29.660343+00:00,checkout,277.01,False
99-trace-0000010,2026-08-18T15:04:29.711155+00:00,pix,166.27,False
99-trace-0017518,2026-08-18T15:04:29.878829+00:00,api_generic,593.31,False
99-trace-0017520,2026-08-18T15:04:29.978723+00:00,api_generic,76.15,False
99-trace-0003760,2026-08-18T15:04:30.147480+00:00,checkout,269.35,False
99-trace-0003761,2026-08-18T15:04:30.297991+00:00,checkout,427.35,False
99-trace-0017523,2026-08-18T15:04:30.579187+00:00,api_generic,91.9,False
99-trace-0000014,2026-08-18T15:04:30.717358+00:00,pix,230.18,True
99-trace-0003763,2026-08-18T15:04:31.109557+00:00,checkout,206.44,False
99-trace-0000015,2026-08-18T15:04:31.328083+00:00,pix,134.62,False
99-trace-0008784,2026-08-18T15:04:32.233580+00:00,site_latency,174.9,False
99-trace-0008786,2026-08-18T15:04:32.963278+00:00,site_latency,991.53,False
99-trace-0003767,2026-08-18T15:04:33.187670+00:00,checkout,404.73,False
99-trace-0000021,2026-08-18T15:04:33.508277+00:00,pix,154.48,False
99-trace-0017534,2026-08-18T15:04:33.670279+00:00,api_generic,116.49,False
99-trace-0008790,2026-08-18T15:04:33.963596+00:00,site_latency,650.73,False
99-trace-0003768,2026-08-18T15:04:34.144065+00:00,checkout,209.0,False
99-trace-0000024,2026-08-18T15:04:34.166449+00:00,pix,126.05,False
99-trace-0017537,2026-08-18T15:04:34.622437+00:00,api_generic,94.08,False
99-trace-0003776,2026-08-18T15:04:36.552176+00:00,checkout,337.81,False
99-trace-0003778,2026-08-18T15:04:36.753662+00:00,checkout,283.61,False
99-trace-0017542,2026-08-18T15:04:36.853021+00:00,api_generic,244.6,False
99-trace-0017545,2026-08-18T15:04:37.010192+00:00,api_generic,108.07,False
99-trace-0000035,2026-08-18T15:04:37.633722+00:00,pix,238.37,False
99-trace-0017548,2026-08-18T15:04:37.654624+00:00,api_generic,130.42,False
99-trace-0003781,2026-08-18T15:04:37.886134+00:00,checkout,766.54,False
99-trace-0017552,2026-08-18T15:04:38.053100+00:00,api_generic,129.57,False
99-trace-0008805,2026-08-18T15:04:38.419172+00:00,site_latency,875.51,False
99-trace-0008806,2026-08-18T15:04:38.483003+00:00,site_latency,134.19,False
99-trace-0003786,2026-08-18T15:04:38.525955+00:00,checkout,147.03,False
99-trace-0000038,2026-08-18T15:04:39.152660+00:00,pix,160.98,False
99-trace-0003791,2026-08-18T15:04:40.054972+00:00,checkout,665.43,False
99-trace-0008813,2026-08-18T15:04:40.253595+00:00,site_latency,270.66,False
99-trace-0017560,2026-08-18T15:04:40.395805+00:00,api_generic,44.43,False
99-trace-0008816,2026-08-18T15:04:40.499524+00:00,site_latency,66.6,False
99-trace-0003792,2026-08-18T15:04:40.728797+00:00,checkout,410.6,False
99-trace-0000042,2026-08-18T15:04:40.833684+00:00,pix,200.83,False
99-trace-0017565,2026-08-18T15:04:41.194174+00:00,api_generic,312.6,False
99-trace-0017566,2026-08-18T15:04:41.218378+00:00,api_generic,453.97,False
99-trace-0008824,2026-08-18T15:04:41.926432+00:00,site_latency,291.74,False
99-trace-0000047,2026-08-18T15:04:43.059807+00:00,pix,104.74,False
99-trace-0017579,2026-08-18T15:04:43.228940+00:00,api_generic,58.76,False
99-trace-0003798,2026-08-18T15:04:43.255813+00:00,checkout,204.85,False
99-trace-0003799,2026-08-18T15:04:43.850415+00:00,checkout,274.61,False
99-trace-0003800,2026-08-18T15:04:44.246850+00:00,checkout,297.56,False
99-trace-0008834,2026-08-18T15:04:44.762808+00:00,site_latency,627.19,False
99-trace-0017586,2026-08-18T15:04:45.182440+00:00,api_generic,59.99,False
99-trace-0003807,2026-08-18T15:04:45.356046+00:00,checkout,391.06,False
99-trace-0008837,2026-08-18T15:04:45.643559+00:00,site_latency,619.52,False
99-trace-0008844,2026-08-18T15:04:46.998267+00:00,site_latency,226.33,False
99-trace-0003812,2026-08-18T15:04:47.393578+00:00,checkout,315.62,False
99-trace-0017596,2026-08-18T15:04:47.541736+00:00,api_generic,78.3,False
99-trace-0017597,2026-08-18T15:04:47.551358+00:00,api_generic,151.1,False
99-trace-0003815,2026-08-18T15:04:47.910066+00:00,checkout,456.25,True
99-trace-0008848,2026-08-18T15:04:47.980993+00:00,site_latency,74.68,False
99-trace-0008850,2026-08-18T15:04:48.201975+00:00,site_latency,306.87,False
99-trace-0003817,2026-08-18T15:04:48.374654+00:00,checkout,499.31,False
99-trace-0008851,2026-08-18T15:04:48.527136+00:00,site_latency,1650.49,False
99-trace-0008853,2026-08-18T15:04:48.775424+00:00,site_latency,233.62,False
99-trace-0008854,2026-08-18T15:04:49.129866+00:00,site_latency,357.23,False
99-trace-0017602,2026-08-18T15:04:49.155952+00:00,api_generic,156.15,False
99-trace-0008858,2026-08-18T15:04:49.819091+00:00,site_latency,773.46,False
99-trace-0008860,2026-08-18T15:04:49.864450+00:00,site_latency,458.94,True
99-trace-0008864,2026-08-18T15:04:50.381725+00:00,site_latency,190.25,False
99-trace-0017609,2026-08-18T15:04:50.401158+00:00,api_generic,181.25,False
99-trace-0017610,2026-08-18T15:04:50.500152+00:00,api_generic,88.94,False
99-trace-0008866,2026-08-18T15:04:50.663794+00:00,site_latency,285.66,False
99-trace-0008870,2026-08-18T15:04:50.911205+00:00,site_latency,164.11,False
99-trace-0003828,2026-08-18T15:04:51.490389+00:00,checkout,209.54,False
99-trace-0017616,2026-08-18T15:04:51.704892+00:00,api_generic,142.7,False
99-trace-0008875,2026-08-18T15:04:51.982035+00:00,site_latency,678.29,False
99-trace-0008876,2026-08-18T15:04:51.989200+00:00,site_latency,301.49,True
99-trace-0008885,2026-08-18T15:04:53.679161+00:00,site_latency,72.36,False
99-trace-0003837,2026-08-18T15:04:54.373688+00:00,checkout,891.8,True
99-trace-0003839,2026-08-18T15:04:54.607913+00:00,checkout,543.23,False
99-trace-0008894,2026-08-18T15:04:54.993381+00:00,site_latency,500.73,False
99-trace-0000071,2026-08-18T15:04:55.739646+00:00,pix,244.74,False
99-trace-0008901,2026-08-18T15:04:56.130659+00:00,site_latency,233.42,False
99-trace-0017632,2026-08-18T15:04:56.297759+00:00,api_generic,59.81,False
99-trace-0008904,2026-08-18T15:04:56.751800+00:00,site_latency,600.23,False
99-trace-0017633,2026-08-18T15:04:56.890607+00:00,api_generic,84.78,False
99-trace-0000076,2026-08-18T15:04:56.894215+00:00,pix,85.6,False
99-trace-0017635,2026-08-18T15:04:56.977405+00:00,api_generic,241.76,False
99-trace-0017636,2026-08-18T15:04:57.221838+00:00,api_generic,742.3,False
99-trace-0017637,2026-08-18T15:04:57.277818+00:00,api_generic,108.66,False
99-trace-0008908,2026-08-18T15:04:57.341123+00:00,site_latency,424.05,False
99-trace-0017639,2026-08-18T15:04:57.894520+00:00,api_generic,293.82,False
99-trace-0000078,2026-08-18T15:04:57.972651+00:00,pix,134.91,False
99-trace-0017641,2026-08-18T15:04:58.081183+00:00,api_generic,195.81,False
99-trace-0000079,2026-08-18T15:04:58.659905+00:00,pix,102.61,False
99-trace-0017645,2026-08-18T15:04:58.728880+00:00,api_generic,88.56,False
99-trace-0008916,2026-08-18T15:04:59.116884+00:00,site_latency,138.78,False
99-trace-0008917,2026-08-18T15:04:59.264875+00:00,site_latency,344.86,False
99-trace-0000081,2026-08-18T15:04:59.446517+00:00,pix,116.67,False
99-trace-0008920,2026-08-18T15:04:59.614563+00:00,site_latency,206.06,False
99-trace-0008922,2026-08-18T15:04:59.785726+00:00,site_latency,194.11,False
99-trace-0003851,2026-08-18T15:05:00.183321+00:00,checkout,1548.33,False
99-trace-0008926,2026-08-18T15:05:00.581945+00:00,site_latency,173.22,False
99-trace-0008928,2026-08-18T15:05:00.629700+00:00,site_latency,122.74,False
99-trace-0008929,2026-08-18T15:05:00.666407+00:00,site_latency,160.93,False
99-trace-0000085,2026-08-18T15:05:01.552030+00:00,pix,948.15,False
99-trace-0008942,2026-08-18T15:05:02.358103+00:00,site_latency,358.74,False
99-trace-0017664,2026-08-18T15:05:02.991355+00:00,api_generic,247.13,False
99-trace-0017669,2026-08-18T15:05:03.643948+00:00,api_generic,42.7,False
99-trace-0008951,2026-08-18T15:05:04.227315+00:00,site_latency,732.91,False
99-trace-0017674,2026-08-18T15:05:04.560164+00:00,api_generic,58.05,False
99-trace-0008953,2026-08-18T15:05:04.582257+00:00,site_latency,181.13,False
99-trace-0003857,2026-08-18T15:05:04.679361+00:00,checkout,308.23,False
99-trace-0017679,2026-08-18T15:05:05.302223+00:00,api_generic,92.73,False
99-trace-0008959,2026-08-18T15:05:05.834192+00:00,site_latency,224.95,False
99-trace-0008960,2026-08-18T15:05:06.073137+00:00,site_latency,367.45,False
99-trace-0008972,2026-08-18T15:05:07.519444+00:00,site_latency,276.83,False
99-trace-0000098,2026-08-18T15:05:08.733936+00:00,pix,119.26,False
99-trace-0003867,2026-08-18T15:05:08.866678+00:00,checkout,477.98,False
99-trace-0017690,2026-08-18T15:05:08.898680+00:00,api_generic,37.65,False
99-trace-0000100,2026-08-18T15:05:09.085339+00:00,pix,202.79,True
99-trace-0008979,2026-08-18T15:05:09.267808+00:00,site_latency,782.63,False
99-trace-0008980,2026-08-18T15:05:09.344262+00:00,site_latency,946.17,True
99-trace-0008981,2026-08-18T15:05:09.349656+00:00,site_latency,694.4,False
99-trace-0017694,2026-08-18T15:05:09.708176+00:00,api_generic,85.06,False
99-trace-0008984,2026-08-18T15:05:09.999246+00:00,site_latency,83.03,False
99-trace-0017696,2026-08-18T15:05:10.192845+00:00,api_generic,1794.33,False
99-trace-0017699,2026-08-18T15:05:11.138665+00:00,api_generic,236.68,False
99-trace-0008988,2026-08-18T15:05:11.206819+00:00,site_latency,495.87,False
99-trace-0017701,2026-08-18T15:05:11.496230+00:00,api_generic,211.09,False
99-trace-0017702,2026-08-18T15:05:11.663232+00:00,api_generic,67.16,False
99-trace-0017704,2026-08-18T15:05:11.727307+00:00,api_generic,65.47,False
99-trace-0017705,2026-08-18T15:05:11.752622+00:00,api_generic,52.58,False
99-trace-0008992,2026-08-18T15:05:12.079916+00:00,site_latency,157.3,False
99-trace-0017713,2026-08-18T15:05:13.056590+00:00,api_generic,284.06,True
99-trace-0017719,2026-08-18T15:05:14.247830+00:00,api_generic,49.83,False
99-trace-0017720,2026-08-18T15:05:14.263881+00:00,api_generic,121.52,False
99-trace-0017722,2026-08-18T15:05:14.554864+00:00,api_generic,24.65,False
99-trace-0000109,2026-08-18T15:05:14.649424+00:00,pix,164.94,False
99-trace-0017723,2026-08-18T15:05:14.658235+00:00,api_generic,79.71,False
99-trace-0017724,2026-08-18T15:05:14.909719+00:00,api_generic,98.21,False
99-trace-0009006,2026-08-18T15:05:15.554076+00:00,site_latency,162.65,False
99-trace-0009007,2026-08-18T15:05:16.224135+00:00,site_latency,563.26,False
99-trace-0009010,2026-08-18T15:05:16.487331+00:00,site_latency,108.3,False
99-trace-0017735,2026-08-18T15:05:16.733172+00:00,api_generic,68.52,False
99-trace-0003887,2026-08-18T15:05:17.105679+00:00,checkout,2570.68,False
99-trace-0017738,2026-08-18T15:05:17.235030+00:00,api_generic,178.07,False
99-trace-0003892,2026-08-18T15:05:17.638360+00:00,checkout,203.95,False
99-trace-0017743,2026-08-18T15:05:18.966384+00:00,api_generic,74.51,False
99-trace-0009023,2026-08-18T15:05:19.798953+00:00,site_latency,439.81,False
99-trace-0000122,2026-08-18T15:05:19.810853+00:00,pix,1322.79,False
99-trace-0003899,2026-08-18T15:05:20.402795+00:00,checkout,785.83,True
99-trace-0003902,2026-08-18T15:05:21.672055+00:00,checkout,656.61,False
99-trace-0003903,2026-08-18T15:05:21.928664+00:00,checkout,307.92,False
99-trace-0000127,2026-08-18T15:05:22.730215+00:00,pix,131.8,False
99-trace-0009036,2026-08-18T15:05:23.177641+00:00,site_latency,362.27,False
99-trace-0000128,2026-08-18T15:05:23.237192+00:00,pix,95.79,False
99-trace-0009037,2026-08-18T15:05:23.316871+00:00,site_latency,219.37,False
99-trace-0017760,2026-08-18T15:05:23.369984+00:00,api_generic,73.93,False
99-trace-0017764,2026-08-18T15:05:23.667366+00:00,api_generic,352.48,False
99-trace-0017766,2026-08-18T15:05:24.152983+00:00,api_generic,346.92,False
99-trace-0017769,2026-08-18T15:05:24.723039+00:00,api_generic,75.42,False
99-trace-0009043,2026-08-18T15:05:25.143051+00:00,site_latency,572.48,False
99-trace-0003910,2026-08-18T15:05:25.156888+00:00,checkout,229.24,False
99-trace-0017772,2026-08-18T15:05:25.362161+00:00,api_generic,107.69,False
99-trace-0000131,2026-08-18T15:05:25.861154+00:00,pix,89.71,False
99-trace-0009049,2026-08-18T15:05:25.931006+00:00,site_latency,265.05,False
99-trace-0009050,2026-08-18T15:05:26.271206+00:00,site_latency,183.36,False
99-trace-0017777,2026-08-18T15:05:26.545984+00:00,api_generic,115.74,False
99-trace-0003917,2026-08-18T15:05:27.756437+00:00,checkout,171.21,False
99-trace-0017781,2026-08-18T15:05:27.760335+00:00,api_generic,120.7,False
99-trace-0017783,2026-08-18T15:05:28.006824+00:00,api_generic,95.15,False
99-trace-0009061,2026-08-18T15:05:28.217698+00:00,site_latency,150.67,False
99-trace-0009066,2026-08-18T15:05:29.450522+00:00,site_latency,122.26,False
99-trace-0000138,2026-08-18T15:05:29.459020+00:00,pix,44.89,False
99-trace-0009067,2026-08-18T15:05:29.747846+00:00,site_latency,1547.02,False
99-trace-0009068,2026-08-18T15:05:29.917772+00:00,site_latency,217.58,False
99-trace-0009069,2026-08-18T15:05:30.058267+00:00,site_latency,56.77,False
99-trace-0009076,2026-08-18T15:05:31.072410+00:00,site_latency,577.88,False
99-trace-0009079,2026-08-18T15:05:31.418080+00:00,site_latency,209.57,False
99-trace-0009080,2026-08-18T15:05:31.576990+00:00,site_latency,2597.26,False
99-trace-0000141,2026-08-18T15:05:32.055507+00:00,pix,108.2,False
99-trace-0000143,2026-08-18T15:05:32.346580+00:00,pix,116.54,False
99-trace-0009088,2026-08-18T15:05:32.895362+00:00,site_latency,105.59,False
99-trace-0017802,2026-08-18T15:05:32.950980+00:00,api_generic,88.41,False
99-trace-0017803,2026-08-18T15:05:32.951665+00:00,api_generic,178.48,True
99-trace-0009091,2026-08-18T15:05:33.506981+00:00,site_latency,298.36,False
99-trace-0003935,2026-08-18T15:05:33.531334+00:00,checkout,309.82,False
99-trace-0017809,2026-08-18T15:05:33.815683+00:00,api_generic,72.18,False
99-trace-0003936,2026-08-18T15:05:33.836962+00:00,checkout,859.59,True
99-trace-0017810,2026-08-18T15:05:34.228415+00:00,api_generic,103.78,False
99-trace-0000149,2026-08-18T15:05:34.301287+00:00,pix,88.33,False
99-trace-0000151,2026-08-18T15:05:34.783889+00:00,pix,127.79,False
99-trace-0000152,2026-08-18T15:05:35.199750+00:00,pix,114.74,False
99-trace-0009102,2026-08-18T15:05:35.542652+00:00,site_latency,222.47,False
99-trace-0000155,2026-08-18T15:05:35.593655+00:00,pix,98.87,False
99-trace-0003942,2026-08-18T15:05:35.692997+00:00,checkout,348.32,False
99-trace-0009106,2026-08-18T15:05:36.362098+00:00,site_latency,273.26,False
99-trace-0003947,2026-08-18T15:05:36.384660+00:00,checkout,271.61,False
99-trace-0009109,2026-08-18T15:05:36.749077+00:00,site_latency,803.2,True
99-trace-0000159,2026-08-18T15:05:36.974579+00:00,pix,299.83,False
99-trace-0003951,2026-08-18T15:05:37.047112+00:00,checkout,1166.4,False
99-trace-0009114,2026-08-18T15:05:37.407439+00:00,site_latency,306.4,False
99-trace-0009115,2026-08-18T15:05:37.824541+00:00,site_latency,844.58,False
99-trace-0017824,2026-08-18T15:05:38.735261+00:00,api_generic,99.67,False
99-trace-0017828,2026-08-18T15:05:40.154612+00:00,api_generic,63.04,False
99-trace-0017829,2026-08-18T15:05:40.180565+00:00,api_generic,295.83,False
99-trace-0017832,2026-08-18T15:05:40.624595+00:00,api_generic,71.23,False
99-trace-0003961,2026-08-18T15:05:40.686116+00:00,checkout,323.18,False
99-trace-0009131,2026-08-18T15:05:41.159164+00:00,site_latency,535.47,False
99-trace-0009135,2026-08-18T15:05:41.379615+00:00,site_latency,213.9,False
99-trace-0009136,2026-08-18T15:05:41.795847+00:00,site_latency,942.9,False
99-trace-0003968,2026-08-18T15:05:41.810149+00:00,checkout,795.09,False
99-trace-0003970,2026-08-18T15:05:41.986251+00:00,checkout,190.35,False
99-trace-0003973,2026-08-18T15:05:42.663120+00:00,checkout,324.17,False
99-trace-0000166,2026-08-18T15:05:42.995926+00:00,pix,186.87,False
99-trace-0017849,2026-08-18T15:05:43.080215+00:00,api_generic,85.59,False
99-trace-0009139,2026-08-18T15:05:43.121885+00:00,site_latency,95.93,False
99-trace-0009141,2026-08-18T15:05:43.719122+00:00,site_latency,1067.65,False
99-trace-0003979,2026-08-18T15:05:44.088545+00:00,checkout,370.93,False
99-trace-0009144,2026-08-18T15:05:44.146163+00:00,site_latency,93.17,False
99-trace-0003980,2026-08-18T15:05:44.285486+00:00,checkout,94.54,False
99-trace-0009147,2026-08-18T15:05:44.286591+00:00,site_latency,168.63,False
99-trace-0000168,2026-08-18T15:05:44.294897+00:00,pix,149.08,False
99-trace-0017852,2026-08-18T15:05:44.312576+00:00,api_generic,120.77,False
99-trace-0003982,2026-08-18T15:05:44.733287+00:00,checkout,290.93,False
99-trace-0000169,2026-08-18T15:05:44.898632+00:00,pix,1095.19,False
99-trace-0009150,2026-08-18T15:05:45.343029+00:00,site_latency,140.54,False
99-trace-0017857,2026-08-18T15:05:46.112226+00:00,api_generic,95.47,False
99-trace-0017860,2026-08-18T15:05:46.205772+00:00,api_generic,346.62,False
99-trace-0009158,2026-08-18T15:05:46.346359+00:00,site_latency,89.03,False
99-trace-0017864,2026-08-18T15:05:47.593512+00:00,api_generic,79.55,False
99-trace-0017866,2026-08-18T15:05:48.451898+00:00,api_generic,55.11,False
99-trace-0009171,2026-08-18T15:05:49.311379+00:00,site_latency,195.41,True
99-trace-0000177,2026-08-18T15:05:49.387721+00:00,pix,153.24,False
99-trace-0000178,2026-08-18T15:05:49.578316+00:00,pix,142.0,False
99-trace-0017870,2026-08-18T15:05:49.747681+00:00,api_generic,37.52,False
99-trace-0000181,2026-08-18T15:05:49.980381+00:00,pix,432.96,False
99-trace-0009185,2026-08-18T15:05:51.588466+00:00,site_latency,256.63,False
99-trace-0017880,2026-08-18T15:05:52.046339+00:00,api_generic,83.41,False
99-trace-0009189,2026-08-18T15:05:52.177762+00:00,site_latency,209.65,False
99-trace-0017882,2026-08-18T15:05:52.203915+00:00,api_generic,130.0,False
99-trace-0017885,2026-08-18T15:05:52.814177+00:00,api_generic,45.98,False
99-trace-0017886,2026-08-18T15:05:52.985332+00:00,api_generic,61.55,False
99-trace-0003998,2026-08-18T15:05:53.212341+00:00,checkout,260.96,False
99-trace-0017888,2026-08-18T15:05:53.278690+00:00,api_generic,106.87,False
99-trace-0003999,2026-08-18T15:05:53.444552+00:00,checkout,484.26,False
99-trace-0017889,2026-08-18T15:05:53.614951+00:00,api_generic,41.69,False
99-trace-0017895,2026-08-18T15:05:54.724793+00:00,api_generic,44.28,False
99-trace-0000191,2026-08-18T15:05:54.995616+00:00,pix,154.99,False
99-trace-0004004,2026-08-18T15:05:55.257375+00:00,checkout,220.6,False
99-trace-0004005,2026-08-18T15:05:55.321791+00:00,checkout,334.59,False
99-trace-0004007,2026-08-18T15:05:55.604384+00:00,checkout,232.26,False
99-trace-0017904,2026-08-18T15:05:56.457837+00:00,api_generic,157.14,False
99-trace-0004012,2026-08-18T15:05:56.548833+00:00,checkout,372.18,False
99-trace-0017905,2026-08-18T15:05:56.625021+00:00,api_generic,121.33,False
99-trace-0017908,2026-08-18T15:05:56.805635+00:00,api_generic,84.1,False
99-trace-0004015,2026-08-18T15:05:57.523723+00:00,checkout,569.47,False
99-trace-0017915,2026-08-18T15:05:58.396260+00:00,api_generic,84.32,False
99-trace-0017917,2026-08-18T15:05:58.573896+00:00,api_generic,41.49,False
99-trace-0017918,2026-08-18T15:05:58.749833+00:00,api_generic,2629.25,True
99-trace-0009218,2026-08-18T15:05:58.944492+00:00,site_latency,216.56,False
99-trace-0009221,2026-08-18T15:05:59.170303+00:00,site_latency,498.98,False
99-trace-0017928,2026-08-18T15:06:00.289401+00:00,api_generic,539.02,False
99-trace-0017929,2026-08-18T15:06:00.423533+00:00,api_generic,631.32,False
99-trace-0009234,2026-08-18T15:06:01.515416+00:00,site_latency,212.8,False
99-trace-0017933,2026-08-18T15:06:01.753492+00:00,api_generic,122.36,True
99-trace-0017934,2026-08-18T15:06:01.954814+00:00,api_generic,49.14,False
99-trace-0004025,2026-08-18T15:06:02.454606+00:00,checkout,554.23,False
99-trace-0004026,2026-08-18T15:06:02.690799+00:00,checkout,322.52,False
99-trace-0000205,2026-08-18T15:06:04.074810+00:00,pix,128.02,False
99-trace-0017940,2026-08-18T15:06:04.398211+00:00,api_generic,287.33,False
99-trace-0004035,2026-08-18T15:06:04.489026+00:00,checkout,277.95,False
99-trace-0017941,2026-08-18T15:06:04.865566+00:00,api_generic,237.91,False
99-trace-0017943,2026-08-18T15:06:05.107864+00:00,api_generic,114.82,False
99-trace-0017948,2026-08-18T15:06:05.390393+00:00,api_generic,63.14,False
99-trace-0004036,2026-08-18T15:06:05.472855+00:00,checkout,320.31,False
99-trace-0000211,2026-08-18T15:06:05.737923+00:00,pix,74.6,False
99-trace-0004037,2026-08-18T15:06:06.007721+00:00,checkout,923.08,False
99-trace-0009247,2026-08-18T15:06:06.030697+00:00,site_latency,86.25,False
99-trace-0000212,2026-08-18T15:06:06.130973+00:00,pix,82.11,False
99-trace-0000214,2026-08-18T15:06:06.938289+00:00,pix,103.2,False
99-trace-0009253,2026-08-18T15:06:06.990032+00:00,site_latency,679.5,False
99-trace-0004041,2026-08-18T15:06:07.188755+00:00,checkout,247.37,False
99-trace-0017952,2026-08-18T15:06:07.610492+00:00,api_generic,74.58,False
99-trace-0004042,2026-08-18T15:06:07.630786+00:00,checkout,117.32,False
99-trace-0017955,2026-08-18T15:06:07.839601+00:00,api_generic,56.54,False
99-trace-0009260,2026-08-18T15:06:07.845193+00:00,site_latency,144.07,False
99-trace-0000215,2026-08-18T15:06:07.929703+00:00,pix,928.84,False
99-trace-0017957,2026-08-18T15:06:08.084412+00:00,api_generic,333.66,False
99-trace-0009263,2026-08-18T15:06:08.358842+00:00,site_latency,273.47,False
99-trace-0017961,2026-08-18T15:06:09.244373+00:00,api_generic,256.88,False
99-trace-0009280,2026-08-18T15:06:09.801089+00:00,site_latency,508.81,False
99-trace-0000223,2026-08-18T15:06:09.812983+00:00,pix,305.23,False
99-trace-0009283,2026-08-18T15:06:10.169726+00:00,site_latency,573.32,False
99-trace-0004049,2026-08-18T15:06:10.211713+00:00,checkout,229.86,False
99-trace-0000226,2026-08-18T15:06:10.413380+00:00,pix,88.06,False
99-trace-0004050,2026-08-18T15:06:10.446451+00:00,checkout,436.0,False
99-trace-0009285,2026-08-18T15:06:10.790980+00:00,site_latency,197.8,False
99-trace-0000230,2026-08-18T15:06:10.995506+00:00,pix,243.18,False
99-trace-0009288,2026-08-18T15:06:11.252024+00:00,site_latency,587.05,False
99-trace-0004056,2026-08-18T15:06:12.161276+00:00,checkout,1254.34,False
99-trace-0004057,2026-08-18T15:06:12.189756+00:00,checkout,454.06,False
99-trace-0017981,2026-08-18T15:06:13.469571+00:00,api_generic,103.02,False
99-trace-0004060,2026-08-18T15:06:13.551522+00:00,checkout,424.85,False
99-trace-0009295,2026-08-18T15:06:13.807288+00:00,site_latency,247.64,False
99-trace-0009298,2026-08-18T15:06:14.160763+00:00,site_latency,134.09,False
99-trace-0000238,2026-08-18T15:06:15.078197+00:00,pix,120.46,False
99-trace-0017991,2026-08-18T15:06:15.591954+00:00,api_generic,590.78,False
99-trace-0004067,2026-08-18T15:06:15.826852+00:00,checkout,339.73,False
99-trace-0017993,2026-08-18T15:06:15.852711+00:00,api_generic,353.69,False
99-trace-0009307,2026-08-18T15:06:15.879505+00:00,site_latency,697.68,False
99-trace-0004069,2026-08-18T15:06:15.989711+00:00,checkout,357.58,False
99-trace-0017995,2026-08-18T15:06:16.092752+00:00,api_generic,260.58,False
99-trace-0009311,2026-08-18T15:06:16.479867+00:00,site_latency,213.45,False
99-trace-0000245,2026-08-18T15:06:16.819244+00:00,pix,89.59,False
99-trace-0018002,2026-08-18T15:06:17.075391+00:00,api_generic,52.27,False
99-trace-0018003,2026-08-18T15:06:17.110646+00:00,api_generic,234.46,True
99-trace-0018004,2026-08-18T15:06:17.389330+00:00,api_generic,336.41,False
99-trace-0009318,2026-08-18T15:06:17.567627+00:00,site_latency,239.16,False
99-trace-0018006,2026-08-18T15:06:17.889710+00:00,api_generic,53.04,False
99-trace-0009320,2026-08-18T15:06:18.035460+00:00,site_latency,198.96,False
99-trace-0018007,2026-08-18T15:06:18.074594+00:00,api_generic,284.24,False
99-trace-0018008,2026-08-18T15:06:18.081038+00:00,api_generic,136.35,False
99-trace-0018009,2026-08-18T15:06:18.100024+00:00,api_generic,71.35,False
99-trace-0009325,2026-08-18T15:06:18.457555+00:00,site_latency,97.76,False
99-trace-0018011,2026-08-18T15:06:18.581085+00:00,api_generic,33.84,False
99-trace-0009326,2026-08-18T15:06:18.817889+00:00,site_latency,122.34,False
99-trace-0000249,2026-08-18T15:06:19.024423+00:00,pix,111.37,False
99-trace-0018015,2026-08-18T15:06:19.172800+00:00,api_generic,96.38,False
99-trace-0009327,2026-08-18T15:06:19.175774+00:00,site_latency,355.71,False
99-trace-0004079,2026-08-18T15:06:19.515455+00:00,checkout,185.49,False
99-trace-0018016,2026-08-18T15:06:19.525991+00:00,api_generic,151.19,False
99-trace-0018019,2026-08-18T15:06:19.785354+00:00,api_generic,71.03,False
99-trace-0009330,2026-08-18T15:06:20.113492+00:00,site_latency,261.16,False
99-trace-0004080,2026-08-18T15:06:20.347637+00:00,checkout,198.14,False
99-trace-0009333,2026-08-18T15:06:20.480975+00:00,site_latency,167.16,False
99-trace-0009334,2026-08-18T15:06:20.529175+00:00,site_latency,53.7,False
99-trace-0018023,2026-08-18T15:06:20.891322+00:00,api_generic,109.53,False
99-trace-0004082,2026-08-18T15:06:20.979602+00:00,checkout,235.18,False
99-trace-0004083,2026-08-18T15:06:21.084276+00:00,checkout,709.44,False
99-trace-0009337,2026-08-18T15:06:21.694924+00:00,site_latency,539.4,False
99-trace-0004085,2026-08-18T15:06:22.128837+00:00,checkout,254.8,False
99-trace-0018028,2026-08-18T15:06:22.439722+00:00,api_generic,58.86,False
99-trace-0004087,2026-08-18T15:06:23.216336+00:00,checkout,307.86,False
99-trace-0004089,2026-08-18T15:06:24.147865+00:00,checkout,893.35,False
99-trace-0009353,2026-08-18T15:06:24.677999+00:00,site_latency,154.94,False
99-trace-0009356,2026-08-18T15:06:24.961266+00:00,site_latency,196.1,False
99-trace-0004090,2026-08-18T15:06:25.400978+00:00,checkout,236.34,False
99-trace-0000260,2026-08-18T15:06:25.873294+00:00,pix,166.53,False
99-trace-0009366,2026-08-18T15:06:26.169552+00:00,site_latency,225.57,False
99-trace-0018042,2026-08-18T15:06:26.509732+00:00,api_generic,282.49,False
99-trace-0004093,2026-08-18T15:06:26.846977+00:00,checkout,316.81,False
99-trace-0018049,2026-08-18T15:06:28.062804+00:00,api_generic,70.17,False
99-trace-0009381,2026-08-18T15:06:28.932706+00:00,site_latency,511.62,False
99-trace-0018055,2026-08-18T15:06:29.255962+00:00,api_generic,50.2,False
99-trace-0004101,2026-08-18T15:06:29.280988+00:00,checkout,1500.3,True
99-trace-0009383,2026-08-18T15:06:29.296344+00:00,site_latency,193.34,False
99-trace-0004102,2026-08-18T15:06:29.394024+00:00,checkout,477.79,False
99-trace-0009386,2026-08-18T15:06:29.499998+00:00,site_latency,223.55,False
99-trace-0004103,2026-08-18T15:06:29.845168+00:00,checkout,271.79,False
99-trace-0000266,2026-08-18T15:06:29.896094+00:00,pix,3981.95,True
99-trace-0000267,2026-08-18T15:06:30.075538+00:00,pix,87.94,False
99-trace-0009391,2026-08-18T15:06:30.809419+00:00,site_latency,244.98,False
99-trace-0009392,2026-08-18T15:06:30.941543+00:00,site_latency,153.55,False
99-trace-0009399,2026-08-18T15:06:31.232367+00:00,site_latency,95.05,False
99-trace-0018062,2026-08-18T15:06:31.398233+00:00,api_generic,82.17,False
99-trace-0004104,2026-08-18T15:06:31.558093+00:00,checkout,451.76,False
99-trace-0000269,2026-08-18T15:06:32.112479+00:00,pix,144.43,False
99-trace-0009406,2026-08-18T15:06:33.136461+00:00,site_latency,125.26,False
99-trace-0018072,2026-08-18T15:06:33.522309+00:00,api_generic,54.74,False
99-trace-0009412,2026-08-18T15:06:33.632770+00:00,site_latency,527.36,False
99-trace-0018074,2026-08-18T15:06:34.136717+00:00,api_generic,153.16,False
99-trace-0004110,2026-08-18T15:06:34.573840+00:00,checkout,243.45,False
99-trace-0018075,2026-08-18T15:06:34.661754+00:00,api_generic,257.48,False
99-trace-0009421,2026-08-18T15:06:34.825402+00:00,site_latency,156.4,False
99-trace-0009425,2026-08-18T15:06:35.165446+00:00,site_latency,510.55,False
99-trace-0018078,2026-08-18T15:06:35.697459+00:00,api_generic,72.77,False
99-trace-0009431,2026-08-18T15:06:36.126054+00:00,site_latency,279.42,False
99-trace-0000280,2026-08-18T15:06:37.036987+00:00,pix,70.09,False
99-trace-0004114,2026-08-18T15:06:37.317871+00:00,checkout,291.7,False
99-trace-0004115,2026-08-18T15:06:37.341606+00:00,checkout,1607.26,False
99-trace-0009437,2026-08-18T15:06:37.409482+00:00,site_latency,677.9,True
99-trace-0009438,2026-08-18T15:06:37.520577+00:00,site_latency,510.01,False
99-trace-0018083,2026-08-18T15:06:37.864671+00:00,api_generic,27.57,False
99-trace-0000281,2026-08-18T15:06:38.244555+00:00,pix,294.07,True
99-trace-0009443,2026-08-18T15:06:38.412911+00:00,site_latency,411.86,False
99-trace-0000285,2026-08-18T15:06:39.203297+00:00,pix,286.01,False
99-trace-0018087,2026-08-18T15:06:39.459629+00:00,api_generic,104.07,False
99-trace-0009450,2026-08-18T15:06:39.636361+00:00,site_latency,123.6,False
99-trace-0018089,2026-08-18T15:06:39.876330+00:00,api_generic,87.54,False
99-trace-0018090,2026-08-18T15:06:39.997430+00:00,api_generic,94.94,True
99-trace-0000288,2026-08-18T15:06:40.566107+00:00,pix,155.43,False
99-trace-0018093,2026-08-18T15:06:40.648214+00:00,api_generic,55.4,False
99-trace-0000289,2026-08-18T15:06:41.086789+00:00,pix,109.65,False
99-trace-0009461,2026-08-18T15:06:41.875472+00:00,site_latency,93.22,False
99-trace-0004128,2026-08-18T15:06:42.012367+00:00,checkout,236.14,False
99-trace-0004131,2026-08-18T15:06:43.634862+00:00,checkout,181.94,False
99-trace-0004134,2026-08-18T15:06:44.180963+00:00,checkout,2406.09,False
99-trace-0018109,2026-08-18T15:06:44.765507+00:00,api_generic,104.23,False
99-trace-0009483,2026-08-18T15:06:45.165461+00:00,site_latency,442.02,False
99-trace-0018115,2026-08-18T15:06:45.957886+00:00,api_generic,584.92,False
99-trace-0000304,2026-08-18T15:06:46.556149+00:00,pix,344.35,False
99-trace-0018118,2026-08-18T15:06:46.564519+00:00,api_generic,95.64,False
99-trace-0009492,2026-08-18T15:06:48.335725+00:00,site_latency,710.74,True
99-trace-0018124,2026-08-18T15:06:48.461737+00:00,api_generic,184.11,False
99-trace-0000314,2026-08-18T15:06:49.262969+00:00,pix,149.88,False
99-trace-0004144,2026-08-18T15:06:49.981493+00:00,checkout,434.2,False
99-trace-0004145,2026-08-18T15:06:50.250605+00:00,checkout,420.55,False
99-trace-0004147,2026-08-18T15:06:50.536994+00:00,checkout,226.83,False
99-trace-0018134,2026-08-18T15:06:51.129436+00:00,api_generic,82.36,False
99-trace-0018135,2026-08-18T15:06:51.822904+00:00,api_generic,69.87,False
99-trace-0004151,2026-08-18T15:06:52.427049+00:00,checkout,414.38,False
99-trace-0009503,2026-08-18T15:06:52.432713+00:00,site_latency,402.7,False
99-trace-0018138,2026-08-18T15:06:52.758069+00:00,api_generic,121.5,False
99-trace-0004154,2026-08-18T15:06:52.895321+00:00,checkout,885.59,False
99-trace-0004155,2026-08-18T15:06:53.110857+00:00,checkout,438.85,False
99-trace-0009508,2026-08-18T15:06:53.632710+00:00,site_latency,228.4,False
99-trace-0009509,2026-08-18T15:06:54.009023+00:00,site_latency,278.84,False
99-trace-0000319,2026-08-18T15:06:54.309364+00:00,pix,99.0,False
99-trace-0004159,2026-08-18T15:06:54.632251+00:00,checkout,882.24,False
99-trace-0004162,2026-08-18T15:06:54.991455+00:00,checkout,369.06,False
99-trace-0000320,2026-08-18T15:06:54.994338+00:00,pix,250.29,False
99-trace-0009516,2026-08-18T15:06:55.536627+00:00,site_latency,294.82,False
99-trace-0009519,2026-08-18T15:06:55.771980+00:00,site_latency,158.86,False
99-trace-0004165,2026-08-18T15:06:56.331107+00:00,checkout,578.99,False
99-trace-0004169,2026-08-18T15:06:57.093973+00:00,checkout,381.12,False
99-trace-0018151,2026-08-18T15:06:57.148162+00:00,api_generic,248.83,False
99-trace-0018153,2026-08-18T15:06:57.679450+00:00,api_generic,70.61,False
99-trace-0009533,2026-08-18T15:06:57.833069+00:00,site_latency,2240.47,False
99-trace-0009534,2026-08-18T15:06:57.867669+00:00,site_latency,548.5,True
99-trace-0004175,2026-08-18T15:06:58.267936+00:00,checkout,804.27,False
99-trace-0009538,2026-08-18T15:06:58.337331+00:00,site_latency,547.83,False
99-trace-0009540,2026-08-18T15:06:58.693399+00:00,site_latency,608.44,False
99-trace-0018158,2026-08-18T15:06:59.193637+00:00,api_generic,52.09,False
99-trace-0009546,2026-08-18T15:06:59.240559+00:00,site_latency,176.73,False
99-trace-0000323,2026-08-18T15:06:59.613459+00:00,pix,75.93,False
99-trace-0000324,2026-08-18T15:06:59.934285+00:00,pix,128.16,False
99-trace-0009549,2026-08-18T15:07:00.765015+00:00,site_latency,152.54,False
99-trace-0004185,2026-08-18T15:07:00.896197+00:00,checkout,184.96,False
99-trace-0009551,2026-08-18T15:07:01.250604+00:00,site_latency,305.12,False
99-trace-0018165,2026-08-18T15:07:01.395930+00:00,api_generic,459.57,False
99-trace-0000325,2026-08-18T15:07:01.464999+00:00,pix,487.22,False
99-trace-0000326,2026-08-18T15:07:02.288560+00:00,pix,147.79,False
99-trace-0018170,2026-08-18T15:07:02.488492+00:00,api_generic,1772.16,False
99-trace-0009559,2026-08-18T15:07:03.346610+00:00,site_latency,116.43,False
99-trace-0000332,2026-08-18T15:07:03.989241+00:00,pix,276.99,False
99-trace-0004194,2026-08-18T15:07:04.008373+00:00,checkout,1212.74,True
99-trace-0004196,2026-08-18T15:07:04.225026+00:00,checkout,296.72,False
99-trace-0009566,2026-08-18T15:07:04.532491+00:00,site_latency,200.81,False
99-trace-0018182,2026-08-18T15:07:04.659761+00:00,api_generic,663.16,False
99-trace-0009570,2026-08-18T15:07:05.345001+00:00,site_latency,239.0,False
99-trace-0018187,2026-08-18T15:07:05.511204+00:00,api_generic,108.45,False
99-trace-0009571,2026-08-18T15:07:05.900768+00:00,site_latency,593.14,False
99-trace-0004198,2026-08-18T15:07:06.096384+00:00,checkout,393.87,False
99-trace-0018189,2026-08-18T15:07:06.307759+00:00,api_generic,84.38,False
99-trace-0009575,2026-08-18T15:07:06.694812+00:00,site_latency,289.03,False
99-trace-0000339,2026-08-18T15:07:07.115958+00:00,pix,134.33,False
99-trace-0009577,2026-08-18T15:07:07.205984+00:00,site_latency,111.62,False
99-trace-0000341,2026-08-18T15:07:08.000436+00:00,pix,55.29,False
99-trace-0004206,2026-08-18T15:07:08.437066+00:00,checkout,283.69,False
99-trace-0018201,2026-08-18T15:07:08.984512+00:00,api_generic,304.6,False
99-trace-0000343,2026-08-18T15:07:08.991397+00:00,pix,236.96,False
99-trace-0009586,2026-08-18T15:07:09.329081+00:00,site_latency,417.77,False
99-trace-0018203,2026-08-18T15:07:09.486497+00:00,api_generic,84.26,False
99-trace-0000344,2026-08-18T15:07:09.574021+00:00,pix,63.75,False
99-trace-0004210,2026-08-18T15:07:09.771066+00:00,checkout,221.55,False
99-trace-0004211,2026-08-18T15:07:10.056207+00:00,checkout,844.17,True
99-trace-0009598,2026-08-18T15:07:11.772373+00:00,site_latency,152.15,False
99-trace-0000348,2026-08-18T15:07:12.334900+00:00,pix,105.36,False
99-trace-0018213,2026-08-18T15:07:12.443898+00:00,api_generic,121.51,False
99-trace-0009601,2026-08-18T15:07:12.689547+00:00,site_latency,270.58,False
99-trace-0018215,2026-08-18T15:07:12.905030+00:00,api_generic,25.15,False
99-trace-0009604,2026-08-18T15:07:13.275291+00:00,site_latency,111.31,False
99-trace-0009607,2026-08-18T15:07:14.082454+00:00,site_latency,295.43,False
99-trace-0004223,2026-08-18T15:07:14.808860+00:00,checkout,759.92,False
99-trace-0000351,2026-08-18T15:07:15.095851+00:00,pix,98.18,False
99-trace-0004225,2026-08-18T15:07:15.919585+00:00,checkout,173.25,False
99-trace-0004228,2026-08-18T15:07:16.128360+00:00,checkout,285.14,False
99-trace-0018225,2026-08-18T15:07:16.192435+00:00,api_generic,63.35,False
99-trace-0009618,2026-08-18T15:07:16.588800+00:00,site_latency,165.36,False
99-trace-0018233,2026-08-18T15:07:17.393164+00:00,api_generic,71.52,False
99-trace-0018236,2026-08-18T15:07:17.666664+00:00,api_generic,55.3,False
99-trace-0004233,2026-08-18T15:07:17.905808+00:00,checkout,309.69,False
99-trace-0009628,2026-08-18T15:07:18.254818+00:00,site_latency,228.51,False
99-trace-0009633,2026-08-18T15:07:19.422247+00:00,site_latency,130.81,False
99-trace-0009634,2026-08-18T15:07:19.476991+00:00,site_latency,272.36,False
99-trace-0009635,2026-08-18T15:07:19.674885+00:00,site_latency,158.55,False
99-trace-0000359,2026-08-18T15:07:20.309896+00:00,pix,243.61,False
99-trace-0009645,2026-08-18T15:07:21.600910+00:00,site_latency,231.14,False
99-trace-0004242,2026-08-18T15:07:21.892032+00:00,checkout,738.41,False
99-trace-0018254,2026-08-18T15:07:22.185463+00:00,api_generic,102.54,False
99-trace-0018255,2026-08-18T15:07:22.250542+00:00,api_generic,175.55,True
99-trace-0018256,2026-08-18T15:07:22.329084+00:00,api_generic,65.52,False
99-trace-0018258,2026-08-18T15:07:22.509524+00:00,api_generic,115.3,False
99-trace-0009650,2026-08-18T15:07:22.598496+00:00,site_latency,80.9,False
99-trace-0018265,2026-08-18T15:07:23.658275+00:00,api_generic,90.16,False
99-trace-0018267,2026-08-18T15:07:24.575410+00:00,api_generic,148.14,True
99-trace-0009659,2026-08-18T15:07:24.795952+00:00,site_latency,614.43,False
99-trace-0018269,2026-08-18T15:07:24.938578+00:00,api_generic,246.99,False
99-trace-0004247,2026-08-18T15:07:24.988767+00:00,checkout,174.48,False
99-trace-0018270,2026-08-18T15:07:25.059001+00:00,api_generic,61.36,False
99-trace-0018273,2026-08-18T15:07:25.676983+00:00,api_generic,57.04,True
99-trace-0018276,2026-08-18T15:07:25.911927+00:00,api_generic,79.57,False
99-trace-0018277,2026-08-18T15:07:25.916457+00:00,api_generic,54.57,False
99-trace-0018278,2026-08-18T15:07:26.544036+00:00,api_generic,42.48,False
99-trace-0009665,2026-08-18T15:07:26.561158+00:00,site_latency,220.64,False
99-trace-0009666,2026-08-18T15:07:26.666505+00:00,site_latency,221.86,False
99-trace-0009668,2026-08-18T15:07:26.968685+00:00,site_latency,55.97,False
99-trace-0009671,2026-08-18T15:07:27.124352+00:00,site_latency,146.05,False
99-trace-0009672,2026-08-18T15:07:27.137654+00:00,site_latency,87.5,False
99-trace-0009674,2026-08-18T15:07:27.890287+00:00,site_latency,562.83,False
99-trace-0004256,2026-08-18T15:07:28.151758+00:00,checkout,260.93,False
99-trace-0000369,2026-08-18T15:07:28.468493+00:00,pix,903.69,False
99-trace-0004259,2026-08-18T15:07:28.551085+00:00,checkout,130.54,False
99-trace-0004263,2026-08-18T15:07:30.145885+00:00,checkout,3484.62,False
99-trace-0018300,2026-08-18T15:07:31.733948+00:00,api_generic,97.13,False
99-trace-0009696,2026-08-18T15:07:31.783535+00:00,site_latency,213.81,False
99-trace-0009697,2026-08-18T15:07:31.837896+00:00,site_latency,313.49,False
99-trace-0009698,2026-08-18T15:07:31.939387+00:00,site_latency,105.96,False
99-trace-0004266,2026-08-18T15:07:32.412526+00:00,checkout,1473.78,False
99-trace-0009700,2026-08-18T15:07:32.927952+00:00,site_latency,236.2,False
99-trace-0009702,2026-08-18T15:07:33.308992+00:00,site_latency,245.67,False
99-trace-0009703,2026-08-18T15:07:33.456502+00:00,site_latency,905.59,False
99-trace-0000380,2026-08-18T15:07:33.832088+00:00,pix,191.06,False
99-trace-0009707,2026-08-18T15:07:33.966030+00:00,site_latency,108.82,False
99-trace-0009710,2026-08-18T15:07:34.250768+00:00,site_latency,73.6,False
99-trace-0000381,2026-08-18T15:07:34.313333+00:00,pix,108.75,False
99-trace-0009714,2026-08-18T15:07:36.171757+00:00,site_latency,162.18,False
99-trace-0009715,2026-08-18T15:07:36.465979+00:00,site_latency,125.2,False
99-trace-0018319,2026-08-18T15:07:36.584821+00:00,api_generic,158.54,False
99-trace-0004272,2026-08-18T15:07:36.612841+00:00,checkout,291.12,False
99-trace-0004273,2026-08-18T15:07:36.670122+00:00,checkout,361.41,False
99-trace-0004274,2026-08-18T15:07:37.001872+00:00,checkout,465.73,False
99-trace-0018322,2026-08-18T15:07:37.367647+00:00,api_generic,175.32,False
99-trace-0018324,2026-08-18T15:07:37.421465+00:00,api_generic,60.91,False
99-trace-0004277,2026-08-18T15:07:37.598214+00:00,checkout,420.96,True
99-trace-0009722,2026-08-18T15:07:38.010766+00:00,site_latency,116.59,False
99-trace-0009729,2026-08-18T15:07:38.994176+00:00,site_latency,64.29,False
99-trace-0009734,2026-08-18T15:07:39.664304+00:00,site_latency,1932.54,False
99-trace-0009735,2026-08-18T15:07:39.673052+00:00,site_latency,112.2,False
99-trace-0018334,2026-08-18T15:07:39.779455+00:00,api_generic,112.91,False
99-trace-0018335,2026-08-18T15:07:40.259327+00:00,api_generic,98.41,False
99-trace-0000392,2026-08-18T15:07:40.472534+00:00,pix,87.9,False
99-trace-0009741,2026-08-18T15:07:40.809579+00:00,site_latency,286.12,True
99-trace-0018343,2026-08-18T15:07:42.296108+00:00,api_generic,73.26,False
99-trace-0009751,2026-08-18T15:07:42.508249+00:00,site_latency,141.31,False
99-trace-0004288,2026-08-18T15:07:42.526192+00:00,checkout,1450.75,False
99-trace-0018349,2026-08-18T15:07:42.788261+00:00,api_generic,103.27,False
99-trace-0018356,2026-08-18T15:07:43.800211+00:00,api_generic,250.89,False
99-trace-0018361,2026-08-18T15:07:44.238258+00:00,api_generic,84.62,False
99-trace-0018363,2026-08-18T15:07:44.598857+00:00,api_generic,115.67,False
99-trace-0009765,2026-08-18T15:07:44.955576+00:00,site_latency,173.34,False
99-trace-0018367,2026-08-18T15:07:45.048783+00:00,api_generic,95.91,False
99-trace-0009766,2026-08-18T15:07:45.349275+00:00,site_latency,76.1,False
99-trace-0000403,2026-08-18T15:07:45.590108+00:00,pix,1007.4,False
99-trace-0000405,2026-08-18T15:07:46.191416+00:00,pix,116.29,False
99-trace-0004299,2026-08-18T15:07:48.833594+00:00,checkout,193.05,False
99-trace-0018393,2026-08-18T15:07:50.000099+00:00,api_generic,320.75,False
99-trace-0018394,2026-08-18T15:07:50.013427+00:00,api_generic,48.66,False
99-trace-0004305,2026-08-18T15:07:50.363126+00:00,checkout,282.45,False
99-trace-0000414,2026-08-18T15:07:50.710995+00:00,pix,112.88,False
99-trace-0000415,2026-08-18T15:07:50.862487+00:00,pix,260.33,False
99-trace-0009785,2026-08-18T15:07:51.228540+00:00,site_latency,125.54,False
99-trace-0018404,2026-08-18T15:07:51.357552+00:00,api_generic,34.13,False
99-trace-0018405,2026-08-18T15:07:51.379107+00:00,api_generic,70.63,False
99-trace-0009787,2026-08-18T15:07:51.512698+00:00,site_latency,812.52,True
99-trace-0009789,2026-08-18T15:07:51.583096+00:00,site_latency,509.28,False
99-trace-0000418,2026-08-18T15:07:52.050603+00:00,pix,445.19,False
99-trace-0018410,2026-08-18T15:07:52.845879+00:00,api_generic,122.56,False
99-trace-0000420,2026-08-18T15:07:53.144296+00:00,pix,145.5,False
99-trace-0009796,2026-08-18T15:07:53.469683+00:00,site_latency,149.62,False
99-trace-0004314,2026-08-18T15:07:53.611463+00:00,checkout,1009.32,False
99-trace-0004316,2026-08-18T15:07:54.112183+00:00,checkout,739.67,False
99-trace-0018418,2026-08-18T15:07:54.659449+00:00,api_generic,457.43,False
99-trace-0000427,2026-08-18T15:07:54.865549+00:00,pix,175.84,False
99-trace-0004319,2026-08-18T15:07:56.163597+00:00,checkout,324.29,False
99-trace-0000432,2026-08-18T15:07:56.576251+00:00,pix,234.1,False
99-trace-0004321,2026-08-18T15:07:57.318365+00:00,checkout,243.76,False
99-trace-0018430,2026-08-18T15:07:58.226633+00:00,api_generic,95.24,False
99-trace-0018432,2026-08-18T15:07:58.350935+00:00,api_generic,77.29,False
99-trace-0018433,2026-08-18T15:07:58.381146+00:00,api_generic,46.86,False
99-trace-0009819,2026-08-18T15:07:58.994619+00:00,site_latency,171.85,True
99-trace-0018437,2026-08-18T15:07:59.244874+00:00,api_generic,192.57,False
99-trace-0018438,2026-08-18T15:07:59.293364+00:00,api_generic,97.88,False
99-trace-0009827,2026-08-18T15:07:59.959653+00:00,site_latency,218.53,False
99-trace-0018442,2026-08-18T15:08:00.032826+00:00,api_generic,74.68,True
99-trace-0018447,2026-08-18T15:08:00.928403+00:00,api_generic,344.46,False
99-trace-0004329,2026-08-18T15:08:00.989938+00:00,checkout,287.87,False
99-trace-0000443,2026-08-18T15:08:01.140973+00:00,pix,117.41,False
99-trace-0004331,2026-08-18T15:08:01.228008+00:00,checkout,327.52,False
99-trace-0004332,2026-08-18T15:08:01.931091+00:00,checkout,271.12,False
99-trace-0004333,2026-08-18T15:08:02.262477+00:00,checkout,189.24,False
99-trace-0018451,2026-08-18T15:08:02.417149+00:00,api_generic,39.75,False
99-trace-0018452,2026-08-18T15:08:02.439257+00:00,api_generic,72.39,False
99-trace-0009835,2026-08-18T15:08:02.470561+00:00,site_latency,802.06,False
99-trace-0018453,2026-08-18T15:08:02.527389+00:00,api_generic,113.14,False
99-trace-0009836,2026-08-18T15:08:02.603124+00:00,site_latency,195.31,False
99-trace-0004335,2026-08-18T15:08:02.810951+00:00,checkout,310.36,False
99-trace-0004337,2026-08-18T15:08:03.616957+00:00,checkout,287.87,False
99-trace-0018460,2026-08-18T15:08:03.625036+00:00,api_generic,54.22,False
99-trace-0009841,2026-08-18T15:08:03.829420+00:00,site_latency,117.8,False
99-trace-0018461,2026-08-18T15:08:04.011800+00:00,api_generic,142.14,False
99-trace-0018462,2026-08-18T15:08:04.216315+00:00,api_generic,69.18,False
99-trace-0009845,2026-08-18T15:08:04.395915+00:00,site_latency,281.82,False
99-trace-0000450,2026-08-18T15:08:05.419345+00:00,pix,685.22,False
99-trace-0018467,2026-08-18T15:08:05.592879+00:00,api_generic,50.72,False
99-trace-0009856,2026-08-18T15:08:05.800903+00:00,site_latency,189.76,False
99-trace-0004344,2026-08-18T15:08:05.850691+00:00,checkout,191.87,False
99-trace-0018468,2026-08-18T15:08:06.023951+00:00,api_generic,117.62,False
99-trace-0009860,2026-08-18T15:08:06.453237+00:00,site_latency,503.58,False
99-trace-0009861,2026-08-18T15:08:06.694180+00:00,site_latency,640.37,False
99-trace-0000455,2026-08-18T15:08:07.039718+00:00,pix,130.05,False
99-trace-0000456,2026-08-18T15:08:07.183955+00:00,pix,89.22,False
99-trace-0004348,2026-08-18T15:08:07.361476+00:00,checkout,275.16,False
99-trace-0018475,2026-08-18T15:08:07.694400+00:00,api_generic,255.37,False
99-trace-0004354,2026-08-18T15:08:09.114147+00:00,checkout,1342.21,False
99-trace-0009870,2026-08-18T15:08:09.454887+00:00,site_latency,549.5,False
99-trace-0009871,2026-08-18T15:08:09.834625+00:00,site_latency,128.51,False
99-trace-0000462,2026-08-18T15:08:10.129428+00:00,pix,113.03,False
99-trace-0009872,2026-08-18T15:08:10.424749+00:00,site_latency,105.68,False
99-trace-0009873,2026-08-18T15:08:10.514168+00:00,site_latency,180.36,False
99-trace-0009875,2026-08-18T15:08:11.012039+00:00,site_latency,201.36,False
99-trace-0018483,2026-08-18T15:08:11.704972+00:00,api_generic,292.92,True
99-trace-0009878,2026-08-18T15:08:12.070103+00:00,site_latency,186.47,False
99-trace-0009879,2026-08-18T15:08:12.197733+00:00,site_latency,138.44,False
99-trace-0018486,2026-08-18T15:08:12.782279+00:00,api_generic,329.53,False
99-trace-0004360,2026-08-18T15:08:13.323864+00:00,checkout,917.27,False
99-trace-0018489,2026-08-18T15:08:13.864454+00:00,api_generic,77.89,False
99-trace-0009882,2026-08-18T15:08:13.972292+00:00,site_latency,165.04,False
99-trace-0018490,2026-08-18T15:08:14.291478+00:00,api_generic,117.95,False
99-trace-0018491,2026-08-18T15:08:14.497726+00:00,api_generic,429.48,False
99-trace-0000472,2026-08-18T15:08:15.138094+00:00,pix,114.33,False
99-trace-0018494,2026-08-18T15:08:15.382120+00:00,api_generic,185.28,True
99-trace-0004367,2026-08-18T15:08:15.526261+00:00,checkout,599.18,False
99-trace-0004368,2026-08-18T15:08:16.116673+00:00,checkout,193.43,False
99-trace-0018495,2026-08-18T15:08:16.283270+00:00,api_generic,130.14,False
99-trace-0004371,2026-08-18T15:08:16.901017+00:00,checkout,1437.05,False
99-trace-0018499,2026-08-18T15:08:17.443713+00:00,api_generic,114.24,False
99-trace-0000479,2026-08-18T15:08:17.464591+00:00,pix,105.58,False
99-trace-0000481,2026-08-18T15:08:17.579672+00:00,pix,115.97,False
99-trace-0004373,2026-08-18T15:08:17.966756+00:00,checkout,719.54,True
99-trace-0009902,2026-08-18T15:08:18.531609+00:00,site_latency,197.09,False
99-trace-0009907,2026-08-18T15:08:19.156381+00:00,site_latency,527.37,False
99-trace-0000488,2026-08-18T15:08:19.247491+00:00,pix,150.77,False
99-trace-0018510,2026-08-18T15:08:19.996453+00:00,api_generic,240.99,False
99-trace-0018511,2026-08-18T15:08:20.457994+00:00,api_generic,42.21,False
99-trace-0004379,2026-08-18T15:08:20.517729+00:00,checkout,3328.49,False
99-trace-0004380,2026-08-18T15:08:20.522214+00:00,checkout,305.8,False
99-trace-0004381,2026-08-18T15:08:20.540111+00:00,checkout,861.85,False
99-trace-0009915,2026-08-18T15:08:20.852444+00:00,site_latency,394.63,False
99-trace-0018518,2026-08-18T15:08:21.120270+00:00,api_generic,25.42,False
99-trace-0018521,2026-08-18T15:08:21.745838+00:00,api_generic,92.39,True
99-trace-0018522,2026-08-18T15:08:21.859660+00:00,api_generic,364.16,False
99-trace-0009921,2026-08-18T15:08:22.710403+00:00,site_latency,603.44,False
99-trace-0009922,2026-08-18T15:08:22.740980+00:00,site_latency,195.87,False
99-trace-0009923,2026-08-18T15:08:22.840495+00:00,site_latency,391.87,False
99-trace-0009925,2026-08-18T15:08:23.480427+00:00,site_latency,222.66,False
99-trace-0004389,2026-08-18T15:08:24.105613+00:00,checkout,581.4,False
99-trace-0018533,2026-08-18T15:08:24.340438+00:00,api_generic,226.57,True
99-trace-0009929,2026-08-18T15:08:24.524890+00:00,site_latency,493.26,False
99-trace-0009930,2026-08-18T15:08:24.698379+00:00,site_latency,113.76,False
99-trace-0009932,2026-08-18T15:08:25.118482+00:00,site_latency,262.76,False
99-trace-0009933,2026-08-18T15:08:25.197459+00:00,site_latency,126.93,False
99-trace-0009934,2026-08-18T15:08:25.328126+00:00,site_latency,248.2,False
99-trace-0009936,2026-08-18T15:08:25.593843+00:00,site_latency,170.03,False
99-trace-0018537,2026-08-18T15:08:25.799940+00:00,api_generic,69.11,False
99-trace-0009939,2026-08-18T15:08:26.450698+00:00,site_latency,660.9,False
99-trace-0018541,2026-08-18T15:08:26.552566+00:00,api_generic,162.2,False
99-trace-0009945,2026-08-18T15:08:27.034783+00:00,site_latency,325.67,False
99-trace-0000504,2026-08-18T15:08:28.211050+00:00,pix,99.36,False
99-trace-0009949,2026-08-18T15:08:28.421320+00:00,site_latency,73.72,False
99-trace-0018550,2026-08-18T15:08:28.600229+00:00,api_generic,82.04,False
99-trace-0004398,2026-08-18T15:08:28.613297+00:00,checkout,537.32,False
99-trace-0009950,2026-08-18T15:08:28.640777+00:00,site_latency,166.84,False
99-trace-0004399,2026-08-18T15:08:28.724437+00:00,checkout,183.82,False
99-trace-0009955,2026-08-18T15:08:29.009193+00:00,site_latency,222.13,False
99-trace-0018554,2026-08-18T15:08:29.771016+00:00,api_generic,71.86,False
99-trace-0000512,2026-08-18T15:08:30.160166+00:00,pix,80.48,False
99-trace-0009962,2026-08-18T15:08:30.392273+00:00,site_latency,294.09,False
99-trace-0018562,2026-08-18T15:08:30.537746+00:00,api_generic,66.28,False
99-trace-0018563,2026-08-18T15:08:30.562853+00:00,api_generic,127.41,False
99-trace-0000514,2026-08-18T15:08:30.908917+00:00,pix,249.84,False
99-trace-0004408,2026-08-18T15:08:30.945004+00:00,checkout,280.72,False
99-trace-0018566,2026-08-18T15:08:31.227116+00:00,api_generic,189.31,False
99-trace-0018568,2026-08-18T15:08:31.637604+00:00,api_generic,269.7,False
99-trace-0009967,2026-08-18T15:08:31.982219+00:00,site_latency,177.12,False
99-trace-0018569,2026-08-18T15:08:32.256089+00:00,api_generic,82.59,False
99-trace-0009968,2026-08-18T15:08:32.344710+00:00,site_latency,208.68,False
99-trace-0009969,2026-08-18T15:08:32.383486+00:00,site_latency,1027.85,True
99-trace-0004410,2026-08-18T15:08:32.411547+00:00,checkout,205.12,False
99-trace-0004413,2026-08-18T15:08:32.907946+00:00,checkout,535.25,False
99-trace-0004414,2026-08-18T15:08:33.006975+00:00,checkout,2260.96,False
99-trace-0004415,2026-08-18T15:08:33.724968+00:00,checkout,219.27,False
99-trace-0009974,2026-08-18T15:08:34.312103+00:00,site_latency,201.86,False
99-trace-0009979,2026-08-18T15:08:34.661230+00:00,site_latency,1047.3,False
99-trace-0018578,2026-08-18T15:08:34.954561+00:00,api_generic,74.02,False
99-trace-0009981,2026-08-18T15:08:35.333966+00:00,site_latency,534.69,False
99-trace-0018581,2026-08-18T15:08:35.639963+00:00,api_generic,295.32,True
99-trace-0009983,2026-08-18T15:08:35.811744+00:00,site_latency,116.21,False
99-trace-0009984,2026-08-18T15:08:35.966343+00:00,site_latency,722.55,False
99-trace-0004418,2026-08-18T15:08:36.066111+00:00,checkout,265.86,False
99-trace-0018587,2026-08-18T15:08:36.110663+00:00,api_generic,112.16,False
99-trace-0009986,2026-08-18T15:08:36.133901+00:00,site_latency,161.08,False
99-trace-0018589,2026-08-18T15:08:36.161290+00:00,api_generic,134.0,False
99-trace-0000525,2026-08-18T15:08:36.594186+00:00,pix,149.68,False
99-trace-0004419,2026-08-18T15:08:36.734751+00:00,checkout,323.49,False
99-trace-0004421,2026-08-18T15:08:37.089755+00:00,checkout,79.72,False
99-trace-0018594,2026-08-18T15:08:37.100572+00:00,api_generic,87.58,False
99-trace-0004422,2026-08-18T15:08:37.196190+00:00,checkout,400.4,False
99-trace-0009992,2026-08-18T15:08:37.739413+00:00,site_latency,78.28,False
99-trace-0009994,2026-08-18T15:08:38.506868+00:00,site_latency,178.54,False
99-trace-0018601,2026-08-18T15:08:38.629926+00:00,api_generic,88.97,False
99-trace-0004428,2026-08-18T15:08:38.803351+00:00,checkout,1274.35,False
99-trace-0018603,2026-08-18T15:08:38.945501+00:00,api_generic,78.44,False
99-trace-0000532,2026-08-18T15:08:38.954048+00:00,pix,79.54,False
99-trace-0000533,2026-08-18T15:08:39.144236+00:00,pix,171.63,False
99-trace-0009998,2026-08-18T15:08:39.288648+00:00,site_latency,322.11,False
99-trace-0010000,2026-08-18T15:08:39.596951+00:00,site_latency,598.91,False
99-trace-0010002,2026-08-18T15:08:39.690182+00:00,site_latency,572.61,False
99-trace-0010004,2026-08-18T15:08:39.727258+00:00,site_latency,99.49,False
99-trace-0004432,2026-08-18T15:08:40.066631+00:00,checkout,356.85,False
99-trace-0004433,2026-08-18T15:08:40.211400+00:00,checkout,247.02,False
99-trace-0000538,2026-08-18T15:08:40.265397+00:00,pix,102.93,False
99-trace-0010006,2026-08-18T15:08:40.334960+00:00,site_latency,529.56,False
99-trace-0018610,2026-08-18T15:08:40.528621+00:00,api_generic,54.31,False
99-trace-0010009,2026-08-18T15:08:40.611229+00:00,site_latency,347.08,False
99-trace-0010013,2026-08-18T15:08:40.916958+00:00,site_latency,203.05,False
99-trace-0000541,2026-08-18T15:08:41.557790+00:00,pix,103.13,False
99-trace-0018617,2026-08-18T15:08:41.850691+00:00,api_generic,533.41,False
99-trace-0010019,2026-08-18T15:08:42.381281+00:00,site_latency,196.31,False
99-trace-0018625,2026-08-18T15:08:43.808046+00:00,api_generic,248.45,False
99-trace-0010025,2026-08-18T15:08:44.336548+00:00,site_latency,88.33,False
99-trace-0004445,2026-08-18T15:08:44.397399+00:00,checkout,321.13,False
99-trace-0010028,2026-08-18T15:08:44.876536+00:00,site_latency,255.43,False
99-trace-0018636,2026-08-18T15:08:45.467119+00:00,api_generic,97.69,False
99-trace-0010032,2026-08-18T15:08:45.554209+00:00,site_latency,221.16,False
99-trace-0000551,2026-08-18T15:08:45.870221+00:00,pix,92.67,False
99-trace-0010033,2026-08-18T15:08:45.910429+00:00,site_latency,119.72,False
99-trace-0018640,2026-08-18T15:08:46.138357+00:00,api_generic,1685.57,False
99-trace-0010034,2026-08-18T15:08:46.325970+00:00,site_latency,88.3,False
99-trace-0018645,2026-08-18T15:08:46.899746+00:00,api_generic,67.34,False
99-trace-0004448,2026-08-18T15:08:47.935479+00:00,checkout,3961.82,False
99-trace-0010038,2026-08-18T15:08:47.956109+00:00,site_latency,261.8,False
99-trace-0000557,2026-08-18T15:08:48.562650+00:00,pix,73.55,False
99-trace-0018650,2026-08-18T15:08:48.582100+00:00,api_generic,86.09,False
99-trace-0010040,2026-08-18T15:08:49.118154+00:00,site_latency,134.19,False
99-trace-0018653,2026-08-18T15:08:49.866294+00:00,api_generic,110.0,False
99-trace-0018655,2026-08-18T15:08:50.065479+00:00,api_generic,84.86,False
99-trace-0018656,2026-08-18T15:08:50.113137+00:00,api_generic,86.03,False
99-trace-0018662,2026-08-18T15:08:51.441489+00:00,api_generic,181.69,False
99-trace-0000562,2026-08-18T15:08:51.687610+00:00,pix,108.93,False
99-trace-0000563,2026-08-18T15:08:51.890349+00:00,pix,147.4,False
99-trace-0018663,2026-08-18T15:08:52.135416+00:00,api_generic,62.47,False
99-trace-0010058,2026-08-18T15:08:52.907970+00:00,site_latency,279.98,False
99-trace-0010059,2026-08-18T15:08:53.011525+00:00,site_latency,518.24,False
99-trace-0010060,2026-08-18T15:08:53.019368+00:00,site_latency,67.6,False
99-trace-0018666,2026-08-18T15:08:53.030365+00:00,api_generic,60.0,False
99-trace-0004461,2026-08-18T15:08:53.267882+00:00,checkout,425.36,False
99-trace-0018668,2026-08-18T15:08:53.299380+00:00,api_generic,47.18,False
99-trace-0018671,2026-08-18T15:08:53.872380+00:00,api_generic,42.81,False
99-trace-0010066,2026-08-18T15:08:54.139534+00:00,site_latency,237.64,False
99-trace-0000575,2026-08-18T15:08:56.374709+00:00,pix,272.94,False
99-trace-0004465,2026-08-18T15:08:56.388486+00:00,checkout,256.56,False
99-trace-0000577,2026-08-18T15:08:56.910360+00:00,pix,171.2,False
99-trace-0018677,2026-08-18T15:08:57.135730+00:00,api_generic,68.91,False
99-trace-0010089,2026-08-18T15:08:58.010742+00:00,site_latency,373.19,False
99-trace-0004467,2026-08-18T15:08:58.152123+00:00,checkout,276.9,False
99-trace-0018680,2026-08-18T15:08:58.931717+00:00,api_generic,74.91,False
99-trace-0018685,2026-08-18T15:08:59.911636+00:00,api_generic,67.49,False
99-trace-0010096,2026-08-18T15:09:00.008946+00:00,site_latency,495.77,False
99-trace-0010102,2026-08-18T15:09:01.561927+00:00,site_latency,130.72,False
99-trace-0018695,2026-08-18T15:09:01.857315+00:00,api_generic,66.81,False
99-trace-0010104,2026-08-18T15:09:01.969696+00:00,site_latency,129.95,False
99-trace-0010105,2026-08-18T15:09:02.123078+00:00,site_latency,57.8,False
99-trace-0018696,2026-08-18T15:09:02.134596+00:00,api_generic,1178.49,False
99-trace-0000588,2026-08-18T15:09:02.340845+00:00,pix,70.23,False
99-trace-0010106,2026-08-18T15:09:02.774154+00:00,site_latency,266.23,False
99-trace-0010107,2026-08-18T15:09:02.995879+00:00,site_latency,684.55,False
99-trace-0010108,2026-08-18T15:09:03.071349+00:00,site_latency,206.33,False
99-trace-0004485,2026-08-18T15:09:03.417449+00:00,checkout,335.26,False
99-trace-0004486,2026-08-18T15:09:03.608241+00:00,checkout,265.94,False
99-trace-0010112,2026-08-18T15:09:03.803250+00:00,site_latency,229.85,False
99-trace-0018706,2026-08-18T15:09:04.604999+00:00,api_generic,147.93,True
99-trace-0010115,2026-08-18T15:09:04.683868+00:00,site_latency,111.02,False
99-trace-0004490,2026-08-18T15:09:05.252129+00:00,checkout,240.66,False
99-trace-0010118,2026-08-18T15:09:05.369969+00:00,site_latency,163.03,False
99-trace-0018709,2026-08-18T15:09:06.102658+00:00,api_generic,139.16,False
99-trace-0010132,2026-08-18T15:09:07.627496+00:00,site_latency,178.12,False
99-trace-0010138,2026-08-18T15:09:08.167775+00:00,site_latency,103.84,False
99-trace-0004500,2026-08-18T15:09:08.649371+00:00,checkout,279.93,False
99-trace-0000599,2026-08-18T15:09:09.123519+00:00,pix,128.31,False
99-trace-0004506,2026-08-18T15:09:10.187413+00:00,checkout,601.14,False
99-trace-0010146,2026-08-18T15:09:11.408068+00:00,site_latency,122.11,False
99-trace-0004515,2026-08-18T15:09:11.716424+00:00,checkout,1381.42,False
99-trace-0004517,2026-08-18T15:09:12.345497+00:00,checkout,220.14,False
99-trace-0000605,2026-08-18T15:09:12.805910+00:00,pix,68.6,False
99-trace-0010151,2026-08-18T15:09:13.158985+00:00,site_latency,264.45,False
99-trace-0000606,2026-08-18T15:09:13.575941+00:00,pix,534.79,False
99-trace-0010156,2026-08-18T15:09:13.721194+00:00,site_latency,73.09,False
99-trace-0004523,2026-08-18T15:09:14.550640+00:00,checkout,345.51,False
99-trace-0004525,2026-08-18T15:09:14.616028+00:00,checkout,357.97,False
99-trace-0000614,2026-08-18T15:09:15.005269+00:00,pix,134.99,False
99-trace-0018746,2026-08-18T15:09:15.055411+00:00,api_generic,730.97,False
99-trace-0010162,2026-08-18T15:09:15.237010+00:00,site_latency,403.51,False
99-trace-0018747,2026-08-18T15:09:15.307231+00:00,api_generic,257.66,False
99-trace-0010163,2026-08-18T15:09:15.392300+00:00,site_latency,224.62,False
99-trace-0010165,2026-08-18T15:09:15.536563+00:00,site_latency,113.25,False
99-trace-0000617,2026-08-18T15:09:16.088424+00:00,pix,102.11,False
99-trace-0018751,2026-08-18T15:09:16.124797+00:00,api_generic,154.82,False
99-trace-0018753,2026-08-18T15:09:16.346409+00:00,api_generic,239.61,False
99-trace-0004528,2026-08-18T15:09:16.769965+00:00,checkout,542.16,False
99-trace-0018757,2026-08-18T15:09:16.838046+00:00,api_generic,67.09,False
99-trace-0000618,2026-08-18T15:09:17.388395+00:00,pix,262.2,False
99-trace-0018761,2026-08-18T15:09:19.031086+00:00,api_generic,48.2,False
99-trace-0018762,2026-08-18T15:09:19.053863+00:00,api_generic,88.49,False
99-trace-0004533,2026-08-18T15:09:19.570945+00:00,checkout,344.17,False
99-trace-0004534,2026-08-18T15:09:19.648647+00:00,checkout,3406.78,False
99-trace-0004535,2026-08-18T15:09:20.116209+00:00,checkout,656.4,False
99-trace-0010187,2026-08-18T15:09:20.193329+00:00,site_latency,635.57,False
99-trace-0018770,2026-08-18T15:09:20.862923+00:00,api_generic,138.07,False
99-trace-0018777,2026-08-18T15:09:21.586056+00:00,api_generic,257.47,False
99-trace-0004540,2026-08-18T15:09:22.103129+00:00,checkout,490.47,False
99-trace-0018780,2026-08-18T15:09:22.280825+00:00,api_generic,434.93,False
99-trace-0004543,2026-08-18T15:09:23.272520+00:00,checkout,880.73,False
99-trace-0010204,2026-08-18T15:09:24.529797+00:00,site_latency,99.67,False
99-trace-0018801,2026-08-18T15:09:25.374417+00:00,api_generic,65.0,False
99-trace-0010212,2026-08-18T15:09:25.436233+00:00,site_latency,129.22,False
99-trace-0018803,2026-08-18T15:09:25.593923+00:00,api_generic,107.28,False
99-trace-0018804,2026-08-18T15:09:25.595515+00:00,api_generic,39.05,False
99-trace-0018805,2026-08-18T15:09:25.709831+00:00,api_generic,108.93,True
99-trace-0018806,2026-08-18T15:09:26.288500+00:00,api_generic,243.92,False
99-trace-0000634,2026-08-18T15:09:26.346768+00:00,pix,244.89,False
99-trace-0010219,2026-08-18T15:09:26.923872+00:00,site_latency,109.48,False
99-trace-0010221,2026-08-18T15:09:27.240405+00:00,site_latency,204.34,False
99-trace-0004554,2026-08-18T15:09:27.280426+00:00,checkout,439.38,False
99-trace-0018813,2026-08-18T15:09:28.449836+00:00,api_generic,348.97,False
99-trace-0010226,2026-08-18T15:09:28.483264+00:00,site_latency,494.8,False
99-trace-0010228,2026-08-18T15:09:28.945701+00:00,site_latency,208.95,False
99-trace-0010230,2026-08-18T15:09:29.406114+00:00,site_latency,235.89,False
99-trace-0018816,2026-08-18T15:09:29.749841+00:00,api_generic,317.97,False
99-trace-0018821,2026-08-18T15:09:30.196613+00:00,api_generic,73.21,False
99-trace-0018823,2026-08-18T15:09:30.391091+00:00,api_generic,97.81,False
99-trace-0004558,2026-08-18T15:09:30.418897+00:00,checkout,115.0,False
99-trace-0004560,2026-08-18T15:09:30.650871+00:00,checkout,1666.77,False
99-trace-0000641,2026-08-18T15:09:30.956989+00:00,pix,177.22,False
99-trace-0004563,2026-08-18T15:09:31.535997+00:00,checkout,482.47,False
99-trace-0004564,2026-08-18T15:09:31.664462+00:00,checkout,174.67,False
99-trace-0000646,2026-08-18T15:09:31.956215+00:00,pix,121.42,False
99-trace-0010237,2026-08-18T15:09:32.253579+00:00,site_latency,211.5,False
99-trace-0004571,2026-08-18T15:09:32.898895+00:00,checkout,186.91,False
99-trace-0010243,2026-08-18T15:09:33.755395+00:00,site_latency,224.65,False
99-trace-0018842,2026-08-18T15:09:34.339024+00:00,api_generic,159.72,False
99-trace-0004572,2026-08-18T15:09:35.181926+00:00,checkout,464.2,False
99-trace-0004574,2026-08-18T15:09:35.351126+00:00,checkout,133.89,False
99-trace-0018846,2026-08-18T15:09:35.468386+00:00,api_generic,344.66,False
99-trace-0004575,2026-08-18T15:09:35.727837+00:00,checkout,540.86,True
99-trace-0004576,2026-08-18T15:09:35.821507+00:00,checkout,2561.58,False
99-trace-0010247,2026-08-18T15:09:35.898429+00:00,site_latency,140.51,False
99-trace-0010248,2026-08-18T15:09:36.205412+00:00,site_latency,275.78,False
99-trace-0010249,2026-08-18T15:09:36.324985+00:00,site_latency,218.54,False
99-trace-0010250,2026-08-18T15:09:36.331554+00:00,site_latency,371.71,False
99-trace-0018849,2026-08-18T15:09:36.500611+00:00,api_generic,81.93,False
99-trace-0004580,2026-08-18T15:09:37.895215+00:00,checkout,157.93,False
99-trace-0018858,2026-08-18T15:09:38.018823+00:00,api_generic,275.59,False
99-trace-0018862,2026-08-18T15:09:39.725520+00:00,api_generic,70.82,False
99-trace-0018863,2026-08-18T15:09:39.873975+00:00,api_generic,97.85,False
99-trace-0010264,2026-08-18T15:09:39.956260+00:00,site_latency,129.5,False
99-trace-0000665,2026-08-18T15:09:40.698738+00:00,pix,205.28,False
99-trace-0010270,2026-08-18T15:09:40.887525+00:00,site_latency,165.77,False
99-trace-0018866,2026-08-18T15:09:40.980110+00:00,api_generic,51.89,False
99-trace-0018868,2026-08-18T15:09:41.268270+00:00,api_generic,66.49,False
99-trace-0018869,2026-08-18T15:09:41.473851+00:00,api_generic,72.26,False
99-trace-0010275,2026-08-18T15:09:41.725128+00:00,site_latency,272.25,False
99-trace-0010276,2026-08-18T15:09:41.797376+00:00,site_latency,740.68,False
99-trace-0010278,2026-08-18T15:09:42.004460+00:00,site_latency,156.64,False
99-trace-0004590,2026-08-18T15:09:42.304061+00:00,checkout,318.3,False
99-trace-0018875,2026-08-18T15:09:43.427423+00:00,api_generic,145.57,False
99-trace-0018877,2026-08-18T15:09:43.743557+00:00,api_generic,127.86,False
99-trace-0010289,2026-08-18T15:09:44.256902+00:00,site_latency,285.88,False
99-trace-0010305,2026-08-18T15:09:45.895125+00:00,site_latency,201.67,False
99-trace-0004597,2026-08-18T15:09:45.973099+00:00,checkout,1235.03,False
99-trace-0000673,2026-08-18T15:09:46.526680+00:00,pix,113.13,False
99-trace-0010311,2026-08-18T15:09:47.043794+00:00,site_latency,90.14,False
99-trace-0010314,2026-08-18T15:09:47.290484+00:00,site_latency,174.99,False
99-trace-0010315,2026-08-18T15:09:47.461116+00:00,site_latency,650.24,False
99-trace-0018891,2026-08-18T15:09:47.535594+00:00,api_generic,969.79,False
99-trace-0010319,2026-08-18T15:09:47.890332+00:00,site_latency,349.15,False
99-trace-0010321,2026-08-18T15:09:48.620991+00:00,site_latency,161.43,False
99-trace-0010322,2026-08-18T15:09:48.675903+00:00,site_latency,558.08,False
99-trace-0010325,2026-08-18T15:09:49.788672+00:00,site_latency,288.87,False
99-trace-0018900,2026-08-18T15:09:49.796213+00:00,api_generic,146.48,False
99-trace-0018903,2026-08-18T15:09:49.982933+00:00,api_generic,60.08,False
99-trace-0010326,2026-08-18T15:09:50.636007+00:00,site_latency,295.36,False
99-trace-0018906,2026-08-18T15:09:50.739913+00:00,api_generic,264.78,False
99-trace-0010327,2026-08-18T15:09:51.114944+00:00,site_latency,115.26,False
99-trace-0004610,2026-08-18T15:09:51.160185+00:00,checkout,2897.49,False
99-trace-0010328,2026-08-18T15:09:51.233199+00:00,site_latency,137.21,False
99-trace-0010329,2026-08-18T15:09:51.482495+00:00,site_latency,166.81,False
99-trace-0004611,2026-08-18T15:09:51.793788+00:00,checkout,300.36,False
99-trace-0010331,2026-08-18T15:09:51.931618+00:00,site_latency,151.06,False
99-trace-0018908,2026-08-18T15:09:52.177913+00:00,api_generic,126.67,False
99-trace-0004614,2026-08-18T15:09:52.276851+00:00,checkout,593.82,False
99-trace-0018910,2026-08-18T15:09:52.555309+00:00,api_generic,28.0,False
99-trace-0018918,2026-08-18T15:09:53.959615+00:00,api_generic,697.37,False
99-trace-0010344,2026-08-18T15:09:54.728996+00:00,site_latency,136.07,False
99-trace-0004627,2026-08-18T15:09:55.361870+00:00,checkout,352.56,False
99-trace-0018926,2026-08-18T15:09:55.897687+00:00,api_generic,78.36,False
99-trace-0010352,2026-08-18T15:09:56.921094+00:00,site_latency,112.65,False
99-trace-0018931,2026-08-18T15:09:57.367410+00:00,api_generic,258.98,False
99-trace-0000692,2026-08-18T15:09:57.890496+00:00,pix,139.2,False
99-trace-0018933,2026-08-18T15:09:58.134721+00:00,api_generic,537.21,False
99-trace-0010357,2026-08-18T15:09:58.301805+00:00,site_latency,123.32,False
99-trace-0010358,2026-08-18T15:09:58.409305+00:00,site_latency,588.45,False
99-trace-0018935,2026-08-18T15:09:58.431743+00:00,api_generic,261.24,True
99-trace-0004636,2026-08-18T15:09:59.661136+00:00,checkout,613.12,False
99-trace-0018938,2026-08-18T15:09:59.690407+00:00,api_generic,53.45,False
99-trace-0018940,2026-08-18T15:10:00.357287+00:00,api_generic,96.32,True
99-trace-0004640,2026-08-18T15:10:00.517928+00:00,checkout,275.68,False
99-trace-0018942,2026-08-18T15:10:00.860106+00:00,api_generic,156.08,False
99-trace-0004641,2026-08-18T15:10:00.888163+00:00,checkout,94.23,False
99-trace-0000699,2026-08-18T15:10:00.922972+00:00,pix,150.22,False
99-trace-0000703,2026-08-18T15:10:01.538096+00:00,pix,47.02,False
99-trace-0010382,2026-08-18T15:10:02.319033+00:00,site_latency,290.2,False
99-trace-0004647,2026-08-18T15:10:02.364596+00:00,checkout,480.93,False
99-trace-0000705,2026-08-18T15:10:02.566455+00:00,pix,138.81,False
99-trace-0018948,2026-08-18T15:10:02.612414+00:00,api_generic,60.68,False
99-trace-0018949,2026-08-18T15:10:02.649942+00:00,api_generic,92.71,False
99-trace-0010385,2026-08-18T15:10:02.738101+00:00,site_latency,744.98,False
99-trace-0004649,2026-08-18T15:10:02.771447+00:00,checkout,751.62,False
99-trace-0004652,2026-08-18T15:10:03.857897+00:00,checkout,210.75,False
99-trace-0004653,2026-08-18T15:10:03.862049+00:00,checkout,317.11,False
99-trace-0018957,2026-08-18T15:10:05.086172+00:00,api_generic,236.0,False
99-trace-0018959,2026-08-18T15:10:05.795898+00:00,api_generic,37.1,False
99-trace-0010400,2026-08-18T15:10:06.133201+00:00,site_latency,172.5,False
99-trace-0004657,2026-08-18T15:10:06.393789+00:00,checkout,350.17,False
99-trace-0004662,2026-08-18T15:10:07.587435+00:00,checkout,166.32,False
99-trace-0010405,2026-08-18T15:10:08.312235+00:00,site_latency,196.91,False
99-trace-0004666,2026-08-18T15:10:08.370629+00:00,checkout,403.15,False
99-trace-0010408,2026-08-18T15:10:08.660811+00:00,site_latency,159.49,False
99-trace-0018970,2026-08-18T15:10:08.696221+00:00,api_generic,127.89,False
99-trace-0010409,2026-08-18T15:10:08.960582+00:00,site_latency,134.84,False
99-trace-0010411,2026-08-18T15:10:09.036515+00:00,site_latency,190.92,False
99-trace-0018974,2026-08-18T15:10:09.070809+00:00,api_generic,144.57,False
99-trace-0010412,2026-08-18T15:10:09.103076+00:00,site_latency,314.5,False
99-trace-0000712,2026-08-18T15:10:09.483014+00:00,pix,1195.49,False
99-trace-0018978,2026-08-18T15:10:10.032950+00:00,api_generic,87.66,False
99-trace-0004672,2026-08-18T15:10:10.452691+00:00,checkout,227.37,False
99-trace-0010421,2026-08-18T15:10:10.603457+00:00,site_latency,236.21,False
99-trace-0000715,2026-08-18T15:10:10.738619+00:00,pix,249.84,False
99-trace-0004673,2026-08-18T15:10:11.427690+00:00,checkout,175.9,False
99-trace-0010429,2026-08-18T15:10:12.243069+00:00,site_latency,67.4,False
99-trace-0018986,2026-08-18T15:10:12.264406+00:00,api_generic,95.24,False
99-trace-0018988,2026-08-18T15:10:12.614512+00:00,api_generic,128.29,False
99-trace-0010432,2026-08-18T15:10:12.627828+00:00,site_latency,269.49,False
99-trace-0010433,2026-08-18T15:10:12.662095+00:00,site_latency,558.04,False
99-trace-0018990,2026-08-18T15:10:12.745809+00:00,api_generic,137.75,False
99-trace-0018993,2026-08-18T15:10:13.466021+00:00,api_generic,42.05,False
99-trace-0004681,2026-08-18T15:10:15.497066+00:00,checkout,201.16,False
99-trace-0019003,2026-08-18T15:10:15.706418+00:00,api_generic,114.42,False
99-trace-0010450,2026-08-18T15:10:15.820647+00:00,site_latency,92.71,False
99-trace-0010456,2026-08-18T15:10:17.320393+00:00,site_latency,191.22,False
99-trace-0004694,2026-08-18T15:10:18.461548+00:00,checkout,335.0,False
99-trace-0019010,2026-08-18T15:10:18.621790+00:00,api_generic,55.3,False
99-trace-0010466,2026-08-18T15:10:18.692399+00:00,site_latency,237.39,False
99-trace-0010471,2026-08-18T15:10:19.364889+00:00,site_latency,197.67,False
99-trace-0010472,2026-08-18T15:10:19.472566+00:00,site_latency,403.76,False
99-trace-0010474,2026-08-18T15:10:19.593306+00:00,site_latency,233.8,False
99-trace-0019020,2026-08-18T15:10:20.126352+00:00,api_generic,111.41,False
99-trace-0010477,2026-08-18T15:10:20.392504+00:00,site_latency,155.03,False
99-trace-0019025,2026-08-18T15:10:21.940098+00:00,api_generic,62.29,False
99-trace-0010490,2026-08-18T15:10:22.035531+00:00,site_latency,1115.15,False
99-trace-0019026,2026-08-18T15:10:22.654126+00:00,api_generic,176.63,False
99-trace-0004704,2026-08-18T15:10:22.861641+00:00,checkout,275.87,False
99-trace-0000743,2026-08-18T15:10:23.112818+00:00,pix,246.63,False
99-trace-0000745,2026-08-18T15:10:23.258523+00:00,pix,266.44,False
99-trace-0019032,2026-08-18T15:10:23.634322+00:00,api_generic,84.32,False
99-trace-0019036,2026-08-18T15:10:23.996231+00:00,api_generic,243.89,False
99-trace-0004706,2026-08-18T15:10:24.338325+00:00,checkout,459.54,False
99-trace-0004707,2026-08-18T15:10:24.573812+00:00,checkout,862.44,False
99-trace-0000749,2026-08-18T15:10:26.026185+00:00,pix,125.63,False
99-trace-0019045,2026-08-18T15:10:26.242942+00:00,api_generic,165.8,False
99-trace-0019048,2026-08-18T15:10:26.439736+00:00,api_generic,120.73,False
99-trace-0019052,2026-08-18T15:10:27.073941+00:00,api_generic,247.45,False
99-trace-0000754,2026-08-18T15:10:27.221068+00:00,pix,919.2,False
99-trace-0004716,2026-08-18T15:10:27.304849+00:00,checkout,563.4,True
99-trace-0004717,2026-08-18T15:10:27.685614+00:00,checkout,408.2,True
99-trace-0000758,2026-08-18T15:10:27.686208+00:00,pix,120.41,False
99-trace-0019057,2026-08-18T15:10:27.776773+00:00,api_generic,276.98,True
99-trace-0004718,2026-08-18T15:10:27.966815+00:00,checkout,1623.57,False
99-trace-0000761,2026-08-18T15:10:28.018981+00:00,pix,162.05,False
99-trace-0004722,2026-08-18T15:10:28.688130+00:00,checkout,982.12,False
99-trace-0019059,2026-08-18T15:10:28.752843+00:00,api_generic,49.63,False
99-trace-0019060,2026-08-18T15:10:28.850404+00:00,api_generic,103.04,False
99-trace-0010517,2026-08-18T15:10:28.987472+00:00,site_latency,537.38,False
99-trace-0010524,2026-08-18T15:10:30.657774+00:00,site_latency,456.98,False
99-trace-0019067,2026-08-18T15:10:31.122505+00:00,api_generic,65.93,False
99-trace-0010530,2026-08-18T15:10:32.025527+00:00,site_latency,147.99,False
99-trace-0019076,2026-08-18T15:10:32.939981+00:00,api_generic,214.86,False
99-trace-0019079,2026-08-18T15:10:33.337882+00:00,api_generic,73.09,False
99-trace-0019081,2026-08-18T15:10:33.397024+00:00,api_generic,331.92,False
99-trace-0019082,2026-08-18T15:10:33.660857+00:00,api_generic,181.53,True
99-trace-0010536,2026-08-18T15:10:33.849534+00:00,site_latency,353.18,False
99-trace-0010538,2026-08-18T15:10:34.130965+00:00,site_latency,198.49,False
99-trace-0019090,2026-08-18T15:10:35.388940+00:00,api_generic,193.75,False
99-trace-0004748,2026-08-18T15:10:36.395692+00:00,checkout,794.2,False
99-trace-0000772,2026-08-18T15:10:37.043697+00:00,pix,135.18,False
99-trace-0000774,2026-08-18T15:10:37.141445+00:00,pix,142.61,False
99-trace-0010547,2026-08-18T15:10:37.200043+00:00,site_latency,124.43,False
99-trace-0019094,2026-08-18T15:10:37.351953+00:00,api_generic,91.04,False
99-trace-0019098,2026-08-18T15:10:38.196418+00:00,api_generic,29.99,False
99-trace-0019103,2026-08-18T15:10:39.083049+00:00,api_generic,155.29,False
99-trace-0019104,2026-08-18T15:10:39.128864+00:00,api_generic,111.62,False
99-trace-0000777,2026-08-18T15:10:39.582951+00:00,pix,93.65,False
99-trace-0019109,2026-08-18T15:10:40.310917+00:00,api_generic,85.95,False
99-trace-0010560,2026-08-18T15:10:40.773347+00:00,site_latency,165.95,False
99-trace-0019112,2026-08-18T15:10:40.936403+00:00,api_generic,507.95,False
99-trace-0019114,2026-08-18T15:10:41.305967+00:00,api_generic,50.97,False
99-trace-0019119,2026-08-18T15:10:42.013587+00:00,api_generic,125.91,False
99-trace-0000782,2026-08-18T15:10:43.810418+00:00,pix,89.84,False
99-trace-0019129,2026-08-18T15:10:44.268452+00:00,api_generic,88.74,False
99-trace-0010569,2026-08-18T15:10:44.694717+00:00,site_latency,86.95,False
99-trace-0019132,2026-08-18T15:10:44.831719+00:00,api_generic,54.96,False
99-trace-0004764,2026-08-18T15:10:44.865383+00:00,checkout,456.84,False
99-trace-0010573,2026-08-18T15:10:44.884909+00:00,site_latency,92.42,False
99-trace-0000784,2026-08-18T15:10:45.166955+00:00,pix,69.36,False
99-trace-0010578,2026-08-18T15:10:45.496149+00:00,site_latency,164.76,False
99-trace-0004767,2026-08-18T15:10:45.555785+00:00,checkout,790.31,False
99-trace-0019134,2026-08-18T15:10:45.761474+00:00,api_generic,240.26,True
99-trace-0004768,2026-08-18T15:10:45.965899+00:00,checkout,155.86,False
99-trace-0010581,2026-08-18T15:10:46.505008+00:00,site_latency,233.51,False
99-trace-0010582,2026-08-18T15:10:46.545606+00:00,site_latency,637.61,False
99-trace-0000791,2026-08-18T15:10:47.070142+00:00,pix,94.82,False
99-trace-0019139,2026-08-18T15:10:47.357425+00:00,api_generic,34.22,False
99-trace-0019141,2026-08-18T15:10:47.447370+00:00,api_generic,110.17,False
99-trace-0004772,2026-08-18T15:10:47.669909+00:00,checkout,250.06,False
99-trace-0010587,2026-08-18T15:10:48.660344+00:00,site_latency,94.74,False
99-trace-0019155,2026-08-18T15:10:49.591781+00:00,api_generic,84.97,False
99-trace-0004777,2026-08-18T15:10:50.188508+00:00,checkout,253.58,False
99-trace-0010594,2026-08-18T15:10:50.418158+00:00,site_latency,733.84,False
99-trace-0010595,2026-08-18T15:10:50.904224+00:00,site_latency,434.88,False
99-trace-0000798,2026-08-18T15:10:51.107904+00:00,pix,66.2,False
99-trace-0019158,2026-08-18T15:10:51.519267+00:00,api_generic,309.72,True
99-trace-0010599,2026-08-18T15:10:52.237900+00:00,site_latency,132.13,False
99-trace-0010600,2026-08-18T15:10:52.362092+00:00,site_latency,443.65,False
99-trace-0004785,2026-08-18T15:10:52.668276+00:00,checkout,309.26,False
99-trace-0010603,2026-08-18T15:10:52.906352+00:00,site_latency,153.37,False
99-trace-0010605,2026-08-18T15:10:53.188766+00:00,site_latency,200.86,False
99-trace-0010607,2026-08-18T15:10:53.601043+00:00,site_latency,448.93,True
99-trace-0010610,2026-08-18T15:10:54.341975+00:00,site_latency,373.47,False
99-trace-0010612,2026-08-18T15:10:54.476959+00:00,site_latency,576.47,True
99-trace-0010613,2026-08-18T15:10:54.694431+00:00,site_latency,617.51,False
99-trace-0019171,2026-08-18T15:10:55.659658+00:00,api_generic,64.73,False
99-trace-0010619,2026-08-18T15:10:56.197032+00:00,site_latency,470.22,False
99-trace-0000813,2026-08-18T15:10:56.270310+00:00,pix,259.95,False
99-trace-0000814,2026-08-18T15:10:56.743245+00:00,pix,78.37,False
99-trace-0000815,2026-08-18T15:10:57.166828+00:00,pix,160.45,False
99-trace-0019174,2026-08-18T15:10:57.571713+00:00,api_generic,147.88,False
99-trace-0004798,2026-08-18T15:10:57.754408+00:00,checkout,307.48,False
99-trace-0000818,2026-08-18T15:10:57.950620+00:00,pix,107.65,False
99-trace-0000820,2026-08-18T15:10:57.973069+00:00,pix,141.98,False
99-trace-0010629,2026-08-18T15:10:58.615869+00:00,site_latency,201.2,False
99-trace-0010631,2026-08-18T15:10:58.869445+00:00,site_latency,610.72,False
99-trace-0019179,2026-08-18T15:10:59.346292+00:00,api_generic,161.82,False
99-trace-0019181,2026-08-18T15:10:59.864994+00:00,api_generic,246.03,False
99-trace-0019183,2026-08-18T15:11:00.392182+00:00,api_generic,76.88,False
99-trace-0010644,2026-08-18T15:11:00.986564+00:00,site_latency,644.87,False
99-trace-0010645,2026-08-18T15:11:00.989312+00:00,site_latency,340.2,False
99-trace-0010647,2026-08-18T15:11:01.221839+00:00,site_latency,350.84,False
99-trace-0019187,2026-08-18T15:11:01.264468+00:00,api_generic,554.31,False
99-trace-0000827,2026-08-18T15:11:01.451440+00:00,pix,120.65,False
99-trace-0000828,2026-08-18T15:11:01.998986+00:00,pix,106.34,False
99-trace-0004814,2026-08-18T15:11:02.004621+00:00,checkout,543.41,False
99-trace-0000829,2026-08-18T15:11:02.606769+00:00,pix,258.63,False
99-trace-0019192,2026-08-18T15:11:02.723519+00:00,api_generic,269.81,False
99-trace-0019195,2026-08-18T15:11:03.306845+00:00,api_generic,123.7,True
99-trace-0019198,2026-08-18T15:11:04.173976+00:00,api_generic,44.44,False
99-trace-0010654,2026-08-18T15:11:04.235816+00:00,site_latency,84.63,False
99-trace-0010656,2026-08-18T15:11:04.648249+00:00,site_latency,157.01,False
99-trace-0004822,2026-08-18T15:11:04.909108+00:00,checkout,135.61,False
99-trace-0000840,2026-08-18T15:11:05.089950+00:00,pix,165.77,False
99-trace-0010658,2026-08-18T15:11:05.100140+00:00,site_latency,218.37,False
99-trace-0010660,2026-08-18T15:11:05.136984+00:00,site_latency,61.93,False
99-trace-0004824,2026-08-18T15:11:05.450275+00:00,checkout,406.58,False
99-trace-0000842,2026-08-18T15:11:06.030378+00:00,pix,646.17,False
99-trace-0004827,2026-08-18T15:11:06.354165+00:00,checkout,396.18,False
99-trace-0000848,2026-08-18T15:11:07.534226+00:00,pix,112.45,False
99-trace-0019215,2026-08-18T15:11:08.298313+00:00,api_generic,285.28,False
99-trace-0019216,2026-08-18T15:11:08.416106+00:00,api_generic,3978.59,True
99-trace-0010683,2026-08-18T15:11:09.498617+00:00,site_latency,547.82,False
99-trace-0019224,2026-08-18T15:11:10.494138+00:00,api_generic,53.22,False
99-trace-0000856,2026-08-18T15:11:10.534041+00:00,pix,182.81,False
99-trace-0000857,2026-08-18T15:11:10.781911+00:00,pix,332.14,False
99-trace-0019226,2026-08-18T15:11:10.983481+00:00,api_generic,378.04,False
99-trace-0000859,2026-08-18T15:11:12.150378+00:00,pix,216.58,False
99-trace-0004838,2026-08-18T15:11:12.494187+00:00,checkout,314.61,False
99-trace-0004840,2026-08-18T15:11:12.799454+00:00,checkout,212.73,False
99-trace-0019237,2026-08-18T15:11:13.152482+00:00,api_generic,151.44,True
99-trace-0004843,2026-08-18T15:11:13.173822+00:00,checkout,292.53,False
99-trace-0010695,2026-08-18T15:11:13.300195+00:00,site_latency,626.93,False
99-trace-0010696,2026-08-18T15:11:13.322801+00:00,site_latency,1152.8,False
99-trace-0000865,2026-08-18T15:11:14.603955+00:00,pix,86.67,False
99-trace-0019245,2026-08-18T15:11:15.191145+00:00,api_generic,86.32,False
99-trace-0004846,2026-08-18T15:11:15.350123+00:00,checkout,454.63,False
99-trace-0019252,2026-08-18T15:11:16.078322+00:00,api_generic,141.56,False
99-trace-0019256,2026-08-18T15:11:17.180076+00:00,api_generic,295.4,False
99-trace-0000868,2026-08-18T15:11:17.206555+00:00,pix,142.04,False
99-trace-0000869,2026-08-18T15:11:17.540778+00:00,pix,619.55,False
99-trace-0000870,2026-08-18T15:11:17.592341+00:00,pix,354.53,False
99-trace-0010720,2026-08-18T15:11:17.814437+00:00,site_latency,264.49,False
99-trace-0004858,2026-08-18T15:11:18.242392+00:00,checkout,731.56,False
99-trace-0004861,2026-08-18T15:11:18.671158+00:00,checkout,281.6,False
99-trace-0004863,2026-08-18T15:11:19.350653+00:00,checkout,198.07,False
99-trace-0010726,2026-08-18T15:11:19.359697+00:00,site_latency,234.8,False
99-trace-0010731,2026-08-18T15:11:20.002221+00:00,site_latency,105.8,False
99-trace-0019265,2026-08-18T15:11:20.167208+00:00,api_generic,349.65,False
99-trace-0004868,2026-08-18T15:11:21.611345+00:00,checkout,181.83,True
99-trace-0010738,2026-08-18T15:11:21.932930+00:00,site_latency,206.46,False
99-trace-0019269,2026-08-18T15:11:22.020300+00:00,api_generic,124.64,False
99-trace-0019273,2026-08-18T15:11:22.424236+00:00,api_generic,121.43,False
99-trace-0004873,2026-08-18T15:11:22.638322+00:00,checkout,336.32,False
99-trace-0004879,2026-08-18T15:11:24.626738+00:00,checkout,276.96,False
99-trace-0019286,2026-08-18T15:11:24.727799+00:00,api_generic,771.83,False
99-trace-0010742,2026-08-18T15:11:24.881088+00:00,site_latency,134.51,False
99-trace-0019289,2026-08-18T15:11:25.120723+00:00,api_generic,65.61,False
99-trace-0019292,2026-08-18T15:11:25.414425+00:00,api_generic,136.85,False
99-trace-0019293,2026-08-18T15:11:25.617730+00:00,api_generic,69.25,False
99-trace-0019295,2026-08-18T15:11:26.018645+00:00,api_generic,98.15,False
99-trace-0019296,2026-08-18T15:11:26.173886+00:00,api_generic,69.2,False
99-trace-0004885,2026-08-18T15:11:26.753165+00:00,checkout,621.39,False
99-trace-0004886,2026-08-18T15:11:27.118398+00:00,checkout,929.02,False
99-trace-0010753,2026-08-18T15:11:27.127361+00:00,site_latency,180.94,False
99-trace-0010754,2026-08-18T15:11:27.170353+00:00,site_latency,727.88,False
99-trace-0010758,2026-08-18T15:11:27.950823+00:00,site_latency,181.86,False
99-trace-0000887,2026-08-18T15:11:28.200657+00:00,pix,174.15,False
99-trace-0019302,2026-08-18T15:11:28.249779+00:00,api_generic,110.47,False
99-trace-0019305,2026-08-18T15:11:29.062460+00:00,api_generic,47.72,False
99-trace-0010766,2026-08-18T15:11:29.285534+00:00,site_latency,143.17,False
99-trace-0004895,2026-08-18T15:11:29.841751+00:00,checkout,492.29,False
99-trace-0004897,2026-08-18T15:11:30.286525+00:00,checkout,797.37,False
99-trace-0019315,2026-08-18T15:11:30.793064+00:00,api_generic,545.78,False
99-trace-0000892,2026-08-18T15:11:31.826191+00:00,pix,136.29,False
99-trace-0010773,2026-08-18T15:11:31.947691+00:00,site_latency,304.71,False
99-trace-0010774,2026-08-18T15:11:31.978458+00:00,site_latency,101.33,False
99-trace-0004900,2026-08-18T15:11:32.028288+00:00,checkout,795.37,False
99-trace-0010777,2026-08-18T15:11:32.360149+00:00,site_latency,548.33,False
99-trace-0004903,2026-08-18T15:11:32.550496+00:00,checkout,811.69,False
99-trace-0010779,2026-08-18T15:11:32.651349+00:00,site_latency,140.06,False
99-trace-0010780,2026-08-18T15:11:32.702649+00:00,site_latency,163.14,False
99-trace-0004904,2026-08-18T15:11:32.774590+00:00,checkout,506.57,True
99-trace-0019328,2026-08-18T15:11:33.912901+00:00,api_generic,76.42,False
99-trace-0019334,2026-08-18T15:11:34.947456+00:00,api_generic,89.72,False
99-trace-0010791,2026-08-18T15:11:36.682737+00:00,site_latency,160.38,False
99-trace-0019346,2026-08-18T15:11:36.829763+00:00,api_generic,122.71,True
99-trace-0019347,2026-08-18T15:11:36.934854+00:00,api_generic,114.93,False
99-trace-0019349,2026-08-18T15:11:37.032733+00:00,api_generic,180.53,False
99-trace-0010794,2026-08-18T15:11:37.295073+00:00,site_latency,348.94,False
99-trace-0019353,2026-08-18T15:11:38.455574+00:00,api_generic,283.65,True
99-trace-0000909,2026-08-18T15:11:38.814549+00:00,pix,623.07,False
99-trace-0010806,2026-08-18T15:11:39.808118+00:00,site_latency,559.24,False
99-trace-0019363,2026-08-18T15:11:39.810530+00:00,api_generic,58.55,False
99-trace-0010807,2026-08-18T15:11:39.819130+00:00,site_latency,67.82,False
99-trace-0000913,2026-08-18T15:11:40.182522+00:00,pix,611.39,False
99-trace-0004920,2026-08-18T15:11:41.710829+00:00,checkout,2077.22,False
99-trace-0019369,2026-08-18T15:11:41.876554+00:00,api_generic,54.95,False
99-trace-0000916,2026-08-18T15:11:42.248659+00:00,pix,176.78,False
99-trace-0004924,2026-08-18T15:11:42.676240+00:00,checkout,357.46,False
99-trace-0010818,2026-08-18T15:11:42.940207+00:00,site_latency,172.96,False
99-trace-0019377,2026-08-18T15:11:43.572953+00:00,api_generic,238.72,False
99-trace-0010819,2026-08-18T15:11:43.628126+00:00,site_latency,302.81,False
99-trace-0010822,2026-08-18T15:11:44.436035+00:00,site_latency,144.11,False
99-trace-0019383,2026-08-18T15:11:44.641206+00:00,api_generic,847.23,False
99-trace-0010824,2026-08-18T15:11:44.914280+00:00,site_latency,103.17,False
99-trace-0010825,2026-08-18T15:11:45.305045+00:00,site_latency,66.62,False
99-trace-0000921,2026-08-18T15:11:45.342050+00:00,pix,119.4,False
99-trace-0000922,2026-08-18T15:11:45.374421+00:00,pix,247.79,False
99-trace-0010827,2026-08-18T15:11:45.589721+00:00,site_latency,134.69,False
99-trace-0000925,2026-08-18T15:11:45.596151+00:00,pix,207.75,False
99-trace-0019387,2026-08-18T15:11:45.664928+00:00,api_generic,237.73,False
99-trace-0010829,2026-08-18T15:11:45.823076+00:00,site_latency,480.39,False
99-trace-0000927,2026-08-18T15:11:45.882945+00:00,pix,120.49,False
99-trace-0010832,2026-08-18T15:11:46.082159+00:00,site_latency,290.68,False
99-trace-0004930,2026-08-18T15:11:46.336316+00:00,checkout,219.44,False
99-trace-0004931,2026-08-18T15:11:46.350879+00:00,checkout,270.43,False
99-trace-0004932,2026-08-18T15:11:46.538594+00:00,checkout,191.33,False
99-trace-0010840,2026-08-18T15:11:47.536819+00:00,site_latency,119.31,False
99-trace-0004937,2026-08-18T15:11:47.917689+00:00,checkout,505.25,False
99-trace-0019392,2026-08-18T15:11:47.940444+00:00,api_generic,261.79,False
99-trace-0004939,2026-08-18T15:11:48.371595+00:00,checkout,1040.55,False
99-trace-0010848,2026-08-18T15:11:48.809450+00:00,site_latency,122.86,False
99-trace-0010849,2026-08-18T15:11:48.967741+00:00,site_latency,115.28,False
99-trace-0010851,2026-08-18T15:11:49.137393+00:00,site_latency,198.33,False
99-trace-0019402,2026-08-18T15:11:49.475313+00:00,api_generic,799.64,False
99-trace-0000936,2026-08-18T15:11:49.553109+00:00,pix,244.79,False
99-trace-0010855,2026-08-18T15:11:49.658500+00:00,site_latency,286.33,False
99-trace-0010856,2026-08-18T15:11:49.660637+00:00,site_latency,182.16,False
99-trace-0004943,2026-08-18T15:11:50.109223+00:00,checkout,213.47,False
99-trace-0019404,2026-08-18T15:11:50.205631+00:00,api_generic,98.7,False
99-trace-0004944,2026-08-18T15:11:50.432110+00:00,checkout,271.87,False
99-trace-0000941,2026-08-18T15:11:50.726851+00:00,pix,233.89,False
99-trace-0010864,2026-08-18T15:11:50.818130+00:00,site_latency,181.4,False
99-trace-0004947,2026-08-18T15:11:51.947628+00:00,checkout,252.42,False
99-trace-0004949,2026-08-18T15:11:52.036942+00:00,checkout,1278.23,False
99-trace-0010871,2026-08-18T15:11:52.258079+00:00,site_latency,120.32,False
99-trace-0000945,2026-08-18T15:11:52.690760+00:00,pix,163.87,False
99-trace-0004952,2026-08-18T15:11:52.862036+00:00,checkout,301.4,False
99-trace-0004953,2026-08-18T15:11:53.643751+00:00,checkout,882.69,False
99-trace-0010876,2026-08-18T15:11:54.352589+00:00,site_latency,276.13,False
99-trace-0010877,2026-08-18T15:11:54.362127+00:00,site_latency,533.17,False
99-trace-0019429,2026-08-18T15:11:55.450122+00:00,api_generic,196.98,False
99-trace-0010884,2026-08-18T15:11:55.570637+00:00,site_latency,93.84,False
99-trace-0004963,2026-08-18T15:11:56.274772+00:00,checkout,300.52,False
99-trace-0019434,2026-08-18T15:11:56.744490+00:00,api_generic,247.63,False
99-trace-0004968,2026-08-18T15:11:57.877234+00:00,checkout,757.37,False
99-trace-0000950,2026-08-18T15:11:57.886394+00:00,pix,85.79,False
99-trace-0019438,2026-08-18T15:11:58.048522+00:00,api_generic,152.56,False
99-trace-0010897,2026-08-18T15:11:58.819913+00:00,site_latency,76.25,False
99-trace-0000958,2026-08-18T15:11:59.192131+00:00,pix,105.44,False
99-trace-0010900,2026-08-18T15:11:59.363994+00:00,site_latency,355.68,False
99-trace-0000961,2026-08-18T15:12:00.998863+00:00,pix,119.81,False
99-trace-0019447,2026-08-18T15:12:01.930021+00:00,api_generic,124.71,False
99-trace-0010912,2026-08-18T15:12:02.464773+00:00,site_latency,555.74,False
99-trace-0019450,2026-08-18T15:12:02.619475+00:00,api_generic,421.89,False
99-trace-0010917,2026-08-18T15:12:03.245474+00:00,site_latency,115.91,False
99-trace-0010918,2026-08-18T15:12:03.450285+00:00,site_latency,48.63,False
99-trace-0000963,2026-08-18T15:12:03.574255+00:00,pix,80.45,False
99-trace-0010921,2026-08-18T15:12:03.847150+00:00,site_latency,118.02,False
99-trace-0000964,2026-08-18T15:12:03.973949+00:00,pix,100.47,False
99-trace-0004982,2026-08-18T15:12:04.269410+00:00,checkout,326.75,False
99-trace-0019468,2026-08-18T15:12:05.773654+00:00,api_generic,267.92,False
99-trace-0019469,2026-08-18T15:12:05.960551+00:00,api_generic,70.64,False
99-trace-0004992,2026-08-18T15:12:06.391480+00:00,checkout,252.82,False
99-trace-0019472,2026-08-18T15:12:06.702083+00:00,api_generic,260.24,False
99-trace-0010933,2026-08-18T15:12:06.734854+00:00,site_latency,99.83,False
99-trace-0019473,2026-08-18T15:12:06.799690+00:00,api_generic,102.84,False
99-trace-0019476,2026-08-18T15:12:07.138835+00:00,api_generic,122.43,False
99-trace-0004996,2026-08-18T15:12:07.242990+00:00,checkout,162.55,False
99-trace-0019477,2026-08-18T15:12:07.336101+00:00,api_generic,55.57,False
99-trace-0004998,2026-08-18T15:12:07.678354+00:00,checkout,845.4,False
99-trace-0000969,2026-08-18T15:12:07.827360+00:00,pix,236.17,False
99-trace-0004999,2026-08-18T15:12:07.938039+00:00,checkout,599.26,False
99-trace-0010939,2026-08-18T15:12:07.938142+00:00,site_latency,114.53,False
99-trace-0010941,2026-08-18T15:12:08.119002+00:00,site_latency,252.73,False
99-trace-0005007,2026-08-18T15:12:09.029879+00:00,checkout,462.91,False
99-trace-0000971,2026-08-18T15:12:09.092170+00:00,pix,82.32,False
99-trace-0010947,2026-08-18T15:12:09.151013+00:00,site_latency,259.9,False
99-trace-0010950,2026-08-18T15:12:09.960828+00:00,site_latency,219.42,False
99-trace-0019494,2026-08-18T15:12:10.967756+00:00,api_generic,72.12,False
99-trace-0005016,2026-08-18T15:12:11.464391+00:00,checkout,326.8,False
99-trace-0010961,2026-08-18T15:12:12.020517+00:00,site_latency,494.26,False
99-trace-0019500,2026-08-18T15:12:12.029350+00:00,api_generic,119.81,False
99-trace-0019502,2026-08-18T15:12:12.179667+00:00,api_generic,321.4,False
99-trace-0010963,2026-08-18T15:12:12.651574+00:00,site_latency,165.92,False
99-trace-0019506,2026-08-18T15:12:12.738953+00:00,api_generic,118.16,False
99-trace-0010965,2026-08-18T15:12:13.044060+00:00,site_latency,155.28,False
99-trace-0000978,2026-08-18T15:12:13.243889+00:00,pix,110.01,False
99-trace-0010967,2026-08-18T15:12:13.603669+00:00,site_latency,237.66,False
99-trace-0005022,2026-08-18T15:12:13.974189+00:00,checkout,526.95,False
99-trace-0010971,2026-08-18T15:12:14.051894+00:00,site_latency,192.62,False
99-trace-0010972,2026-08-18T15:12:14.060782+00:00,site_latency,150.83,False
99-trace-0019512,2026-08-18T15:12:14.213379+00:00,api_generic,259.97,False
99-trace-0019513,2026-08-18T15:12:14.215097+00:00,api_generic,735.43,False
99-trace-0019516,2026-08-18T15:12:14.925878+00:00,api_generic,144.03,False
99-trace-0010981,2026-08-18T15:12:15.111211+00:00,site_latency,2727.5,False
99-trace-0005028,2026-08-18T15:12:15.546018+00:00,checkout,874.57,False
99-trace-0000980,2026-08-18T15:12:15.563227+00:00,pix,126.06,False
99-trace-0010984,2026-08-18T15:12:16.083488+00:00,site_latency,132.99,False
99-trace-0005031,2026-08-18T15:12:16.446012+00:00,checkout,955.79,False
99-trace-0010988,2026-08-18T15:12:16.892925+00:00,site_latency,146.22,False
99-trace-0019521,2026-08-18T15:12:17.137526+00:00,api_generic,257.34,False
99-trace-0010989,2026-08-18T15:12:17.719368+00:00,site_latency,83.47,False
99-trace-0019523,2026-08-18T15:12:17.820304+00:00,api_generic,367.13,False
99-trace-0010991,2026-08-18T15:12:18.269287+00:00,site_latency,1014.38,False
99-trace-0010995,2026-08-18T15:12:18.758420+00:00,site_latency,562.01,False
99-trace-0010998,2026-08-18T15:12:19.125793+00:00,site_latency,447.72,False
99-trace-0010999,2026-08-18T15:12:19.176480+00:00,site_latency,453.96,False
99-trace-0011000,2026-08-18T15:12:19.456018+00:00,site_latency,591.65,False
99-trace-0000985,2026-08-18T15:12:19.476891+00:00,pix,112.2,False
99-trace-0019535,2026-08-18T15:12:19.811075+00:00,api_generic,295.31,False
99-trace-0005044,2026-08-18T15:12:20.221978+00:00,checkout,203.17,False
99-trace-0011006,2026-08-18T15:12:20.738634+00:00,site_latency,521.65,False
99-trace-0005046,2026-08-18T15:12:20.769954+00:00,checkout,343.24,False
99-trace-0000988,2026-08-18T15:12:21.014128+00:00,pix,101.04,False
99-trace-0005049,2026-08-18T15:12:21.467863+00:00,checkout,268.34,False
99-trace-0011013,2026-08-18T15:12:21.872846+00:00,site_latency,63.94,False
99-trace-0011014,2026-08-18T15:12:22.254711+00:00,site_latency,833.85,False
99-trace-0005051,2026-08-18T15:12:22.499745+00:00,checkout,340.09,False
99-trace-0011018,2026-08-18T15:12:22.938240+00:00,site_latency,394.38,False
99-trace-0005054,2026-08-18T15:12:23.318241+00:00,checkout,158.66,False
99-trace-0019547,2026-08-18T15:12:23.711685+00:00,api_generic,135.66,False
99-trace-0000993,2026-08-18T15:12:24.106802+00:00,pix,194.21,True
99-trace-0011021,2026-08-18T15:12:24.277253+00:00,site_latency,270.51,False
99-trace-0019548,2026-08-18T15:12:24.384859+00:00,api_generic,114.28,False
99-trace-0000994,2026-08-18T15:12:24.493849+00:00,pix,114.78,False
99-trace-0019550,2026-08-18T15:12:24.616724+00:00,api_generic,118.72,True
99-trace-0019553,2026-08-18T15:12:25.185976+00:00,api_generic,126.02,False
99-trace-0011024,2026-08-18T15:12:25.491107+00:00,site_latency,144.38,False
99-trace-0011030,2026-08-18T15:12:26.258848+00:00,site_latency,178.17,False
99-trace-0005059,2026-08-18T15:12:26.369971+00:00,checkout,157.51,False
99-trace-0011031,2026-08-18T15:12:26.425689+00:00,site_latency,112.03,False
99-trace-0019558,2026-08-18T15:12:26.665880+00:00,api_generic,119.07,False
99-trace-0001000,2026-08-18T15:12:26.760079+00:00,pix,129.84,False
99-trace-0001002,2026-08-18T15:12:27.457145+00:00,pix,71.88,False
99-trace-0019563,2026-08-18T15:12:27.972536+00:00,api_generic,54.77,False
99-trace-0019568,2026-08-18T15:12:28.597051+00:00,api_generic,38.61,False
99-trace-0005065,2026-08-18T15:12:28.625848+00:00,checkout,956.65,True
99-trace-0001005,2026-08-18T15:12:28.855256+00:00,pix,102.6,False
99-trace-0019571,2026-08-18T15:12:28.905781+00:00,api_generic,555.76,False
99-trace-0011044,2026-08-18T15:12:29.745616+00:00,site_latency,498.87,False
99-trace-0011045,2026-08-18T15:12:30.023130+00:00,site_latency,178.55,False
99-trace-0019579,2026-08-18T15:12:30.615780+00:00,api_generic,50.84,False
99-trace-0011051,2026-08-18T15:12:30.912068+00:00,site_latency,102.74,False
99-trace-0001008,2026-08-18T15:12:31.580069+00:00,pix,101.19,False
99-trace-0011053,2026-08-18T15:12:31.590726+00:00,site_latency,3195.87,False
99-trace-0001010,2026-08-18T15:12:32.047631+00:00,pix,191.46,False
99-trace-0019589,2026-08-18T15:12:32.062028+00:00,api_generic,137.12,False
99-trace-0019594,2026-08-18T15:12:32.893479+00:00,api_generic,107.72,False
99-trace-0011060,2026-08-18T15:12:33.198119+00:00,site_latency,198.77,False
99-trace-0011067,2026-08-18T15:12:34.154247+00:00,site_latency,653.19,False
99-trace-0005081,2026-08-18T15:12:34.614897+00:00,checkout,289.12,False
99-trace-0019600,2026-08-18T15:12:34.647242+00:00,api_generic,179.75,False
99-trace-0019601,2026-08-18T15:12:35.030142+00:00,api_generic,89.38,False
99-trace-0019604,2026-08-18T15:12:35.484380+00:00,api_generic,44.94,False
99-trace-0005083,2026-08-18T15:12:35.487390+00:00,checkout,287.25,False
99-trace-0019608,2026-08-18T15:12:35.846588+00:00,api_generic,132.1,False
99-trace-0019609,2026-08-18T15:12:35.850376+00:00,api_generic,203.32,False
99-trace-0011081,2026-08-18T15:12:36.452412+00:00,site_latency,315.76,False
99-trace-0005087,2026-08-18T15:12:36.962008+00:00,checkout,753.29,False
99-trace-0005088,2026-08-18T15:12:37.189475+00:00,checkout,186.42,False
99-trace-0019619,2026-08-18T15:12:37.655632+00:00,api_generic,260.94,False
99-trace-0019626,2026-08-18T15:12:38.763802+00:00,api_generic,58.47,False
99-trace-0019629,2026-08-18T15:12:39.466551+00:00,api_generic,52.37,False
99-trace-0005095,2026-08-18T15:12:40.059815+00:00,checkout,253.9,False
99-trace-0019632,2026-08-18T15:12:40.644215+00:00,api_generic,162.08,False
99-trace-0011099,2026-08-18T15:12:41.090067+00:00,site_latency,267.12,False
99-trace-0011100,2026-08-18T15:12:41.225811+00:00,site_latency,81.75,False
99-trace-0019635,2026-08-18T15:12:41.384737+00:00,api_generic,68.62,False
99-trace-0011102,2026-08-18T15:12:41.558545+00:00,site_latency,179.61,False
99-trace-0019636,2026-08-18T15:12:41.857880+00:00,api_generic,1893.08,True
99-trace-0001026,2026-08-18T15:12:41.886630+00:00,pix,825.02,False
99-trace-0019637,2026-08-18T15:12:42.300519+00:00,api_generic,51.69,False
99-trace-0011107,2026-08-18T15:12:42.887751+00:00,site_latency,179.03,False
99-trace-0019638,2026-08-18T15:12:43.234442+00:00,api_generic,141.79,False
99-trace-0001029,2026-08-18T15:12:43.265667+00:00,pix,154.38,False
99-trace-0019639,2026-08-18T15:12:43.353892+00:00,api_generic,75.09,False
99-trace-0011109,2026-08-18T15:12:43.475243+00:00,site_latency,1760.97,False
99-trace-0005107,2026-08-18T15:12:43.519378+00:00,checkout,1914.23,False
99-trace-0019643,2026-08-18T15:12:43.796461+00:00,api_generic,65.23,False
99-trace-0011111,2026-08-18T15:12:44.230008+00:00,site_latency,333.85,False
99-trace-0001033,2026-08-18T15:12:44.745841+00:00,pix,233.24,False
99-trace-0011113,2026-08-18T15:12:44.800433+00:00,site_latency,188.46,False
99-trace-0019651,2026-08-18T15:12:45.201558+00:00,api_generic,280.34,False
99-trace-0019652,2026-08-18T15:12:45.326291+00:00,api_generic,590.93,False
99-trace-0011117,2026-08-18T15:12:45.602039+00:00,site_latency,181.0,False
99-trace-0011118,2026-08-18T15:12:45.887409+00:00,site_latency,177.66,False
99-trace-0011122,2026-08-18T15:12:46.536473+00:00,site_latency,802.34,False
99-trace-0001038,2026-08-18T15:12:46.608082+00:00,pix,252.75,False
99-trace-0005116,2026-08-18T15:12:47.874100+00:00,checkout,337.25,False
99-trace-0019657,2026-08-18T15:12:47.940197+00:00,api_generic,249.2,True
99-trace-0011125,2026-08-18T15:12:48.072309+00:00,site_latency,203.86,False
99-trace-0001040,2026-08-18T15:12:48.110355+00:00,pix,63.26,False
99-trace-0001041,2026-08-18T15:12:48.807088+00:00,pix,264.07,False
99-trace-0001044,2026-08-18T15:12:49.374000+00:00,pix,95.76,False
99-trace-0011133,2026-08-18T15:12:49.485014+00:00,site_latency,49.22,False
99-trace-0005119,2026-08-18T15:12:49.939704+00:00,checkout,594.2,False
99-trace-0011136,2026-08-18T15:12:50.089242+00:00,site_latency,585.07,False
99-trace-0005121,2026-08-18T15:12:50.202726+00:00,checkout,1587.21,False
99-trace-0005122,2026-08-18T15:12:50.234697+00:00,checkout,223.97,False
99-trace-0011139,2026-08-18T15:12:50.544796+00:00,site_latency,149.55,False
99-trace-0011146,2026-08-18T15:12:51.249503+00:00,site_latency,739.94,False
99-trace-0011148,2026-08-18T15:12:51.842389+00:00,site_latency,274.88,False
99-trace-0011149,2026-08-18T15:12:52.160766+00:00,site_latency,879.32,False
99-trace-0019674,2026-08-18T15:12:52.667207+00:00,api_generic,248.86,False
99-trace-0005134,2026-08-18T15:12:54.331570+00:00,checkout,364.46,False
99-trace-0005140,2026-08-18T15:12:55.808545+00:00,checkout,1806.87,False
99-trace-0011168,2026-08-18T15:12:56.073836+00:00,site_latency,238.3,False
99-trace-0019684,2026-08-18T15:12:56.116966+00:00,api_generic,69.38,False
99-trace-0001061,2026-08-18T15:12:56.316658+00:00,pix,76.98,False
99-trace-0019687,2026-08-18T15:12:56.467241+00:00,api_generic,94.05,False
99-trace-0011170,2026-08-18T15:12:56.700057+00:00,site_latency,1153.16,False
99-trace-0019688,2026-08-18T15:12:56.909543+00:00,api_generic,115.9,False
99-trace-0019689,2026-08-18T15:12:57.107900+00:00,api_generic,113.84,False
99-trace-0019693,2026-08-18T15:12:57.626475+00:00,api_generic,429.97,False
99-trace-0011179,2026-08-18T15:12:58.498821+00:00,site_latency,552.06,False
99-trace-0011182,2026-08-18T15:12:58.687610+00:00,site_latency,517.5,False
99-trace-0005154,2026-08-18T15:12:59.247519+00:00,checkout,303.96,False
99-trace-0011186,2026-08-18T15:12:59.672348+00:00,site_latency,159.95,False
99-trace-0011190,2026-08-18T15:13:00.274342+00:00,site_latency,496.65,False
99-trace-0005156,2026-08-18T15:13:00.309626+00:00,checkout,295.83,False
99-trace-0011191,2026-08-18T15:13:00.629538+00:00,site_latency,249.42,False
99-trace-0005158,2026-08-18T15:13:00.662710+00:00,checkout,420.4,False
99-trace-0001069,2026-08-18T15:13:00.878284+00:00,pix,235.41,False
99-trace-0001070,2026-08-18T15:13:00.942992+00:00,pix,216.9,False
99-trace-0005159,2026-08-18T15:13:00.968555+00:00,checkout,302.14,False
99-trace-0005161,2026-08-18T15:13:01.612188+00:00,checkout,490.95,True
99-trace-0005165,2026-08-18T15:13:02.050511+00:00,checkout,1429.76,False
99-trace-0005166,2026-08-18T15:13:02.365473+00:00,checkout,390.38,False
99-trace-0001077,2026-08-18T15:13:03.620068+00:00,pix,106.34,False
99-trace-0011203,2026-08-18T15:13:03.641765+00:00,site_latency,68.54,False
99-trace-0019724,2026-08-18T15:13:03.896744+00:00,api_generic,437.36,False
99-trace-0001078,2026-08-18T15:13:04.025232+00:00,pix,146.76,False
99-trace-0005168,2026-08-18T15:13:04.301351+00:00,checkout,306.66,False
99-trace-0011209,2026-08-18T15:13:05.866015+00:00,site_latency,251.84,False
99-trace-0005177,2026-08-18T15:13:06.039916+00:00,checkout,1736.71,True
99-trace-0019732,2026-08-18T15:13:06.082282+00:00,api_generic,843.67,False
99-trace-0011210,2026-08-18T15:13:06.118919+00:00,site_latency,1502.27,False
99-trace-0001082,2026-08-18T15:13:07.027937+00:00,pix,1290.39,False
99-trace-0011212,2026-08-18T15:13:07.116219+00:00,site_latency,508.03,False
99-trace-0019738,2026-08-18T15:13:07.340243+00:00,api_generic,73.26,False
99-trace-0005181,2026-08-18T15:13:07.558064+00:00,checkout,218.83,False
99-trace-0001083,2026-08-18T15:13:07.713330+00:00,pix,91.37,False
99-trace-0005186,2026-08-18T15:13:08.688735+00:00,checkout,558.98,False
99-trace-0019744,2026-08-18T15:13:08.963640+00:00,api_generic,248.97,False
99-trace-0019745,2026-08-18T15:13:09.064095+00:00,api_generic,154.73,False
99-trace-0005188,2026-08-18T15:13:09.332107+00:00,checkout,270.82,False
99-trace-0011217,2026-08-18T15:13:09.369183+00:00,site_latency,124.82,False
99-trace-0019753,2026-08-18T15:13:10.992136+00:00,api_generic,454.5,False
99-trace-0019756,2026-08-18T15:13:11.166334+00:00,api_generic,67.12,False
99-trace-0011225,2026-08-18T15:13:11.808636+00:00,site_latency,154.47,True
99-trace-0011228,2026-08-18T15:13:12.621823+00:00,site_latency,45.21,False
99-trace-0001090,2026-08-18T15:13:13.063294+00:00,pix,201.05,False
99-trace-0019763,2026-08-18T15:13:13.210374+00:00,api_generic,266.01,False
99-trace-0005202,2026-08-18T15:13:13.361924+00:00,checkout,300.74,False
99-trace-0005203,2026-08-18T15:13:13.431981+00:00,checkout,284.26,False
99-trace-0011236,2026-08-18T15:13:13.780152+00:00,site_latency,215.9,False
99-trace-0019766,2026-08-18T15:13:13.797372+00:00,api_generic,772.31,False
99-trace-0001092,2026-08-18T15:13:14.132788+00:00,pix,103.78,False
99-trace-0019770,2026-08-18T15:13:14.275465+00:00,api_generic,371.54,False
99-trace-0011243,2026-08-18T15:13:14.971616+00:00,site_latency,348.72,True
99-trace-0005208,2026-08-18T15:13:15.060533+00:00,checkout,367.17,False
99-trace-0001096,2026-08-18T15:13:15.257741+00:00,pix,68.2,False
99-trace-0005209,2026-08-18T15:13:15.345352+00:00,checkout,269.16,False
99-trace-0011248,2026-08-18T15:13:15.562281+00:00,site_latency,155.78,False
99-trace-0001104,2026-08-18T15:13:18.381964+00:00,pix,174.73,False
99-trace-0005224,2026-08-18T15:13:19.496754+00:00,checkout,237.6,False
99-trace-0019782,2026-08-18T15:13:20.216364+00:00,api_generic,34.4,False
99-trace-0011273,2026-08-18T15:13:20.467276+00:00,site_latency,345.17,False
99-trace-0005227,2026-08-18T15:13:20.738588+00:00,checkout,255.52,False
99-trace-0011277,2026-08-18T15:13:21.211303+00:00,site_latency,176.58,False
99-trace-0001106,2026-08-18T15:13:21.691658+00:00,pix,747.78,False
99-trace-0001107,2026-08-18T15:13:21.808728+00:00,pix,183.58,False
99-trace-0005238,2026-08-18T15:13:22.635618+00:00,checkout,404.67,False
99-trace-0019788,2026-08-18T15:13:22.755827+00:00,api_generic,687.97,False
99-trace-0019790,2026-08-18T15:13:23.006743+00:00,api_generic,899.93,False
99-trace-0019792,2026-08-18T15:13:23.521346+00:00,api_generic,138.43,False
99-trace-0011294,2026-08-18T15:13:23.895947+00:00,site_latency,171.12,False
99-trace-0001109,2026-08-18T15:13:24.664108+00:00,pix,65.27,False
99-trace-0011298,2026-08-18T15:13:25.284896+00:00,site_latency,311.79,False
99-trace-0019800,2026-08-18T15:13:25.568355+00:00,api_generic,77.1,False
99-trace-0011301,2026-08-18T15:13:25.591356+00:00,site_latency,330.25,True
99-trace-0011305,2026-08-18T15:13:26.125885+00:00,site_latency,143.29,False
99-trace-0019804,2026-08-18T15:13:26.242250+00:00,api_generic,126.12,False
99-trace-0005242,2026-08-18T15:13:26.538423+00:00,checkout,163.81,False
99-trace-0005244,2026-08-18T15:13:26.720233+00:00,checkout,740.72,False
99-trace-0011308,2026-08-18T15:13:26.818888+00:00,site_latency,154.61,False
99-trace-0005246,2026-08-18T15:13:27.435030+00:00,checkout,468.97,False
99-trace-0019808,2026-08-18T15:13:27.718089+00:00,api_generic,49.22,False
99-trace-0011311,2026-08-18T15:13:27.928041+00:00,site_latency,216.55,False
99-trace-0011312,2026-08-18T15:13:27.953627+00:00,site_latency,513.29,False
99-trace-0019811,2026-08-18T15:13:28.091593+00:00,api_generic,66.99,False
99-trace-0019812,2026-08-18T15:13:28.143621+00:00,api_generic,71.71,False
99-trace-0005248,2026-08-18T15:13:28.211893+00:00,checkout,1828.7,False
99-trace-0019815,2026-08-18T15:13:28.429844+00:00,api_generic,541.99,False
99-trace-0011316,2026-08-18T15:13:28.697226+00:00,site_latency,187.7,False
99-trace-0019817,2026-08-18T15:13:28.886430+00:00,api_generic,89.35,True
99-trace-0011320,2026-08-18T15:13:28.944867+00:00,site_latency,174.58,False
99-trace-0019819,2026-08-18T15:13:29.265067+00:00,api_generic,171.58,False
99-trace-0011326,2026-08-18T15:13:29.500901+00:00,site_latency,550.87,False
99-trace-0011332,2026-08-18T15:13:30.965310+00:00,site_latency,153.45,False
99-trace-0005258,2026-08-18T15:13:31.291325+00:00,checkout,301.52,False
99-trace-0001117,2026-08-18T15:13:31.555990+00:00,pix,215.09,False
99-trace-0011337,2026-08-18T15:13:31.651818+00:00,site_latency,325.2,False
99-trace-0001118,2026-08-18T15:13:31.672800+00:00,pix,179.09,False
99-trace-0019829,2026-08-18T15:13:32.084316+00:00,api_generic,66.65,False
99-trace-0011340,2026-08-18T15:13:32.380311+00:00,site_latency,368.25,False
99-trace-0011342,2026-08-18T15:13:32.544025+00:00,site_latency,73.7,False
99-trace-0005262,2026-08-18T15:13:32.718874+00:00,checkout,747.57,False
99-trace-0011346,2026-08-18T15:13:32.966770+00:00,site_latency,601.2,False
99-trace-0001121,2026-08-18T15:13:33.209843+00:00,pix,133.86,False
99-trace-0019838,2026-08-18T15:13:33.922711+00:00,api_generic,68.5,False
99-trace-0019839,2026-08-18T15:13:34.154419+00:00,api_generic,384.35,True
99-trace-0005267,2026-08-18T15:13:34.279076+00:00,checkout,165.03,False
99-trace-0019841,2026-08-18T15:13:34.512073+00:00,api_generic,428.96,False
99-trace-0005269,2026-08-18T15:13:34.648112+00:00,checkout,539.0,False
99-trace-0001126,2026-08-18T15:13:34.790061+00:00,pix,85.28,False
99-trace-0011352,2026-08-18T15:13:35.465546+00:00,site_latency,131.18,False
99-trace-0019845,2026-08-18T15:13:35.708270+00:00,api_generic,141.95,False
99-trace-0019846,2026-08-18T15:13:35.780517+00:00,api_generic,48.51,False
99-trace-0001128,2026-08-18T15:13:35.800507+00:00,pix,79.91,False
99-trace-0019849,2026-08-18T15:13:36.016073+00:00,api_generic,83.22,False
99-trace-0011354,2026-08-18T15:13:36.125203+00:00,site_latency,314.91,False
99-trace-0011355,2026-08-18T15:13:36.577190+00:00,site_latency,236.18,False
99-trace-0011357,2026-08-18T15:13:36.887196+00:00,site_latency,280.08,True
99-trace-0011358,2026-08-18T15:13:36.919511+00:00,site_latency,238.14,False
99-trace-0005273,2026-08-18T15:13:37.158873+00:00,checkout,965.86,False
99-trace-0011368,2026-08-18T15:13:38.065458+00:00,site_latency,267.1,False
99-trace-0011370,2026-08-18T15:13:38.381153+00:00,site_latency,547.84,False
99-trace-0005278,2026-08-18T15:13:38.819367+00:00,checkout,385.06,False
99-trace-0005280,2026-08-18T15:13:39.480337+00:00,checkout,344.13,False
99-trace-0019869,2026-08-18T15:13:40.702650+00:00,api_generic,43.98,False
99-trace-0019870,2026-08-18T15:13:40.871195+00:00,api_generic,69.17,False
99-trace-0019871,2026-08-18T15:13:40.906430+00:00,api_generic,427.33,False
99-trace-0019872,2026-08-18T15:13:40.926937+00:00,api_generic,103.44,False
99-trace-0011382,2026-08-18T15:13:40.931398+00:00,site_latency,240.54,True
99-trace-0019873,2026-08-18T15:13:40.953345+00:00,api_generic,494.43,True
99-trace-0001142,2026-08-18T15:13:41.420814+00:00,pix,71.02,False
99-trace-0019874,2026-08-18T15:13:41.477781+00:00,api_generic,184.86,False
99-trace-0001143,2026-08-18T15:13:41.896557+00:00,pix,197.49,False
99-trace-0019876,2026-08-18T15:13:42.081551+00:00,api_generic,85.49,False
99-trace-0019877,2026-08-18T15:13:42.386308+00:00,api_generic,136.33,False
99-trace-0019881,2026-08-18T15:13:42.838270+00:00,api_generic,95.58,False
99-trace-0011392,2026-08-18T15:13:43.291627+00:00,site_latency,1723.16,False
99-trace-0001146,2026-08-18T15:13:43.327198+00:00,pix,271.77,False
99-trace-0005284,2026-08-18T15:13:43.398720+00:00,checkout,163.6,False
99-trace-0019883,2026-08-18T15:13:43.441261+00:00,api_generic,69.98,False
99-trace-0011393,2026-08-18T15:13:43.458514+00:00,site_latency,103.78,False
99-trace-0019885,2026-08-18T15:13:43.648848+00:00,api_generic,85.55,False
99-trace-0005289,2026-08-18T15:13:45.025104+00:00,checkout,594.99,False
99-trace-0011402,2026-08-18T15:13:45.829619+00:00,site_latency,378.27,True
99-trace-0019894,2026-08-18T15:13:46.008292+00:00,api_generic,94.54,False
99-trace-0011403,2026-08-18T15:13:46.035971+00:00,site_latency,88.32,False
99-trace-0005291,2026-08-18T15:13:46.157950+00:00,checkout,164.52,False
99-trace-0019897,2026-08-18T15:13:46.184684+00:00,api_generic,36.55,False
99-trace-0019898,2026-08-18T15:13:46.442443+00:00,api_generic,242.47,False
99-trace-0011410,2026-08-18T15:13:47.187290+00:00,site_latency,639.32,False
99-trace-0005294,2026-08-18T15:13:47.198500+00:00,checkout,207.68,False
99-trace-0019902,2026-08-18T15:13:48.071320+00:00,api_generic,73.64,False
99-trace-0019905,2026-08-18T15:13:48.707616+00:00,api_generic,71.12,True
99-trace-0019906,2026-08-18T15:13:49.319215+00:00,api_generic,256.29,True
99-trace-0005299,2026-08-18T15:13:49.325362+00:00,checkout,570.91,False
99-trace-0019907,2026-08-18T15:13:49.594141+00:00,api_generic,241.9,False
99-trace-0011422,2026-08-18T15:13:51.250040+00:00,site_latency,779.28,False
99-trace-0011423,2026-08-18T15:13:51.422917+00:00,site_latency,1894.76,False
99-trace-0005301,2026-08-18T15:13:51.711103+00:00,checkout,621.49,False
99-trace-0019914,2026-08-18T15:13:51.764877+00:00,api_generic,44.09,False
99-trace-0011430,2026-08-18T15:13:52.773467+00:00,site_latency,132.89,False
99-trace-0019919,2026-08-18T15:13:53.067957+00:00,api_generic,123.23,False
99-trace-0001165,2026-08-18T15:13:53.212508+00:00,pix,182.79,False
99-trace-0011435,2026-08-18T15:13:53.574196+00:00,site_latency,77.9,False
99-trace-0019920,2026-08-18T15:13:53.615306+00:00,api_generic,66.73,False
99-trace-0011438,2026-08-18T15:13:53.968146+00:00,site_latency,102.47,False
99-trace-0019922,2026-08-18T15:13:53.986126+00:00,api_generic,122.13,False
99-trace-0019924,2026-08-18T15:13:54.417698+00:00,api_generic,107.06,False
99-trace-0019925,2026-08-18T15:13:54.737569+00:00,api_generic,49.91,False
99-trace-0005305,2026-08-18T15:13:54.879201+00:00,checkout,447.39,False
99-trace-0001169,2026-08-18T15:13:55.025027+00:00,pix,108.93,False
99-trace-0001170,2026-08-18T15:13:55.168377+00:00,pix,64.71,False
99-trace-0011442,2026-08-18T15:13:55.275825+00:00,site_latency,1327.12,False
99-trace-0011445,2026-08-18T15:13:55.645556+00:00,site_latency,318.83,False
99-trace-0019930,2026-08-18T15:13:55.916024+00:00,api_generic,67.41,False
99-trace-0011451,2026-08-18T15:13:56.777424+00:00,site_latency,266.38,False
99-trace-0011453,2026-08-18T15:13:57.021616+00:00,site_latency,206.83,False
99-trace-0011454,2026-08-18T15:13:57.227195+00:00,site_latency,579.79,False
99-trace-0001172,2026-08-18T15:13:57.248652+00:00,pix,236.86,False
99-trace-0005317,2026-08-18T15:13:58.779597+00:00,checkout,561.98,False
99-trace-0011460,2026-08-18T15:13:58.797602+00:00,site_latency,481.98,False
99-trace-0011464,2026-08-18T15:13:59.052188+00:00,site_latency,117.29,False
99-trace-0019939,2026-08-18T15:13:59.678063+00:00,api_generic,62.12,False
99-trace-0001176,2026-08-18T15:13:59.843720+00:00,pix,197.58,False
99-trace-0011469,2026-08-18T15:14:00.080593+00:00,site_latency,525.17,False
99-trace-0019943,2026-08-18T15:14:00.342213+00:00,api_generic,75.64,False
99-trace-0005325,2026-08-18T15:14:01.554321+00:00,checkout,638.36,False
99-trace-0019946,2026-08-18T15:14:01.899546+00:00,api_generic,126.36,True
99-trace-0005328,2026-08-18T15:14:02.195853+00:00,checkout,2445.89,False
99-trace-0005329,2026-08-18T15:14:02.297804+00:00,checkout,486.64,False
99-trace-0011479,2026-08-18T15:14:03.092059+00:00,site_latency,150.08,False
99-trace-0019951,2026-08-18T15:14:03.186579+00:00,api_generic,215.28,False
99-trace-0005333,2026-08-18T15:14:03.239541+00:00,checkout,306.54,False
99-trace-0011480,2026-08-18T15:14:03.253454+00:00,site_latency,95.14,False
99-trace-0019952,2026-08-18T15:14:03.371620+00:00,api_generic,150.74,False
99-trace-0005335,2026-08-18T15:14:03.572884+00:00,checkout,165.62,False
99-trace-0011484,2026-08-18T15:14:03.840241+00:00,site_latency,421.67,False
99-trace-0019955,2026-08-18T15:14:03.848997+00:00,api_generic,102.8,False
99-trace-0011487,2026-08-18T15:14:04.734104+00:00,site_latency,172.28,False
99-trace-0005338,2026-08-18T15:14:04.929761+00:00,checkout,723.8,True
99-trace-0011497,2026-08-18T15:14:06.320176+00:00,site_latency,185.15,False
99-trace-0005345,2026-08-18T15:14:06.758405+00:00,checkout,753.15,False
99-trace-0011501,2026-08-18T15:14:07.042232+00:00,site_latency,245.61,False
99-trace-0011510,2026-08-18T15:14:08.559027+00:00,site_latency,265.94,False
99-trace-0001195,2026-08-18T15:14:09.340818+00:00,pix,266.16,False
99-trace-0011520,2026-08-18T15:14:10.637799+00:00,site_latency,137.7,False
99-trace-0001198,2026-08-18T15:14:11.466249+00:00,pix,88.74,False
99-trace-0019981,2026-08-18T15:14:11.722301+00:00,api_generic,94.32,False
99-trace-0011526,2026-08-18T15:14:12.010696+00:00,site_latency,276.81,False
99-trace-0019986,2026-08-18T15:14:12.872630+00:00,api_generic,54.18,False
99-trace-0001202,2026-08-18T15:14:13.108687+00:00,pix,143.46,False
99-trace-0005361,2026-08-18T15:14:13.246020+00:00,checkout,766.12,False
99-trace-0005362,2026-08-18T15:14:13.297865+00:00,checkout,1457.23,False
99-trace-0005363,2026-08-18T15:14:13.346801+00:00,checkout,177.9,False
99-trace-0001206,2026-08-18T15:14:13.874625+00:00,pix,244.74,False
99-trace-0001207,2026-08-18T15:14:14.230612+00:00,pix,128.98,False
99-trace-0001208,2026-08-18T15:14:14.519643+00:00,pix,82.71,False
99-trace-0019998,2026-08-18T15:14:14.954181+00:00,api_generic,57.44,False
99-trace-0001210,2026-08-18T15:14:15.066197+00:00,pix,100.87,False
99-trace-0011541,2026-08-18T15:14:15.408758+00:00,site_latency,254.74,False
99-trace-0001212,2026-08-18T15:14:15.679485+00:00,pix,87.38,False
99-trace-0005368,2026-08-18T15:14:15.962865+00:00,checkout,1040.6,False
99-trace-0001214,2026-08-18T15:14:16.016320+00:00,pix,78.51,False
99-trace-0011547,2026-08-18T15:14:16.405748+00:00,site_latency,552.03,False
99-trace-0011548,2026-08-18T15:14:16.555223+00:00,site_latency,244.67,False
99-trace-0005371,2026-08-18T15:14:16.904708+00:00,checkout,132.93,False
99-trace-0005373,2026-08-18T15:14:17.731176+00:00,checkout,286.33,False
99-trace-0020010,2026-08-18T15:14:17.864534+00:00,api_generic,31.6,False
99-trace-0001218,2026-08-18T15:14:18.498831+00:00,pix,322.14,False
99-trace-0011561,2026-08-18T15:14:18.874910+00:00,site_latency,1483.48,False
99-trace-0020016,2026-08-18T15:14:18.932320+00:00,api_generic,862.26,False
99-trace-0001219,2026-08-18T15:14:18.971635+00:00,pix,158.02,False
99-trace-0011563,2026-08-18T15:14:19.191529+00:00,site_latency,187.99,False
99-trace-0005377,2026-08-18T15:14:19.428119+00:00,checkout,351.06,False
99-trace-0001220,2026-08-18T15:14:19.460210+00:00,pix,252.24,False
99-trace-0005380,2026-08-18T15:14:19.684586+00:00,checkout,257.39,False
99-trace-0011571,2026-08-18T15:14:20.561809+00:00,site_latency,104.62,False
99-trace-0011572,2026-08-18T15:14:20.575714+00:00,site_latency,1369.44,False
99-trace-0011573,2026-08-18T15:14:20.598582+00:00,site_latency,377.92,False
99-trace-0011574,2026-08-18T15:14:20.781702+00:00,site_latency,721.46,False
99-trace-0005382,2026-08-18T15:14:21.129181+00:00,checkout,221.04,False
99-trace-0020025,2026-08-18T15:14:21.492257+00:00,api_generic,83.87,False
99-trace-0011577,2026-08-18T15:14:21.565139+00:00,site_latency,280.26,False
99-trace-0011581,2026-08-18T15:14:21.917807+00:00,site_latency,158.89,False
99-trace-0020026,2026-08-18T15:14:22.962322+00:00,api_generic,74.98,False
99-trace-0011584,2026-08-18T15:14:23.541016+00:00,site_latency,345.5,False
99-trace-0005392,2026-08-18T15:14:23.583725+00:00,checkout,1035.33,False
99-trace-0001224,2026-08-18T15:14:23.887694+00:00,pix,77.18,False
99-trace-0011585,2026-08-18T15:14:24.777302+00:00,site_latency,376.59,True
99-trace-0005396,2026-08-18T15:14:24.978984+00:00,checkout,392.73,False
99-trace-0011588,2026-08-18T15:14:25.161098+00:00,site_latency,160.35,False
99-trace-0020036,2026-08-18T15:14:25.672858+00:00,api_generic,111.78,False
99-trace-0005397,2026-08-18T15:14:25.801291+00:00,checkout,334.14,False
99-trace-0020038,2026-08-18T15:14:26.511834+00:00,api_generic,56.17,False
99-trace-0020039,2026-08-18T15:14:26.856347+00:00,api_generic,184.48,False
99-trace-0011596,2026-08-18T15:14:27.437797+00:00,site_latency,233.78,False
99-trace-0020043,2026-08-18T15:14:27.655595+00:00,api_generic,67.35,False
99-trace-0011599,2026-08-18T15:14:27.975092+00:00,site_latency,274.07,False
99-trace-0011600,2026-08-18T15:14:28.118249+00:00,site_latency,83.7,False
99-trace-0020047,2026-08-18T15:14:28.265181+00:00,api_generic,96.62,False
99-trace-0005403,2026-08-18T15:14:28.340363+00:00,checkout,330.01,False
99-trace-0005406,2026-08-18T15:14:28.805184+00:00,checkout,389.33,False
99-trace-0020050,2026-08-18T15:14:29.826895+00:00,api_generic,81.68,False
99-trace-0005408,2026-08-18T15:14:29.904000+00:00,checkout,225.22,False
99-trace-0011617,2026-08-18T15:14:30.941740+00:00,site_latency,138.13,False
99-trace-0005411,2026-08-18T15:14:31.241275+00:00,checkout,317.58,False
99-trace-0020053,2026-08-18T15:14:31.344658+00:00,api_generic,163.22,False
99-trace-0011621,2026-08-18T15:14:31.874310+00:00,site_latency,70.05,False
99-trace-0005414,2026-08-18T15:14:32.362154+00:00,checkout,771.75,False
99-trace-0020059,2026-08-18T15:14:32.664672+00:00,api_generic,100.55,False
99-trace-0005416,2026-08-18T15:14:32.696523+00:00,checkout,618.23,False
99-trace-0011628,2026-08-18T15:14:33.090159+00:00,site_latency,142.47,False
99-trace-0020062,2026-08-18T15:14:33.356748+00:00,api_generic,449.52,False
99-trace-0005418,2026-08-18T15:14:33.606352+00:00,checkout,187.94,False
99-trace-0020065,2026-08-18T15:14:33.947223+00:00,api_generic,119.57,False
99-trace-0005421,2026-08-18T15:14:34.042729+00:00,checkout,458.32,False
99-trace-0020066,2026-08-18T15:14:34.146055+00:00,api_generic,139.66,False
99-trace-0011632,2026-08-18T15:14:34.310543+00:00,site_latency,149.73,False
99-trace-0011634,2026-08-18T15:14:34.953086+00:00,site_latency,349.64,False
99-trace-0005425,2026-08-18T15:14:35.055480+00:00,checkout,302.0,False
99-trace-0020074,2026-08-18T15:14:35.691871+00:00,api_generic,80.66,False
99-trace-0011639,2026-08-18T15:14:36.161609+00:00,site_latency,298.44,False
99-trace-0001245,2026-08-18T15:14:36.425729+00:00,pix,106.87,False
99-trace-0005432,2026-08-18T15:14:36.739453+00:00,checkout,824.4,True
99-trace-0005436,2026-08-18T15:14:37.344401+00:00,checkout,1001.87,False
99-trace-0020080,2026-08-18T15:14:37.946744+00:00,api_generic,238.36,False
99-trace-0020082,2026-08-18T15:14:38.180769+00:00,api_generic,106.34,False
99-trace-0011651,2026-08-18T15:14:38.486078+00:00,site_latency,2355.21,False
99-trace-0001249,2026-08-18T15:14:38.937223+00:00,pix,118.19,False
99-trace-0011654,2026-08-18T15:14:39.049764+00:00,site_latency,173.14,False
99-trace-0001253,2026-08-18T15:14:39.920187+00:00,pix,127.17,False
99-trace-0001255,2026-08-18T15:14:40.084968+00:00,pix,139.85,False
99-trace-0020093,2026-08-18T15:14:40.450264+00:00,api_generic,230.3,True
99-trace-0011664,2026-08-18T15:14:41.659824+00:00,site_latency,334.09,False
99-trace-0001259,2026-08-18T15:14:42.425910+00:00,pix,63.13,False
99-trace-0020100,2026-08-18T15:14:42.463968+00:00,api_generic,74.51,False
99-trace-0011670,2026-08-18T15:14:43.045563+00:00,site_latency,331.09,False
99-trace-0011673,2026-08-18T15:14:43.323251+00:00,site_latency,471.65,False
99-trace-0001261,2026-08-18T15:14:44.156471+00:00,pix,105.53,False
99-trace-0005462,2026-08-18T15:14:44.218391+00:00,checkout,180.41,False
99-trace-0001262,2026-08-18T15:14:44.226445+00:00,pix,209.21,False
99-trace-0001264,2026-08-18T15:14:44.969652+00:00,pix,75.93,False
99-trace-0011682,2026-08-18T15:14:45.144490+00:00,site_latency,245.55,False
99-trace-0011685,2026-08-18T15:14:45.573382+00:00,site_latency,65.82,False
99-trace-0020114,2026-08-18T15:14:46.055152+00:00,api_generic,382.4,False
99-trace-0011688,2026-08-18T15:14:46.157462+00:00,site_latency,187.11,False
99-trace-0011689,2026-08-18T15:14:46.230289+00:00,site_latency,263.97,False
99-trace-0001268,2026-08-18T15:14:46.255751+00:00,pix,77.6,False
99-trace-0020115,2026-08-18T15:14:46.302844+00:00,api_generic,58.06,False
99-trace-0011690,2026-08-18T15:14:46.323538+00:00,site_latency,120.08,False
99-trace-0005473,2026-08-18T15:14:46.468831+00:00,checkout,207.13,False
99-trace-0011691,2026-08-18T15:14:46.505835+00:00,site_latency,108.71,False
99-trace-0001269,2026-08-18T15:14:46.540978+00:00,pix,694.78,False
99-trace-0020116,2026-08-18T15:14:46.641095+00:00,api_generic,56.04,False
99-trace-0020119,2026-08-18T15:14:47.172800+00:00,api_generic,154.2,False
99-trace-0005475,2026-08-18T15:14:47.379528+00:00,checkout,735.41,False
99-trace-0005476,2026-08-18T15:14:48.251562+00:00,checkout,215.67,False
99-trace-0005477,2026-08-18T15:14:48.516066+00:00,checkout,98.45,False
99-trace-0020126,2026-08-18T15:14:48.898375+00:00,api_generic,48.3,False
99-trace-0005479,2026-08-18T15:14:49.231319+00:00,checkout,229.04,False
99-trace-0005480,2026-08-18T15:14:49.412434+00:00,checkout,529.97,False
99-trace-0011703,2026-08-18T15:14:49.764062+00:00,site_latency,333.35,False
99-trace-0020130,2026-08-18T15:14:49.913225+00:00,api_generic,250.82,False
99-trace-0005485,2026-08-18T15:14:50.929599+00:00,checkout,4607.43,False
99-trace-0011712,2026-08-18T15:14:51.577068+00:00,site_latency,100.2,False
99-trace-0001282,2026-08-18T15:14:51.760476+00:00,pix,160.2,False
99-trace-0001284,2026-08-18T15:14:52.439774+00:00,pix,101.0,False
99-trace-0005488,2026-08-18T15:14:52.823705+00:00,checkout,752.83,False
99-trace-0005489,2026-08-18T15:14:52.952528+00:00,checkout,348.77,False
99-trace-0011718,2026-08-18T15:14:52.967277+00:00,site_latency,177.06,True
99-trace-0005490,2026-08-18T15:14:53.323248+00:00,checkout,401.24,False
99-trace-0011722,2026-08-18T15:14:53.977957+00:00,site_latency,418.43,False
99-trace-0020149,2026-08-18T15:14:54.056545+00:00,api_generic,286.34,False
99-trace-0011728,2026-08-18T15:14:55.136014+00:00,site_latency,679.35,False
99-trace-0011729,2026-08-18T15:14:55.147990+00:00,site_latency,931.5,False
99-trace-0005499,2026-08-18T15:14:55.546115+00:00,checkout,231.77,False
99-trace-0005501,2026-08-18T15:14:56.112293+00:00,checkout,317.56,False
99-trace-0020158,2026-08-18T15:14:56.155490+00:00,api_generic,83.34,False
99-trace-0011734,2026-08-18T15:14:56.363696+00:00,site_latency,504.75,False
99-trace-0020160,2026-08-18T15:14:56.590181+00:00,api_generic,97.51,False
99-trace-0011739,2026-08-18T15:14:56.860766+00:00,site_latency,740.05,False
99-trace-0011743,2026-08-18T15:14:57.616252+00:00,site_latency,179.22,False
99-trace-0011744,2026-08-18T15:14:57.788893+00:00,site_latency,115.16,False
99-trace-0011751,2026-08-18T15:14:58.606089+00:00,site_latency,151.55,False
99-trace-0011752,2026-08-18T15:14:58.668653+00:00,site_latency,796.33,False
99-trace-0011758,2026-08-18T15:14:59.192779+00:00,site_latency,151.08,False
99-trace-0005507,2026-08-18T15:14:59.327282+00:00,checkout,170.29,False
99-trace-0011760,2026-08-18T15:14:59.379435+00:00,site_latency,763.35,False
99-trace-0011761,2026-08-18T15:14:59.455825+00:00,site_latency,380.5,True
99-trace-0011764,2026-08-18T15:14:59.665530+00:00,site_latency,580.67,True
99-trace-0020170,2026-08-18T15:15:00.101623+00:00,api_generic,153.8,False
99-trace-0011765,2026-08-18T15:15:00.380761+00:00,site_latency,527.5,False
99-trace-0011766,2026-08-18T15:15:00.436503+00:00,site_latency,78.6,False
99-trace-0011767,2026-08-18T15:15:00.566199+00:00,site_latency,157.04,False
99-trace-0005510,2026-08-18T15:15:00.725847+00:00,checkout,1029.36,False
99-trace-0011768,2026-08-18T15:15:00.751084+00:00,site_latency,144.05,False
99-trace-0001297,2026-08-18T15:15:01.532971+00:00,pix,358.63,False
99-trace-0020182,2026-08-18T15:15:02.531593+00:00,api_generic,82.1,False
99-trace-0005522,2026-08-18T15:15:03.563583+00:00,checkout,350.14,False
99-trace-0011781,2026-08-18T15:15:03.583737+00:00,site_latency,704.49,False
99-trace-0020186,2026-08-18T15:15:04.380635+00:00,api_generic,90.71,False
99-trace-0001300,2026-08-18T15:15:04.437599+00:00,pix,92.64,False
99-trace-0005530,2026-08-18T15:15:07.541523+00:00,checkout,728.82,False
99-trace-0011795,2026-08-18T15:15:08.062650+00:00,site_latency,228.2,False
99-trace-0020204,2026-08-18T15:15:08.512757+00:00,api_generic,175.02,False
99-trace-0020205,2026-08-18T15:15:08.743389+00:00,api_generic,272.96,False
99-trace-0020207,2026-08-18T15:15:09.414343+00:00,api_generic,368.92,True
99-trace-0011804,2026-08-18T15:15:09.798169+00:00,site_latency,100.43,False
99-trace-0005533,2026-08-18T15:15:10.167602+00:00,checkout,269.4,False
99-trace-0020211,2026-08-18T15:15:10.523570+00:00,api_generic,123.4,False
99-trace-0020212,2026-08-18T15:15:10.529428+00:00,api_generic,721.71,False
99-trace-0005537,2026-08-18T15:15:11.583552+00:00,checkout,274.96,False
99-trace-0005539,2026-08-18T15:15:11.860590+00:00,checkout,327.2,False
99-trace-0011818,2026-08-18T15:15:12.036466+00:00,site_latency,352.84,False
99-trace-0011820,2026-08-18T15:15:12.373326+00:00,site_latency,471.94,True
99-trace-0011822,2026-08-18T15:15:12.630065+00:00,site_latency,1008.65,False
99-trace-0020219,2026-08-18T15:15:12.698693+00:00,api_generic,696.92,True
99-trace-0001313,2026-08-18T15:15:12.710830+00:00,pix,89.45,False
99-trace-0011823,2026-08-18T15:15:12.971032+00:00,site_latency,350.95,False
99-trace-0020226,2026-08-18T15:15:14.232887+00:00,api_generic,113.4,False
99-trace-0005542,2026-08-18T15:15:14.657186+00:00,checkout,563.8,False
99-trace-0020232,2026-08-18T15:15:15.392570+00:00,api_generic,37.82,False
99-trace-0005546,2026-08-18T15:15:15.675610+00:00,checkout,103.23,False
99-trace-0011832,2026-08-18T15:15:15.755312+00:00,site_latency,711.33,False
99-trace-0005553,2026-08-18T15:15:17.650432+00:00,checkout,354.39,False
99-trace-0011841,2026-08-18T15:15:18.174496+00:00,site_latency,157.45,False
99-trace-0020242,2026-08-18T15:15:18.309088+00:00,api_generic,227.49,True
99-trace-0011843,2026-08-18T15:15:18.534182+00:00,site_latency,190.94,False
99-trace-0005558,2026-08-18T15:15:18.905735+00:00,checkout,377.89,False
99-trace-0005559,2026-08-18T15:15:19.381131+00:00,checkout,2533.43,False
99-trace-0005560,2026-08-18T15:15:19.440919+00:00,checkout,296.47,False
99-trace-0005561,2026-08-18T15:15:19.542962+00:00,checkout,166.21,False
99-trace-0011849,2026-08-18T15:15:20.388558+00:00,site_latency,132.68,False
99-trace-0011850,2026-08-18T15:15:20.411812+00:00,site_latency,262.7,False
99-trace-0011851,2026-08-18T15:15:20.521702+00:00,site_latency,187.57,False
99-trace-0020249,2026-08-18T15:15:20.794322+00:00,api_generic,54.41,False
99-trace-0001332,2026-08-18T15:15:20.830293+00:00,pix,190.4,False
99-trace-0020251,2026-08-18T15:15:21.210544+00:00,api_generic,23.11,False
99-trace-0011855,2026-08-18T15:15:21.260631+00:00,site_latency,338.28,False
99-trace-0011856,2026-08-18T15:15:21.576988+00:00,site_latency,117.46,False
99-trace-0005569,2026-08-18T15:15:21.611241+00:00,checkout,139.06,False
99-trace-0005571,2026-08-18T15:15:21.707667+00:00,checkout,111.82,False
99-trace-0020253,2026-08-18T15:15:21.770231+00:00,api_generic,269.12,False
99-trace-0020255,2026-08-18T15:15:21.832500+00:00,api_generic,86.59,False
99-trace-0020259,2026-08-18T15:15:22.122194+00:00,api_generic,166.74,True
99-trace-0001335,2026-08-18T15:15:22.199385+00:00,pix,290.63,False
99-trace-0020261,2026-08-18T15:15:22.236829+00:00,api_generic,107.78,False
99-trace-0020262,2026-08-18T15:15:22.914944+00:00,api_generic,216.92,False
99-trace-0005575,2026-08-18T15:15:23.145898+00:00,checkout,570.71,True
99-trace-0011861,2026-08-18T15:15:23.287326+00:00,site_latency,40.47,False
99-trace-0020263,2026-08-18T15:15:23.369988+00:00,api_generic,220.88,False
99-trace-0011862,2026-08-18T15:15:23.602353+00:00,site_latency,192.11,False
99-trace-0020266,2026-08-18T15:15:23.654918+00:00,api_generic,1022.74,False
99-trace-0005579,2026-08-18T15:15:24.325871+00:00,checkout,432.2,False
99-trace-0020271,2026-08-18T15:15:25.638555+00:00,api_generic,107.48,False
99-trace-0020273,2026-08-18T15:15:25.844482+00:00,api_generic,362.21,False
99-trace-0005589,2026-08-18T15:15:25.938467+00:00,checkout,414.73,False
99-trace-0020274,2026-08-18T15:15:26.052718+00:00,api_generic,80.13,False
99-trace-0011878,2026-08-18T15:15:26.496290+00:00,site_latency,718.53,False
99-trace-0020278,2026-08-18T15:15:26.773161+00:00,api_generic,107.71,False
99-trace-0020279,2026-08-18T15:15:27.308091+00:00,api_generic,205.42,True
99-trace-0020280,2026-08-18T15:15:27.384030+00:00,api_generic,524.28,False
99-trace-0020282,2026-08-18T15:15:27.491769+00:00,api_generic,62.41,False
99-trace-0001342,2026-08-18T15:15:27.702551+00:00,pix,175.52,False
99-trace-0020284,2026-08-18T15:15:27.905690+00:00,api_generic,69.44,False
99-trace-0001343,2026-08-18T15:15:28.162790+00:00,pix,76.59,False
99-trace-0020285,2026-08-18T15:15:28.377985+00:00,api_generic,87.92,False
99-trace-0020286,2026-08-18T15:15:28.387429+00:00,api_generic,262.91,False
99-trace-0011884,2026-08-18T15:15:28.617047+00:00,site_latency,238.18,False
99-trace-0001344,2026-08-18T15:15:28.919361+00:00,pix,274.91,False
99-trace-0020289,2026-08-18T15:15:29.509225+00:00,api_generic,166.36,False
99-trace-0005596,2026-08-18T15:15:30.127769+00:00,checkout,108.11,False
99-trace-0020297,2026-08-18T15:15:31.214161+00:00,api_generic,302.38,False
99-trace-0020298,2026-08-18T15:15:31.354164+00:00,api_generic,46.25,False
99-trace-0001348,2026-08-18T15:15:32.192536+00:00,pix,129.64,False
99-trace-0005608,2026-08-18T15:15:33.489053+00:00,checkout,738.35,False
99-trace-0001352,2026-08-18T15:15:33.645701+00:00,pix,117.64,False
99-trace-0020305,2026-08-18T15:15:33.793808+00:00,api_generic,119.74,False
99-trace-0005613,2026-08-18T15:15:35.046750+00:00,checkout,273.42,False
99-trace-0005615,2026-08-18T15:15:36.023682+00:00,checkout,298.92,False
99-trace-0011916,2026-08-18T15:15:36.077626+00:00,site_latency,111.87,False
99-trace-0011917,2026-08-18T15:15:36.080863+00:00,site_latency,265.52,False
99-trace-0001355,2026-08-18T15:15:36.207628+00:00,pix,99.78,False
99-trace-0005617,2026-08-18T15:15:36.251909+00:00,checkout,146.93,False
99-trace-0011918,2026-08-18T15:15:36.448195+00:00,site_latency,540.5,False
99-trace-0020318,2026-08-18T15:15:36.966276+00:00,api_generic,49.21,False
99-trace-0011920,2026-08-18T15:15:36.996178+00:00,site_latency,157.21,True
99-trace-0011921,2026-08-18T15:15:37.165575+00:00,site_latency,157.5,False
99-trace-0011922,2026-08-18T15:15:37.289898+00:00,site_latency,330.54,False
99-trace-0005619,2026-08-18T15:15:37.440543+00:00,checkout,180.94,False
99-trace-0011924,2026-08-18T15:15:37.798028+00:00,site_latency,123.25,False
99-trace-0011928,2026-08-18T15:15:38.465606+00:00,site_latency,130.58,False
99-trace-0020325,2026-08-18T15:15:38.500313+00:00,api_generic,80.71,False
99-trace-0005624,2026-08-18T15:15:39.924329+00:00,checkout,879.42,False
99-trace-0001360,2026-08-18T15:15:40.024200+00:00,pix,241.37,False
99-trace-0005626,2026-08-18T15:15:40.130057+00:00,checkout,339.6,False
99-trace-0001361,2026-08-18T15:15:40.154152+00:00,pix,75.19,False
99-trace-0020333,2026-08-18T15:15:40.868832+00:00,api_generic,46.13,False
99-trace-0005630,2026-08-18T15:15:41.215481+00:00,checkout,282.68,False
99-trace-0020336,2026-08-18T15:15:41.284831+00:00,api_generic,615.37,False
99-trace-0005632,2026-08-18T15:15:41.644372+00:00,checkout,746.87,False
99-trace-0020340,2026-08-18T15:15:41.650691+00:00,api_generic,1340.51,False
99-trace-0005634,2026-08-18T15:15:42.717435+00:00,checkout,1748.33,False
99-trace-0001367,2026-08-18T15:15:43.529393+00:00,pix,96.49,False
99-trace-0011951,2026-08-18T15:15:44.595124+00:00,site_latency,75.03,False
99-trace-0011954,2026-08-18T15:15:45.035053+00:00,site_latency,401.38,False
99-trace-0005641,2026-08-18T15:15:45.377386+00:00,checkout,299.84,False
99-trace-0011957,2026-08-18T15:15:45.476280+00:00,site_latency,88.85,False
99-trace-0020355,2026-08-18T15:15:45.564233+00:00,api_generic,179.52,True
99-trace-0011958,2026-08-18T15:15:45.641374+00:00,site_latency,335.71,False
99-trace-0011963,2026-08-18T15:15:46.480762+00:00,site_latency,299.61,False
99-trace-0011968,2026-08-18T15:15:48.201642+00:00,site_latency,201.49,False
99-trace-0020367,2026-08-18T15:15:48.455176+00:00,api_generic,59.13,False
99-trace-0001378,2026-08-18T15:15:49.111278+00:00,pix,97.29,False
99-trace-0005655,2026-08-18T15:15:49.204018+00:00,checkout,184.93,False
99-trace-0005656,2026-08-18T15:15:49.349861+00:00,checkout,325.47,False
99-trace-0005658,2026-08-18T15:15:49.692986+00:00,checkout,338.93,False
99-trace-0020377,2026-08-18T15:15:50.471942+00:00,api_generic,75.63,False
99-trace-0005661,2026-08-18T15:15:50.732876+00:00,checkout,819.03,False
99-trace-0020380,2026-08-18T15:15:50.867831+00:00,api_generic,63.68,False
99-trace-0011982,2026-08-18T15:15:52.147696+00:00,site_latency,429.0,False
99-trace-0005663,2026-08-18T15:15:52.417345+00:00,checkout,915.88,True
99-trace-0005664,2026-08-18T15:15:53.110391+00:00,checkout,288.19,False
99-trace-0005665,2026-08-18T15:15:53.113471+00:00,checkout,998.12,False
99-trace-0020392,2026-08-18T15:15:53.505334+00:00,api_generic,386.15,False
99-trace-0005667,2026-08-18T15:15:53.538818+00:00,checkout,831.01,False
99-trace-0005669,2026-08-18T15:15:53.591242+00:00,checkout,214.83,False
99-trace-0001390,2026-08-18T15:15:53.728484+00:00,pix,112.09,False
99-trace-0001391,2026-08-18T15:15:53.761609+00:00,pix,85.09,False
99-trace-0020394,2026-08-18T15:15:53.869833+00:00,api_generic,56.21,False
99-trace-0011997,2026-08-18T15:15:54.976902+00:00,site_latency,147.18,False
99-trace-0005676,2026-08-18T15:15:55.420710+00:00,checkout,391.04,False
99-trace-0005678,2026-08-18T15:15:57.006294+00:00,checkout,239.4,True
99-trace-0020404,2026-08-18T15:15:57.178530+00:00,api_generic,129.56,False
99-trace-0020410,2026-08-18T15:15:58.444911+00:00,api_generic,73.74,False
99-trace-0020411,2026-08-18T15:15:58.463370+00:00,api_generic,72.04,False
99-trace-0012012,2026-08-18T15:15:58.956134+00:00,site_latency,129.4,False
99-trace-0012013,2026-08-18T15:15:59.153251+00:00,site_latency,127.05,True
99-trace-0012014,2026-08-18T15:15:59.211326+00:00,site_latency,433.99,False
99-trace-0020413,2026-08-18T15:15:59.237105+00:00,api_generic,391.06,False
99-trace-0012017,2026-08-18T15:15:59.579060+00:00,site_latency,556.91,False
99-trace-0012018,2026-08-18T15:15:59.615581+00:00,site_latency,181.11,False
99-trace-0012021,2026-08-18T15:16:00.005182+00:00,site_latency,196.39,False
99-trace-0005685,2026-08-18T15:16:00.128241+00:00,checkout,117.81,False
99-trace-0005687,2026-08-18T15:16:00.254298+00:00,checkout,300.69,False
99-trace-0020416,2026-08-18T15:16:00.382151+00:00,api_generic,70.75,False
99-trace-0001402,2026-08-18T15:16:00.634141+00:00,pix,76.57,False
99-trace-0012024,2026-08-18T15:16:01.429038+00:00,site_latency,1125.69,False
99-trace-0020422,2026-08-18T15:16:01.839113+00:00,api_generic,94.48,False
99-trace-0001407,2026-08-18T15:16:02.282779+00:00,pix,140.44,False
99-trace-0001411,2026-08-18T15:16:02.632689+00:00,pix,166.24,False
99-trace-0005692,2026-08-18T15:16:02.655503+00:00,checkout,498.1,False
99-trace-0005693,2026-08-18T15:16:02.960003+00:00,checkout,782.99,False
99-trace-0012036,2026-08-18T15:16:03.375937+00:00,site_latency,163.23,True
99-trace-0005695,2026-08-18T15:16:03.594119+00:00,checkout,387.71,False
99-trace-0012039,2026-08-18T15:16:03.828999+00:00,site_latency,321.62,False
99-trace-0001413,2026-08-18T15:16:04.052982+00:00,pix,134.41,False
99-trace-0020440,2026-08-18T15:16:06.029996+00:00,api_generic,1599.11,False
99-trace-0020441,2026-08-18T15:16:06.039545+00:00,api_generic,423.82,False
99-trace-0005701,2026-08-18T15:16:06.234760+00:00,checkout,939.99,False
99-trace-0020444,2026-08-18T15:16:07.068302+00:00,api_generic,101.5,False
99-trace-0012051,2026-08-18T15:16:07.204543+00:00,site_latency,191.84,False
99-trace-0012055,2026-08-18T15:16:07.881832+00:00,site_latency,560.28,False
99-trace-0005708,2026-08-18T15:16:08.801927+00:00,checkout,635.48,False
99-trace-0005709,2026-08-18T15:16:08.886705+00:00,checkout,245.12,False
99-trace-0012059,2026-08-18T15:16:08.932784+00:00,site_latency,128.79,False
99-trace-0005710,2026-08-18T15:16:09.194006+00:00,checkout,808.46,False
99-trace-0005712,2026-08-18T15:16:09.696195+00:00,checkout,297.89,False
99-trace-0012065,2026-08-18T15:16:10.309557+00:00,site_latency,255.71,False
99-trace-0020456,2026-08-18T15:16:10.527892+00:00,api_generic,57.22,False
99-trace-0012067,2026-08-18T15:16:10.560101+00:00,site_latency,716.33,False
99-trace-0020457,2026-08-18T15:16:10.635841+00:00,api_generic,160.02,True
99-trace-0005716,2026-08-18T15:16:10.948049+00:00,checkout,381.24,False
99-trace-0020460,2026-08-18T15:16:11.522602+00:00,api_generic,116.1,False
99-trace-0012080,2026-08-18T15:16:11.993485+00:00,site_latency,573.16,False
99-trace-0001431,2026-08-18T15:16:12.719557+00:00,pix,244.82,False
99-trace-0020466,2026-08-18T15:16:13.160549+00:00,api_generic,933.5,False
99-trace-0005723,2026-08-18T15:16:13.360960+00:00,checkout,381.81,False
99-trace-0001432,2026-08-18T15:16:13.799877+00:00,pix,124.59,False
99-trace-0012098,2026-08-18T15:16:14.411716+00:00,site_latency,528.07,False
99-trace-0012099,2026-08-18T15:16:14.609499+00:00,site_latency,477.38,False
99-trace-0001434,2026-08-18T15:16:15.409320+00:00,pix,131.38,False
99-trace-0001436,2026-08-18T15:16:16.098286+00:00,pix,102.02,False
99-trace-0005736,2026-08-18T15:16:16.886026+00:00,checkout,954.69,False
99-trace-0005739,2026-08-18T15:16:17.266105+00:00,checkout,514.37,False
99-trace-0005741,2026-08-18T15:16:17.708285+00:00,checkout,165.96,False
99-trace-0012116,2026-08-18T15:16:18.855891+00:00,site_latency,50.75,False
99-trace-0001445,2026-08-18T15:16:20.118024+00:00,pix,350.22,False
99-trace-0020490,2026-08-18T15:16:20.203410+00:00,api_generic,116.54,False
99-trace-0005748,2026-08-18T15:16:20.463124+00:00,checkout,184.29,False
99-trace-0020493,2026-08-18T15:16:20.832980+00:00,api_generic,54.03,False
99-trace-0012129,2026-08-18T15:16:20.909705+00:00,site_latency,1271.05,False
99-trace-0005751,2026-08-18T15:16:20.937592+00:00,checkout,477.65,False
99-trace-0001446,2026-08-18T15:16:21.075301+00:00,pix,250.84,False
99-trace-0005758,2026-08-18T15:16:23.533824+00:00,checkout,584.77,False
99-trace-0012139,2026-08-18T15:16:23.640476+00:00,site_latency,387.62,False
99-trace-0020501,2026-08-18T15:16:23.947084+00:00,api_generic,238.63,False
99-trace-0012140,2026-08-18T15:16:24.205186+00:00,site_latency,523.13,True
99-trace-0012141,2026-08-18T15:16:24.409608+00:00,site_latency,382.71,False
99-trace-0012143,2026-08-18T15:16:24.550434+00:00,site_latency,879.61,False
99-trace-0020504,2026-08-18T15:16:24.617752+00:00,api_generic,526.19,False
99-trace-0001453,2026-08-18T15:16:24.815938+00:00,pix,529.52,False
99-trace-0001454,2026-08-18T15:16:24.894943+00:00,pix,106.44,False
99-trace-0005763,2026-08-18T15:16:25.080611+00:00,checkout,1359.28,False
99-trace-0005764,2026-08-18T15:16:25.386537+00:00,checkout,185.92,False
99-trace-0020508,2026-08-18T15:16:25.399113+00:00,api_generic,106.08,False
99-trace-0020510,2026-08-18T15:16:25.961402+00:00,api_generic,1055.66,False
99-trace-0012152,2026-08-18T15:16:25.977614+00:00,site_latency,750.95,False
99-trace-0005768,2026-08-18T15:16:26.134373+00:00,checkout,544.92,False
99-trace-0005769,2026-08-18T15:16:26.839527+00:00,checkout,628.52,True
99-trace-0020519,2026-08-18T15:16:27.927123+00:00,api_generic,170.88,False
99-trace-0005771,2026-08-18T15:16:28.142788+00:00,checkout,293.27,False
99-trace-0012163,2026-08-18T15:16:28.930401+00:00,site_latency,208.47,False
99-trace-0020521,2026-08-18T15:16:29.264364+00:00,api_generic,25.33,False
99-trace-0005780,2026-08-18T15:16:29.755969+00:00,checkout,347.3,False
99-trace-0005783,2026-08-18T15:16:30.625945+00:00,checkout,1528.26,False
99-trace-0005786,2026-08-18T15:16:31.033312+00:00,checkout,3229.47,False
99-trace-0020526,2026-08-18T15:16:31.060189+00:00,api_generic,118.5,False
99-trace-0005789,2026-08-18T15:16:31.685766+00:00,checkout,211.24,False
99-trace-0012170,2026-08-18T15:16:31.731083+00:00,site_latency,514.7,False
99-trace-0012171,2026-08-18T15:16:31.914006+00:00,site_latency,198.58,False
99-trace-0012174,2026-08-18T15:16:32.153835+00:00,site_latency,652.03,False
99-trace-0005791,2026-08-18T15:16:32.519421+00:00,checkout,658.07,False
99-trace-0012175,2026-08-18T15:16:32.999868+00:00,site_latency,49.47,False
99-trace-0012176,2026-08-18T15:16:33.129116+00:00,site_latency,105.7,False
99-trace-0012177,2026-08-18T15:16:33.192530+00:00,site_latency,124.12,False
99-trace-0020538,2026-08-18T15:16:33.303073+00:00,api_generic,106.99,False
99-trace-0005794,2026-08-18T15:16:33.350069+00:00,checkout,233.01,False
99-trace-0012179,2026-08-18T15:16:33.430074+00:00,site_latency,648.73,False
99-trace-0005796,2026-08-18T15:16:33.820760+00:00,checkout,344.95,False
99-trace-0005797,2026-08-18T15:16:33.845434+00:00,checkout,1736.23,False
99-trace-0012183,2026-08-18T15:16:34.350104+00:00,site_latency,118.54,False
99-trace-0012184,2026-08-18T15:16:34.540855+00:00,site_latency,1822.39,False
99-trace-0012188,2026-08-18T15:16:35.653351+00:00,site_latency,206.73,False
99-trace-0020546,2026-08-18T15:16:35.730170+00:00,api_generic,372.11,False
99-trace-0005803,2026-08-18T15:16:36.033812+00:00,checkout,263.14,False
99-trace-0012191,2026-08-18T15:16:36.195007+00:00,site_latency,389.01,False
99-trace-0005807,2026-08-18T15:16:36.511940+00:00,checkout,194.34,False
99-trace-0012194,2026-08-18T15:16:37.682176+00:00,site_latency,286.19,False
99-trace-0012200,2026-08-18T15:16:37.926783+00:00,site_latency,79.26,False
99-trace-0001479,2026-08-18T15:16:38.312328+00:00,pix,147.8,False
99-trace-0005812,2026-08-18T15:16:38.313310+00:00,checkout,345.93,False
99-trace-0012201,2026-08-18T15:16:38.384572+00:00,site_latency,277.26,False
99-trace-0012202,2026-08-18T15:16:38.724044+00:00,site_latency,145.97,False
99-trace-0012204,2026-08-18T15:16:38.965697+00:00,site_latency,374.33,False
99-trace-0012207,2026-08-18T15:16:39.173671+00:00,site_latency,1179.0,False
99-trace-0005816,2026-08-18T15:16:39.522228+00:00,checkout,174.17,False
99-trace-0020560,2026-08-18T15:16:39.950062+00:00,api_generic,79.7,False
99-trace-0005820,2026-08-18T15:16:40.084820+00:00,checkout,456.61,False
99-trace-0020563,2026-08-18T15:16:40.246330+00:00,api_generic,422.96,True
99-trace-0005824,2026-08-18T15:16:40.730774+00:00,checkout,947.79,False
99-trace-0020565,2026-08-18T15:16:41.000892+00:00,api_generic,143.2,False
99-trace-0005825,2026-08-18T15:16:41.057903+00:00,checkout,982.26,False
99-trace-0020566,2026-08-18T15:16:41.546477+00:00,api_generic,161.34,False
99-trace-0001487,2026-08-18T15:16:41.868145+00:00,pix,264.97,False
99-trace-0020568,2026-08-18T15:16:41.876640+00:00,api_generic,1165.25,False
99-trace-0020571,2026-08-18T15:16:42.023748+00:00,api_generic,440.17,False
99-trace-0012217,2026-08-18T15:16:42.093424+00:00,site_latency,220.65,False
99-trace-0020573,2026-08-18T15:16:42.536629+00:00,api_generic,113.8,False
99-trace-0005831,2026-08-18T15:16:42.777403+00:00,checkout,863.51,True
99-trace-0012220,2026-08-18T15:16:42.874293+00:00,site_latency,269.76,False
99-trace-0005833,2026-08-18T15:16:43.081570+00:00,checkout,515.32,False
99-trace-0012223,2026-08-18T15:16:43.701356+00:00,site_latency,565.8,False
99-trace-0001490,2026-08-18T15:16:43.768368+00:00,pix,160.38,False
99-trace-0012225,2026-08-18T15:16:43.989434+00:00,site_latency,472.19,False
99-trace-0020586,2026-08-18T15:16:44.398652+00:00,api_generic,44.41,False
99-trace-0001493,2026-08-18T15:16:44.715793+00:00,pix,131.48,False
99-trace-0012231,2026-08-18T15:16:44.918317+00:00,site_latency,171.36,False
99-trace-0020588,2026-08-18T15:16:44.962618+00:00,api_generic,164.44,False
99-trace-0001494,2026-08-18T15:16:45.526462+00:00,pix,261.99,False
99-trace-0020593,2026-08-18T15:16:45.839636+00:00,api_generic,68.04,False
99-trace-0012236,2026-08-18T15:16:46.493101+00:00,site_latency,404.18,False
99-trace-0005842,2026-08-18T15:16:46.931090+00:00,checkout,141.03,False
99-trace-0005843,2026-08-18T15:16:47.073669+00:00,checkout,252.4,False
99-trace-0012238,2026-08-18T15:16:47.247700+00:00,site_latency,620.91,False
99-trace-0020604,2026-08-18T15:16:47.376486+00:00,api_generic,126.91,False
99-trace-0020606,2026-08-18T15:16:47.496759+00:00,api_generic,152.93,True
99-trace-0020608,2026-08-18T15:16:47.743662+00:00,api_generic,239.47,False
99-trace-0020609,2026-08-18T15:16:47.851668+00:00,api_generic,58.48,False
99-trace-0020610,2026-08-18T15:16:47.866585+00:00,api_generic,259.57,False
99-trace-0001497,2026-08-18T15:16:48.182636+00:00,pix,112.75,False
99-trace-0020612,2026-08-18T15:16:48.265622+00:00,api_generic,141.85,False
99-trace-0012245,2026-08-18T15:16:48.579360+00:00,site_latency,932.89,False
99-trace-0012246,2026-08-18T15:16:48.629210+00:00,site_latency,177.01,False
99-trace-0005848,2026-08-18T15:16:48.812676+00:00,checkout,966.21,False
99-trace-0005850,2026-08-18T15:16:49.466526+00:00,checkout,340.26,False
99-trace-0005851,2026-08-18T15:16:49.786723+00:00,checkout,337.14,False
99-trace-0012253,2026-08-18T15:16:50.056646+00:00,site_latency,223.43,False
99-trace-0005852,2026-08-18T15:16:50.069291+00:00,checkout,205.22,False
99-trace-0020618,2026-08-18T15:16:50.431974+00:00,api_generic,388.5,False
99-trace-0005854,2026-08-18T15:16:50.660008+00:00,checkout,215.44,False
99-trace-0001503,2026-08-18T15:16:51.113558+00:00,pix,149.25,False
99-trace-0001504,2026-08-18T15:16:51.151475+00:00,pix,99.96,False
99-trace-0012258,2026-08-18T15:16:51.722556+00:00,site_latency,107.71,False
99-trace-0012260,2026-08-18T15:16:51.965847+00:00,site_latency,239.47,False
99-trace-0020633,2026-08-18T15:16:53.548059+00:00,api_generic,240.55,False
99-trace-0012269,2026-08-18T15:16:53.620980+00:00,site_latency,125.74,False
99-trace-0012271,2026-08-18T15:16:53.842251+00:00,site_latency,393.35,False
99-trace-0012272,2026-08-18T15:16:53.972147+00:00,site_latency,468.48,False
99-trace-0020640,2026-08-18T15:16:54.495367+00:00,api_generic,103.69,False
99-trace-0012275,2026-08-18T15:16:54.655255+00:00,site_latency,197.56,True
99-trace-0005866,2026-08-18T15:16:54.875538+00:00,checkout,202.22,False
99-trace-0005868,2026-08-18T15:16:55.220681+00:00,checkout,497.08,False
99-trace-0005869,2026-08-18T15:16:55.289900+00:00,checkout,136.08,False
99-trace-0005873,2026-08-18T15:16:55.670454+00:00,checkout,843.36,False
99-trace-0005874,2026-08-18T15:16:55.924598+00:00,checkout,873.68,False
99-trace-0012283,2026-08-18T15:16:56.428236+00:00,site_latency,242.93,False
99-trace-0020653,2026-08-18T15:16:56.455362+00:00,api_generic,79.24,False
99-trace-0012287,2026-08-18T15:16:57.083623+00:00,site_latency,267.44,False
99-trace-0012290,2026-08-18T15:16:57.316675+00:00,site_latency,284.56,False
99-trace-0012292,2026-08-18T15:16:57.933881+00:00,site_latency,166.86,False
99-trace-0012294,2026-08-18T15:16:58.132772+00:00,site_latency,316.7,False
99-trace-0020662,2026-08-18T15:16:58.517482+00:00,api_generic,497.21,False
99-trace-0020665,2026-08-18T15:16:59.164832+00:00,api_generic,267.8,False
99-trace-0005883,2026-08-18T15:17:00.617150+00:00,checkout,304.05,False
99-trace-0005885,2026-08-18T15:17:01.557698+00:00,checkout,353.15,False
99-trace-0020675,2026-08-18T15:17:01.609926+00:00,api_generic,154.48,False
99-trace-0001520,2026-08-18T15:17:01.813981+00:00,pix,110.99,False
99-trace-0020676,2026-08-18T15:17:01.816207+00:00,api_generic,125.38,False
99-trace-0020678,2026-08-18T15:17:02.247065+00:00,api_generic,113.6,False
99-trace-0012311,2026-08-18T15:17:03.138726+00:00,site_latency,609.26,True
99-trace-0005887,2026-08-18T15:17:03.144865+00:00,checkout,197.58,False
99-trace-0012318,2026-08-18T15:17:03.945661+00:00,site_latency,536.84,False
99-trace-0005889,2026-08-18T15:17:04.155437+00:00,checkout,421.36,False
99-trace-0005891,2026-08-18T15:17:04.629860+00:00,checkout,333.49,False
99-trace-0012324,2026-08-18T15:17:04.855187+00:00,site_latency,1224.26,False
99-trace-0001527,2026-08-18T15:17:04.934291+00:00,pix,57.13,False
99-trace-0001528,2026-08-18T15:17:05.019109+00:00,pix,81.17,False
99-trace-0012326,2026-08-18T15:17:05.202724+00:00,site_latency,154.63,False
99-trace-0001529,2026-08-18T15:17:05.495447+00:00,pix,575.21,False
99-trace-0001530,2026-08-18T15:17:05.522319+00:00,pix,1142.55,False
99-trace-0001531,2026-08-18T15:17:05.931718+00:00,pix,145.12,False
99-trace-0020697,2026-08-18T15:17:06.987141+00:00,api_generic,137.22,False
99-trace-0020699,2026-08-18T15:17:07.389824+00:00,api_generic,76.14,False
99-trace-0020700,2026-08-18T15:17:07.430214+00:00,api_generic,130.06,False
99-trace-0001534,2026-08-18T15:17:07.963339+00:00,pix,138.54,False
99-trace-0012340,2026-08-18T15:17:08.053415+00:00,site_latency,255.24,False
99-trace-0005903,2026-08-18T15:17:08.224423+00:00,checkout,1052.1,False
99-trace-0012347,2026-08-18T15:17:09.032145+00:00,site_latency,300.66,False
99-trace-0012350,2026-08-18T15:17:09.544354+00:00,site_latency,357.07,False
99-trace-0012353,2026-08-18T15:17:09.750109+00:00,site_latency,174.03,False
99-trace-0020710,2026-08-18T15:17:10.083413+00:00,api_generic,405.43,False
99-trace-0012358,2026-08-18T15:17:10.910277+00:00,site_latency,96.2,False
99-trace-0020717,2026-08-18T15:17:11.419544+00:00,api_generic,364.01,False
99-trace-0020719,2026-08-18T15:17:11.795023+00:00,api_generic,255.37,False
99-trace-0005914,2026-08-18T15:17:12.216171+00:00,checkout,203.48,False
99-trace-0005915,2026-08-18T15:17:12.226806+00:00,checkout,210.37,False
99-trace-0012364,2026-08-18T15:17:12.247054+00:00,site_latency,82.0,False
99-trace-0012374,2026-08-18T15:17:13.365328+00:00,site_latency,770.68,False
99-trace-0012376,2026-08-18T15:17:13.694408+00:00,site_latency,364.19,True
99-trace-0020727,2026-08-18T15:17:14.345097+00:00,api_generic,148.97,False
99-trace-0020730,2026-08-18T15:17:14.983893+00:00,api_generic,100.64,False
99-trace-0020734,2026-08-18T15:17:15.678015+00:00,api_generic,411.25,False
99-trace-0001546,2026-08-18T15:17:15.889190+00:00,pix,133.47,False
99-trace-0012386,2026-08-18T15:17:16.069117+00:00,site_latency,168.74,False
99-trace-0012389,2026-08-18T15:17:16.658714+00:00,site_latency,562.26,False
99-trace-0005925,2026-08-18T15:17:16.720448+00:00,checkout,286.15,False
99-trace-0012390,2026-08-18T15:17:16.860513+00:00,site_latency,270.5,False
99-trace-0005929,2026-08-18T15:17:17.258307+00:00,checkout,246.22,False
99-trace-0005930,2026-08-18T15:17:17.554359+00:00,checkout,165.9,False
99-trace-0001553,2026-08-18T15:17:18.120314+00:00,pix,457.09,False
99-trace-0012394,2026-08-18T15:17:18.254500+00:00,site_latency,141.91,False
99-trace-0020742,2026-08-18T15:17:18.486852+00:00,api_generic,182.98,True
99-trace-0005933,2026-08-18T15:17:18.648836+00:00,checkout,207.94,False
99-trace-0001554,2026-08-18T15:17:18.847094+00:00,pix,122.25,False
99-trace-0020748,2026-08-18T15:17:19.689274+00:00,api_generic,92.2,False
99-trace-0001557,2026-08-18T15:17:19.968050+00:00,pix,34.4,False
99-trace-0001559,2026-08-18T15:17:20.126015+00:00,pix,278.51,False
99-trace-0001562,2026-08-18T15:17:20.844812+00:00,pix,146.99,False
99-trace-0012407,2026-08-18T15:17:21.379897+00:00,site_latency,77.21,False
99-trace-0012409,2026-08-18T15:17:21.731197+00:00,site_latency,492.97,False
99-trace-0020761,2026-08-18T15:17:22.310864+00:00,api_generic,180.9,False
99-trace-0005949,2026-08-18T15:17:23.078710+00:00,checkout,1534.73,False
99-trace-0001565,2026-08-18T15:17:23.591084+00:00,pix,89.25,False
99-trace-0020770,2026-08-18T15:17:24.737764+00:00,api_generic,95.02,False
99-trace-0012420,2026-08-18T15:17:25.029589+00:00,site_latency,229.0,False
99-trace-0020773,2026-08-18T15:17:25.204997+00:00,api_generic,90.94,False
99-trace-0012426,2026-08-18T15:17:25.800159+00:00,site_latency,271.46,False
99-trace-0012432,2026-08-18T15:17:27.395205+00:00,site_latency,228.63,False
99-trace-0020787,2026-08-18T15:17:27.967977+00:00,api_generic,283.43,False
99-trace-0012435,2026-08-18T15:17:28.682946+00:00,site_latency,518.42,False
99-trace-0012437,2026-08-18T15:17:28.725087+00:00,site_latency,769.85,False
99-trace-0001576,2026-08-18T15:17:28.829493+00:00,pix,168.37,False
99-trace-0020790,2026-08-18T15:17:28.838239+00:00,api_generic,46.13,False
99-trace-0020791,2026-08-18T15:17:28.870558+00:00,api_generic,115.22,False
99-trace-0012443,2026-08-18T15:17:29.552387+00:00,site_latency,439.45,False
99-trace-0005975,2026-08-18T15:17:30.878593+00:00,checkout,238.89,False
99-trace-0012449,2026-08-18T15:17:30.939561+00:00,site_latency,2634.77,False
99-trace-0020803,2026-08-18T15:17:31.649995+00:00,api_generic,74.13,False
99-trace-0012453,2026-08-18T15:17:31.968308+00:00,site_latency,267.73,False
99-trace-0020805,2026-08-18T15:17:32.090357+00:00,api_generic,65.19,False
99-trace-0001583,2026-08-18T15:17:32.810828+00:00,pix,97.86,False
99-trace-0020810,2026-08-18T15:17:32.912287+00:00,api_generic,263.58,True
99-trace-0001585,2026-08-18T15:17:33.106680+00:00,pix,134.22,False
99-trace-0001586,2026-08-18T15:17:33.108276+00:00,pix,243.2,False
99-trace-0020811,2026-08-18T15:17:33.369317+00:00,api_generic,49.85,False
99-trace-0020822,2026-08-18T15:17:35.589165+00:00,api_generic,166.57,True
99-trace-0020823,2026-08-18T15:17:36.024174+00:00,api_generic,68.59,False
99-trace-0012477,2026-08-18T15:17:36.626669+00:00,site_latency,170.01,False
99-trace-0020832,2026-08-18T15:17:37.018957+00:00,api_generic,137.5,False
99-trace-0020834,2026-08-18T15:17:37.423894+00:00,api_generic,87.55,False
99-trace-0005986,2026-08-18T15:17:37.441035+00:00,checkout,223.03,False
99-trace-0020835,2026-08-18T15:17:37.487650+00:00,api_generic,77.68,False
99-trace-0001597,2026-08-18T15:17:38.654567+00:00,pix,819.28,False
99-trace-0012485,2026-08-18T15:17:39.160815+00:00,site_latency,250.23,False
99-trace-0012488,2026-08-18T15:17:39.473355+00:00,site_latency,311.18,False
99-trace-0020844,2026-08-18T15:17:40.258503+00:00,api_generic,133.96,False
99-trace-0005993,2026-08-18T15:17:40.615980+00:00,checkout,417.34,False
99-trace-0020848,2026-08-18T15:17:40.763264+00:00,api_generic,158.37,False
99-trace-0020849,2026-08-18T15:17:41.015186+00:00,api_generic,39.34,False
99-trace-0005996,2026-08-18T15:17:41.932814+00:00,checkout,2361.07,False
99-trace-0001603,2026-08-18T15:17:41.969853+00:00,pix,163.09,False
99-trace-0001604,2026-08-18T15:17:42.402021+00:00,pix,420.06,False
99-trace-0012501,2026-08-18T15:17:42.749060+00:00,site_latency,366.26,False
99-trace-0001605,2026-08-18T15:17:42.887793+00:00,pix,156.65,False
99-trace-0001606,2026-08-18T15:17:42.959711+00:00,pix,254.98,False
99-trace-0006000,2026-08-18T15:17:43.019541+00:00,checkout,335.17,False
99-trace-0001607,2026-08-18T15:17:43.202408+00:00,pix,127.47,False
99-trace-0006002,2026-08-18T15:17:43.546447+00:00,checkout,558.19,False
99-trace-0001609,2026-08-18T15:17:43.892583+00:00,pix,86.75,False
99-trace-0006003,2026-08-18T15:17:44.141980+00:00,checkout,130.48,False
99-trace-0001610,2026-08-18T15:17:44.165664+00:00,pix,128.9,False
99-trace-0006007,2026-08-18T15:17:44.304591+00:00,checkout,357.57,False
99-trace-0020871,2026-08-18T15:17:44.871745+00:00,api_generic,75.24,False
99-trace-0001613,2026-08-18T15:17:45.143026+00:00,pix,116.54,False
99-trace-0001620,2026-08-18T15:17:46.693572+00:00,pix,123.62,False
99-trace-0020883,2026-08-18T15:17:47.502835+00:00,api_generic,98.25,False
99-trace-0006019,2026-08-18T15:17:47.874174+00:00,checkout,220.12,False
99-trace-0020885,2026-08-18T15:17:47.940168+00:00,api_generic,71.75,False
99-trace-0020886,2026-08-18T15:17:48.067876+00:00,api_generic,96.6,False
99-trace-0012524,2026-08-18T15:17:48.264118+00:00,site_latency,1605.84,False
99-trace-0001627,2026-08-18T15:17:48.908524+00:00,pix,96.2,False
99-trace-0020894,2026-08-18T15:17:48.975246+00:00,api_generic,191.99,False
99-trace-0006021,2026-08-18T15:17:49.309071+00:00,checkout,352.74,False
99-trace-0012533,2026-08-18T15:17:49.509094+00:00,site_latency,182.75,False
99-trace-0020901,2026-08-18T15:17:50.126263+00:00,api_generic,29.86,False
99-trace-0012541,2026-08-18T15:17:50.525825+00:00,site_latency,444.3,False
99-trace-0001634,2026-08-18T15:17:52.851509+00:00,pix,120.96,False
99-trace-0001635,2026-08-18T15:17:53.133322+00:00,pix,85.93,False
99-trace-0020909,2026-08-18T15:17:53.403156+00:00,api_generic,32.54,False
99-trace-0006038,2026-08-18T15:17:53.461266+00:00,checkout,1743.93,False
99-trace-0020911,2026-08-18T15:17:54.038012+00:00,api_generic,128.93,False
99-trace-0006042,2026-08-18T15:17:54.942281+00:00,checkout,126.73,False
99-trace-0020914,2026-08-18T15:17:55.271857+00:00,api_generic,43.96,False
99-trace-0020916,2026-08-18T15:17:55.505606+00:00,api_generic,93.09,False
99-trace-0006045,2026-08-18T15:17:55.888181+00:00,checkout,345.67,False
99-trace-0020918,2026-08-18T15:17:56.080963+00:00,api_generic,62.32,False
99-trace-0001644,2026-08-18T15:17:56.591801+00:00,pix,269.31,False
99-trace-0006047,2026-08-18T15:17:56.694170+00:00,checkout,490.5,False
99-trace-0006049,2026-08-18T15:17:56.863747+00:00,checkout,465.82,False
99-trace-0012568,2026-08-18T15:17:56.956562+00:00,site_latency,135.04,False
99-trace-0001646,2026-08-18T15:17:57.511689+00:00,pix,149.52,False
99-trace-0012573,2026-08-18T15:17:58.155591+00:00,site_latency,101.84,True
99-trace-0012574,2026-08-18T15:17:58.208674+00:00,site_latency,206.49,False
99-trace-0020926,2026-08-18T15:17:58.320738+00:00,api_generic,46.44,False
99-trace-0020928,2026-08-18T15:17:59.061279+00:00,api_generic,143.14,False
99-trace-0012577,2026-08-18T15:17:59.257276+00:00,site_latency,653.8,False
99-trace-0020932,2026-08-18T15:17:59.640678+00:00,api_generic,252.14,True
99-trace-0001651,2026-08-18T15:17:59.779618+00:00,pix,126.33,False
99-trace-0006061,2026-08-18T15:17:59.971542+00:00,checkout,254.63,False
99-trace-0001653,2026-08-18T15:18:00.142887+00:00,pix,171.33,True
99-trace-0001656,2026-08-18T15:18:00.466644+00:00,pix,189.11,False
99-trace-0001657,2026-08-18T15:18:00.806670+00:00,pix,76.48,False
99-trace-0012581,2026-08-18T15:18:00.880044+00:00,site_latency,560.45,False
99-trace-0001658,2026-08-18T15:18:01.483472+00:00,pix,236.68,False
99-trace-0012587,2026-08-18T15:18:03.002191+00:00,site_latency,645.56,False
99-trace-0012588,2026-08-18T15:18:03.092072+00:00,site_latency,522.28,False
99-trace-0006074,2026-08-18T15:18:03.115732+00:00,checkout,172.3,False
99-trace-0006076,2026-08-18T15:18:03.282944+00:00,checkout,968.02,False
99-trace-0012591,2026-08-18T15:18:03.578410+00:00,site_latency,146.47,True
99-trace-0012592,2026-08-18T15:18:03.712955+00:00,site_latency,579.86,False
99-trace-0012595,2026-08-18T15:18:04.469180+00:00,site_latency,100.37,False
99-trace-0006080,2026-08-18T15:18:04.682669+00:00,checkout,1002.85,False
99-trace-0006081,2026-08-18T15:18:04.730664+00:00,checkout,563.34,True
99-trace-0012597,2026-08-18T15:18:04.885993+00:00,site_latency,178.66,False
99-trace-0020953,2026-08-18T15:18:05.155916+00:00,api_generic,184.49,False
99-trace-0020956,2026-08-18T15:18:06.073843+00:00,api_generic,44.7,False
99-trace-0020958,2026-08-18T15:18:06.197586+00:00,api_generic,139.9,False
99-trace-0006085,2026-08-18T15:18:06.620580+00:00,checkout,126.9,False
99-trace-0001666,2026-08-18T15:18:06.657081+00:00,pix,712.65,False
99-trace-0006086,2026-08-18T15:18:06.714006+00:00,checkout,3891.71,False
99-trace-0012606,2026-08-18T15:18:07.715294+00:00,site_latency,236.13,False
99-trace-0020963,2026-08-18T15:18:07.750294+00:00,api_generic,83.15,False
99-trace-0012609,2026-08-18T15:18:08.116988+00:00,site_latency,276.03,False
99-trace-0006090,2026-08-18T15:18:08.604041+00:00,checkout,2047.6,False
99-trace-0012612,2026-08-18T15:18:08.888779+00:00,site_latency,115.47,False
99-trace-0006093,2026-08-18T15:18:09.661222+00:00,checkout,244.86,False
99-trace-0020965,2026-08-18T15:18:09.760400+00:00,api_generic,200.01,True
99-trace-0012616,2026-08-18T15:18:09.763323+00:00,site_latency,340.25,False
99-trace-0006097,2026-08-18T15:18:10.731426+00:00,checkout,231.53,False
99-trace-0020968,2026-08-18T15:18:10.804114+00:00,api_generic,77.13,False
99-trace-0020969,2026-08-18T15:18:10.834797+00:00,api_generic,252.42,False
99-trace-0006099,2026-08-18T15:18:10.916544+00:00,checkout,252.93,False
99-trace-0012625,2026-08-18T15:18:12.060186+00:00,site_latency,166.29,True
99-trace-0012626,2026-08-18T15:18:12.259977+00:00,site_latency,110.47,False
99-trace-0012627,2026-08-18T15:18:12.395922+00:00,site_latency,147.41,False
99-trace-0012629,2026-08-18T15:18:12.637738+00:00,site_latency,131.78,False
99-trace-0001677,2026-08-18T15:18:13.430128+00:00,pix,238.89,False
99-trace-0001679,2026-08-18T15:18:14.511055+00:00,pix,1257.42,False
99-trace-0012635,2026-08-18T15:18:14.616933+00:00,site_latency,104.47,False
99-trace-0012647,2026-08-18T15:18:16.570011+00:00,site_latency,160.68,False
99-trace-0012648,2026-08-18T15:18:16.620604+00:00,site_latency,185.85,False
99-trace-0012649,2026-08-18T15:18:16.804379+00:00,site_latency,311.63,False
99-trace-0001683,2026-08-18T15:18:16.938852+00:00,pix,93.29,False
99-trace-0012659,2026-08-18T15:18:18.354890+00:00,site_latency,533.44,False
99-trace-0020990,2026-08-18T15:18:18.361585+00:00,api_generic,49.99,False
99-trace-0006123,2026-08-18T15:18:18.595664+00:00,checkout,814.69,False
99-trace-0006126,2026-08-18T15:18:19.182775+00:00,checkout,611.6,False
99-trace-0020993,2026-08-18T15:18:19.311262+00:00,api_generic,54.12,False
99-trace-0006128,2026-08-18T15:18:20.078201+00:00,checkout,392.62,False
99-trace-0001690,2026-08-18T15:18:20.117082+00:00,pix,1141.0,False
99-trace-0012665,2026-08-18T15:18:20.178844+00:00,site_latency,138.8,False
99-trace-0020998,2026-08-18T15:18:20.334439+00:00,api_generic,265.47,False
99-trace-0006129,2026-08-18T15:18:20.628897+00:00,checkout,357.75,False
99-trace-0006130,2026-08-18T15:18:20.671225+00:00,checkout,1086.55,False
99-trace-0012666,2026-08-18T15:18:20.762353+00:00,site_latency,341.95,False
99-trace-0021002,2026-08-18T15:18:21.519037+00:00,api_generic,128.42,False
99-trace-0012673,2026-08-18T15:18:21.947247+00:00,site_latency,210.63,False
99-trace-0001692,2026-08-18T15:18:22.141171+00:00,pix,90.14,False
99-trace-0006136,2026-08-18T15:18:22.217828+00:00,checkout,274.78,False
99-trace-0021014,2026-08-18T15:18:23.355303+00:00,api_generic,504.43,False
99-trace-0006139,2026-08-18T15:18:23.820227+00:00,checkout,136.93,False
99-trace-0006142,2026-08-18T15:18:24.112861+00:00,checkout,1165.43,True
99-trace-0012684,2026-08-18T15:18:24.640491+00:00,site_latency,566.08,False
99-trace-0012685,2026-08-18T15:18:24.665455+00:00,site_latency,233.86,False
99-trace-0012686,2026-08-18T15:18:24.666737+00:00,site_latency,249.71,False
99-trace-0012693,2026-08-18T15:18:25.364836+00:00,site_latency,204.81,False
99-trace-0006147,2026-08-18T15:18:25.807933+00:00,checkout,424.03,False
99-trace-0006149,2026-08-18T15:18:26.193194+00:00,checkout,133.81,False
99-trace-0012698,2026-08-18T15:18:26.309286+00:00,site_latency,126.14,False
99-trace-0021027,2026-08-18T15:18:26.330915+00:00,api_generic,329.43,False
99-trace-0012699,2026-08-18T15:18:26.555223+00:00,site_latency,246.61,True
99-trace-0012703,2026-08-18T15:18:26.823973+00:00,site_latency,128.58,False
99-trace-0021029,2026-08-18T15:18:26.998875+00:00,api_generic,110.6,False
99-trace-0001698,2026-08-18T15:18:27.080228+00:00,pix,77.59,False
99-trace-0021030,2026-08-18T15:18:27.095824+00:00,api_generic,91.74,False
99-trace-0006154,2026-08-18T15:18:27.998177+00:00,checkout,285.55,False
99-trace-0021043,2026-08-18T15:18:29.537054+00:00,api_generic,49.04,False
99-trace-0006162,2026-08-18T15:18:29.725372+00:00,checkout,300.1,False
99-trace-0012723,2026-08-18T15:18:30.069151+00:00,site_latency,136.93,False
99-trace-0012725,2026-08-18T15:18:30.492178+00:00,site_latency,542.23,False
99-trace-0006167,2026-08-18T15:18:30.564680+00:00,checkout,276.37,False
99-trace-0001702,2026-08-18T15:18:30.588483+00:00,pix,122.89,False
99-trace-0021046,2026-08-18T15:18:30.649512+00:00,api_generic,189.24,True
99-trace-0012726,2026-08-18T15:18:30.662210+00:00,site_latency,183.96,False
99-trace-0021052,2026-08-18T15:18:32.288424+00:00,api_generic,86.91,False
99-trace-0021053,2026-08-18T15:18:32.632492+00:00,api_generic,143.42,False
99-trace-0021056,2026-08-18T15:18:33.318821+00:00,api_generic,290.78,False
99-trace-0021057,2026-08-18T15:18:33.372068+00:00,api_generic,146.62,False
99-trace-0006175,2026-08-18T15:18:33.395100+00:00,checkout,671.79,True
99-trace-0021058,2026-08-18T15:18:33.543908+00:00,api_generic,430.03,True
99-trace-0006179,2026-08-18T15:18:34.128814+00:00,checkout,3174.36,False
99-trace-0021061,2026-08-18T15:18:34.434779+00:00,api_generic,254.93,False
99-trace-0012744,2026-08-18T15:18:34.500325+00:00,site_latency,142.3,False
99-trace-0006181,2026-08-18T15:18:34.849282+00:00,checkout,789.11,False
99-trace-0001706,2026-08-18T15:18:34.881900+00:00,pix,432.25,False
99-trace-0012748,2026-08-18T15:18:35.102422+00:00,site_latency,149.4,False
99-trace-0012749,2026-08-18T15:18:35.109457+00:00,site_latency,316.88,True
99-trace-0001707,2026-08-18T15:18:35.146899+00:00,pix,52.32,False
99-trace-0001710,2026-08-18T15:18:35.860789+00:00,pix,144.02,False
99-trace-0021069,2026-08-18T15:18:36.127775+00:00,api_generic,48.23,False
99-trace-0001712,2026-08-18T15:18:36.745809+00:00,pix,256.55,False
99-trace-0021082,2026-08-18T15:18:38.183158+00:00,api_generic,80.92,False
99-trace-0006194,2026-08-18T15:18:38.315750+00:00,checkout,986.38,True
99-trace-0012761,2026-08-18T15:18:38.465403+00:00,site_latency,544.33,False
99-trace-0012764,2026-08-18T15:18:38.939719+00:00,site_latency,168.3,False
99-trace-0006198,2026-08-18T15:18:39.382375+00:00,checkout,200.89,False
99-trace-0012766,2026-08-18T15:18:39.418838+00:00,site_latency,90.03,False
99-trace-0001717,2026-08-18T15:18:39.631532+00:00,pix,83.45,False
99-trace-0006200,2026-08-18T15:18:39.753436+00:00,checkout,2116.12,False
99-trace-0012768,2026-08-18T15:18:40.086426+00:00,site_latency,1323.85,False
99-trace-0006201,2026-08-18T15:18:40.503120+00:00,checkout,233.89,False
99-trace-0012772,2026-08-18T15:18:40.826263+00:00,site_latency,620.1,False
99-trace-0021097,2026-08-18T15:18:41.361444+00:00,api_generic,44.8,False
99-trace-0006202,2026-08-18T15:18:42.040999+00:00,checkout,1006.55,False
99-trace-0021101,2026-08-18T15:18:42.263371+00:00,api_generic,93.48,False
99-trace-0001723,2026-08-18T15:18:42.609044+00:00,pix,72.05,False
99-trace-0012783,2026-08-18T15:18:42.711202+00:00,site_latency,610.63,False
99-trace-0012784,2026-08-18T15:18:42.803837+00:00,site_latency,538.39,False
99-trace-0021104,2026-08-18T15:18:42.924855+00:00,api_generic,51.08,False
99-trace-0012789,2026-08-18T15:18:43.986775+00:00,site_latency,198.65,False
99-trace-0006210,2026-08-18T15:18:44.706280+00:00,checkout,778.55,False
99-trace-0012795,2026-08-18T15:18:45.591315+00:00,site_latency,143.75,False
99-trace-0012796,2026-08-18T15:18:45.818015+00:00,site_latency,407.75,False
99-trace-0012797,2026-08-18T15:18:46.131039+00:00,site_latency,384.06,False
99-trace-0001731,2026-08-18T15:18:47.411787+00:00,pix,122.1,False
99-trace-0021121,2026-08-18T15:18:47.471248+00:00,api_generic,346.39,False
99-trace-0001732,2026-08-18T15:18:47.476240+00:00,pix,111.34,False
99-trace-0006215,2026-08-18T15:18:47.533114+00:00,checkout,165.27,False
99-trace-0021126,2026-08-18T15:18:48.239448+00:00,api_generic,957.86,False
99-trace-0006216,2026-08-18T15:18:48.292289+00:00,checkout,463.12,False
99-trace-0001735,2026-08-18T15:18:48.367759+00:00,pix,64.9,False
99-trace-0012812,2026-08-18T15:18:48.496083+00:00,site_latency,614.69,False
99-trace-0021128,2026-08-18T15:18:48.953913+00:00,api_generic,43.85,False
99-trace-0006219,2026-08-18T15:18:49.436776+00:00,checkout,294.34,False
99-trace-0021130,2026-08-18T15:18:49.592930+00:00,api_generic,59.89,False
99-trace-0012818,2026-08-18T15:18:50.063290+00:00,site_latency,47.06,False
99-trace-0012822,2026-08-18T15:18:50.582899+00:00,site_latency,567.63,False
99-trace-0006221,2026-08-18T15:18:50.643481+00:00,checkout,138.19,False
99-trace-0012824,2026-08-18T15:18:50.975187+00:00,site_latency,881.94,False
99-trace-0021136,2026-08-18T15:18:51.400008+00:00,api_generic,140.63,False
99-trace-0001744,2026-08-18T15:18:51.871593+00:00,pix,140.62,False
99-trace-0006230,2026-08-18T15:18:51.940620+00:00,checkout,396.32,False
99-trace-0012830,2026-08-18T15:18:52.168576+00:00,site_latency,107.75,False
99-trace-0001746,2026-08-18T15:18:52.230917+00:00,pix,115.56,False
99-trace-0001747,2026-08-18T15:18:52.837262+00:00,pix,94.6,False
99-trace-0021149,2026-08-18T15:18:55.165640+00:00,api_generic,75.81,False
99-trace-0021151,2026-08-18T15:18:55.245294+00:00,api_generic,44.24,False
99-trace-0001751,2026-08-18T15:18:56.834114+00:00,pix,237.68,False
99-trace-0001752,2026-08-18T15:18:57.082901+00:00,pix,217.04,False
99-trace-0021157,2026-08-18T15:18:57.240458+00:00,api_generic,519.84,False
99-trace-0012849,2026-08-18T15:18:57.437009+00:00,site_latency,2280.01,False
99-trace-0021158,2026-08-18T15:18:57.475150+00:00,api_generic,170.76,False
99-trace-0001754,2026-08-18T15:18:57.593103+00:00,pix,88.43,False
99-trace-0012852,2026-08-18T15:18:57.953273+00:00,site_latency,158.2,False
99-trace-0012854,2026-08-18T15:18:58.636858+00:00,site_latency,606.17,False
99-trace-0006244,2026-08-18T15:18:59.386916+00:00,checkout,402.64,False
99-trace-0021168,2026-08-18T15:19:00.664268+00:00,api_generic,66.63,False
99-trace-0021170,2026-08-18T15:19:01.274489+00:00,api_generic,1715.35,False
99-trace-0012864,2026-08-18T15:19:01.372741+00:00,site_latency,190.64,False
99-trace-0021174,2026-08-18T15:19:02.027996+00:00,api_generic,74.14,False
99-trace-0006249,2026-08-18T15:19:02.082833+00:00,checkout,867.47,False
99-trace-0006250,2026-08-18T15:19:02.296701+00:00,checkout,825.74,True
99-trace-0006253,2026-08-18T15:19:02.641156+00:00,checkout,187.69,False
99-trace-0006255,2026-08-18T15:19:02.776638+00:00,checkout,197.26,False
99-trace-0012873,2026-08-18T15:19:02.987102+00:00,site_latency,290.24,True
99-trace-0012875,2026-08-18T15:19:03.409120+00:00,site_latency,113.24,False
99-trace-0012877,2026-08-18T15:19:03.921314+00:00,site_latency,102.08,False
99-trace-0006257,2026-08-18T15:19:04.229934+00:00,checkout,302.24,False
99-trace-0021189,2026-08-18T15:19:04.496292+00:00,api_generic,46.69,False
99-trace-0012882,2026-08-18T15:19:04.611333+00:00,site_latency,199.39,False
99-trace-0021192,2026-08-18T15:19:04.995467+00:00,api_generic,298.92,False
99-trace-0012883,2026-08-18T15:19:05.645767+00:00,site_latency,266.85,False
99-trace-0006261,2026-08-18T15:19:05.706364+00:00,checkout,1084.35,False
99-trace-0021199,2026-08-18T15:19:06.224450+00:00,api_generic,185.85,False
99-trace-0012892,2026-08-18T15:19:06.640140+00:00,site_latency,281.05,False
99-trace-0006265,2026-08-18T15:19:07.294644+00:00,checkout,333.54,False
99-trace-0021209,2026-08-18T15:19:07.607166+00:00,api_generic,112.87,False
99-trace-0006268,2026-08-18T15:19:07.712421+00:00,checkout,461.57,False
99-trace-0012902,2026-08-18T15:19:08.039795+00:00,site_latency,270.33,False
99-trace-0021212,2026-08-18T15:19:08.431763+00:00,api_generic,181.19,False
99-trace-0021214,2026-08-18T15:19:08.809936+00:00,api_generic,63.61,False
99-trace-0006274,2026-08-18T15:19:09.112763+00:00,checkout,384.86,True
99-trace-0021218,2026-08-18T15:19:09.951343+00:00,api_generic,461.11,False
99-trace-0021219,2026-08-18T15:19:10.169858+00:00,api_generic,95.53,True
99-trace-0001780,2026-08-18T15:19:10.292645+00:00,pix,267.2,False
99-trace-0021225,2026-08-18T15:19:10.829765+00:00,api_generic,61.57,False
99-trace-0012914,2026-08-18T15:19:10.876607+00:00,site_latency,63.5,False
99-trace-0001782,2026-08-18T15:19:11.218741+00:00,pix,275.79,False
99-trace-0021228,2026-08-18T15:19:11.296502+00:00,api_generic,129.44,False
99-trace-0012919,2026-08-18T15:19:12.016407+00:00,site_latency,1372.33,False
99-trace-0021232,2026-08-18T15:19:12.109427+00:00,api_generic,250.7,False
99-trace-0001783,2026-08-18T15:19:12.210512+00:00,pix,155.56,False
99-trace-0001784,2026-08-18T15:19:12.226818+00:00,pix,95.63,False
99-trace-0021233,2026-08-18T15:19:12.310428+00:00,api_generic,254.45,False
99-trace-0012926,2026-08-18T15:19:12.742917+00:00,site_latency,283.4,False
99-trace-0021235,2026-08-18T15:19:13.000348+00:00,api_generic,206.41,True
99-trace-0001787,2026-08-18T15:19:13.135836+00:00,pix,219.69,True
99-trace-0012931,2026-08-18T15:19:13.719006+00:00,site_latency,986.19,False
99-trace-0021240,2026-08-18T15:19:14.095813+00:00,api_generic,305.24,False
99-trace-0006286,2026-08-18T15:19:14.147125+00:00,checkout,226.1,False
99-trace-0001789,2026-08-18T15:19:14.588503+00:00,pix,150.68,False
99-trace-0012936,2026-08-18T15:19:14.700342+00:00,site_latency,173.96,False
99-trace-0012942,2026-08-18T15:19:15.023736+00:00,site_latency,65.31,False
99-trace-0021243,2026-08-18T15:19:15.139432+00:00,api_generic,153.38,False
99-trace-0012943,2026-08-18T15:19:15.254342+00:00,site_latency,495.86,False
99-trace-0012945,2026-08-18T15:19:15.631875+00:00,site_latency,113.82,False
99-trace-0006293,2026-08-18T15:19:15.688645+00:00,checkout,753.12,False
99-trace-0021247,2026-08-18T15:19:15.713140+00:00,api_generic,250.36,True
99-trace-0021248,2026-08-18T15:19:15.782658+00:00,api_generic,88.33,False
99-trace-0021249,2026-08-18T15:19:16.119850+00:00,api_generic,53.72,False
99-trace-0006296,2026-08-18T15:19:16.344758+00:00,checkout,645.31,False
99-trace-0006297,2026-08-18T15:19:16.768273+00:00,checkout,2052.67,False
99-trace-0012948,2026-08-18T15:19:16.937848+00:00,site_latency,2500.67,False
99-trace-0001793,2026-08-18T15:19:17.165145+00:00,pix,105.49,False
99-trace-0012951,2026-08-18T15:19:17.664748+00:00,site_latency,309.85,False
99-trace-0006301,2026-08-18T15:19:17.703369+00:00,checkout,207.36,False
99-trace-0021254,2026-08-18T15:19:18.493816+00:00,api_generic,128.86,True
99-trace-0021260,2026-08-18T15:19:19.238598+00:00,api_generic,72.27,False
99-trace-0006303,2026-08-18T15:19:19.413712+00:00,checkout,247.61,False
99-trace-0012963,2026-08-18T15:19:19.723223+00:00,site_latency,114.2,False
99-trace-0012964,2026-08-18T15:19:19.727736+00:00,site_latency,111.11,False
99-trace-0021264,2026-08-18T15:19:20.005423+00:00,api_generic,48.46,False
99-trace-0006304,2026-08-18T15:19:20.594351+00:00,checkout,419.12,False
99-trace-0006305,2026-08-18T15:19:21.408174+00:00,checkout,177.12,False
99-trace-0012972,2026-08-18T15:19:22.498365+00:00,site_latency,520.41,False
99-trace-0012974,2026-08-18T15:19:22.698643+00:00,site_latency,455.43,False
99-trace-0021277,2026-08-18T15:19:22.998157+00:00,api_generic,63.77,False
99-trace-0012980,2026-08-18T15:19:23.542027+00:00,site_latency,342.93,False
99-trace-0006308,2026-08-18T15:19:23.588099+00:00,checkout,773.78,False
99-trace-0012983,2026-08-18T15:19:24.234051+00:00,site_latency,48.9,False
99-trace-0006313,2026-08-18T15:19:24.813713+00:00,checkout,320.41,False
99-trace-0012987,2026-08-18T15:19:24.904516+00:00,site_latency,225.34,False
99-trace-0021286,2026-08-18T15:19:25.714914+00:00,api_generic,79.41,False
99-trace-0006317,2026-08-18T15:19:25.989054+00:00,checkout,348.24,False
99-trace-0021287,2026-08-18T15:19:26.154047+00:00,api_generic,201.55,False
99-trace-0012996,2026-08-18T15:19:26.577963+00:00,site_latency,1094.45,False
99-trace-0012999,2026-08-18T15:19:27.482911+00:00,site_latency,70.96,False
99-trace-0013000,2026-08-18T15:19:27.566980+00:00,site_latency,150.86,False
99-trace-0013001,2026-08-18T15:19:27.567980+00:00,site_latency,128.15,False
99-trace-0021293,2026-08-18T15:19:28.008558+00:00,api_generic,102.47,False
99-trace-0006323,2026-08-18T15:19:28.711611+00:00,checkout,863.85,False
99-trace-0013004,2026-08-18T15:19:29.044595+00:00,site_latency,679.61,False
99-trace-0013008,2026-08-18T15:19:29.503711+00:00,site_latency,269.74,False
99-trace-0006327,2026-08-18T15:19:29.866877+00:00,checkout,180.66,False
99-trace-0013011,2026-08-18T15:19:29.910668+00:00,site_latency,67.77,False
99-trace-0021304,2026-08-18T15:19:30.111872+00:00,api_generic,88.56,True
99-trace-0021305,2026-08-18T15:19:30.391865+00:00,api_generic,123.19,False
99-trace-0006328,2026-08-18T15:19:30.791507+00:00,checkout,780.03,False
99-trace-0013017,2026-08-18T15:19:30.897034+00:00,site_latency,278.88,False
99-trace-0001812,2026-08-18T15:19:31.079616+00:00,pix,235.34,False
99-trace-0021316,2026-08-18T15:19:31.943716+00:00,api_generic,143.52,False
99-trace-0013024,2026-08-18T15:19:32.558667+00:00,site_latency,534.57,False
99-trace-0021322,2026-08-18T15:19:32.865535+00:00,api_generic,67.24,False
99-trace-0021325,2026-08-18T15:19:33.029351+00:00,api_generic,219.56,False
99-trace-0013027,2026-08-18T15:19:33.095133+00:00,site_latency,901.74,False
99-trace-0001815,2026-08-18T15:19:33.237587+00:00,pix,232.97,False
99-trace-0006338,2026-08-18T15:19:33.325503+00:00,checkout,213.95,False
99-trace-0021328,2026-08-18T15:19:33.992968+00:00,api_generic,155.06,True
99-trace-0013035,2026-08-18T15:19:34.723627+00:00,site_latency,626.51,False
99-trace-0006341,2026-08-18T15:19:34.961227+00:00,checkout,201.69,False
99-trace-0001818,2026-08-18T15:19:35.058560+00:00,pix,88.7,False
99-trace-0021334,2026-08-18T15:19:35.413422+00:00,api_generic,117.9,False
99-trace-0013039,2026-08-18T15:19:35.674496+00:00,site_latency,203.51,False
99-trace-0006344,2026-08-18T15:19:35.718732+00:00,checkout,402.85,False
99-trace-0021335,2026-08-18T15:19:36.064752+00:00,api_generic,341.61,False
99-trace-0021339,2026-08-18T15:19:36.625859+00:00,api_generic,61.08,False
99-trace-0006350,2026-08-18T15:19:37.357786+00:00,checkout,284.69,False
99-trace-0021347,2026-08-18T15:19:38.300554+00:00,api_generic,681.12,False
99-trace-0021348,2026-08-18T15:19:38.334292+00:00,api_generic,449.89,False
99-trace-0006357,2026-08-18T15:19:39.213136+00:00,checkout,453.61,False
99-trace-0013051,2026-08-18T15:19:39.385647+00:00,site_latency,163.61,False
99-trace-0013053,2026-08-18T15:19:39.579108+00:00,site_latency,61.87,False
99-trace-0013062,2026-08-18T15:19:40.514621+00:00,site_latency,518.05,False
99-trace-0021357,2026-08-18T15:19:40.534685+00:00,api_generic,142.22,False
99-trace-0001832,2026-08-18T15:19:40.822465+00:00,pix,218.92,False
99-trace-0013063,2026-08-18T15:19:40.884208+00:00,site_latency,158.9,False
99-trace-0021359,2026-08-18T15:19:41.172471+00:00,api_generic,248.07,False
99-trace-0021361,2026-08-18T15:19:41.729902+00:00,api_generic,102.2,False
99-trace-0006366,2026-08-18T15:19:42.134599+00:00,checkout,335.76,False
99-trace-0006367,2026-08-18T15:19:42.512371+00:00,checkout,433.43,False
99-trace-0001838,2026-08-18T15:19:42.829226+00:00,pix,113.7,False
99-trace-0001840,2026-08-18T15:19:44.004373+00:00,pix,113.77,False
99-trace-0006372,2026-08-18T15:19:44.322327+00:00,checkout,474.87,False
99-trace-0021375,2026-08-18T15:19:44.544535+00:00,api_generic,92.92,False
99-trace-0021377,2026-08-18T15:19:44.873742+00:00,api_generic,63.89,False
99-trace-0001841,2026-08-18T15:19:45.586779+00:00,pix,707.85,False
99-trace-0021378,2026-08-18T15:19:45.746936+00:00,api_generic,83.95,False
99-trace-0001842,2026-08-18T15:19:46.223208+00:00,pix,78.47,False
99-trace-0006383,2026-08-18T15:19:46.715776+00:00,checkout,2938.18,False
99-trace-0013095,2026-08-18T15:19:47.084615+00:00,site_latency,348.51,False
99-trace-0013096,2026-08-18T15:19:47.127439+00:00,site_latency,118.86,False
99-trace-0013097,2026-08-18T15:19:47.382935+00:00,site_latency,109.15,True
99-trace-0013098,2026-08-18T15:19:47.788651+00:00,site_latency,375.14,False
99-trace-0006387,2026-08-18T15:19:48.346144+00:00,checkout,226.92,False
99-trace-0021391,2026-08-18T15:19:49.118447+00:00,api_generic,264.07,False
99-trace-0001852,2026-08-18T15:19:49.641688+00:00,pix,119.43,False
99-trace-0013106,2026-08-18T15:19:50.013021+00:00,site_latency,727.18,False
99-trace-0006397,2026-08-18T15:19:51.010734+00:00,checkout,102.25,False
99-trace-0013115,2026-08-18T15:19:51.689749+00:00,site_latency,492.03,False
99-trace-0006400,2026-08-18T15:19:52.245040+00:00,checkout,307.08,False
99-trace-0006402,2026-08-18T15:19:52.489954+00:00,checkout,197.31,False
99-trace-0006403,2026-08-18T15:19:52.611725+00:00,checkout,793.58,False
99-trace-0006404,2026-08-18T15:19:52.762200+00:00,checkout,3276.53,False
99-trace-0013122,2026-08-18T15:19:52.763348+00:00,site_latency,75.9,False
99-trace-0013123,2026-08-18T15:19:52.844967+00:00,site_latency,149.35,False
99-trace-0006405,2026-08-18T15:19:52.992487+00:00,checkout,481.17,False
99-trace-0006406,2026-08-18T15:19:53.267668+00:00,checkout,896.43,False
99-trace-0021407,2026-08-18T15:19:53.424480+00:00,api_generic,135.86,False
99-trace-0006407,2026-08-18T15:19:53.452150+00:00,checkout,254.79,False
99-trace-0021409,2026-08-18T15:19:54.079434+00:00,api_generic,574.22,True
99-trace-0021410,2026-08-18T15:19:54.482023+00:00,api_generic,42.97,False
99-trace-0013134,2026-08-18T15:19:54.968849+00:00,site_latency,131.37,False
99-trace-0013136,2026-08-18T15:19:55.056462+00:00,site_latency,169.78,False
99-trace-0006412,2026-08-18T15:19:55.498684+00:00,checkout,139.03,False
99-trace-0013140,2026-08-18T15:19:55.661307+00:00,site_latency,345.83,False
99-trace-0013141,2026-08-18T15:19:55.851298+00:00,site_latency,518.2,True
99-trace-0013142,2026-08-18T15:19:55.922022+00:00,site_latency,145.55,False
99-trace-0006414,2026-08-18T15:19:56.655140+00:00,checkout,404.29,False
99-trace-0006415,2026-08-18T15:19:56.860297+00:00,checkout,197.78,False
99-trace-0006417,2026-08-18T15:19:57.118173+00:00,checkout,146.84,False
99-trace-0001871,2026-08-18T15:19:58.356608+00:00,pix,89.34,False
99-trace-0013152,2026-08-18T15:19:58.749010+00:00,site_latency,298.3,False
99-trace-0001875,2026-08-18T15:19:59.973404+00:00,pix,275.25,False
99-trace-0021432,2026-08-18T15:20:00.133881+00:00,api_generic,51.04,False
99-trace-0021434,2026-08-18T15:20:00.906717+00:00,api_generic,352.75,False
99-trace-0013163,2026-08-18T15:20:00.980348+00:00,site_latency,414.27,False
99-trace-0006426,2026-08-18T15:20:01.093058+00:00,checkout,797.57,False
99-trace-0013164,2026-08-18T15:20:01.249053+00:00,site_latency,72.46,False
99-trace-0013171,2026-08-18T15:20:02.584560+00:00,site_latency,272.61,False
99-trace-0013174,2026-08-18T15:20:02.892744+00:00,site_latency,147.77,False
99-trace-0021442,2026-08-18T15:20:03.048953+00:00,api_generic,56.04,False
99-trace-0013176,2026-08-18T15:20:03.112673+00:00,site_latency,852.44,False
99-trace-0006431,2026-08-18T15:20:03.256799+00:00,checkout,338.74,False
99-trace-0013182,2026-08-18T15:20:03.815450+00:00,site_latency,84.18,False
99-trace-0006433,2026-08-18T15:20:04.046642+00:00,checkout,847.23,False
99-trace-0013188,2026-08-18T15:20:05.162695+00:00,site_latency,498.25,False
99-trace-0006436,2026-08-18T15:20:05.377977+00:00,checkout,58.25,False
99-trace-0001887,2026-08-18T15:20:05.737699+00:00,pix,112.67,False
99-trace-0021450,2026-08-18T15:20:06.054444+00:00,api_generic,131.1,False
99-trace-0021451,2026-08-18T15:20:06.074064+00:00,api_generic,204.49,False
99-trace-0013194,2026-08-18T15:20:06.379804+00:00,site_latency,2234.01,False
99-trace-0006441,2026-08-18T15:20:07.331811+00:00,checkout,427.65,False
99-trace-0021460,2026-08-18T15:20:07.988476+00:00,api_generic,82.89,False
99-trace-0001891,2026-08-18T15:20:08.271486+00:00,pix,245.69,False
99-trace-0013200,2026-08-18T15:20:08.940881+00:00,site_latency,2880.22,False
99-trace-0013204,2026-08-18T15:20:09.462575+00:00,site_latency,276.87,False
99-trace-0001893,2026-08-18T15:20:09.532021+00:00,pix,203.81,False
99-trace-0013206,2026-08-18T15:20:09.802834+00:00,site_latency,214.09,False
99-trace-0001894,2026-08-18T15:20:09.889785+00:00,pix,116.81,False
99-trace-0021474,2026-08-18T15:20:11.584549+00:00,api_generic,50.98,False
99-trace-0013211,2026-08-18T15:20:11.676525+00:00,site_latency,1167.97,False
99-trace-0013212,2026-08-18T15:20:11.815111+00:00,site_latency,95.06,False
99-trace-0013214,2026-08-18T15:20:12.198615+00:00,site_latency,558.23,False
99-trace-0001897,2026-08-18T15:20:12.368897+00:00,pix,88.64,False
99-trace-0021480,2026-08-18T15:20:12.594854+00:00,api_generic,165.68,True
99-trace-0021481,2026-08-18T15:20:12.708027+00:00,api_generic,310.69,True
99-trace-0021483,2026-08-18T15:20:12.886402+00:00,api_generic,145.6,False
99-trace-0021487,2026-08-18T15:20:13.499893+00:00,api_generic,58.0,False
99-trace-0006454,2026-08-18T15:20:13.928057+00:00,checkout,466.22,False
99-trace-0006456,2026-08-18T15:20:14.246502+00:00,checkout,1278.46,False
99-trace-0013225,2026-08-18T15:20:14.309596+00:00,site_latency,221.83,False
99-trace-0021490,2026-08-18T15:20:14.461517+00:00,api_generic,770.94,False
99-trace-0013226,2026-08-18T15:20:14.679455+00:00,site_latency,1258.19,False
99-trace-0013227,2026-08-18T15:20:14.816410+00:00,site_latency,72.79,False
99-trace-0013228,2026-08-18T15:20:14.901523+00:00,site_latency,291.94,False
99-trace-0001901,2026-08-18T15:20:15.144455+00:00,pix,379.55,False
99-trace-0006459,2026-08-18T15:20:15.199901+00:00,checkout,275.07,False
99-trace-0021496,2026-08-18T15:20:15.975693+00:00,api_generic,280.83,False
99-trace-0006463,2026-08-18T15:20:16.402359+00:00,checkout,834.23,False
99-trace-0013233,2026-08-18T15:20:17.135881+00:00,site_latency,261.37,False
99-trace-0013241,2026-08-18T15:20:17.893160+00:00,site_latency,91.66,False
99-trace-0001908,2026-08-18T15:20:18.589292+00:00,pix,74.15,False
99-trace-0006476,2026-08-18T15:20:20.393273+00:00,checkout,225.53,False
99-trace-0006477,2026-08-18T15:20:20.737887+00:00,checkout,208.97,False
99-trace-0021521,2026-08-18T15:20:20.811324+00:00,api_generic,47.31,False
99-trace-0021522,2026-08-18T15:20:20.984184+00:00,api_generic,114.25,False
99-trace-0021523,2026-08-18T15:20:21.298193+00:00,api_generic,78.73,False
99-trace-0001914,2026-08-18T15:20:21.980028+00:00,pix,252.4,False
99-trace-0021531,2026-08-18T15:20:22.456680+00:00,api_generic,51.55,False
99-trace-0021532,2026-08-18T15:20:22.568886+00:00,api_generic,149.8,False
99-trace-0006482,2026-08-18T15:20:22.666359+00:00,checkout,462.43,False
99-trace-0013268,2026-08-18T15:20:23.214961+00:00,site_latency,237.55,False
99-trace-0021535,2026-08-18T15:20:23.503398+00:00,api_generic,84.38,False
99-trace-0006489,2026-08-18T15:20:23.691619+00:00,checkout,724.41,False
99-trace-0001916,2026-08-18T15:20:23.747438+00:00,pix,106.65,False
99-trace-0013275,2026-08-18T15:20:23.987986+00:00,site_latency,97.47,False
99-trace-0001918,2026-08-18T15:20:24.054820+00:00,pix,123.15,False
99-trace-0021536,2026-08-18T15:20:24.100185+00:00,api_generic,40.34,False
99-trace-0013278,2026-08-18T15:20:24.152295+00:00,site_latency,153.23,False
99-trace-0006493,2026-08-18T15:20:24.395216+00:00,checkout,158.97,False
99-trace-0021542,2026-08-18T15:20:25.013521+00:00,api_generic,278.52,False
99-trace-0013284,2026-08-18T15:20:25.269976+00:00,site_latency,1050.56,False
99-trace-0013287,2026-08-18T15:20:25.659887+00:00,site_latency,150.43,False
99-trace-0013289,2026-08-18T15:20:25.773647+00:00,site_latency,275.59,False
99-trace-0013292,2026-08-18T15:20:26.513426+00:00,site_latency,427.34,True
99-trace-0001924,2026-08-18T15:20:26.646234+00:00,pix,132.48,False
99-trace-0021549,2026-08-18T15:20:26.791579+00:00,api_generic,226.08,False
99-trace-0021550,2026-08-18T15:20:26.909386+00:00,api_generic,56.96,False
99-trace-0006503,2026-08-18T15:20:27.091214+00:00,checkout,235.68,False
99-trace-0021553,2026-08-18T15:20:27.319078+00:00,api_generic,60.24,False
99-trace-0013298,2026-08-18T15:20:27.587903+00:00,site_latency,208.51,True
99-trace-0001925,2026-08-18T15:20:27.785252+00:00,pix,1109.64,False
99-trace-0001927,2026-08-18T15:20:28.568494+00:00,pix,171.44,False
99-trace-0013304,2026-08-18T15:20:28.674059+00:00,site_latency,460.12,False
99-trace-0021560,2026-08-18T15:20:29.015232+00:00,api_generic,161.91,False
99-trace-0001928,2026-08-18T15:20:29.133023+00:00,pix,570.61,False
99-trace-0006511,2026-08-18T15:20:29.656574+00:00,checkout,662.5,False
99-trace-0021562,2026-08-18T15:20:30.353291+00:00,api_generic,141.98,False
99-trace-0013312,2026-08-18T15:20:30.847966+00:00,site_latency,92.84,False
99-trace-0013317,2026-08-18T15:20:31.562962+00:00,site_latency,168.3,False
99-trace-0021571,2026-08-18T15:20:31.696860+00:00,api_generic,251.71,True
99-trace-0021572,2026-08-18T15:20:32.605214+00:00,api_generic,117.75,False
99-trace-0013325,2026-08-18T15:20:33.055426+00:00,site_latency,129.69,False
99-trace-0021577,2026-08-18T15:20:33.961332+00:00,api_generic,71.94,False
99-trace-0013329,2026-08-18T15:20:34.059457+00:00,site_latency,254.34,False
99-trace-0006523,2026-08-18T15:20:34.467650+00:00,checkout,262.16,False
99-trace-0013332,2026-08-18T15:20:34.548217+00:00,site_latency,514.1,False
99-trace-0021583,2026-08-18T15:20:36.178459+00:00,api_generic,267.86,False
99-trace-0006528,2026-08-18T15:20:36.718902+00:00,checkout,549.19,True
99-trace-0006529,2026-08-18T15:20:36.739038+00:00,checkout,429.65,False
99-trace-0021585,2026-08-18T15:20:36.795880+00:00,api_generic,33.15,False
99-trace-0013346,2026-08-18T15:20:37.096884+00:00,site_latency,566.53,False
99-trace-0001946,2026-08-18T15:20:37.275877+00:00,pix,157.33,False
99-trace-0021590,2026-08-18T15:20:37.712367+00:00,api_generic,152.54,False
99-trace-0013351,2026-08-18T15:20:38.001149+00:00,site_latency,296.14,False
99-trace-0013353,2026-08-18T15:20:38.644919+00:00,site_latency,1775.6,False
99-trace-0021593,2026-08-18T15:20:38.714642+00:00,api_generic,561.32,True
99-trace-0013355,2026-08-18T15:20:38.888871+00:00,site_latency,494.49,False
99-trace-0013358,2026-08-18T15:20:39.039204+00:00,site_latency,212.63,False
99-trace-0021596,2026-08-18T15:20:39.523296+00:00,api_generic,341.99,False
99-trace-0021597,2026-08-18T15:20:39.977440+00:00,api_generic,125.78,False
99-trace-0021598,2026-08-18T15:20:39.998378+00:00,api_generic,100.06,False
99-trace-0006539,2026-08-18T15:20:40.223617+00:00,checkout,1312.84,False
99-trace-0013368,2026-08-18T15:20:40.905046+00:00,site_latency,231.42,False
99-trace-0021602,2026-08-18T15:20:41.271151+00:00,api_generic,203.92,True
99-trace-0013379,2026-08-18T15:20:42.733167+00:00,site_latency,226.4,False
99-trace-0013380,2026-08-18T15:20:42.953833+00:00,site_latency,135.57,False
99-trace-0013383,2026-08-18T15:20:43.230506+00:00,site_latency,368.62,False
99-trace-0013387,2026-08-18T15:20:44.026366+00:00,site_latency,737.29,False
99-trace-0006552,2026-08-18T15:20:44.625728+00:00,checkout,930.72,False
99-trace-0013391,2026-08-18T15:20:44.648696+00:00,site_latency,531.82,False
99-trace-0006553,2026-08-18T15:20:44.723003+00:00,checkout,808.49,False
99-trace-0013396,2026-08-18T15:20:45.602549+00:00,site_latency,1331.1,False
99-trace-0013399,2026-08-18T15:20:45.960448+00:00,site_latency,209.36,False
99-trace-0021616,2026-08-18T15:20:46.092985+00:00,api_generic,197.31,False
99-trace-0013400,2026-08-18T15:20:46.160276+00:00,site_latency,257.89,False
99-trace-0001968,2026-08-18T15:20:47.485185+00:00,pix,126.78,False
99-trace-0006562,2026-08-18T15:20:48.089179+00:00,checkout,1272.2,True
99-trace-0021628,2026-08-18T15:20:48.120309+00:00,api_generic,96.09,False
99-trace-0013407,2026-08-18T15:20:48.397153+00:00,site_latency,69.52,False
99-trace-0021632,2026-08-18T15:20:48.690506+00:00,api_generic,257.81,False
99-trace-0013411,2026-08-18T15:20:48.754641+00:00,site_latency,271.46,False
99-trace-0021635,2026-08-18T15:20:49.791785+00:00,api_generic,76.77,False
99-trace-0021636,2026-08-18T15:20:50.250687+00:00,api_generic,122.23,False
99-trace-0013425,2026-08-18T15:20:51.575713+00:00,site_latency,194.77,False
99-trace-0001980,2026-08-18T15:20:51.884332+00:00,pix,474.79,False
99-trace-0006574,2026-08-18T15:20:52.094211+00:00,checkout,1022.6,False
99-trace-0021641,2026-08-18T15:20:52.096932+00:00,api_generic,257.06,False
99-trace-0006575,2026-08-18T15:20:52.235415+00:00,checkout,745.85,False
99-trace-0021643,2026-08-18T15:20:52.319756+00:00,api_generic,140.63,False
99-trace-0001984,2026-08-18T15:20:52.756115+00:00,pix,189.49,False
99-trace-0021647,2026-08-18T15:20:52.825810+00:00,api_generic,241.24,False
99-trace-0001985,2026-08-18T15:20:52.826736+00:00,pix,1026.26,False
99-trace-0006577,2026-08-18T15:20:52.853793+00:00,checkout,209.74,False
99-trace-0021648,2026-08-18T15:20:53.075126+00:00,api_generic,1448.8,False
99-trace-0006583,2026-08-18T15:20:54.272087+00:00,checkout,403.6,False
99-trace-0013438,2026-08-18T15:20:54.290217+00:00,site_latency,191.72,False
99-trace-0021650,2026-08-18T15:20:54.333209+00:00,api_generic,179.47,False
99-trace-0001993,2026-08-18T15:20:55.827134+00:00,pix,129.29,False
99-trace-0021655,2026-08-18T15:20:56.067062+00:00,api_generic,90.07,False
99-trace-0021658,2026-08-18T15:20:56.678039+00:00,api_generic,250.38,False
99-trace-0001995,2026-08-18T15:20:56.771814+00:00,pix,477.59,False
99-trace-0013452,2026-08-18T15:20:56.803577+00:00,site_latency,252.47,False
99-trace-0021660,2026-08-18T15:20:57.119082+00:00,api_generic,221.44,False
99-trace-0021661,2026-08-18T15:20:57.135687+00:00,api_generic,77.92,False
99-trace-0006592,2026-08-18T15:20:57.191557+00:00,checkout,177.46,False
99-trace-0013455,2026-08-18T15:20:57.227537+00:00,site_latency,98.39,False
99-trace-0021666,2026-08-18T15:20:57.661042+00:00,api_generic,50.65,False
99-trace-0006596,2026-08-18T15:20:58.230929+00:00,checkout,1225.7,True
99-trace-0013460,2026-08-18T15:20:58.233937+00:00,site_latency,281.39,False
99-trace-0021671,2026-08-18T15:20:59.012133+00:00,api_generic,120.06,False
99-trace-0013469,2026-08-18T15:20:59.819484+00:00,site_latency,256.29,False
99-trace-0002004,2026-08-18T15:21:00.150623+00:00,pix,235.17,False
99-trace-0013474,2026-08-18T15:21:00.580710+00:00,site_latency,87.98,False
99-trace-0013476,2026-08-18T15:21:00.740025+00:00,site_latency,220.45,False
99-trace-0021676,2026-08-18T15:21:00.896846+00:00,api_generic,189.9,True
99-trace-0021683,2026-08-18T15:21:01.444085+00:00,api_generic,432.48,False
99-trace-0006603,2026-08-18T15:21:02.321645+00:00,checkout,1009.21,False
99-trace-0021689,2026-08-18T15:21:02.805239+00:00,api_generic,38.57,False
99-trace-0013492,2026-08-18T15:21:03.031023+00:00,site_latency,115.38,False
99-trace-0013494,2026-08-18T15:21:03.303889+00:00,site_latency,135.35,False
99-trace-0002011,2026-08-18T15:21:03.461928+00:00,pix,178.88,False
99-trace-0021694,2026-08-18T15:21:03.497407+00:00,api_generic,62.63,False
99-trace-0002012,2026-08-18T15:21:03.913495+00:00,pix,258.93,False
99-trace-0021698,2026-08-18T15:21:04.310217+00:00,api_generic,125.09,False
99-trace-0002014,2026-08-18T15:21:04.323597+00:00,pix,91.77,False
99-trace-0013496,2026-08-18T15:21:04.329694+00:00,site_latency,225.64,False
99-trace-0013501,2026-08-18T15:21:04.610006+00:00,site_latency,659.54,False
99-trace-0021706,2026-08-18T15:21:06.320137+00:00,api_generic,103.59,False
99-trace-0002020,2026-08-18T15:21:06.509634+00:00,pix,110.78,False
99-trace-0021708,2026-08-18T15:21:06.667929+00:00,api_generic,50.28,False
99-trace-0006610,2026-08-18T15:21:06.682784+00:00,checkout,187.01,False
99-trace-0013516,2026-08-18T15:21:06.717185+00:00,site_latency,612.19,False
99-trace-0006612,2026-08-18T15:21:07.446034+00:00,checkout,1754.76,False
99-trace-0013521,2026-08-18T15:21:07.543467+00:00,site_latency,380.03,True
99-trace-0013522,2026-08-18T15:21:07.720313+00:00,site_latency,216.72,False
99-trace-0006619,2026-08-18T15:21:09.174598+00:00,checkout,258.39,False
99-trace-0021722,2026-08-18T15:21:09.454010+00:00,api_generic,42.82,False
99-trace-0013532,2026-08-18T15:21:09.702409+00:00,site_latency,207.56,False
99-trace-0006620,2026-08-18T15:21:09.823458+00:00,checkout,270.34,False
99-trace-0002027,2026-08-18T15:21:10.019828+00:00,pix,232.84,False
99-trace-0021724,2026-08-18T15:21:10.310910+00:00,api_generic,143.59,False
99-trace-0002029,2026-08-18T15:21:10.797728+00:00,pix,324.71,True
99-trace-0002030,2026-08-18T15:21:10.881755+00:00,pix,199.33,False
99-trace-0013536,2026-08-18T15:21:11.099033+00:00,site_latency,984.82,False
99-trace-0021728,2026-08-18T15:21:11.182390+00:00,api_generic,20.78,False
99-trace-0002032,2026-08-18T15:21:11.350072+00:00,pix,237.61,False
99-trace-0006626,2026-08-18T15:21:11.466886+00:00,checkout,461.69,False
99-trace-0002034,2026-08-18T15:21:11.838159+00:00,pix,166.75,False
99-trace-0006628,2026-08-18T15:21:11.869503+00:00,checkout,319.69,False
99-trace-0021734,2026-08-18T15:21:12.449467+00:00,api_generic,120.52,False
99-trace-0006629,2026-08-18T15:21:12.489914+00:00,checkout,206.29,False
99-trace-0006630,2026-08-18T15:21:13.106570+00:00,checkout,232.71,False
99-trace-0002036,2026-08-18T15:21:13.448697+00:00,pix,91.89,False
99-trace-0021738,2026-08-18T15:21:13.468980+00:00,api_generic,254.7,False
99-trace-0013545,2026-08-18T15:21:13.678780+00:00,site_latency,1080.51,False
99-trace-0006633,2026-08-18T15:21:13.765419+00:00,checkout,220.12,False
99-trace-0013546,2026-08-18T15:21:13.915157+00:00,site_latency,119.92,False
99-trace-0021743,2026-08-18T15:21:14.100794+00:00,api_generic,88.51,False
99-trace-0013553,2026-08-18T15:21:14.637847+00:00,site_latency,234.58,False
99-trace-0013554,2026-08-18T15:21:15.253381+00:00,site_latency,347.34,False
99-trace-0021749,2026-08-18T15:21:15.613059+00:00,api_generic,67.61,False
99-trace-0013558,2026-08-18T15:21:16.042311+00:00,site_latency,493.31,False
99-trace-0013559,2026-08-18T15:21:16.045364+00:00,site_latency,1001.46,False
99-trace-0021752,2026-08-18T15:21:16.087148+00:00,api_generic,89.83,True
99-trace-0013560,2026-08-18T15:21:16.288574+00:00,site_latency,168.18,False
99-trace-0006637,2026-08-18T15:21:16.338703+00:00,checkout,766.79,False
99-trace-0013562,2026-08-18T15:21:16.391887+00:00,site_latency,117.23,False
99-trace-0021755,2026-08-18T15:21:16.425712+00:00,api_generic,93.26,False
99-trace-0021757,2026-08-18T15:21:16.757569+00:00,api_generic,97.89,False
99-trace-0013563,2026-08-18T15:21:16.793424+00:00,site_latency,183.37,False
99-trace-0021771,2026-08-18T15:21:19.506021+00:00,api_generic,157.21,False
99-trace-0006653,2026-08-18T15:21:20.407631+00:00,checkout,418.6,False
99-trace-0006657,2026-08-18T15:21:21.779153+00:00,checkout,195.43,False
99-trace-0021781,2026-08-18T15:21:21.923600+00:00,api_generic,374.18,True
99-trace-0013584,2026-08-18T15:21:23.062857+00:00,site_latency,169.98,False
99-trace-0021784,2026-08-18T15:21:23.268830+00:00,api_generic,108.05,False
99-trace-0021785,2026-08-18T15:21:23.386890+00:00,api_generic,269.32,False
99-trace-0006660,2026-08-18T15:21:23.387975+00:00,checkout,471.99,False
99-trace-0021787,2026-08-18T15:21:23.721603+00:00,api_generic,133.47,False
99-trace-0021788,2026-08-18T15:21:23.957817+00:00,api_generic,100.11,False
99-trace-0021790,2026-08-18T15:21:24.328461+00:00,api_generic,88.19,False
99-trace-0021793,2026-08-18T15:21:24.429586+00:00,api_generic,44.26,False
99-trace-0013596,2026-08-18T15:21:24.737918+00:00,site_latency,258.33,False
99-trace-0013602,2026-08-18T15:21:25.567135+00:00,site_latency,214.25,False
99-trace-0013606,2026-08-18T15:21:26.243482+00:00,site_latency,355.47,False
99-trace-0013608,2026-08-18T15:21:26.856234+00:00,site_latency,138.78,False
99-trace-0013611,2026-08-18T15:21:27.061526+00:00,site_latency,211.8,False
99-trace-0002060,2026-08-18T15:21:27.125119+00:00,pix,61.02,False
99-trace-0021801,2026-08-18T15:21:27.273039+00:00,api_generic,148.84,False
99-trace-0002061,2026-08-18T15:21:27.545231+00:00,pix,249.34,False
99-trace-0006668,2026-08-18T15:21:27.615679+00:00,checkout,207.65,False
99-trace-0013617,2026-08-18T15:21:28.014114+00:00,site_latency,524.9,False
99-trace-0013620,2026-08-18T15:21:28.183611+00:00,site_latency,319.6,False
99-trace-0002064,2026-08-18T15:21:28.606609+00:00,pix,170.85,False
99-trace-0021806,2026-08-18T15:21:28.807895+00:00,api_generic,100.2,False
99-trace-0013624,2026-08-18T15:21:28.883190+00:00,site_latency,403.3,False
99-trace-0021809,2026-08-18T15:21:29.570762+00:00,api_generic,60.63,False
99-trace-0021811,2026-08-18T15:21:30.170786+00:00,api_generic,240.64,False
99-trace-0002072,2026-08-18T15:21:31.461352+00:00,pix,111.99,False
99-trace-0021815,2026-08-18T15:21:32.013070+00:00,api_generic,313.23,False
99-trace-0013636,2026-08-18T15:21:32.037506+00:00,site_latency,960.77,False
99-trace-0021817,2026-08-18T15:21:32.184668+00:00,api_generic,168.52,True
99-trace-0021818,2026-08-18T15:21:32.262234+00:00,api_generic,104.28,False
99-trace-0021819,2026-08-18T15:21:32.434870+00:00,api_generic,76.74,False
99-trace-0006682,2026-08-18T15:21:32.531625+00:00,checkout,472.01,False
99-trace-0006683,2026-08-18T15:21:32.617035+00:00,checkout,795.56,False
99-trace-0002075,2026-08-18T15:21:32.724473+00:00,pix,120.02,False
99-trace-0013641,2026-08-18T15:21:32.874929+00:00,site_latency,64.47,False
99-trace-0021824,2026-08-18T15:21:33.794857+00:00,api_generic,101.36,False
99-trace-0013651,2026-08-18T15:21:34.930827+00:00,site_latency,246.04,False
99-trace-0002081,2026-08-18T15:21:35.477693+00:00,pix,586.47,False
99-trace-0013659,2026-08-18T15:21:35.796954+00:00,site_latency,164.94,False
99-trace-0006698,2026-08-18T15:21:36.380281+00:00,checkout,534.54,False
99-trace-0013662,2026-08-18T15:21:36.468512+00:00,site_latency,169.67,False
99-trace-0013663,2026-08-18T15:21:36.478320+00:00,site_latency,168.34,False
99-trace-0006700,2026-08-18T15:21:36.878894+00:00,checkout,222.57,False
99-trace-0002084,2026-08-18T15:21:36.903756+00:00,pix,795.42,False
99-trace-0013667,2026-08-18T15:21:37.163290+00:00,site_latency,1049.19,False
99-trace-0013668,2026-08-18T15:21:37.287575+00:00,site_latency,183.38,False
99-trace-0006701,2026-08-18T15:21:37.418200+00:00,checkout,400.94,False
99-trace-0013670,2026-08-18T15:21:37.531192+00:00,site_latency,613.61,False
99-trace-0021832,2026-08-18T15:21:37.597859+00:00,api_generic,170.85,False
99-trace-0013673,2026-08-18T15:21:37.918856+00:00,site_latency,313.8,False
99-trace-0013676,2026-08-18T15:21:38.394389+00:00,site_latency,624.45,False
99-trace-0021836,2026-08-18T15:21:39.098861+00:00,api_generic,81.35,False
99-trace-0013680,2026-08-18T15:21:39.305155+00:00,site_latency,100.84,False
99-trace-0013682,2026-08-18T15:21:39.870293+00:00,site_latency,563.88,False
99-trace-0021844,2026-08-18T15:21:40.586790+00:00,api_generic,492.82,False
99-trace-0021847,2026-08-18T15:21:40.745549+00:00,api_generic,77.01,False
99-trace-0021850,2026-08-18T15:21:41.353119+00:00,api_generic,269.12,False
99-trace-0021851,2026-08-18T15:21:41.602649+00:00,api_generic,241.9,False
99-trace-0013694,2026-08-18T15:21:42.200519+00:00,site_latency,58.71,False
99-trace-0021855,2026-08-18T15:21:42.288810+00:00,api_generic,156.29,False
99-trace-0006720,2026-08-18T15:21:42.772301+00:00,checkout,1137.42,False
99-trace-0013697,2026-08-18T15:21:42.816481+00:00,site_latency,123.66,False
99-trace-0002094,2026-08-18T15:21:42.849616+00:00,pix,87.05,False
99-trace-0013699,2026-08-18T15:21:43.106577+00:00,site_latency,512.99,False
99-trace-0006724,2026-08-18T15:21:43.508301+00:00,checkout,465.76,False
99-trace-0013703,2026-08-18T15:21:43.973165+00:00,site_latency,240.12,False
99-trace-0013704,2026-08-18T15:21:43.998030+00:00,site_latency,299.94,False
99-trace-0021866,2026-08-18T15:21:45.563930+00:00,api_generic,42.86,False
99-trace-0013712,2026-08-18T15:21:45.646014+00:00,site_latency,218.25,False
99-trace-0002097,2026-08-18T15:21:45.884023+00:00,pix,135.02,False
99-trace-0013713,2026-08-18T15:21:46.303517+00:00,site_latency,86.29,False
99-trace-0006728,2026-08-18T15:21:46.347091+00:00,checkout,175.97,False
99-trace-0013719,2026-08-18T15:21:47.899640+00:00,site_latency,576.6,False
99-trace-0013720,2026-08-18T15:21:47.914085+00:00,site_latency,407.02,False
99-trace-0013721,2026-08-18T15:21:47.973186+00:00,site_latency,540.53,True
99-trace-0006733,2026-08-18T15:21:48.349443+00:00,checkout,754.63,False
99-trace-0013723,2026-08-18T15:21:48.479838+00:00,site_latency,218.01,False
99-trace-0021880,2026-08-18T15:21:49.181346+00:00,api_generic,252.51,True
99-trace-0013730,2026-08-18T15:21:49.249074+00:00,site_latency,173.73,False
99-trace-0013731,2026-08-18T15:21:49.612942+00:00,site_latency,106.89,False
99-trace-0002107,2026-08-18T15:21:49.655109+00:00,pix,80.49,False
99-trace-0021881,2026-08-18T15:21:49.793186+00:00,api_generic,85.51,False
99-trace-0021883,2026-08-18T15:21:50.556170+00:00,api_generic,294.37,False
99-trace-0002113,2026-08-18T15:21:50.781661+00:00,pix,70.31,False
99-trace-0002114,2026-08-18T15:21:50.821521+00:00,pix,254.15,False
99-trace-0021887,2026-08-18T15:21:51.083702+00:00,api_generic,277.56,False
99-trace-0013738,2026-08-18T15:21:51.241118+00:00,site_latency,206.25,False
99-trace-0002118,2026-08-18T15:21:52.817883+00:00,pix,63.12,False
99-trace-0021892,2026-08-18T15:21:53.147769+00:00,api_generic,41.21,False
99-trace-0002119,2026-08-18T15:21:53.373741+00:00,pix,76.94,False
99-trace-0021896,2026-08-18T15:21:53.733772+00:00,api_generic,64.83,False
99-trace-0002121,2026-08-18T15:21:53.797399+00:00,pix,136.66,False
99-trace-0006746,2026-08-18T15:21:53.849028+00:00,checkout,896.61,False
99-trace-0002122,2026-08-18T15:21:53.942327+00:00,pix,151.39,False
99-trace-0021898,2026-08-18T15:21:54.317433+00:00,api_generic,104.48,False
99-trace-0006747,2026-08-18T15:21:54.426842+00:00,checkout,331.68,False
99-trace-0013751,2026-08-18T15:21:54.673888+00:00,site_latency,80.89,False
99-trace-0013753,2026-08-18T15:21:54.990912+00:00,site_latency,500.03,False
99-trace-0013755,2026-08-18T15:21:55.217386+00:00,site_latency,887.63,False
99-trace-0021902,2026-08-18T15:21:55.468765+00:00,api_generic,171.5,False
99-trace-0006754,2026-08-18T15:21:56.591312+00:00,checkout,234.66,False
99-trace-0002126,2026-08-18T15:21:56.820556+00:00,pix,61.27,False
99-trace-0013773,2026-08-18T15:21:57.690107+00:00,site_latency,300.93,False
99-trace-0006756,2026-08-18T15:21:57.701029+00:00,checkout,336.57,False
99-trace-0021913,2026-08-18T15:21:58.447807+00:00,api_generic,112.88,False
99-trace-0002130,2026-08-18T15:21:58.618187+00:00,pix,428.7,False
99-trace-0021917,2026-08-18T15:21:58.687180+00:00,api_generic,162.68,False
99-trace-0021919,2026-08-18T15:21:58.841252+00:00,api_generic,114.28,False
99-trace-0013781,2026-08-18T15:21:58.917850+00:00,site_latency,883.39,False
99-trace-0013782,2026-08-18T15:21:58.946312+00:00,site_latency,120.33,False
99-trace-0013785,2026-08-18T15:21:59.342331+00:00,site_latency,49.69,False
99-trace-0013787,2026-08-18T15:21:59.522687+00:00,site_latency,82.12,False
99-trace-0013789,2026-08-18T15:22:00.586919+00:00,site_latency,281.79,False
99-trace-0013791,2026-08-18T15:22:00.655132+00:00,site_latency,125.69,False
99-trace-0021928,2026-08-18T15:22:01.071909+00:00,api_generic,98.27,False
99-trace-0021930,2026-08-18T15:22:01.213078+00:00,api_generic,88.94,False
99-trace-0002136,2026-08-18T15:22:01.232333+00:00,pix,868.41,False
99-trace-0002137,2026-08-18T15:22:01.430720+00:00,pix,362.6,False
99-trace-0021931,2026-08-18T15:22:01.652956+00:00,api_generic,1286.91,False
99-trace-0013797,2026-08-18T15:22:02.508716+00:00,site_latency,226.0,False
99-trace-0006765,2026-08-18T15:22:03.042233+00:00,checkout,1960.49,False
99-trace-0021938,2026-08-18T15:22:03.425564+00:00,api_generic,140.08,False
99-trace-0013804,2026-08-18T15:22:03.429756+00:00,site_latency,1195.5,False
99-trace-0013806,2026-08-18T15:22:03.848882+00:00,site_latency,804.72,False
99-trace-0013808,2026-08-18T15:22:04.096696+00:00,site_latency,210.67,False
99-trace-0013809,2026-08-18T15:22:04.106057+00:00,site_latency,125.18,False
99-trace-0013812,2026-08-18T15:22:05.290369+00:00,site_latency,97.11,False
99-trace-0021948,2026-08-18T15:22:05.674655+00:00,api_generic,65.6,False
99-trace-0021949,2026-08-18T15:22:05.850088+00:00,api_generic,117.51,True
99-trace-0021950,2026-08-18T15:22:06.073980+00:00,api_generic,39.21,False
99-trace-0021952,2026-08-18T15:22:06.167503+00:00,api_generic,157.84,True
99-trace-0021956,2026-08-18T15:22:06.716340+00:00,api_generic,29.65,False
99-trace-0006771,2026-08-18T15:22:07.698240+00:00,checkout,431.66,False
99-trace-0013826,2026-08-18T15:22:07.784105+00:00,site_latency,242.51,False
99-trace-0013829,2026-08-18T15:22:08.306841+00:00,site_latency,495.29,False
99-trace-0006775,2026-08-18T15:22:08.734659+00:00,checkout,506.71,False
99-trace-0021966,2026-08-18T15:22:09.592259+00:00,api_generic,74.04,False
99-trace-0013840,2026-08-18T15:22:09.731391+00:00,site_latency,522.13,False
99-trace-0006778,2026-08-18T15:22:10.635238+00:00,checkout,458.56,False
99-trace-0013846,2026-08-18T15:22:10.679147+00:00,site_latency,124.84,False
99-trace-0006780,2026-08-18T15:22:10.905292+00:00,checkout,973.07,False
99-trace-0021972,2026-08-18T15:22:10.971177+00:00,api_generic,109.97,False
99-trace-0021973,2026-08-18T15:22:10.989821+00:00,api_generic,74.14,False
99-trace-0021974,2026-08-18T15:22:10.994978+00:00,api_generic,85.83,False
99-trace-0006781,2026-08-18T15:22:11.201299+00:00,checkout,333.97,False
99-trace-0013848,2026-08-18T15:22:11.221648+00:00,site_latency,410.96,False
99-trace-0006784,2026-08-18T15:22:12.302164+00:00,checkout,242.17,False
99-trace-0002160,2026-08-18T15:22:12.870990+00:00,pix,217.0,False
99-trace-0013856,2026-08-18T15:22:13.275696+00:00,site_latency,147.06,False
99-trace-0002161,2026-08-18T15:22:13.505322+00:00,pix,107.54,False
99-trace-0006791,2026-08-18T15:22:14.128614+00:00,checkout,123.27,False
99-trace-0006794,2026-08-18T15:22:15.016127+00:00,checkout,372.82,False
99-trace-0021988,2026-08-18T15:22:15.485045+00:00,api_generic,38.74,False
99-trace-0013870,2026-08-18T15:22:15.779532+00:00,site_latency,177.32,False
99-trace-0021998,2026-08-18T15:22:17.510097+00:00,api_generic,35.83,False
99-trace-0021999,2026-08-18T15:22:17.638302+00:00,api_generic,347.26,False
99-trace-0002167,2026-08-18T15:22:18.002568+00:00,pix,571.61,False
99-trace-0006801,2026-08-18T15:22:18.029966+00:00,checkout,277.46,False
99-trace-0013880,2026-08-18T15:22:18.079319+00:00,site_latency,75.61,False
99-trace-0006802,2026-08-18T15:22:18.162365+00:00,checkout,603.22,True
99-trace-0006804,2026-08-18T15:22:18.730839+00:00,checkout,309.95,False
99-trace-0002170,2026-08-18T15:22:19.439383+00:00,pix,116.49,False
99-trace-0013886,2026-08-18T15:22:19.822887+00:00,site_latency,47.92,False
99-trace-0022011,2026-08-18T15:22:19.882983+00:00,api_generic,239.37,False
99-trace-0013891,2026-08-18T15:22:20.471032+00:00,site_latency,2030.98,False
99-trace-0022015,2026-08-18T15:22:20.636640+00:00,api_generic,171.51,True
99-trace-0013905,2026-08-18T15:22:22.951849+00:00,site_latency,188.43,False
99-trace-0002179,2026-08-18T15:22:23.254128+00:00,pix,120.18,True
99-trace-0002180,2026-08-18T15:22:23.709670+00:00,pix,126.72,False
99-trace-0013914,2026-08-18T15:22:24.399319+00:00,site_latency,262.31,False
99-trace-0013915,2026-08-18T15:22:24.767639+00:00,site_latency,205.54,False
99-trace-0013916,2026-08-18T15:22:24.885651+00:00,site_latency,329.43,False
99-trace-0002183,2026-08-18T15:22:25.321982+00:00,pix,113.97,False
99-trace-0013921,2026-08-18T15:22:25.514098+00:00,site_latency,181.45,False
99-trace-0022039,2026-08-18T15:22:25.618038+00:00,api_generic,289.24,False
99-trace-0013926,2026-08-18T15:22:26.438983+00:00,site_latency,189.22,False
99-trace-0013930,2026-08-18T15:22:27.509421+00:00,site_latency,83.25,False
99-trace-0013931,2026-08-18T15:22:27.626271+00:00,site_latency,166.84,False
99-trace-0013932,2026-08-18T15:22:27.962313+00:00,site_latency,275.49,False
99-trace-0022046,2026-08-18T15:22:28.484177+00:00,api_generic,66.29,False
99-trace-0002192,2026-08-18T15:22:28.755997+00:00,pix,107.53,False
99-trace-0022048,2026-08-18T15:22:28.820046+00:00,api_generic,57.01,False
99-trace-0022050,2026-08-18T15:22:29.336034+00:00,api_generic,486.53,False
99-trace-0002194,2026-08-18T15:22:29.745340+00:00,pix,125.23,False
99-trace-0006826,2026-08-18T15:22:29.932206+00:00,checkout,128.2,False
99-trace-0013941,2026-08-18T15:22:29.969548+00:00,site_latency,188.79,False
99-trace-0022053,2026-08-18T15:22:30.013479+00:00,api_generic,145.26,False
99-trace-0002195,2026-08-18T15:22:30.141156+00:00,pix,96.21,False
99-trace-0013942,2026-08-18T15:22:30.420523+00:00,site_latency,322.11,False
99-trace-0022055,2026-08-18T15:22:30.435169+00:00,api_generic,80.57,False
99-trace-0013944,2026-08-18T15:22:30.528962+00:00,site_latency,598.19,False
99-trace-0013945,2026-08-18T15:22:30.533168+00:00,site_latency,142.42,False
99-trace-0013951,2026-08-18T15:22:32.021149+00:00,site_latency,132.66,False
99-trace-0013954,2026-08-18T15:22:32.560890+00:00,site_latency,112.44,False
99-trace-0006829,2026-08-18T15:22:32.796644+00:00,checkout,191.53,False
99-trace-0022063,2026-08-18T15:22:32.884363+00:00,api_generic,380.35,False
99-trace-0013957,2026-08-18T15:22:33.543349+00:00,site_latency,48.46,False
99-trace-0022066,2026-08-18T15:22:34.385880+00:00,api_generic,120.5,False
99-trace-0006834,2026-08-18T15:22:34.640043+00:00,checkout,584.34,False
99-trace-0022069,2026-08-18T15:22:34.943034+00:00,api_generic,255.8,False
99-trace-0013966,2026-08-18T15:22:35.037269+00:00,site_latency,116.66,False
99-trace-0013968,2026-08-18T15:22:35.664152+00:00,site_latency,576.5,False
99-trace-0006838,2026-08-18T15:22:35.874655+00:00,checkout,1780.96,False
99-trace-0002202,2026-08-18T15:22:36.217767+00:00,pix,64.5,False
99-trace-0002204,2026-08-18T15:22:36.566872+00:00,pix,102.58,False
99-trace-0006841,2026-08-18T15:22:36.905422+00:00,checkout,228.43,False
99-trace-0002208,2026-08-18T15:22:37.875061+00:00,pix,78.53,False
99-trace-0006846,2026-08-18T15:22:38.872182+00:00,checkout,851.09,False
99-trace-0002211,2026-08-18T15:22:38.952772+00:00,pix,101.58,False
99-trace-0006848,2026-08-18T15:22:39.079528+00:00,checkout,208.71,False
99-trace-0013984,2026-08-18T15:22:39.502075+00:00,site_latency,152.72,False
99-trace-0013986,2026-08-18T15:22:39.691335+00:00,site_latency,309.72,False
99-trace-0013988,2026-08-18T15:22:39.875597+00:00,site_latency,350.72,False
99-trace-0013991,2026-08-18T15:22:40.122202+00:00,site_latency,119.7,False
99-trace-0002214,2026-08-18T15:22:40.147100+00:00,pix,112.92,False
99-trace-0013994,2026-08-18T15:22:40.364478+00:00,site_latency,216.39,False
99-trace-0013996,2026-08-18T15:22:40.607005+00:00,site_latency,509.65,False
99-trace-0014004,2026-08-18T15:22:42.308842+00:00,site_latency,125.54,False
99-trace-0002218,2026-08-18T15:22:42.386974+00:00,pix,153.96,False
99-trace-0014006,2026-08-18T15:22:42.523766+00:00,site_latency,730.82,False
99-trace-0006859,2026-08-18T15:22:43.468274+00:00,checkout,300.65,False
99-trace-0022091,2026-08-18T15:22:43.959857+00:00,api_generic,85.47,False
99-trace-0014013,2026-08-18T15:22:44.978350+00:00,site_latency,478.45,False
99-trace-0002223,2026-08-18T15:22:45.083738+00:00,pix,88.11,False
99-trace-0014017,2026-08-18T15:22:45.462319+00:00,site_latency,572.41,False
99-trace-0014022,2026-08-18T15:22:46.287786+00:00,site_latency,308.5,False
99-trace-0002227,2026-08-18T15:22:46.619009+00:00,pix,139.28,False
99-trace-0006868,2026-08-18T15:22:46.727719+00:00,checkout,297.54,False
99-trace-0022098,2026-08-18T15:22:47.067013+00:00,api_generic,65.88,False
99-trace-0006870,2026-08-18T15:22:47.128872+00:00,checkout,593.86,False
99-trace-0022099,2026-08-18T15:22:47.243405+00:00,api_generic,81.3,False
99-trace-0014030,2026-08-18T15:22:47.408879+00:00,site_latency,1678.87,False
99-trace-0002231,2026-08-18T15:22:48.639627+00:00,pix,82.24,False
99-trace-0006873,2026-08-18T15:22:48.764685+00:00,checkout,177.54,False
99-trace-0022104,2026-08-18T15:22:48.999445+00:00,api_generic,141.87,False
99-trace-0002232,2026-08-18T15:22:49.539810+00:00,pix,222.1,False
99-trace-0006880,2026-08-18T15:22:50.145307+00:00,checkout,261.26,False
99-trace-0022110,2026-08-18T15:22:50.732985+00:00,api_generic,418.1,True
99-trace-0002234,2026-08-18T15:22:50.989288+00:00,pix,264.13,False
99-trace-0014052,2026-08-18T15:22:51.140214+00:00,site_latency,531.17,False
99-trace-0014055,2026-08-18T15:22:51.274423+00:00,site_latency,146.62,False
99-trace-0002236,2026-08-18T15:22:51.832704+00:00,pix,113.39,False
99-trace-0014060,2026-08-18T15:22:52.160941+00:00,site_latency,551.56,False
99-trace-0022117,2026-08-18T15:22:52.253490+00:00,api_generic,65.56,False
99-trace-0014061,2026-08-18T15:22:52.765013+00:00,site_latency,210.69,False
99-trace-0022122,2026-08-18T15:22:52.781962+00:00,api_generic,102.14,False
99-trace-0022126,2026-08-18T15:22:53.914215+00:00,api_generic,68.36,False
99-trace-0006899,2026-08-18T15:22:54.965348+00:00,checkout,319.06,False
99-trace-0022132,2026-08-18T15:22:55.264581+00:00,api_generic,94.24,False
99-trace-0006903,2026-08-18T15:22:55.446437+00:00,checkout,208.87,False
99-trace-0022133,2026-08-18T15:22:55.552287+00:00,api_generic,66.61,False
99-trace-0006904,2026-08-18T15:22:55.904789+00:00,checkout,3673.72,False
99-trace-0014076,2026-08-18T15:22:56.969786+00:00,site_latency,1076.59,False
99-trace-0006907,2026-08-18T15:22:57.003945+00:00,checkout,1808.65,False
99-trace-0014078,2026-08-18T15:22:57.392645+00:00,site_latency,55.28,False
99-trace-0014084,2026-08-18T15:22:58.364861+00:00,site_latency,218.0,False
99-trace-0022146,2026-08-18T15:22:58.949640+00:00,api_generic,38.38,False
99-trace-0014087,2026-08-18T15:22:59.062135+00:00,site_latency,78.61,False
99-trace-0002252,2026-08-18T15:22:59.401007+00:00,pix,97.05,False
99-trace-0014094,2026-08-18T15:22:59.972661+00:00,site_latency,266.25,False
99-trace-0022151,2026-08-18T15:22:59.981245+00:00,api_generic,136.57,False
99-trace-0014097,2026-08-18T15:23:00.705226+00:00,site_latency,210.81,False
99-trace-0014100,2026-08-18T15:23:01.425129+00:00,site_latency,1222.2,False
99-trace-0014101,2026-08-18T15:23:01.609652+00:00,site_latency,1050.92,False
99-trace-0002260,2026-08-18T15:23:01.775127+00:00,pix,120.31,False
99-trace-0002261,2026-08-18T15:23:02.765860+00:00,pix,159.55,False
99-trace-0006916,2026-08-18T15:23:02.811617+00:00,checkout,153.08,False
99-trace-0006917,2026-08-18T15:23:03.071413+00:00,checkout,267.65,False
99-trace-0022168,2026-08-18T15:23:03.987793+00:00,api_generic,94.28,False
99-trace-0022170,2026-08-18T15:23:04.831768+00:00,api_generic,39.19,False
99-trace-0014117,2026-08-18T15:23:05.154718+00:00,site_latency,3242.66,False
99-trace-0006923,2026-08-18T15:23:06.078455+00:00,checkout,242.62,False
99-trace-0006926,2026-08-18T15:23:06.381018+00:00,checkout,315.1,False
99-trace-0014126,2026-08-18T15:23:07.548026+00:00,site_latency,153.62,False
99-trace-0002267,2026-08-18T15:23:07.883318+00:00,pix,209.44,False
99-trace-0022186,2026-08-18T15:23:08.688640+00:00,api_generic,81.36,False
99-trace-0022187,2026-08-18T15:23:08.725714+00:00,api_generic,738.9,False
99-trace-0022190,2026-08-18T15:23:09.316876+00:00,api_generic,255.35,False
99-trace-0002271,2026-08-18T15:23:09.511088+00:00,pix,288.97,False
99-trace-0014136,2026-08-18T15:23:09.527694+00:00,site_latency,163.17,False
99-trace-0022191,2026-08-18T15:23:09.531618+00:00,api_generic,101.89,False
99-trace-0006936,2026-08-18T15:23:09.590777+00:00,checkout,556.6,False
99-trace-0014137,2026-08-18T15:23:09.653722+00:00,site_latency,168.84,False
99-trace-0014139,2026-08-18T15:23:09.838652+00:00,site_latency,199.3,False
99-trace-0014141,2026-08-18T15:23:10.013727+00:00,site_latency,207.07,False
99-trace-0006939,2026-08-18T15:23:10.420254+00:00,checkout,290.17,False
99-trace-0006942,2026-08-18T15:23:11.167985+00:00,checkout,776.08,False
99-trace-0022199,2026-08-18T15:23:11.519890+00:00,api_generic,95.48,False
99-trace-0002280,2026-08-18T15:23:12.506594+00:00,pix,242.21,False
99-trace-0022210,2026-08-18T15:23:13.079797+00:00,api_generic,90.88,False
99-trace-0014150,2026-08-18T15:23:13.440786+00:00,site_latency,584.16,False
99-trace-0002283,2026-08-18T15:23:14.127992+00:00,pix,78.08,False
99-trace-0022218,2026-08-18T15:23:14.473697+00:00,api_generic,62.7,False
99-trace-0014161,2026-08-18T15:23:16.184995+00:00,site_latency,577.39,False
99-trace-0014162,2026-08-18T15:23:16.291239+00:00,site_latency,1238.66,False
99-trace-0014164,2026-08-18T15:23:16.741375+00:00,site_latency,101.11,False
99-trace-0002289,2026-08-18T15:23:16.899527+00:00,pix,70.51,False
99-trace-0022224,2026-08-18T15:23:16.962753+00:00,api_generic,244.39,False
99-trace-0014168,2026-08-18T15:23:17.307394+00:00,site_latency,175.11,False
99-trace-0014169,2026-08-18T15:23:17.435057+00:00,site_latency,245.03,False
99-trace-0022227,2026-08-18T15:23:17.441693+00:00,api_generic,77.28,False
99-trace-0006953,2026-08-18T15:23:17.910598+00:00,checkout,181.24,False
99-trace-0014173,2026-08-18T15:23:18.282481+00:00,site_latency,184.69,False
99-trace-0014175,2026-08-18T15:23:18.504257+00:00,site_latency,2293.75,False
99-trace-0002290,2026-08-18T15:23:19.385782+00:00,pix,109.73,False
99-trace-0002291,2026-08-18T15:23:19.751984+00:00,pix,56.4,False
99-trace-0022234,2026-08-18T15:23:20.332842+00:00,api_generic,107.9,False
99-trace-0014191,2026-08-18T15:23:20.800418+00:00,site_latency,71.66,False
99-trace-0006957,2026-08-18T15:23:20.981138+00:00,checkout,260.09,False
99-trace-0022235,2026-08-18T15:23:21.025048+00:00,api_generic,123.16,False
99-trace-0022238,2026-08-18T15:23:21.267785+00:00,api_generic,128.27,False
99-trace-0014195,2026-08-18T15:23:21.472068+00:00,site_latency,520.88,False
99-trace-0022239,2026-08-18T15:23:21.643298+00:00,api_generic,135.51,True
99-trace-0002295,2026-08-18T15:23:22.452780+00:00,pix,656.49,False
99-trace-0006965,2026-08-18T15:23:22.780954+00:00,checkout,904.07,False
99-trace-0002296,2026-08-18T15:23:22.975310+00:00,pix,508.66,False
99-trace-0006966,2026-08-18T15:23:23.001322+00:00,checkout,362.79,False
99-trace-0014203,2026-08-18T15:23:23.503141+00:00,site_latency,149.45,False
99-trace-0002301,2026-08-18T15:23:24.549396+00:00,pix,110.11,False
99-trace-0014215,2026-08-18T15:23:25.822221+00:00,site_latency,157.63,False
99-trace-0002306,2026-08-18T15:23:26.080024+00:00,pix,130.63,False
99-trace-0006974,2026-08-18T15:23:26.860582+00:00,checkout,448.06,False
99-trace-0022267,2026-08-18T15:23:27.359296+00:00,api_generic,265.3,False
99-trace-0014226,2026-08-18T15:23:27.585280+00:00,site_latency,116.3,False
99-trace-0014228,2026-08-18T15:23:27.707715+00:00,site_latency,344.31,False
99-trace-0006977,2026-08-18T15:23:28.045415+00:00,checkout,327.63,False
99-trace-0022274,2026-08-18T15:23:28.884679+00:00,api_generic,64.37,False
99-trace-0014232,2026-08-18T15:23:28.926243+00:00,site_latency,136.67,False
99-trace-0022276,2026-08-18T15:23:29.569741+00:00,api_generic,96.54,False
99-trace-0002310,2026-08-18T15:23:30.151488+00:00,pix,132.22,False
99-trace-0006981,2026-08-18T15:23:30.370835+00:00,checkout,1346.74,False
99-trace-0014248,2026-08-18T15:23:30.543006+00:00,site_latency,73.27,False
99-trace-0002311,2026-08-18T15:23:31.271910+00:00,pix,137.89,False
99-trace-0022289,2026-08-18T15:23:33.129343+00:00,api_generic,48.21,False
99-trace-0006994,2026-08-18T15:23:33.878374+00:00,checkout,734.67,False
99-trace-0002317,2026-08-18T15:23:33.941214+00:00,pix,101.42,False
99-trace-0014270,2026-08-18T15:23:34.453583+00:00,site_latency,114.32,False
99-trace-0006999,2026-08-18T15:23:34.674624+00:00,checkout,263.43,False
99-trace-0014273,2026-08-18T15:23:34.817903+00:00,site_latency,287.94,False
99-trace-0022299,2026-08-18T15:23:35.254260+00:00,api_generic,92.06,False
99-trace-0014280,2026-08-18T15:23:36.165387+00:00,site_latency,700.07,False
99-trace-0022303,2026-08-18T15:23:36.262543+00:00,api_generic,33.87,False
99-trace-0022305,2026-08-18T15:23:36.377799+00:00,api_generic,215.82,False
99-trace-0014281,2026-08-18T15:23:36.418684+00:00,site_latency,673.34,False
99-trace-0014285,2026-08-18T15:23:37.059643+00:00,site_latency,1619.39,False
99-trace-0014286,2026-08-18T15:23:37.140166+00:00,site_latency,143.93,False
99-trace-0014289,2026-08-18T15:23:37.538687+00:00,site_latency,265.6,False
99-trace-0002328,2026-08-18T15:23:37.849211+00:00,pix,98.61,False
99-trace-0002330,2026-08-18T15:23:38.336504+00:00,pix,181.1,False
99-trace-0014292,2026-08-18T15:23:38.342010+00:00,site_latency,75.71,False
99-trace-0014296,2026-08-18T15:23:38.749260+00:00,site_latency,1522.62,False
99-trace-0014299,2026-08-18T15:23:39.475658+00:00,site_latency,158.81,False
99-trace-0002333,2026-08-18T15:23:39.477057+00:00,pix,84.37,False
99-trace-0007006,2026-08-18T15:23:40.073955+00:00,checkout,279.1,False
99-trace-0022318,2026-08-18T15:23:40.888923+00:00,api_generic,299.99,True
99-trace-0002340,2026-08-18T15:23:41.365866+00:00,pix,190.03,False
99-trace-0014305,2026-08-18T15:23:41.410000+00:00,site_latency,142.23,False
99-trace-0002342,2026-08-18T15:23:41.640975+00:00,pix,46.81,False
99-trace-0002343,2026-08-18T15:23:41.865480+00:00,pix,103.38,False
99-trace-0002344,2026-08-18T15:23:43.177811+00:00,pix,148.82,False
99-trace-0022331,2026-08-18T15:23:43.671666+00:00,api_generic,81.37,False
99-trace-0022332,2026-08-18T15:23:43.852579+00:00,api_generic,66.88,False
99-trace-0014313,2026-08-18T15:23:43.982104+00:00,site_latency,339.93,False
99-trace-0014314,2026-08-18T15:23:44.299784+00:00,site_latency,271.0,False
99-trace-0022339,2026-08-18T15:23:45.268701+00:00,api_generic,128.73,False
99-trace-0002348,2026-08-18T15:23:45.375680+00:00,pix,146.07,False
99-trace-0014319,2026-08-18T15:23:45.573449+00:00,site_latency,313.22,False
99-trace-0014320,2026-08-18T15:23:45.627475+00:00,site_latency,351.29,False
99-trace-0022340,2026-08-18T15:23:45.669398+00:00,api_generic,58.74,False
99-trace-0022342,2026-08-18T15:23:45.722424+00:00,api_generic,35.26,False
99-trace-0022343,2026-08-18T15:23:46.220323+00:00,api_generic,66.36,False
99-trace-0007013,2026-08-18T15:23:46.254726+00:00,checkout,898.59,False
99-trace-0014321,2026-08-18T15:23:46.270690+00:00,site_latency,146.67,False
99-trace-0002350,2026-08-18T15:23:46.607544+00:00,pix,48.56,False
99-trace-0022346,2026-08-18T15:23:47.160946+00:00,api_generic,94.09,False
99-trace-0022349,2026-08-18T15:23:47.395619+00:00,api_generic,33.79,False
99-trace-0014324,2026-08-18T15:23:47.878709+00:00,site_latency,274.71,False
99-trace-0002354,2026-08-18T15:23:48.305886+00:00,pix,83.61,False
99-trace-0014330,2026-08-18T15:23:48.702877+00:00,site_latency,134.57,False
99-trace-0022360,2026-08-18T15:23:49.214538+00:00,api_generic,108.7,False
99-trace-0014343,2026-08-18T15:23:50.414505+00:00,site_latency,98.99,False
99-trace-0014349,2026-08-18T15:23:51.565021+00:00,site_latency,536.61,False
99-trace-0002364,2026-08-18T15:23:51.655499+00:00,pix,141.2,False
99-trace-0014353,2026-08-18T15:23:51.873261+00:00,site_latency,533.27,False
99-trace-0014357,2026-08-18T15:23:52.446561+00:00,site_latency,286.23,False
99-trace-0002370,2026-08-18T15:23:53.406722+00:00,pix,242.54,True
99-trace-0002371,2026-08-18T15:23:53.426711+00:00,pix,574.39,False
99-trace-0022372,2026-08-18T15:23:53.831663+00:00,api_generic,218.94,False
99-trace-0022373,2026-08-18T15:23:53.866378+00:00,api_generic,46.37,False
99-trace-0014367,2026-08-18T15:23:54.330235+00:00,site_latency,211.85,False
99-trace-0022374,2026-08-18T15:23:54.651727+00:00,api_generic,150.54,True
99-trace-0014369,2026-08-18T15:23:54.935130+00:00,site_latency,1003.48,False
99-trace-0014370,2026-08-18T15:23:54.947302+00:00,site_latency,725.77,False
99-trace-0002376,2026-08-18T15:23:55.142309+00:00,pix,506.51,True
99-trace-0014373,2026-08-18T15:23:55.633641+00:00,site_latency,336.63,False
99-trace-0007039,2026-08-18T15:23:55.770657+00:00,checkout,3646.63,False
99-trace-0014379,2026-08-18T15:23:56.289502+00:00,site_latency,64.93,False
99-trace-0014382,2026-08-18T15:23:56.807412+00:00,site_latency,218.08,False
99-trace-0007045,2026-08-18T15:23:57.235924+00:00,checkout,128.43,False
99-trace-0002383,2026-08-18T15:23:57.256004+00:00,pix,93.88,False
99-trace-0014383,2026-08-18T15:23:57.379025+00:00,site_latency,206.33,False
99-trace-0007046,2026-08-18T15:23:57.397121+00:00,checkout,934.25,False
99-trace-0022388,2026-08-18T15:23:58.254826+00:00,api_generic,51.23,False
99-trace-0007048,2026-08-18T15:23:58.613276+00:00,checkout,798.5,False
99-trace-0014391,2026-08-18T15:23:58.710788+00:00,site_latency,58.01,False
99-trace-0002388,2026-08-18T15:23:58.754597+00:00,pix,95.72,False
99-trace-0014393,2026-08-18T15:23:59.550550+00:00,site_latency,127.05,False
99-trace-0014397,2026-08-18T15:24:00.181352+00:00,site_latency,335.37,False
99-trace-0007052,2026-08-18T15:24:00.193497+00:00,checkout,243.43,False
99-trace-0002390,2026-08-18T15:24:00.816129+00:00,pix,86.49,False
99-trace-0022397,2026-08-18T15:24:00.911505+00:00,api_generic,106.62,False
99-trace-0022400,2026-08-18T15:24:01.039569+00:00,api_generic,133.48,False
99-trace-0014400,2026-08-18T15:24:01.418826+00:00,site_latency,549.38,False
99-trace-0022403,2026-08-18T15:24:01.518253+00:00,api_generic,437.66,False
99-trace-0007054,2026-08-18T15:24:01.604339+00:00,checkout,340.96,False
99-trace-0014406,2026-08-18T15:24:02.164508+00:00,site_latency,578.41,False
99-trace-0022406,2026-08-18T15:24:02.227030+00:00,api_generic,104.04,False
99-trace-0002399,2026-08-18T15:24:02.954674+00:00,pix,111.25,False
99-trace-0022410,2026-08-18T15:24:02.985511+00:00,api_generic,64.81,False
99-trace-0022415,2026-08-18T15:24:03.638091+00:00,api_generic,232.64,True
99-trace-0014415,2026-08-18T15:24:03.963564+00:00,site_latency,533.16,False
99-trace-0014416,2026-08-18T15:24:03.972819+00:00,site_latency,802.02,False
99-trace-0022418,2026-08-18T15:24:04.613031+00:00,api_generic,1608.72,False
99-trace-0014422,2026-08-18T15:24:05.266913+00:00,site_latency,126.06,False
99-trace-0014426,2026-08-18T15:24:05.819215+00:00,site_latency,377.69,False
99-trace-0007067,2026-08-18T15:24:05.884210+00:00,checkout,108.97,False
99-trace-0007068,2026-08-18T15:24:05.922489+00:00,checkout,765.7,False
99-trace-0022424,2026-08-18T15:24:06.097709+00:00,api_generic,879.84,False
99-trace-0007071,2026-08-18T15:24:06.423282+00:00,checkout,256.36,False
99-trace-0007072,2026-08-18T15:24:06.588100+00:00,checkout,1912.61,False
99-trace-0007073,2026-08-18T15:24:06.728178+00:00,checkout,933.44,False
99-trace-0022427,2026-08-18T15:24:06.926356+00:00,api_generic,135.15,False
99-trace-0022429,2026-08-18T15:24:07.235944+00:00,api_generic,313.09,False
99-trace-0022430,2026-08-18T15:24:07.293359+00:00,api_generic,39.47,False
99-trace-0007078,2026-08-18T15:24:07.668607+00:00,checkout,732.89,False
99-trace-0002409,2026-08-18T15:24:07.804065+00:00,pix,140.37,False
99-trace-0002412,2026-08-18T15:24:08.110700+00:00,pix,124.86,False
99-trace-0014439,2026-08-18T15:24:08.531579+00:00,site_latency,172.77,False
99-trace-0007080,2026-08-18T15:24:08.544207+00:00,checkout,431.87,False
99-trace-0014442,2026-08-18T15:24:09.109559+00:00,site_latency,283.6,False
99-trace-0022441,2026-08-18T15:24:09.181739+00:00,api_generic,58.16,False
99-trace-0022443,2026-08-18T15:24:09.343977+00:00,api_generic,139.57,True
99-trace-0022444,2026-08-18T15:24:09.360886+00:00,api_generic,139.55,False
99-trace-0022445,2026-08-18T15:24:09.380122+00:00,api_generic,43.21,False
99-trace-0022446,2026-08-18T15:24:09.422570+00:00,api_generic,55.38,False
99-trace-0014444,2026-08-18T15:24:09.733398+00:00,site_latency,138.74,False
99-trace-0007086,2026-08-18T15:24:09.991793+00:00,checkout,502.66,False
99-trace-0022448,2026-08-18T15:24:10.068339+00:00,api_generic,85.24,False
99-trace-0014447,2026-08-18T15:24:10.140450+00:00,site_latency,185.33,False
99-trace-0002420,2026-08-18T15:24:10.393848+00:00,pix,133.6,False
99-trace-0002422,2026-08-18T15:24:12.134805+00:00,pix,76.86,False
99-trace-0007093,2026-08-18T15:24:12.165614+00:00,checkout,275.63,False
99-trace-0022460,2026-08-18T15:24:12.416494+00:00,api_generic,59.54,False
99-trace-0022463,2026-08-18T15:24:12.758757+00:00,api_generic,62.35,False
99-trace-0007095,2026-08-18T15:24:12.850550+00:00,checkout,734.43,False
99-trace-0022465,2026-08-18T15:24:13.072895+00:00,api_generic,52.65,False
99-trace-0014463,2026-08-18T15:24:13.507910+00:00,site_latency,144.22,False
99-trace-0007099,2026-08-18T15:24:13.596790+00:00,checkout,2650.19,False
99-trace-0007102,2026-08-18T15:24:14.036282+00:00,checkout,300.03,False
99-trace-0022468,2026-08-18T15:24:14.148368+00:00,api_generic,632.04,False
99-trace-0022472,2026-08-18T15:24:15.321099+00:00,api_generic,238.32,False
99-trace-0014475,2026-08-18T15:24:16.071502+00:00,site_latency,126.54,False
99-trace-0002429,2026-08-18T15:24:16.164978+00:00,pix,164.73,False
99-trace-0014476,2026-08-18T15:24:16.219446+00:00,site_latency,403.23,False
99-trace-0022478,2026-08-18T15:24:16.368653+00:00,api_generic,155.52,False
99-trace-0007110,2026-08-18T15:24:16.563361+00:00,checkout,221.63,False
99-trace-0014478,2026-08-18T15:24:16.867308+00:00,site_latency,642.11,False
99-trace-0007111,2026-08-18T15:24:17.024650+00:00,checkout,475.72,False
99-trace-0022484,2026-08-18T15:24:17.464054+00:00,api_generic,69.6,False
99-trace-0014486,2026-08-18T15:24:17.551793+00:00,site_latency,287.17,False
99-trace-0014487,2026-08-18T15:24:17.556383+00:00,site_latency,1653.78,False
99-trace-0022485,2026-08-18T15:24:17.681489+00:00,api_generic,285.82,False
99-trace-0007114,2026-08-18T15:24:17.790521+00:00,checkout,494.98,False
99-trace-0007115,2026-08-18T15:24:17.906928+00:00,checkout,333.76,False
99-trace-0007116,2026-08-18T15:24:18.444726+00:00,checkout,128.41,False
99-trace-0022490,2026-08-18T15:24:18.761125+00:00,api_generic,172.32,False
99-trace-0014496,2026-08-18T15:24:19.280764+00:00,site_latency,88.87,False
99-trace-0007119,2026-08-18T15:24:19.908709+00:00,checkout,257.11,False
99-trace-0022497,2026-08-18T15:24:20.120745+00:00,api_generic,55.72,False
99-trace-0022499,2026-08-18T15:24:20.308511+00:00,api_generic,1676.38,False
99-trace-0007120,2026-08-18T15:24:20.314331+00:00,checkout,377.04,False
99-trace-0007122,2026-08-18T15:24:20.914114+00:00,checkout,2805.46,False
99-trace-0022503,2026-08-18T15:24:21.025651+00:00,api_generic,154.59,False
99-trace-0007125,2026-08-18T15:24:21.180882+00:00,checkout,325.1,False
99-trace-0002436,2026-08-18T15:24:21.320063+00:00,pix,241.5,False
99-trace-0007126,2026-08-18T15:24:21.492161+00:00,checkout,1177.84,True
99-trace-0014513,2026-08-18T15:24:22.642786+00:00,site_latency,266.96,False
99-trace-0014514,2026-08-18T15:24:22.702413+00:00,site_latency,78.04,False
99-trace-0007128,2026-08-18T15:24:22.817069+00:00,checkout,232.54,False
99-trace-0002439,2026-08-18T15:24:22.954848+00:00,pix,145.07,False
99-trace-0014516,2026-08-18T15:24:23.154664+00:00,site_latency,123.0,False
99-trace-0007133,2026-08-18T15:24:23.619124+00:00,checkout,423.59,False
99-trace-0022510,2026-08-18T15:24:23.763366+00:00,api_generic,156.8,False
99-trace-0022511,2026-08-18T15:24:23.901182+00:00,api_generic,51.69,False
99-trace-0022513,2026-08-18T15:24:23.946684+00:00,api_generic,96.28,False
99-trace-0002440,2026-08-18T15:24:24.097892+00:00,pix,85.29,False
99-trace-0014524,2026-08-18T15:24:24.267381+00:00,site_latency,541.7,False
99-trace-0007136,2026-08-18T15:24:24.584758+00:00,checkout,424.19,False
99-trace-0014526,2026-08-18T15:24:24.673885+00:00,site_latency,519.65,False
99-trace-0002442,2026-08-18T15:24:24.790145+00:00,pix,205.0,False
99-trace-0002443,2026-08-18T15:24:24.804008+00:00,pix,115.9,False
99-trace-0014531,2026-08-18T15:24:25.479564+00:00,site_latency,212.24,False
99-trace-0014533,2026-08-18T15:24:25.746781+00:00,site_latency,273.8,False
99-trace-0022522,2026-08-18T15:24:26.344317+00:00,api_generic,78.67,False
99-trace-0007143,2026-08-18T15:24:26.616714+00:00,checkout,492.29,False
99-trace-0022523,2026-08-18T15:24:26.658685+00:00,api_generic,55.85,False
99-trace-0014543,2026-08-18T15:24:27.525388+00:00,site_latency,162.82,False
99-trace-0022529,2026-08-18T15:24:27.832223+00:00,api_generic,253.3,False
99-trace-0007149,2026-08-18T15:24:28.429001+00:00,checkout,348.69,False
99-trace-0014550,2026-08-18T15:24:28.564906+00:00,site_latency,677.3,False
99-trace-0002452,2026-08-18T15:24:28.737549+00:00,pix,136.94,False
99-trace-0002456,2026-08-18T15:24:29.648897+00:00,pix,140.68,False
99-trace-0007151,2026-08-18T15:24:29.652578+00:00,checkout,201.98,False
99-trace-0014558,2026-08-18T15:24:29.873528+00:00,site_latency,326.02,False
99-trace-0014563,2026-08-18T15:24:30.605635+00:00,site_latency,520.41,False
99-trace-0014564,2026-08-18T15:24:30.717250+00:00,site_latency,322.42,False
99-trace-0007157,2026-08-18T15:24:31.092966+00:00,checkout,3351.35,False
99-trace-0014566,2026-08-18T15:24:31.225733+00:00,site_latency,1132.05,False
99-trace-0007159,2026-08-18T15:24:31.408270+00:00,checkout,298.62,False
99-trace-0022541,2026-08-18T15:24:32.237003+00:00,api_generic,39.68,False
99-trace-0007164,2026-08-18T15:24:32.448490+00:00,checkout,1064.92,False
99-trace-0022548,2026-08-18T15:24:33.250673+00:00,api_generic,40.35,False
99-trace-0014574,2026-08-18T15:24:33.373988+00:00,site_latency,921.71,False
99-trace-0007169,2026-08-18T15:24:33.758634+00:00,checkout,1138.75,False
99-trace-0014578,2026-08-18T15:24:33.958447+00:00,site_latency,255.2,False
99-trace-0022554,2026-08-18T15:24:34.408157+00:00,api_generic,49.16,False
99-trace-0014583,2026-08-18T15:24:34.430886+00:00,site_latency,120.73,False
99-trace-0014585,2026-08-18T15:24:34.838864+00:00,site_latency,113.49,False
99-trace-0007175,2026-08-18T15:24:34.954810+00:00,checkout,734.98,True
99-trace-0014588,2026-08-18T15:24:34.993292+00:00,site_latency,1286.7,False
99-trace-0022557,2026-08-18T15:24:35.121869+00:00,api_generic,68.77,False
99-trace-0014589,2026-08-18T15:24:35.133909+00:00,site_latency,56.89,False
99-trace-0007178,2026-08-18T15:24:35.677599+00:00,checkout,143.63,False
99-trace-0014591,2026-08-18T15:24:36.092928+00:00,site_latency,150.82,False
99-trace-0014592,2026-08-18T15:24:36.149286+00:00,site_latency,124.68,False
99-trace-0022566,2026-08-18T15:24:36.420327+00:00,api_generic,43.78,False
99-trace-0014596,2026-08-18T15:24:36.428582+00:00,site_latency,1106.31,False
99-trace-0014597,2026-08-18T15:24:36.493348+00:00,site_latency,173.37,False
99-trace-0007182,2026-08-18T15:24:36.745470+00:00,checkout,196.34,False
99-trace-0014608,2026-08-18T15:24:38.341101+00:00,site_latency,109.78,False
99-trace-0007189,2026-08-18T15:24:38.448221+00:00,checkout,247.92,False
99-trace-0022577,2026-08-18T15:24:38.508605+00:00,api_generic,306.3,False
99-trace-0014613,2026-08-18T15:24:38.806598+00:00,site_latency,112.6,False
99-trace-0007190,2026-08-18T15:24:39.008941+00:00,checkout,307.9,False
99-trace-0014618,2026-08-18T15:24:39.078321+00:00,site_latency,214.58,False
99-trace-0014621,2026-08-18T15:24:39.844519+00:00,site_latency,68.58,False
99-trace-0014622,2026-08-18T15:24:39.846900+00:00,site_latency,53.25,False
99-trace-0007192,2026-08-18T15:24:39.887750+00:00,checkout,602.37,False
99-trace-0014624,2026-08-18T15:24:39.918280+00:00,site_latency,249.5,False
99-trace-0014629,2026-08-18T15:24:40.431505+00:00,site_latency,391.76,True
99-trace-0007197,2026-08-18T15:24:40.449796+00:00,checkout,260.69,False
99-trace-0014634,2026-08-18T15:24:41.356963+00:00,site_latency,686.66,False
99-trace-0022587,2026-08-18T15:24:41.418211+00:00,api_generic,96.26,False
99-trace-0014637,2026-08-18T15:24:41.759826+00:00,site_latency,599.92,False
99-trace-0014640,2026-08-18T15:24:41.924615+00:00,site_latency,120.2,False
99-trace-0007204,2026-08-18T15:24:42.593496+00:00,checkout,884.08,False
99-trace-0014644,2026-08-18T15:24:42.695747+00:00,site_latency,202.14,False
99-trace-0014652,2026-08-18T15:24:43.204442+00:00,site_latency,691.53,False
99-trace-0007207,2026-08-18T15:24:43.293257+00:00,checkout,206.77,False
99-trace-0007208,2026-08-18T15:24:43.362397+00:00,checkout,157.06,False
99-trace-0014657,2026-08-18T15:24:44.001753+00:00,site_latency,67.09,False
99-trace-0014658,2026-08-18T15:24:44.069224+00:00,site_latency,174.3,False
99-trace-0014660,2026-08-18T15:24:44.373098+00:00,site_latency,67.78,False
99-trace-0014661,2026-08-18T15:24:44.574978+00:00,site_latency,162.16,False
99-trace-0014663,2026-08-18T15:24:44.674683+00:00,site_latency,168.96,False
99-trace-0022595,2026-08-18T15:24:44.720417+00:00,api_generic,117.21,False
99-trace-0014667,2026-08-18T15:24:45.188999+00:00,site_latency,135.29,False
99-trace-0022598,2026-08-18T15:24:45.770733+00:00,api_generic,85.25,False
99-trace-0007210,2026-08-18T15:24:46.116023+00:00,checkout,787.92,True
99-trace-0014672,2026-08-18T15:24:46.162187+00:00,site_latency,207.63,False
99-trace-0014674,2026-08-18T15:24:46.235174+00:00,site_latency,288.4,False
99-trace-0007213,2026-08-18T15:24:46.428582+00:00,checkout,577.88,False
99-trace-0022604,2026-08-18T15:24:46.496696+00:00,api_generic,700.97,False
99-trace-0014676,2026-08-18T15:24:46.622224+00:00,site_latency,1611.08,False
99-trace-0022608,2026-08-18T15:24:46.835326+00:00,api_generic,75.65,False
99-trace-0007214,2026-08-18T15:24:46.914982+00:00,checkout,2056.21,False
99-trace-0007215,2026-08-18T15:24:47.405214+00:00,checkout,768.44,False
99-trace-0022610,2026-08-18T15:24:47.600037+00:00,api_generic,56.91,False
99-trace-0014681,2026-08-18T15:24:48.020714+00:00,site_latency,518.52,False
99-trace-0014683,2026-08-18T15:24:48.131607+00:00,site_latency,333.64,False
99-trace-0022612,2026-08-18T15:24:48.147710+00:00,api_generic,115.73,False
99-trace-0002492,2026-08-18T15:24:48.565477+00:00,pix,116.14,False
99-trace-0007219,2026-08-18T15:24:48.658208+00:00,checkout,413.41,False
99-trace-0014686,2026-08-18T15:24:48.883391+00:00,site_latency,895.12,False
99-trace-0014688,2026-08-18T15:24:49.540324+00:00,site_latency,86.82,False
99-trace-0022621,2026-08-18T15:24:49.862260+00:00,api_generic,239.8,False
99-trace-0014692,2026-08-18T15:24:50.167936+00:00,site_latency,575.66,False
99-trace-0002496,2026-08-18T15:24:51.552007+00:00,pix,240.28,False
99-trace-0014702,2026-08-18T15:24:52.070028+00:00,site_latency,113.97,False
99-trace-0014705,2026-08-18T15:24:52.561200+00:00,site_latency,654.58,False
99-trace-0014706,2026-08-18T15:24:52.627040+00:00,site_latency,106.37,False
99-trace-0014708,2026-08-18T15:24:52.851521+00:00,site_latency,244.25,False
99-trace-0014711,2026-08-18T15:24:53.739286+00:00,site_latency,109.17,False
99-trace-0014712,2026-08-18T15:24:53.756887+00:00,site_latency,597.12,False
99-trace-0022640,2026-08-18T15:24:53.868221+00:00,api_generic,68.0,False
99-trace-0014713,2026-08-18T15:24:53.988438+00:00,site_latency,990.96,False
99-trace-0022643,2026-08-18T15:24:54.155854+00:00,api_generic,288.18,True
99-trace-0014716,2026-08-18T15:24:55.233182+00:00,site_latency,361.13,False
99-trace-0014717,2026-08-18T15:24:55.332072+00:00,site_latency,313.13,False
99-trace-0007238,2026-08-18T15:24:55.878738+00:00,checkout,289.86,False
99-trace-0007242,2026-08-18T15:24:56.937600+00:00,checkout,625.47,True
99-trace-0014728,2026-08-18T15:24:57.303620+00:00,site_latency,269.07,False
99-trace-0022653,2026-08-18T15:24:57.407835+00:00,api_generic,266.74,False
99-trace-0007244,2026-08-18T15:24:57.434920+00:00,checkout,156.19,False
99-trace-0014729,2026-08-18T15:24:57.630283+00:00,site_latency,301.66,False
99-trace-0022654,2026-08-18T15:24:57.939259+00:00,api_generic,92.44,False
99-trace-0014734,2026-08-18T15:24:59.017657+00:00,site_latency,211.0,False
99-trace-0022660,2026-08-18T15:24:59.259807+00:00,api_generic,60.08,False
99-trace-0022661,2026-08-18T15:24:59.682239+00:00,api_generic,87.5,True
99-trace-0022664,2026-08-18T15:25:00.509052+00:00,api_generic,287.61,True
99-trace-0022666,2026-08-18T15:25:00.637455+00:00,api_generic,317.44,False
99-trace-0014743,2026-08-18T15:25:00.941384+00:00,site_latency,225.31,False
99-trace-0022667,2026-08-18T15:25:01.009785+00:00,api_generic,67.47,False
99-trace-0002514,2026-08-18T15:25:01.090766+00:00,pix,98.34,False
99-trace-0022668,2026-08-18T15:25:01.129153+00:00,api_generic,124.42,False
99-trace-0007256,2026-08-18T15:25:01.330451+00:00,checkout,1926.7,False
99-trace-0014752,2026-08-18T15:25:02.082574+00:00,site_latency,325.68,False
99-trace-0014754,2026-08-18T15:25:02.242182+00:00,site_latency,215.71,False
99-trace-0014755,2026-08-18T15:25:02.295612+00:00,site_latency,110.18,False
99-trace-0014758,2026-08-18T15:25:02.709617+00:00,site_latency,344.83,False
99-trace-0014759,2026-08-18T15:25:02.747062+00:00,site_latency,626.74,False
99-trace-0002521,2026-08-18T15:25:03.020445+00:00,pix,84.62,False
99-trace-0014764,2026-08-18T15:25:03.827779+00:00,site_latency,145.79,False
99-trace-0022681,2026-08-18T15:25:04.325376+00:00,api_generic,429.65,False
99-trace-0007266,2026-08-18T15:25:05.198854+00:00,checkout,307.17,False
99-trace-0014779,2026-08-18T15:25:05.436262+00:00,site_latency,44.97,False
99-trace-0014781,2026-08-18T15:25:05.590123+00:00,site_latency,519.94,False
99-trace-0007269,2026-08-18T15:25:05.707031+00:00,checkout,393.97,True
99-trace-0002526,2026-08-18T15:25:05.803978+00:00,pix,51.39,False
99-trace-0022691,2026-08-18T15:25:06.420700+00:00,api_generic,85.45,False
99-trace-0014789,2026-08-18T15:25:06.590170+00:00,site_latency,187.43,False
99-trace-0007274,2026-08-18T15:25:06.866082+00:00,checkout,369.94,False
99-trace-0022694,2026-08-18T15:25:06.961640+00:00,api_generic,266.44,False
99-trace-0014799,2026-08-18T15:25:09.184604+00:00,site_latency,2220.64,False
99-trace-0007281,2026-08-18T15:25:09.198307+00:00,checkout,822.52,False
99-trace-0007282,2026-08-18T15:25:09.280035+00:00,checkout,178.67,False
99-trace-0014805,2026-08-18T15:25:10.179811+00:00,site_latency,450.52,False
99-trace-0002535,2026-08-18T15:25:10.855328+00:00,pix,192.66,False
99-trace-0022710,2026-08-18T15:25:11.414326+00:00,api_generic,118.03,False
99-trace-0022714,2026-08-18T15:25:11.902065+00:00,api_generic,289.06,False
99-trace-0014810,2026-08-18T15:25:12.265240+00:00,site_latency,541.77,False
99-trace-0007285,2026-08-18T15:25:12.723901+00:00,checkout,281.27,True
99-trace-0007288,2026-08-18T15:25:13.121142+00:00,checkout,513.59,False
99-trace-0014817,2026-08-18T15:25:13.535985+00:00,site_latency,226.25,False
99-trace-0014818,2026-08-18T15:25:13.671493+00:00,site_latency,389.0,False
99-trace-0007291,2026-08-18T15:25:13.902237+00:00,checkout,204.43,False
99-trace-0022721,2026-08-18T15:25:14.033572+00:00,api_generic,76.93,False
99-trace-0022722,2026-08-18T15:25:14.316410+00:00,api_generic,272.99,False
99-trace-0002538,2026-08-18T15:25:14.455052+00:00,pix,69.55,False
99-trace-0014821,2026-08-18T15:25:14.532312+00:00,site_latency,157.32,False
99-trace-0014827,2026-08-18T15:25:16.240015+00:00,site_latency,190.09,False
99-trace-0022730,2026-08-18T15:25:16.614460+00:00,api_generic,273.46,False
99-trace-0022731,2026-08-18T15:25:16.647144+00:00,api_generic,143.51,True
99-trace-0022733,2026-08-18T15:25:16.854700+00:00,api_generic,190.73,False
99-trace-0007296,2026-08-18T15:25:16.910406+00:00,checkout,584.62,True
99-trace-0007299,2026-08-18T15:25:17.596165+00:00,checkout,108.68,False
99-trace-0022739,2026-08-18T15:25:18.339519+00:00,api_generic,110.2,False
99-trace-0022740,2026-08-18T15:25:18.387196+00:00,api_generic,293.15,False
99-trace-0022741,2026-08-18T15:25:18.526585+00:00,api_generic,114.0,False
99-trace-0014842,2026-08-18T15:25:18.974769+00:00,site_latency,211.28,False
99-trace-0022743,2026-08-18T15:25:19.035863+00:00,api_generic,94.41,False
99-trace-0014845,2026-08-18T15:25:20.103895+00:00,site_latency,104.28,False
99-trace-0002551,2026-08-18T15:25:20.218069+00:00,pix,102.62,False
99-trace-0014850,2026-08-18T15:25:20.485146+00:00,site_latency,149.35,False
99-trace-0014854,2026-08-18T15:25:21.033685+00:00,site_latency,312.17,False
99-trace-0007308,2026-08-18T15:25:21.266493+00:00,checkout,981.32,False
99-trace-0014859,2026-08-18T15:25:21.329868+00:00,site_latency,558.49,False
99-trace-0002554,2026-08-18T15:25:21.915116+00:00,pix,114.83,False
99-trace-0014860,2026-08-18T15:25:21.923291+00:00,site_latency,240.07,False
99-trace-0014862,2026-08-18T15:25:22.268883+00:00,site_latency,520.31,False
99-trace-0022751,2026-08-18T15:25:22.322630+00:00,api_generic,65.34,False
99-trace-0007311,2026-08-18T15:25:22.328538+00:00,checkout,320.35,False
99-trace-0007313,2026-08-18T15:25:22.599650+00:00,checkout,270.3,False
99-trace-0014866,2026-08-18T15:25:22.646727+00:00,site_latency,164.35,False
99-trace-0014869,2026-08-18T15:25:23.118814+00:00,site_latency,1043.5,False
99-trace-0022757,2026-08-18T15:25:23.151921+00:00,api_generic,294.12,False
99-trace-0014872,2026-08-18T15:25:23.602816+00:00,site_latency,91.93,False
99-trace-0014873,2026-08-18T15:25:24.333712+00:00,site_latency,1037.01,False
99-trace-0007319,2026-08-18T15:25:25.072626+00:00,checkout,244.23,False
99-trace-0007321,2026-08-18T15:25:25.271044+00:00,checkout,96.61,False
99-trace-0022763,2026-08-18T15:25:25.406855+00:00,api_generic,42.55,False
99-trace-0014885,2026-08-18T15:25:27.158606+00:00,site_latency,802.64,False
99-trace-0014886,2026-08-18T15:25:27.275817+00:00,site_latency,478.41,False
99-trace-0002565,2026-08-18T15:25:27.344068+00:00,pix,233.9,False
99-trace-0022773,2026-08-18T15:25:27.401089+00:00,api_generic,28.84,False
99-trace-0002567,2026-08-18T15:25:27.995291+00:00,pix,338.98,False
99-trace-0014890,2026-08-18T15:25:28.132689+00:00,site_latency,267.62,False
99-trace-0014895,2026-08-18T15:25:28.930219+00:00,site_latency,239.41,False
99-trace-0014900,2026-08-18T15:25:29.619649+00:00,site_latency,1823.65,False
99-trace-0014901,2026-08-18T15:25:29.704894+00:00,site_latency,184.31,False
99-trace-0007337,2026-08-18T15:25:30.625178+00:00,checkout,1288.5,False
99-trace-0014905,2026-08-18T15:25:30.895762+00:00,site_latency,2915.6,False
99-trace-0022785,2026-08-18T15:25:31.370621+00:00,api_generic,378.0,True
99-trace-0014907,2026-08-18T15:25:31.405921+00:00,site_latency,264.58,False
99-trace-0014908,2026-08-18T15:25:31.455686+00:00,site_latency,84.6,False
99-trace-0014912,2026-08-18T15:25:31.902855+00:00,site_latency,150.5,False
99-trace-0022789,2026-08-18T15:25:32.123622+00:00,api_generic,487.38,True
99-trace-0014914,2026-08-18T15:25:32.296328+00:00,site_latency,209.12,False
99-trace-0014916,2026-08-18T15:25:32.709954+00:00,site_latency,531.83,False
99-trace-0022792,2026-08-18T15:25:33.158962+00:00,api_generic,735.77,False
99-trace-0014917,2026-08-18T15:25:33.192679+00:00,site_latency,245.84,False
99-trace-0002577,2026-08-18T15:25:33.401479+00:00,pix,150.05,False
99-trace-0002579,2026-08-18T15:25:33.755253+00:00,pix,148.72,False
99-trace-0022795,2026-08-18T15:25:33.971888+00:00,api_generic,103.48,False
99-trace-0007348,2026-08-18T15:25:34.166629+00:00,checkout,528.97,True
99-trace-0022797,2026-08-18T15:25:34.242310+00:00,api_generic,116.38,False
99-trace-0002582,2026-08-18T15:25:34.366706+00:00,pix,530.85,False
99-trace-0014934,2026-08-18T15:25:35.158023+00:00,site_latency,216.3,False
99-trace-0002583,2026-08-18T15:25:35.964684+00:00,pix,232.68,False
99-trace-0002585,2026-08-18T15:25:36.158493+00:00,pix,122.47,False
99-trace-0002587,2026-08-18T15:25:36.770259+00:00,pix,131.27,False
99-trace-0014939,2026-08-18T15:25:37.031075+00:00,site_latency,89.55,False
99-trace-0007357,2026-08-18T15:25:38.024493+00:00,checkout,182.15,False
99-trace-0014949,2026-08-18T15:25:38.265634+00:00,site_latency,284.21,False
99-trace-0014950,2026-08-18T15:25:38.363695+00:00,site_latency,128.85,False
99-trace-0002590,2026-08-18T15:25:39.628412+00:00,pix,45.49,False
99-trace-0022814,2026-08-18T15:25:39.971419+00:00,api_generic,93.61,False
99-trace-0014963,2026-08-18T15:25:40.099747+00:00,site_latency,658.4,False
99-trace-0022815,2026-08-18T15:25:40.150954+00:00,api_generic,89.0,False
99-trace-0022816,2026-08-18T15:25:40.153122+00:00,api_generic,61.88,False
99-trace-0014964,2026-08-18T15:25:40.304538+00:00,site_latency,234.02,False
99-trace-0002601,2026-08-18T15:25:42.995948+00:00,pix,117.5,False
99-trace-0014979,2026-08-18T15:25:43.056903+00:00,site_latency,355.92,False
99-trace-0007365,2026-08-18T15:25:43.318595+00:00,checkout,265.66,False
99-trace-0002604,2026-08-18T15:25:43.503983+00:00,pix,112.3,False
99-trace-0014981,2026-08-18T15:25:44.076303+00:00,site_latency,163.61,False
99-trace-0022832,2026-08-18T15:25:44.081117+00:00,api_generic,36.7,False
99-trace-0014982,2026-08-18T15:25:44.175115+00:00,site_latency,117.99,False
99-trace-0007370,2026-08-18T15:25:44.602206+00:00,checkout,1014.4,False
99-trace-0002609,2026-08-18T15:25:44.936818+00:00,pix,81.58,False
99-trace-0022839,2026-08-18T15:25:45.607733+00:00,api_generic,73.71,False
99-trace-0014987,2026-08-18T15:25:46.210267+00:00,site_latency,227.21,False
99-trace-0022842,2026-08-18T15:25:46.271697+00:00,api_generic,301.52,False
99-trace-0014988,2026-08-18T15:25:46.647715+00:00,site_latency,256.88,False
99-trace-0007372,2026-08-18T15:25:46.690033+00:00,checkout,150.32,False
99-trace-0002610,2026-08-18T15:25:46.716171+00:00,pix,132.71,False
99-trace-0022855,2026-08-18T15:25:48.726950+00:00,api_generic,198.93,False
99-trace-0002612,2026-08-18T15:25:49.400574+00:00,pix,109.01,False
99-trace-0015012,2026-08-18T15:25:50.787642+00:00,site_latency,140.92,False
99-trace-0015013,2026-08-18T15:25:50.905358+00:00,site_latency,369.83,False
99-trace-0015017,2026-08-18T15:25:51.917051+00:00,site_latency,233.78,False
99-trace-0015021,2026-08-18T15:25:52.871917+00:00,site_latency,715.07,False
99-trace-0002619,2026-08-18T15:25:53.238333+00:00,pix,61.25,False
99-trace-0007389,2026-08-18T15:25:53.385253+00:00,checkout,296.82,False
99-trace-0015025,2026-08-18T15:25:53.451764+00:00,site_latency,133.9,False
99-trace-0015028,2026-08-18T15:25:53.961369+00:00,site_latency,552.52,False
99-trace-0015030,2026-08-18T15:25:54.142198+00:00,site_latency,338.01,False
99-trace-0002623,2026-08-18T15:25:54.191919+00:00,pix,94.43,False
99-trace-0015032,2026-08-18T15:25:54.338926+00:00,site_latency,84.12,False
99-trace-0022874,2026-08-18T15:25:54.406246+00:00,api_generic,295.04,False
99-trace-0022883,2026-08-18T15:25:55.860562+00:00,api_generic,241.31,True
99-trace-0015043,2026-08-18T15:25:56.239593+00:00,site_latency,1231.31,False
99-trace-0015044,2026-08-18T15:25:56.407319+00:00,site_latency,329.29,False
99-trace-0007399,2026-08-18T15:25:57.414022+00:00,checkout,1047.77,False
99-trace-0022886,2026-08-18T15:25:57.434695+00:00,api_generic,191.97,True
99-trace-0022887,2026-08-18T15:25:57.967348+00:00,api_generic,225.05,True
99-trace-0022888,2026-08-18T15:25:57.968807+00:00,api_generic,134.1,False
99-trace-0022890,2026-08-18T15:25:58.309395+00:00,api_generic,101.15,False
99-trace-0015053,2026-08-18T15:25:58.831593+00:00,site_latency,188.46,False
99-trace-0002632,2026-08-18T15:25:58.883888+00:00,pix,305.19,False
99-trace-0022894,2026-08-18T15:25:58.990826+00:00,api_generic,396.01,False
99-trace-0015055,2026-08-18T15:25:59.007831+00:00,site_latency,165.65,False
99-trace-0015056,2026-08-18T15:25:59.320710+00:00,site_latency,155.46,False
99-trace-0022900,2026-08-18T15:26:00.183355+00:00,api_generic,218.57,False
99-trace-0015066,2026-08-18T15:26:01.448790+00:00,site_latency,296.48,False
99-trace-0002638,2026-08-18T15:26:01.525895+00:00,pix,101.2,False
99-trace-0022905,2026-08-18T15:26:01.694868+00:00,api_generic,95.32,False
99-trace-0002639,2026-08-18T15:26:01.921538+00:00,pix,152.34,False
99-trace-0002640,2026-08-18T15:26:01.982206+00:00,pix,277.71,False
99-trace-0007412,2026-08-18T15:26:02.235497+00:00,checkout,220.36,False
99-trace-0015076,2026-08-18T15:26:03.395544+00:00,site_latency,94.14,False
99-trace-0022912,2026-08-18T15:26:03.600708+00:00,api_generic,251.44,False
99-trace-0022914,2026-08-18T15:26:03.821805+00:00,api_generic,282.89,True
99-trace-0022919,2026-08-18T15:26:04.427654+00:00,api_generic,65.51,False
99-trace-0022921,2026-08-18T15:26:04.563315+00:00,api_generic,65.85,False
99-trace-0015082,2026-08-18T15:26:04.606878+00:00,site_latency,159.46,False
99-trace-0015083,2026-08-18T15:26:04.635024+00:00,site_latency,141.47,False
99-trace-0015084,2026-08-18T15:26:04.711673+00:00,site_latency,229.02,False
99-trace-0022924,2026-08-18T15:26:05.125666+00:00,api_generic,70.54,False
99-trace-0007424,2026-08-18T15:26:05.577980+00:00,checkout,4413.66,False
99-trace-0007427,2026-08-18T15:26:05.822327+00:00,checkout,1250.63,False
99-trace-0022930,2026-08-18T15:26:07.258352+00:00,api_generic,53.17,False
99-trace-0022931,2026-08-18T15:26:07.406975+00:00,api_generic,118.24,False
99-trace-0002648,2026-08-18T15:26:07.601401+00:00,pix,1265.28,False
99-trace-0015096,2026-08-18T15:26:07.695437+00:00,site_latency,723.5,False
99-trace-0015102,2026-08-18T15:26:08.199781+00:00,site_latency,867.47,False
99-trace-0007433,2026-08-18T15:26:08.778061+00:00,checkout,436.16,False
99-trace-0002655,2026-08-18T15:26:09.295879+00:00,pix,289.58,True
99-trace-0015106,2026-08-18T15:26:09.565925+00:00,site_latency,235.68,False
99-trace-0022942,2026-08-18T15:26:09.913545+00:00,api_generic,73.17,False
99-trace-0015108,2026-08-18T15:26:09.920877+00:00,site_latency,157.39,False
99-trace-0015109,2026-08-18T15:26:09.960941+00:00,site_latency,113.26,False
99-trace-0002657,2026-08-18T15:26:10.493765+00:00,pix,69.93,False
99-trace-0002659,2026-08-18T15:26:10.660019+00:00,pix,143.1,False
99-trace-0015113,2026-08-18T15:26:10.895563+00:00,site_latency,324.66,False
99-trace-0007445,2026-08-18T15:26:12.187514+00:00,checkout,3916.81,False
99-trace-0022952,2026-08-18T15:26:12.745759+00:00,api_generic,51.2,False
99-trace-0015120,2026-08-18T15:26:13.029483+00:00,site_latency,149.78,False
99-trace-0022954,2026-08-18T15:26:13.167092+00:00,api_generic,54.13,False
99-trace-0022955,2026-08-18T15:26:13.175063+00:00,api_generic,47.01,False
99-trace-0007448,2026-08-18T15:26:13.356605+00:00,checkout,480.93,False
99-trace-0007450,2026-08-18T15:26:13.944578+00:00,checkout,2215.79,False
99-trace-0015127,2026-08-18T15:26:14.414705+00:00,site_latency,185.75,False
99-trace-0015128,2026-08-18T15:26:14.422674+00:00,site_latency,510.27,False
99-trace-0022965,2026-08-18T15:26:15.181985+00:00,api_generic,84.12,False
99-trace-0007459,2026-08-18T15:26:15.516605+00:00,checkout,966.47,False
99-trace-0015135,2026-08-18T15:26:16.056312+00:00,site_latency,237.65,False
99-trace-0007465,2026-08-18T15:26:16.557227+00:00,checkout,317.08,False
99-trace-0015143,2026-08-18T15:26:16.828974+00:00,site_latency,1143.99,False
99-trace-0022973,2026-08-18T15:26:16.969290+00:00,api_generic,73.13,False
99-trace-0015145,2026-08-18T15:26:17.077373+00:00,site_latency,88.33,False
99-trace-0015146,2026-08-18T15:26:17.502730+00:00,site_latency,185.83,False
99-trace-0002674,2026-08-18T15:26:17.681322+00:00,pix,115.41,False
99-trace-0002676,2026-08-18T15:26:18.278520+00:00,pix,287.06,False
99-trace-0015152,2026-08-18T15:26:18.677024+00:00,site_latency,503.96,False
99-trace-0022981,2026-08-18T15:26:19.026575+00:00,api_generic,40.93,False
99-trace-0022982,2026-08-18T15:26:19.326533+00:00,api_generic,71.7,False
99-trace-0022984,2026-08-18T15:26:19.688050+00:00,api_generic,299.51,False
99-trace-0007475,2026-08-18T15:26:19.836143+00:00,checkout,207.04,False
99-trace-0015158,2026-08-18T15:26:20.892733+00:00,site_latency,368.2,False
99-trace-0022990,2026-08-18T15:26:21.148316+00:00,api_generic,223.1,False
99-trace-0007478,2026-08-18T15:26:21.577184+00:00,checkout,354.33,True
99-trace-0007479,2026-08-18T15:26:22.311647+00:00,checkout,170.86,False
99-trace-0022998,2026-08-18T15:26:22.771519+00:00,api_generic,83.11,False
99-trace-0015167,2026-08-18T15:26:22.852094+00:00,site_latency,301.75,False
99-trace-0015168,2026-08-18T15:26:22.950791+00:00,site_latency,542.67,False
99-trace-0015169,2026-08-18T15:26:23.140963+00:00,site_latency,333.69,False
99-trace-0023000,2026-08-18T15:26:23.193278+00:00,api_generic,90.07,False
99-trace-0015173,2026-08-18T15:26:23.428414+00:00,site_latency,235.55,False
99-trace-0007483,2026-08-18T15:26:24.363952+00:00,checkout,208.23,False
99-trace-0015178,2026-08-18T15:26:25.185073+00:00,site_latency,586.46,False
99-trace-0007487,2026-08-18T15:26:26.193167+00:00,checkout,171.24,False
99-trace-0002690,2026-08-18T15:26:26.757021+00:00,pix,254.66,True
99-trace-0023014,2026-08-18T15:26:27.150677+00:00,api_generic,99.45,False
99-trace-0015189,2026-08-18T15:26:27.253837+00:00,site_latency,507.71,False
99-trace-0023018,2026-08-18T15:26:27.521884+00:00,api_generic,53.19,False
99-trace-0015194,2026-08-18T15:26:28.508173+00:00,site_latency,139.51,False
99-trace-0015195,2026-08-18T15:26:28.602326+00:00,site_latency,1237.08,False
99-trace-0023025,2026-08-18T15:26:28.855105+00:00,api_generic,302.1,False
99-trace-0002694,2026-08-18T15:26:29.066745+00:00,pix,137.46,False
99-trace-0015197,2026-08-18T15:26:29.091574+00:00,site_latency,922.85,False
99-trace-0023028,2026-08-18T15:26:29.328030+00:00,api_generic,102.45,False
99-trace-0015199,2026-08-18T15:26:29.582879+00:00,site_latency,163.99,False
99-trace-0002695,2026-08-18T15:26:29.800308+00:00,pix,215.74,False
99-trace-0015201,2026-08-18T15:26:30.032111+00:00,site_latency,217.06,False
99-trace-0023032,2026-08-18T15:26:30.183027+00:00,api_generic,144.06,False
99-trace-0015203,2026-08-18T15:26:30.309494+00:00,site_latency,200.95,True
99-trace-0023034,2026-08-18T15:26:30.507829+00:00,api_generic,47.66,False
99-trace-0007499,2026-08-18T15:26:30.826293+00:00,checkout,283.46,False
99-trace-0023040,2026-08-18T15:26:31.835819+00:00,api_generic,29.73,False
99-trace-0023046,2026-08-18T15:26:32.617668+00:00,api_generic,106.22,True
99-trace-0015220,2026-08-18T15:26:32.820570+00:00,site_latency,116.58,False
99-trace-0015221,2026-08-18T15:26:32.851574+00:00,site_latency,297.41,False
99-trace-0002704,2026-08-18T15:26:33.261654+00:00,pix,135.22,False
99-trace-0015225,2026-08-18T15:26:33.995899+00:00,site_latency,195.58,False
99-trace-0015227,2026-08-18T15:26:34.243512+00:00,site_latency,748.99,False
99-trace-0015229,2026-08-18T15:26:34.414341+00:00,site_latency,2530.45,False
99-trace-0015230,2026-08-18T15:26:35.437809+00:00,site_latency,253.82,False
99-trace-0023053,2026-08-18T15:26:35.552015+00:00,api_generic,99.91,False
99-trace-0015232,2026-08-18T15:26:35.552965+00:00,site_latency,199.51,True
99-trace-0002712,2026-08-18T15:26:35.945160+00:00,pix,140.96,False
99-trace-0023056,2026-08-18T15:26:36.152547+00:00,api_generic,269.3,False
99-trace-0015237,2026-08-18T15:26:36.613872+00:00,site_latency,90.29,False
99-trace-0023062,2026-08-18T15:26:37.208243+00:00,api_generic,92.75,False
99-trace-0015241,2026-08-18T15:26:37.667164+00:00,site_latency,404.5,False
99-trace-0015242,2026-08-18T15:26:38.085667+00:00,site_latency,730.39,False
99-trace-0023066,2026-08-18T15:26:38.233346+00:00,api_generic,251.81,True
99-trace-0015243,2026-08-18T15:26:38.262625+00:00,site_latency,80.63,False
99-trace-0015244,2026-08-18T15:26:38.299071+00:00,site_latency,76.71,False
99-trace-0015245,2026-08-18T15:26:38.317038+00:00,site_latency,2012.31,False
99-trace-0002716,2026-08-18T15:26:38.463839+00:00,pix,337.87,False
99-trace-0015246,2026-08-18T15:26:38.777147+00:00,site_latency,131.4,False
99-trace-0015248,2026-08-18T15:26:39.057802+00:00,site_latency,1611.7,False
99-trace-0015249,2026-08-18T15:26:39.273135+00:00,site_latency,1372.61,False
99-trace-0023072,2026-08-18T15:26:39.742487+00:00,api_generic,100.43,False
99-trace-0007511,2026-08-18T15:26:39.760693+00:00,checkout,614.86,False
99-trace-0023073,2026-08-18T15:26:39.891465+00:00,api_generic,78.69,False
99-trace-0015251,2026-08-18T15:26:40.037724+00:00,site_latency,63.82,False
99-trace-0023075,2026-08-18T15:26:40.443153+00:00,api_generic,45.38,True
99-trace-0007514,2026-08-18T15:26:40.554678+00:00,checkout,334.63,False
99-trace-0015252,2026-08-18T15:26:40.565395+00:00,site_latency,1222.0,False
99-trace-0023078,2026-08-18T15:26:41.310419+00:00,api_generic,105.18,False
99-trace-0002723,2026-08-18T15:26:41.400133+00:00,pix,287.76,True
99-trace-0007517,2026-08-18T15:26:41.703930+00:00,checkout,306.69,False
99-trace-0015259,2026-08-18T15:26:41.736320+00:00,site_latency,206.2,False
99-trace-0023085,2026-08-18T15:26:42.347092+00:00,api_generic,532.76,False
99-trace-0015263,2026-08-18T15:26:42.581717+00:00,site_latency,181.42,False
99-trace-0007519,2026-08-18T15:26:42.631649+00:00,checkout,149.88,False
99-trace-0002728,2026-08-18T15:26:42.934866+00:00,pix,173.93,False
99-trace-0002731,2026-08-18T15:26:43.563037+00:00,pix,64.17,False
99-trace-0015266,2026-08-18T15:26:43.584410+00:00,site_latency,117.92,False
99-trace-0015272,2026-08-18T15:26:44.259350+00:00,site_latency,114.34,False
99-trace-0023091,2026-08-18T15:26:44.329528+00:00,api_generic,120.77,False
99-trace-0015274,2026-08-18T15:26:44.553987+00:00,site_latency,104.63,False
99-trace-0007525,2026-08-18T15:26:44.722265+00:00,checkout,233.03,False
99-trace-0015276,2026-08-18T15:26:44.993861+00:00,site_latency,227.06,False
99-trace-0007527,2026-08-18T15:26:45.095009+00:00,checkout,739.45,True
99-trace-0007528,2026-08-18T15:26:45.899586+00:00,checkout,478.38,False
99-trace-0002739,2026-08-18T15:26:46.586009+00:00,pix,143.78,False
99-trace-0023101,2026-08-18T15:26:47.329996+00:00,api_generic,398.28,False
99-trace-0023105,2026-08-18T15:26:47.764495+00:00,api_generic,83.06,False
99-trace-0023110,2026-08-18T15:26:49.741273+00:00,api_generic,62.54,False
99-trace-0015294,2026-08-18T15:26:49.863295+00:00,site_latency,293.4,False
99-trace-0023112,2026-08-18T15:26:50.411899+00:00,api_generic,71.37,False
99-trace-0015300,2026-08-18T15:26:50.451105+00:00,site_latency,81.64,False
99-trace-0015301,2026-08-18T15:26:51.082721+00:00,site_latency,453.1,False
99-trace-0007540,2026-08-18T15:26:51.198271+00:00,checkout,578.16,True
99-trace-0002744,2026-08-18T15:26:51.523045+00:00,pix,486.52,False
99-trace-0015305,2026-08-18T15:26:52.172231+00:00,site_latency,418.45,False
99-trace-0002745,2026-08-18T15:26:52.243266+00:00,pix,238.12,False
99-trace-0015309,2026-08-18T15:26:53.016257+00:00,site_latency,159.59,False
99-trace-0023122,2026-08-18T15:26:53.070026+00:00,api_generic,279.57,False
99-trace-0015312,2026-08-18T15:26:53.083172+00:00,site_latency,169.41,False
99-trace-0023123,2026-08-18T15:26:53.191685+00:00,api_generic,43.83,False
99-trace-0015317,2026-08-18T15:26:53.630846+00:00,site_latency,214.97,False
99-trace-0015318,2026-08-18T15:26:53.908325+00:00,site_latency,161.96,False
99-trace-0023129,2026-08-18T15:26:54.693724+00:00,api_generic,39.43,False
99-trace-0023133,2026-08-18T15:26:55.903442+00:00,api_generic,72.41,False
99-trace-0023137,2026-08-18T15:26:56.754868+00:00,api_generic,923.06,False
99-trace-0002756,2026-08-18T15:26:57.064602+00:00,pix,119.03,False
99-trace-0015331,2026-08-18T15:26:57.168364+00:00,site_latency,1195.05,False
99-trace-0023144,2026-08-18T15:26:59.049505+00:00,api_generic,72.02,False
99-trace-0002758,2026-08-18T15:26:59.106197+00:00,pix,121.44,False
99-trace-0015338,2026-08-18T15:26:59.221982+00:00,site_latency,202.86,False
99-trace-0002760,2026-08-18T15:26:59.357134+00:00,pix,238.06,False
99-trace-0015341,2026-08-18T15:27:00.134339+00:00,site_latency,279.24,True
99-trace-0023154,2026-08-18T15:27:00.521169+00:00,api_generic,75.38,False
99-trace-0002765,2026-08-18T15:27:01.126596+00:00,pix,112.95,False
99-trace-0015345,2026-08-18T15:27:01.229272+00:00,site_latency,540.05,False
99-trace-0023160,2026-08-18T15:27:01.906275+00:00,api_generic,275.57,False
99-trace-0015346,2026-08-18T15:27:01.925164+00:00,site_latency,266.33,False
99-trace-0023162,2026-08-18T15:27:01.989098+00:00,api_generic,729.11,False
99-trace-0023165,2026-08-18T15:27:02.782186+00:00,api_generic,298.26,False
99-trace-0007576,2026-08-18T15:27:03.030209+00:00,checkout,412.36,False
99-trace-0023168,2026-08-18T15:27:03.527920+00:00,api_generic,92.48,False
99-trace-0007580,2026-08-18T15:27:04.430401+00:00,checkout,374.81,False
99-trace-0002778,2026-08-18T15:27:04.773141+00:00,pix,97.89,False
99-trace-0023170,2026-08-18T15:27:04.837388+00:00,api_generic,371.14,True
99-trace-0015362,2026-08-18T15:27:05.161670+00:00,site_latency,387.88,False
99-trace-0023181,2026-08-18T15:27:07.756702+00:00,api_generic,56.94,False
99-trace-0023186,2026-08-18T15:27:08.432509+00:00,api_generic,128.05,False
99-trace-0015375,2026-08-18T15:27:09.369374+00:00,site_latency,176.72,False
99-trace-0023190,2026-08-18T15:27:09.747873+00:00,api_generic,76.77,False
99-trace-0023191,2026-08-18T15:27:09.960581+00:00,api_generic,113.23,False
99-trace-0015380,2026-08-18T15:27:10.178171+00:00,site_latency,303.47,False
99-trace-0023192,2026-08-18T15:27:10.407681+00:00,api_generic,154.57,False
99-trace-0015382,2026-08-18T15:27:10.435477+00:00,site_latency,88.2,False
99-trace-0023193,2026-08-18T15:27:10.601188+00:00,api_generic,104.06,False
99-trace-0015389,2026-08-18T15:27:11.134404+00:00,site_latency,1390.06,False
99-trace-0023196,2026-08-18T15:27:11.156553+00:00,api_generic,308.6,False
99-trace-0023198,2026-08-18T15:27:11.350949+00:00,api_generic,57.95,False
99-trace-0002790,2026-08-18T15:27:11.597668+00:00,pix,131.31,False
99-trace-0007595,2026-08-18T15:27:11.920190+00:00,checkout,509.42,False
99-trace-0015391,2026-08-18T15:27:11.969477+00:00,site_latency,189.79,False
99-trace-0015392,2026-08-18T15:27:12.132084+00:00,site_latency,638.25,False
99-trace-0007596,2026-08-18T15:27:12.379054+00:00,checkout,327.64,False
99-trace-0023201,2026-08-18T15:27:12.537847+00:00,api_generic,172.15,True
99-trace-0015398,2026-08-18T15:27:13.749646+00:00,site_latency,138.07,False
99-trace-0007600,2026-08-18T15:27:13.795303+00:00,checkout,337.59,False
99-trace-0023205,2026-08-18T15:27:14.867812+00:00,api_generic,142.07,False
99-trace-0023206,2026-08-18T15:27:14.969745+00:00,api_generic,439.01,False
99-trace-0002799,2026-08-18T15:27:15.587013+00:00,pix,71.05,False
99-trace-0002800,2026-08-18T15:27:15.627731+00:00,pix,168.12,False
99-trace-0007604,2026-08-18T15:27:15.648335+00:00,checkout,373.16,False
99-trace-0023209,2026-08-18T15:27:15.969615+00:00,api_generic,100.15,False
99-trace-0023210,2026-08-18T15:27:16.037651+00:00,api_generic,55.0,False
99-trace-0002801,2026-08-18T15:27:16.400436+00:00,pix,466.3,False
99-trace-0023213,2026-08-18T15:27:16.876484+00:00,api_generic,53.64,False
99-trace-0015416,2026-08-18T15:27:17.033985+00:00,site_latency,686.22,False
99-trace-0015417,2026-08-18T15:27:17.042266+00:00,site_latency,90.95,False
99-trace-0002803,2026-08-18T15:27:17.539206+00:00,pix,169.47,False
99-trace-0023216,2026-08-18T15:27:17.645211+00:00,api_generic,57.59,False
99-trace-0023217,2026-08-18T15:27:17.704346+00:00,api_generic,151.09,False
99-trace-0007609,2026-08-18T15:27:18.786340+00:00,checkout,904.29,False
99-trace-0007612,2026-08-18T15:27:19.684503+00:00,checkout,634.23,False
99-trace-0023223,2026-08-18T15:27:20.044498+00:00,api_generic,84.26,False
99-trace-0002806,2026-08-18T15:27:20.103453+00:00,pix,162.42,False
99-trace-0002808,2026-08-18T15:27:20.670920+00:00,pix,197.5,False
99-trace-0023224,2026-08-18T15:27:20.980930+00:00,api_generic,51.77,False
99-trace-0015434,2026-08-18T15:27:21.185801+00:00,site_latency,148.57,False
99-trace-0015437,2026-08-18T15:27:21.995225+00:00,site_latency,549.26,False
99-trace-0015439,2026-08-18T15:27:22.442966+00:00,site_latency,361.48,False
99-trace-0015440,2026-08-18T15:27:22.453053+00:00,site_latency,319.25,False
99-trace-0023233,2026-08-18T15:27:22.819922+00:00,api_generic,1471.74,True
99-trace-0002816,2026-08-18T15:27:23.188537+00:00,pix,344.99,False
99-trace-0007618,2026-08-18T15:27:23.342569+00:00,checkout,868.68,False
99-trace-0015443,2026-08-18T15:27:23.439985+00:00,site_latency,237.05,False
99-trace-0023236,2026-08-18T15:27:24.189004+00:00,api_generic,126.79,False
99-trace-0023239,2026-08-18T15:27:24.671331+00:00,api_generic,69.99,False
99-trace-0007621,2026-08-18T15:27:24.762558+00:00,checkout,502.62,False
99-trace-0007622,2026-08-18T15:27:25.332766+00:00,checkout,808.45,False
99-trace-0023246,2026-08-18T15:27:25.567432+00:00,api_generic,97.9,False
99-trace-0015455,2026-08-18T15:27:26.578007+00:00,site_latency,324.28,False
99-trace-0015456,2026-08-18T15:27:26.607296+00:00,site_latency,510.34,True
99-trace-0007626,2026-08-18T15:27:26.632825+00:00,checkout,3997.04,False
99-trace-0023251,2026-08-18T15:27:27.018459+00:00,api_generic,504.66,False
99-trace-0015459,2026-08-18T15:27:27.225802+00:00,site_latency,194.43,False
99-trace-0015462,2026-08-18T15:27:27.944320+00:00,site_latency,584.57,True
99-trace-0023256,2026-08-18T15:27:28.513929+00:00,api_generic,81.29,False
99-trace-0007630,2026-08-18T15:27:28.968284+00:00,checkout,476.59,False
99-trace-0023259,2026-08-18T15:27:29.301608+00:00,api_generic,142.85,True
99-trace-0015480,2026-08-18T15:27:30.444446+00:00,site_latency,257.14,False
99-trace-0023262,2026-08-18T15:27:30.665314+00:00,api_generic,164.19,False
99-trace-0015485,2026-08-18T15:27:31.301225+00:00,site_latency,266.29,False
99-trace-0015486,2026-08-18T15:27:31.341120+00:00,site_latency,403.44,False
99-trace-0015487,2026-08-18T15:27:31.562612+00:00,site_latency,613.89,False
99-trace-0023266,2026-08-18T15:27:32.300446+00:00,api_generic,109.08,False
99-trace-0015499,2026-08-18T15:27:33.377644+00:00,site_latency,231.39,False
99-trace-0007640,2026-08-18T15:27:33.559162+00:00,checkout,407.53,False
99-trace-0002837,2026-08-18T15:27:33.965656+00:00,pix,501.02,False
99-trace-0007641,2026-08-18T15:27:34.046813+00:00,checkout,235.18,False
99-trace-0023273,2026-08-18T15:27:34.327578+00:00,api_generic,380.71,False
99-trace-0002839,2026-08-18T15:27:34.650303+00:00,pix,336.42,False
99-trace-0007642,2026-08-18T15:27:34.663630+00:00,checkout,385.41,False
99-trace-0002840,2026-08-18T15:27:34.667589+00:00,pix,116.58,False
99-trace-0002841,2026-08-18T15:27:34.958423+00:00,pix,118.16,False
99-trace-0023281,2026-08-18T15:27:35.449537+00:00,api_generic,105.32,False
99-trace-0002845,2026-08-18T15:27:35.996495+00:00,pix,155.37,False
99-trace-0023283,2026-08-18T15:27:36.871105+00:00,api_generic,153.46,False
99-trace-0023284,2026-08-18T15:27:36.978326+00:00,api_generic,238.99,False
99-trace-0015519,2026-08-18T15:27:37.313120+00:00,site_latency,510.18,False
99-trace-0015521,2026-08-18T15:27:37.537452+00:00,site_latency,554.25,False
99-trace-0023286,2026-08-18T15:27:37.585799+00:00,api_generic,268.89,False
99-trace-0015522,2026-08-18T15:27:38.119264+00:00,site_latency,306.98,False
99-trace-0007651,2026-08-18T15:27:40.243429+00:00,checkout,372.81,False
99-trace-0002855,2026-08-18T15:27:40.294047+00:00,pix,242.74,False
99-trace-0015530,2026-08-18T15:27:40.547125+00:00,site_latency,96.95,False
99-trace-0007652,2026-08-18T15:27:40.577087+00:00,checkout,443.17,False
99-trace-0007653,2026-08-18T15:27:40.767751+00:00,checkout,371.33,False
99-trace-0015532,2026-08-18T15:27:40.778936+00:00,site_latency,252.9,False
99-trace-0015537,2026-08-18T15:27:41.689320+00:00,site_latency,227.04,False
99-trace-0015538,2026-08-18T15:27:41.761919+00:00,site_latency,92.79,False
99-trace-0023300,2026-08-18T15:27:41.829673+00:00,api_generic,39.52,False
99-trace-0002861,2026-08-18T15:27:42.099405+00:00,pix,105.53,False
99-trace-0007657,2026-08-18T15:27:42.946341+00:00,checkout,379.72,False
99-trace-0007658,2026-08-18T15:27:43.099351+00:00,checkout,361.8,False
99-trace-0015546,2026-08-18T15:27:43.250244+00:00,site_latency,128.28,False
99-trace-0023310,2026-08-18T15:27:43.301109+00:00,api_generic,118.95,False
99-trace-0023313,2026-08-18T15:27:43.412969+00:00,api_generic,733.86,False
99-trace-0023314,2026-08-18T15:27:43.669525+00:00,api_generic,430.89,False
99-trace-0015550,2026-08-18T15:27:43.788408+00:00,site_latency,1120.14,False
99-trace-0015552,2026-08-18T15:27:43.876957+00:00,site_latency,218.77,False
99-trace-0023317,2026-08-18T15:27:45.068312+00:00,api_generic,117.87,False
99-trace-0015560,2026-08-18T15:27:45.155234+00:00,site_latency,150.88,False
99-trace-0015562,2026-08-18T15:27:45.218688+00:00,site_latency,433.51,False
99-trace-0007666,2026-08-18T15:27:45.839693+00:00,checkout,444.13,False
99-trace-0023322,2026-08-18T15:27:46.039579+00:00,api_generic,214.15,False
99-trace-0015566,2026-08-18T15:27:46.139627+00:00,site_latency,636.43,False
99-trace-0015567,2026-08-18T15:27:46.508680+00:00,site_latency,276.6,False
99-trace-0007668,2026-08-18T15:27:46.784074+00:00,checkout,306.63,False
99-trace-0023329,2026-08-18T15:27:46.802680+00:00,api_generic,207.15,True
99-trace-0015569,2026-08-18T15:27:47.309040+00:00,site_latency,144.7,False
99-trace-0002871,2026-08-18T15:27:47.518176+00:00,pix,175.98,False
99-trace-0002872,2026-08-18T15:27:47.553395+00:00,pix,108.45,False
99-trace-0015572,2026-08-18T15:27:47.653739+00:00,site_latency,223.65,False
99-trace-0007671,2026-08-18T15:27:47.746223+00:00,checkout,499.95,True
99-trace-0023337,2026-08-18T15:27:48.104167+00:00,api_generic,119.49,False
99-trace-0007675,2026-08-18T15:27:48.249324+00:00,checkout,2734.43,False
99-trace-0023340,2026-08-18T15:27:49.252164+00:00,api_generic,195.55,False
99-trace-0015582,2026-08-18T15:27:49.428023+00:00,site_latency,221.73,True
99-trace-0015584,2026-08-18T15:27:49.535715+00:00,site_latency,768.85,False
99-trace-0023342,2026-08-18T15:27:49.627807+00:00,api_generic,117.2,False
99-trace-0007682,2026-08-18T15:27:49.916974+00:00,checkout,235.47,False
99-trace-0002877,2026-08-18T15:27:50.242027+00:00,pix,119.64,False
99-trace-0002878,2026-08-18T15:27:50.309213+00:00,pix,89.11,False
99-trace-0023351,2026-08-18T15:27:50.653502+00:00,api_generic,113.44,False
99-trace-0015590,2026-08-18T15:27:50.906254+00:00,site_latency,281.51,False
99-trace-0015592,2026-08-18T15:27:50.991431+00:00,site_latency,577.19,False
99-trace-0015595,2026-08-18T15:27:51.098049+00:00,site_latency,265.19,False
99-trace-0007685,2026-08-18T15:27:52.023391+00:00,checkout,395.85,False
99-trace-0023360,2026-08-18T15:27:52.270245+00:00,api_generic,132.53,False
99-trace-0015601,2026-08-18T15:27:52.640384+00:00,site_latency,75.89,False
99-trace-0023363,2026-08-18T15:27:53.129533+00:00,api_generic,140.08,False
99-trace-0023365,2026-08-18T15:27:53.309204+00:00,api_generic,262.76,False
99-trace-0015605,2026-08-18T15:27:53.309211+00:00,site_latency,108.31,False
99-trace-0007691,2026-08-18T15:27:53.656944+00:00,checkout,168.37,False
99-trace-0002886,2026-08-18T15:27:54.266981+00:00,pix,63.71,False
99-trace-0007695,2026-08-18T15:27:54.362361+00:00,checkout,186.59,False
99-trace-0015609,2026-08-18T15:27:54.367717+00:00,site_latency,1774.68,False
99-trace-0015610,2026-08-18T15:27:54.426247+00:00,site_latency,934.23,False
99-trace-0007696,2026-08-18T15:27:54.613760+00:00,checkout,497.68,False
99-trace-0007699,2026-08-18T15:27:55.106960+00:00,checkout,327.3,False
99-trace-0023371,2026-08-18T15:27:56.200245+00:00,api_generic,46.36,False
99-trace-0007701,2026-08-18T15:27:56.433392+00:00,checkout,605.67,False
99-trace-0002894,2026-08-18T15:27:57.422385+00:00,pix,242.69,False
99-trace-0002895,2026-08-18T15:27:57.475471+00:00,pix,71.27,False
99-trace-0023376,2026-08-18T15:27:57.558916+00:00,api_generic,167.62,True
99-trace-0007705,2026-08-18T15:27:57.587658+00:00,checkout,867.78,False
99-trace-0002896,2026-08-18T15:27:57.588689+00:00,pix,91.17,False
99-trace-0007706,2026-08-18T15:27:57.978377+00:00,checkout,286.59,False
99-trace-0015628,2026-08-18T15:27:58.079528+00:00,site_latency,712.57,False
99-trace-0023379,2026-08-18T15:27:58.081076+00:00,api_generic,88.69,False
99-trace-0007707,2026-08-18T15:27:58.100187+00:00,checkout,664.08,False
99-trace-0015630,2026-08-18T15:27:58.619276+00:00,site_latency,754.66,False
99-trace-0015634,2026-08-18T15:28:00.101392+00:00,site_latency,87.01,False
99-trace-0015636,2026-08-18T15:28:00.311839+00:00,site_latency,875.56,False
99-trace-0023390,2026-08-18T15:28:00.474580+00:00,api_generic,292.96,True
99-trace-0007715,2026-08-18T15:28:01.017731+00:00,checkout,153.54,False
99-trace-0007717,2026-08-18T15:28:01.277562+00:00,checkout,202.11,False
99-trace-0007719,2026-08-18T15:28:01.577427+00:00,checkout,249.4,False
99-trace-0007721,2026-08-18T15:28:02.007959+00:00,checkout,1558.0,False
99-trace-0023398,2026-08-18T15:28:02.421789+00:00,api_generic,51.12,False
99-trace-0015649,2026-08-18T15:28:03.194617+00:00,site_latency,1397.19,False
99-trace-0007722,2026-08-18T15:28:03.275297+00:00,checkout,2626.29,False
99-trace-0015653,2026-08-18T15:28:03.708409+00:00,site_latency,183.43,False
99-trace-0002911,2026-08-18T15:28:04.720055+00:00,pix,320.42,False
99-trace-0023412,2026-08-18T15:28:04.896760+00:00,api_generic,170.56,False
99-trace-0023414,2026-08-18T15:28:05.011635+00:00,api_generic,42.34,False
99-trace-0002912,2026-08-18T15:28:05.090846+00:00,pix,129.36,False
99-trace-0002913,2026-08-18T15:28:05.217405+00:00,pix,367.57,True
99-trace-0023416,2026-08-18T15:28:05.299885+00:00,api_generic,75.8,False
99-trace-0007729,2026-08-18T15:28:05.634147+00:00,checkout,347.11,False
99-trace-0023419,2026-08-18T15:28:05.924854+00:00,api_generic,77.52,False
99-trace-0023420,2026-08-18T15:28:06.110360+00:00,api_generic,106.71,False
99-trace-0015662,2026-08-18T15:28:06.141667+00:00,site_latency,123.14,False
99-trace-0015663,2026-08-18T15:28:06.146636+00:00,site_latency,107.84,False
99-trace-0023425,2026-08-18T15:28:06.648095+00:00,api_generic,42.04,False
99-trace-0015666,2026-08-18T15:28:06.744667+00:00,site_latency,173.06,False
99-trace-0007735,2026-08-18T15:28:06.764962+00:00,checkout,191.78,False
99-trace-0015668,2026-08-18T15:28:07.295994+00:00,site_latency,193.7,False
99-trace-0023429,2026-08-18T15:28:07.442322+00:00,api_generic,94.6,False
99-trace-0015669,2026-08-18T15:28:07.532458+00:00,site_latency,119.45,False
99-trace-0007742,2026-08-18T15:28:08.172557+00:00,checkout,355.87,False
99-trace-0015673,2026-08-18T15:28:08.193286+00:00,site_latency,159.86,False
99-trace-0023433,2026-08-18T15:28:08.328604+00:00,api_generic,65.67,False
99-trace-0015676,2026-08-18T15:28:08.969856+00:00,site_latency,107.52,False
99-trace-0015683,2026-08-18T15:28:10.007274+00:00,site_latency,84.77,False
99-trace-0007748,2026-08-18T15:28:10.155058+00:00,checkout,1566.25,True
99-trace-0023438,2026-08-18T15:28:10.317890+00:00,api_generic,106.84,False
99-trace-0023441,2026-08-18T15:28:10.520133+00:00,api_generic,54.87,False
99-trace-0023442,2026-08-18T15:28:11.188644+00:00,api_generic,98.23,False
99-trace-0023445,2026-08-18T15:28:11.840921+00:00,api_generic,159.96,False
99-trace-0023447,2026-08-18T15:28:11.971559+00:00,api_generic,39.38,False
99-trace-0023451,2026-08-18T15:28:12.145838+00:00,api_generic,97.62,False
99-trace-0002925,2026-08-18T15:28:12.478995+00:00,pix,125.04,False
99-trace-0002926,2026-08-18T15:28:12.542663+00:00,pix,95.83,False
99-trace-0002927,2026-08-18T15:28:12.555652+00:00,pix,123.03,False
99-trace-0015704,2026-08-18T15:28:14.322369+00:00,site_latency,192.04,False
99-trace-0007760,2026-08-18T15:28:14.468134+00:00,checkout,1281.14,False
99-trace-0023456,2026-08-18T15:28:14.563585+00:00,api_generic,200.27,False
99-trace-0007762,2026-08-18T15:28:15.373934+00:00,checkout,884.89,False
99-trace-0023459,2026-08-18T15:28:15.439418+00:00,api_generic,52.94,False
99-trace-0015712,2026-08-18T15:28:15.701762+00:00,site_latency,240.42,False
99-trace-0023462,2026-08-18T15:28:16.009244+00:00,api_generic,104.11,False
99-trace-0023465,2026-08-18T15:28:16.317213+00:00,api_generic,37.53,False
99-trace-0023466,2026-08-18T15:28:16.439768+00:00,api_generic,262.23,False
99-trace-0007766,2026-08-18T15:28:16.792127+00:00,checkout,324.81,False
99-trace-0015717,2026-08-18T15:28:16.901455+00:00,site_latency,135.43,False
99-trace-0007768,2026-08-18T15:28:17.083840+00:00,checkout,318.03,False
99-trace-0015720,2026-08-18T15:28:17.252986+00:00,site_latency,295.82,False
99-trace-0015721,2026-08-18T15:28:17.412466+00:00,site_latency,838.81,False
99-trace-0023470,2026-08-18T15:28:17.705155+00:00,api_generic,33.26,False
99-trace-0015727,2026-08-18T15:28:18.436403+00:00,site_latency,301.47,False
99-trace-0023475,2026-08-18T15:28:18.657270+00:00,api_generic,420.34,False
99-trace-0015730,2026-08-18T15:28:18.790001+00:00,site_latency,674.32,False
99-trace-0015731,2026-08-18T15:28:18.791040+00:00,site_latency,342.08,False
99-trace-0007783,2026-08-18T15:28:18.816076+00:00,checkout,335.08,False
99-trace-0007786,2026-08-18T15:28:19.087683+00:00,checkout,331.63,False
99-trace-0002941,2026-08-18T15:28:19.164754+00:00,pix,120.66,False
99-trace-0023478,2026-08-18T15:28:19.362339+00:00,api_generic,113.83,False
99-trace-0015736,2026-08-18T15:28:19.606531+00:00,site_latency,87.34,False
99-trace-0002943,2026-08-18T15:28:20.124087+00:00,pix,252.52,False
99-trace-0015743,2026-08-18T15:28:20.578492+00:00,site_latency,255.52,False
99-trace-0023481,2026-08-18T15:28:20.864017+00:00,api_generic,181.17,True
99-trace-0007787,2026-08-18T15:28:21.037067+00:00,checkout,254.87,False
99-trace-0015748,2026-08-18T15:28:21.096551+00:00,site_latency,698.48,False
99-trace-0007788,2026-08-18T15:28:21.114431+00:00,checkout,573.99,True
99-trace-0015749,2026-08-18T15:28:21.316795+00:00,site_latency,198.11,False
99-trace-0015750,2026-08-18T15:28:21.456465+00:00,site_latency,116.09,False
99-trace-0015753,2026-08-18T15:28:22.123225+00:00,site_latency,879.87,True
99-trace-0002949,2026-08-18T15:28:22.644333+00:00,pix,177.77,False
99-trace-0023490,2026-08-18T15:28:22.680825+00:00,api_generic,153.37,False
99-trace-0023491,2026-08-18T15:28:22.993914+00:00,api_generic,710.1,False
99-trace-0015763,2026-08-18T15:28:24.106368+00:00,site_latency,110.56,False
99-trace-0023495,2026-08-18T15:28:24.252023+00:00,api_generic,71.01,False
99-trace-0023496,2026-08-18T15:28:24.263778+00:00,api_generic,492.27,False
99-trace-0002953,2026-08-18T15:28:24.319681+00:00,pix,387.5,False
99-trace-0015764,2026-08-18T15:28:24.353172+00:00,site_latency,260.23,False
99-trace-0015768,2026-08-18T15:28:25.087364+00:00,site_latency,280.21,False
99-trace-0015769,2026-08-18T15:28:25.175802+00:00,site_latency,134.49,False
99-trace-0015770,2026-08-18T15:28:25.180729+00:00,site_latency,632.66,False
99-trace-0007798,2026-08-18T15:28:26.542750+00:00,checkout,358.71,False
99-trace-0007800,2026-08-18T15:28:26.813123+00:00,checkout,234.1,False
99-trace-0007801,2026-08-18T15:28:27.675984+00:00,checkout,348.66,False
99-trace-0015776,2026-08-18T15:28:27.854647+00:00,site_latency,227.12,False
99-trace-0015780,2026-08-18T15:28:28.605678+00:00,site_latency,608.8,False
99-trace-0002957,2026-08-18T15:28:28.807352+00:00,pix,104.39,False
99-trace-0023507,2026-08-18T15:28:28.979646+00:00,api_generic,44.99,False
99-trace-0007803,2026-08-18T15:28:29.179930+00:00,checkout,378.48,False
99-trace-0007807,2026-08-18T15:28:30.604013+00:00,checkout,911.31,False
99-trace-0015788,2026-08-18T15:28:30.669153+00:00,site_latency,498.41,False
99-trace-0015789,2026-08-18T15:28:30.745997+00:00,site_latency,375.05,False
99-trace-0023521,2026-08-18T15:28:30.844495+00:00,api_generic,325.32,False
99-trace-0015791,2026-08-18T15:28:30.847113+00:00,site_latency,100.67,False
99-trace-0007809,2026-08-18T15:28:30.872936+00:00,checkout,470.97,False
99-trace-0002960,2026-08-18T15:28:31.026401+00:00,pix,94.56,False
99-trace-0002961,2026-08-18T15:28:31.094832+00:00,pix,113.0,False
99-trace-0007810,2026-08-18T15:28:31.212499+00:00,checkout,174.85,False
99-trace-0015794,2026-08-18T15:28:31.960245+00:00,site_latency,67.4,False
99-trace-0002962,2026-08-18T15:28:32.024490+00:00,pix,166.24,False
99-trace-0023529,2026-08-18T15:28:32.666698+00:00,api_generic,274.0,False
99-trace-0015801,2026-08-18T15:28:32.857737+00:00,site_latency,126.43,False
99-trace-0007815,2026-08-18T15:28:32.972269+00:00,checkout,299.61,False
99-trace-0007819,2026-08-18T15:28:33.499833+00:00,checkout,356.18,False
99-trace-0023533,2026-08-18T15:28:33.600856+00:00,api_generic,53.74,False
99-trace-0015802,2026-08-18T15:28:33.723176+00:00,site_latency,201.43,True
99-trace-0007821,2026-08-18T15:28:34.129584+00:00,checkout,206.68,False
99-trace-0015806,2026-08-18T15:28:34.440756+00:00,site_latency,199.15,False
99-trace-0015812,2026-08-18T15:28:35.761717+00:00,site_latency,152.92,False
99-trace-0015813,2026-08-18T15:28:35.858921+00:00,site_latency,743.7,False
99-trace-0023544,2026-08-18T15:28:36.236125+00:00,api_generic,418.32,False
99-trace-0023546,2026-08-18T15:28:36.445957+00:00,api_generic,323.62,True
99-trace-0002971,2026-08-18T15:28:36.482262+00:00,pix,269.71,False
99-trace-0023549,2026-08-18T15:28:36.993905+00:00,api_generic,35.58,False
99-trace-0015822,2026-08-18T15:28:37.046376+00:00,site_latency,99.35,False
99-trace-0015826,2026-08-18T15:28:37.097304+00:00,site_latency,254.39,False
99-trace-0015830,2026-08-18T15:28:37.596829+00:00,site_latency,309.13,False
99-trace-0023552,2026-08-18T15:28:37.709743+00:00,api_generic,60.61,False
99-trace-0015833,2026-08-18T15:28:37.882833+00:00,site_latency,735.87,False
99-trace-0023555,2026-08-18T15:28:38.442501+00:00,api_generic,247.89,False
99-trace-0015835,2026-08-18T15:28:38.696641+00:00,site_latency,175.77,False
99-trace-0015836,2026-08-18T15:28:38.741325+00:00,site_latency,142.4,False
99-trace-0023560,2026-08-18T15:28:39.168099+00:00,api_generic,270.99,False
99-trace-0002975,2026-08-18T15:28:39.194588+00:00,pix,220.83,False
99-trace-0015841,2026-08-18T15:28:39.730458+00:00,site_latency,594.55,False
99-trace-0023565,2026-08-18T15:28:40.053541+00:00,api_generic,518.33,False
99-trace-0015842,2026-08-18T15:28:40.085626+00:00,site_latency,582.52,False
99-trace-0015843,2026-08-18T15:28:40.229579+00:00,site_latency,132.62,False
99-trace-0007841,2026-08-18T15:28:40.318237+00:00,checkout,325.06,False
99-trace-0007842,2026-08-18T15:28:40.372785+00:00,checkout,134.77,False
99-trace-0002977,2026-08-18T15:28:40.450423+00:00,pix,103.77,False
99-trace-0023567,2026-08-18T15:28:40.639084+00:00,api_generic,188.19,False
99-trace-0023570,2026-08-18T15:28:40.988836+00:00,api_generic,74.71,False
99-trace-0015848,2026-08-18T15:28:41.119919+00:00,site_latency,256.64,False
99-trace-0015850,2026-08-18T15:28:41.489229+00:00,site_latency,164.43,False
99-trace-0015852,2026-08-18T15:28:41.642057+00:00,site_latency,90.92,False
99-trace-0023571,2026-08-18T15:28:41.744169+00:00,api_generic,172.95,True
99-trace-0023574,2026-08-18T15:28:42.189112+00:00,api_generic,331.23,False
99-trace-0023576,2026-08-18T15:28:42.317146+00:00,api_generic,862.71,False
99-trace-0002980,2026-08-18T15:28:42.348492+00:00,pix,98.27,False
99-trace-0015857,2026-08-18T15:28:42.363402+00:00,site_latency,188.81,False
99-trace-0007847,2026-08-18T15:28:43.258598+00:00,checkout,407.5,False
99-trace-0007848,2026-08-18T15:28:43.575568+00:00,checkout,290.98,False
99-trace-0023580,2026-08-18T15:28:43.726732+00:00,api_generic,26.16,False
99-trace-0015861,2026-08-18T15:28:44.268119+00:00,site_latency,53.2,False
99-trace-0015863,2026-08-18T15:28:44.291281+00:00,site_latency,643.81,False
99-trace-0015865,2026-08-18T15:28:44.950107+00:00,site_latency,2426.01,False
99-trace-0023585,2026-08-18T15:28:44.956562+00:00,api_generic,270.1,False
99-trace-0015866,2026-08-18T15:28:45.324692+00:00,site_latency,238.79,False
99-trace-0023589,2026-08-18T15:28:46.234566+00:00,api_generic,126.74,False
99-trace-0015871,2026-08-18T15:28:46.333456+00:00,site_latency,967.11,False
99-trace-0002989,2026-08-18T15:28:46.513658+00:00,pix,311.16,False
99-trace-0023591,2026-08-18T15:28:46.591861+00:00,api_generic,205.32,False
99-trace-0023592,2026-08-18T15:28:46.943494+00:00,api_generic,889.03,False
99-trace-0015875,2026-08-18T15:28:47.150731+00:00,site_latency,117.64,False
99-trace-0015876,2026-08-18T15:28:47.226492+00:00,site_latency,106.06,False
99-trace-0015880,2026-08-18T15:28:48.069978+00:00,site_latency,61.01,False
99-trace-0015881,2026-08-18T15:28:48.202026+00:00,site_latency,584.15,False
99-trace-0023597,2026-08-18T15:28:48.630286+00:00,api_generic,135.05,False
99-trace-0007858,2026-08-18T15:28:48.936685+00:00,checkout,389.16,False
99-trace-0023603,2026-08-18T15:28:49.597610+00:00,api_generic,268.92,False
99-trace-0007860,2026-08-18T15:28:49.909455+00:00,checkout,423.18,False
99-trace-0002994,2026-08-18T15:28:50.100499+00:00,pix,264.25,True
99-trace-0015887,2026-08-18T15:28:50.222075+00:00,site_latency,53.23,False
99-trace-0023605,2026-08-18T15:28:50.287035+00:00,api_generic,44.28,False
99-trace-0007861,2026-08-18T15:28:50.357372+00:00,checkout,287.21,False
99-trace-0023607,2026-08-18T15:28:50.438679+00:00,api_generic,94.13,False
99-trace-0007863,2026-08-18T15:28:50.794767+00:00,checkout,408.45,False
99-trace-0015889,2026-08-18T15:28:50.842695+00:00,site_latency,178.04,False
99-trace-0002995,2026-08-18T15:28:51.289469+00:00,pix,340.74,False
99-trace-0002996,2026-08-18T15:28:51.959703+00:00,pix,457.46,True
99-trace-0007866,2026-08-18T15:28:52.236057+00:00,checkout,249.98,False
99-trace-0015897,2026-08-18T15:28:52.654073+00:00,site_latency,334.42,False
99-trace-0015899,2026-08-18T15:28:53.064304+00:00,site_latency,814.46,False
99-trace-0023618,2026-08-18T15:28:53.392209+00:00,api_generic,69.73,False
99-trace-0023619,2026-08-18T15:28:53.554650+00:00,api_generic,84.65,False
99-trace-0023625,2026-08-18T15:28:54.666801+00:00,api_generic,325.65,True
99-trace-0023628,2026-08-18T15:28:55.435221+00:00,api_generic,65.11,False
99-trace-0015913,2026-08-18T15:28:56.916512+00:00,site_latency,133.03,False
99-trace-0003003,2026-08-18T15:28:57.612889+00:00,pix,100.71,False
99-trace-0003004,2026-08-18T15:28:57.913709+00:00,pix,314.24,False
99-trace-0023638,2026-08-18T15:28:58.233901+00:00,api_generic,185.68,False
99-trace-0007881,2026-08-18T15:28:58.364740+00:00,checkout,224.43,False
99-trace-0015918,2026-08-18T15:28:58.441575+00:00,site_latency,216.09,False
99-trace-0015921,2026-08-18T15:28:58.896097+00:00,site_latency,141.28,False
99-trace-0023643,2026-08-18T15:28:59.787491+00:00,api_generic,271.22,False
99-trace-0015932,2026-08-18T15:29:00.128522+00:00,site_latency,243.77,False
99-trace-0007886,2026-08-18T15:29:00.218651+00:00,checkout,223.24,False
99-trace-0015933,2026-08-18T15:29:00.425510+00:00,site_latency,149.0,False
99-trace-0015934,2026-08-18T15:29:00.591527+00:00,site_latency,495.59,False
99-trace-0003008,2026-08-18T15:29:01.727647+00:00,pix,235.43,False
99-trace-0023649,2026-08-18T15:29:01.959243+00:00,api_generic,65.47,False
99-trace-0023652,2026-08-18T15:29:02.229152+00:00,api_generic,60.24,False
99-trace-0003014,2026-08-18T15:29:03.049933+00:00,pix,75.54,False
99-trace-0023656,2026-08-18T15:29:03.251486+00:00,api_generic,49.3,False
99-trace-0023657,2026-08-18T15:29:03.341481+00:00,api_generic,198.74,False
99-trace-0007894,2026-08-18T15:29:03.588774+00:00,checkout,895.74,False
99-trace-0015946,2026-08-18T15:29:03.591175+00:00,site_latency,149.67,False
99-trace-0015949,2026-08-18T15:29:03.899303+00:00,site_latency,140.45,False
99-trace-0007896,2026-08-18T15:29:04.184442+00:00,checkout,798.97,False
99-trace-0023662,2026-08-18T15:29:04.987293+00:00,api_generic,133.18,False
99-trace-0015952,2026-08-18T15:29:05.021702+00:00,site_latency,382.56,False
99-trace-0003020,2026-08-18T15:29:05.612564+00:00,pix,140.2,False
99-trace-0023666,2026-08-18T15:29:06.339974+00:00,api_generic,166.84,False
99-trace-0015956,2026-08-18T15:29:06.348522+00:00,site_latency,547.38,False
99-trace-0007900,2026-08-18T15:29:06.388691+00:00,checkout,1183.71,False
99-trace-0015959,2026-08-18T15:29:06.524163+00:00,site_latency,735.55,False
99-trace-0015960,2026-08-18T15:29:07.143546+00:00,site_latency,255.01,False
99-trace-0003023,2026-08-18T15:29:07.208651+00:00,pix,88.05,False
99-trace-0023670,2026-08-18T15:29:07.826526+00:00,api_generic,81.11,False
99-trace-0007908,2026-08-18T15:29:08.068538+00:00,checkout,962.1,True
99-trace-0023675,2026-08-18T15:29:08.609242+00:00,api_generic,756.66,False
99-trace-0015970,2026-08-18T15:29:08.619624+00:00,site_latency,203.92,False
99-trace-0003027,2026-08-18T15:29:08.796395+00:00,pix,232.75,False
99-trace-0015972,2026-08-18T15:29:08.868731+00:00,site_latency,1535.74,False
99-trace-0007912,2026-08-18T15:29:09.300594+00:00,checkout,184.84,False
99-trace-0003032,2026-08-18T15:29:10.324271+00:00,pix,93.93,False
99-trace-0015983,2026-08-18T15:29:11.101504+00:00,site_latency,3407.09,False
99-trace-0023683,2026-08-18T15:29:11.311858+00:00,api_generic,148.69,False
99-trace-0023684,2026-08-18T15:29:11.529688+00:00,api_generic,50.28,False
99-trace-0015987,2026-08-18T15:29:11.543774+00:00,site_latency,72.15,False
99-trace-0023685,2026-08-18T15:29:11.660398+00:00,api_generic,66.94,False
99-trace-0015991,2026-08-18T15:29:12.402862+00:00,site_latency,217.56,False
99-trace-0003039,2026-08-18T15:29:13.407582+00:00,pix,91.29,False
99-trace-0016001,2026-08-18T15:29:13.669127+00:00,site_latency,184.06,False
99-trace-0007921,2026-08-18T15:29:13.742325+00:00,checkout,401.42,True
99-trace-0023693,2026-08-18T15:29:13.773293+00:00,api_generic,159.61,False
99-trace-0007922,2026-08-18T15:29:13.832386+00:00,checkout,353.8,False
99-trace-0023695,2026-08-18T15:29:13.901997+00:00,api_generic,202.89,True
99-trace-0007923,2026-08-18T15:29:14.349461+00:00,checkout,274.68,False
99-trace-0023699,2026-08-18T15:29:14.799394+00:00,api_generic,477.4,False
99-trace-0016009,2026-08-18T15:29:15.367260+00:00,site_latency,185.15,False
99-trace-0016012,2026-08-18T15:29:15.770798+00:00,site_latency,155.07,False
99-trace-0007928,2026-08-18T15:29:15.980194+00:00,checkout,137.59,False
99-trace-0007929,2026-08-18T15:29:16.422587+00:00,checkout,218.8,False
99-trace-0007930,2026-08-18T15:29:16.736362+00:00,checkout,395.64,False
99-trace-0003050,2026-08-18T15:29:17.499408+00:00,pix,168.36,False
99-trace-0023708,2026-08-18T15:29:17.522402+00:00,api_generic,260.6,False
99-trace-0003051,2026-08-18T15:29:17.857054+00:00,pix,239.63,False
99-trace-0016023,2026-08-18T15:29:18.116522+00:00,site_latency,130.78,False
99-trace-0007934,2026-08-18T15:29:18.442605+00:00,checkout,246.4,False
99-trace-0016026,2026-08-18T15:29:18.783197+00:00,site_latency,124.76,False
99-trace-0007936,2026-08-18T15:29:19.077457+00:00,checkout,179.76,False
99-trace-0023712,2026-08-18T15:29:19.784134+00:00,api_generic,120.79,False
99-trace-0016028,2026-08-18T15:29:19.816754+00:00,site_latency,492.63,False
99-trace-0016029,2026-08-18T15:29:19.825290+00:00,site_latency,429.45,False
99-trace-0003058,2026-08-18T15:29:20.065358+00:00,pix,254.75,False
99-trace-0023714,2026-08-18T15:29:20.332973+00:00,api_generic,402.13,False
99-trace-0023719,2026-08-18T15:29:20.740349+00:00,api_generic,119.17,False
99-trace-0023720,2026-08-18T15:29:20.879463+00:00,api_generic,1463.91,False
99-trace-0007941,2026-08-18T15:29:21.231835+00:00,checkout,667.43,True
99-trace-0023724,2026-08-18T15:29:21.505521+00:00,api_generic,64.72,False
99-trace-0007942,2026-08-18T15:29:21.791894+00:00,checkout,294.46,False
99-trace-0003060,2026-08-18T15:29:21.892335+00:00,pix,168.57,False
99-trace-0023726,2026-08-18T15:29:22.058209+00:00,api_generic,188.53,False
99-trace-0007944,2026-08-18T15:29:22.341074+00:00,checkout,371.13,False
99-trace-0023728,2026-08-18T15:29:22.414396+00:00,api_generic,191.23,True
99-trace-0016045,2026-08-18T15:29:22.821022+00:00,site_latency,157.78,False
99-trace-0023733,2026-08-18T15:29:23.453989+00:00,api_generic,29.12,False
99-trace-0016049,2026-08-18T15:29:23.524401+00:00,site_latency,311.4,False
99-trace-0003062,2026-08-18T15:29:23.957440+00:00,pix,325.42,True
99-trace-0023736,2026-08-18T15:29:24.396771+00:00,api_generic,321.63,False
99-trace-0016050,2026-08-18T15:29:24.413434+00:00,site_latency,660.41,False
99-trace-0023737,2026-08-18T15:29:24.508653+00:00,api_generic,69.43,False
99-trace-0007948,2026-08-18T15:29:24.665120+00:00,checkout,245.89,False
99-trace-0016058,2026-08-18T15:29:25.071333+00:00,site_latency,392.0,False
99-trace-0016059,2026-08-18T15:29:25.372319+00:00,site_latency,297.44,True
99-trace-0016063,2026-08-18T15:29:26.086925+00:00,site_latency,571.77,False
99-trace-0023742,2026-08-18T15:29:26.177823+00:00,api_generic,70.11,False
99-trace-0023744,2026-08-18T15:29:26.376121+00:00,api_generic,188.13,True
99-trace-0007955,2026-08-18T15:29:26.787417+00:00,checkout,449.12,False
99-trace-0016070,2026-08-18T15:29:27.669064+00:00,site_latency,71.3,False
99-trace-0023750,2026-08-18T15:29:28.208186+00:00,api_generic,92.09,False
99-trace-0007958,2026-08-18T15:29:28.759489+00:00,checkout,199.58,False
99-trace-0003077,2026-08-18T15:29:28.803138+00:00,pix,161.95,False
99-trace-0023752,2026-08-18T15:29:29.033330+00:00,api_generic,79.26,False
99-trace-0007961,2026-08-18T15:29:29.833209+00:00,checkout,50.51,False
99-trace-0016078,2026-08-18T15:29:29.999002+00:00,site_latency,159.24,False
99-trace-0003080,2026-08-18T15:29:30.244280+00:00,pix,688.33,False
99-trace-0016082,2026-08-18T15:29:30.247776+00:00,site_latency,226.88,False
99-trace-0023758,2026-08-18T15:29:30.655358+00:00,api_generic,562.32,True
99-trace-0023762,2026-08-18T15:29:31.706232+00:00,api_generic,100.35,False
99-trace-0007967,2026-08-18T15:29:31.880069+00:00,checkout,141.78,False
99-trace-0016087,2026-08-18T15:29:32.141426+00:00,site_latency,240.46,False
99-trace-0023764,2026-08-18T15:29:32.341926+00:00,api_generic,101.53,False
99-trace-0016088,2026-08-18T15:29:32.663526+00:00,site_latency,362.3,True
99-trace-0016090,2026-08-18T15:29:32.790469+00:00,site_latency,94.57,False
99-trace-0023769,2026-08-18T15:29:33.515162+00:00,api_generic,163.92,False
99-trace-0007969,2026-08-18T15:29:33.617132+00:00,checkout,194.41,False
99-trace-0016097,2026-08-18T15:29:34.221646+00:00,site_latency,526.22,False
99-trace-0023774,2026-08-18T15:29:34.260747+00:00,api_generic,66.01,False
99-trace-0023776,2026-08-18T15:29:34.994842+00:00,api_generic,87.07,False
99-trace-0016100,2026-08-18T15:29:35.146907+00:00,site_latency,200.94,False
99-trace-0023779,2026-08-18T15:29:35.152369+00:00,api_generic,48.93,False
99-trace-0016104,2026-08-18T15:29:35.339835+00:00,site_latency,590.53,False
99-trace-0023783,2026-08-18T15:29:35.941033+00:00,api_generic,105.02,False
99-trace-0016110,2026-08-18T15:29:36.848468+00:00,site_latency,231.29,False
99-trace-0007980,2026-08-18T15:29:37.665133+00:00,checkout,498.09,False
99-trace-0023793,2026-08-18T15:29:38.229023+00:00,api_generic,72.79,False
99-trace-0007987,2026-08-18T15:29:40.564510+00:00,checkout,2283.16,False
99-trace-0023799,2026-08-18T15:29:41.081314+00:00,api_generic,99.62,False
99-trace-0016135,2026-08-18T15:29:42.469341+00:00,site_latency,113.66,False
99-trace-0023806,2026-08-18T15:29:42.941733+00:00,api_generic,59.19,False
99-trace-0016139,2026-08-18T15:29:43.082355+00:00,site_latency,287.62,False
99-trace-0023808,2026-08-18T15:29:43.201068+00:00,api_generic,252.08,True
99-trace-0016146,2026-08-18T15:29:45.132598+00:00,site_latency,573.84,False
99-trace-0023818,2026-08-18T15:29:45.702070+00:00,api_generic,49.01,False
99-trace-0007998,2026-08-18T15:29:46.092418+00:00,checkout,243.15,False
99-trace-0023820,2026-08-18T15:29:46.269189+00:00,api_generic,210.14,True
99-trace-0003107,2026-08-18T15:29:46.449169+00:00,pix,53.36,False
99-trace-0023822,2026-08-18T15:29:46.555512+00:00,api_generic,254.0,False
99-trace-0003109,2026-08-18T15:29:46.643419+00:00,pix,122.53,False
99-trace-0008002,2026-08-18T15:29:46.897224+00:00,checkout,1577.19,False
99-trace-0008003,2026-08-18T15:29:47.095575+00:00,checkout,747.6,False
99-trace-0003112,2026-08-18T15:29:47.205645+00:00,pix,112.35,False
99-trace-0003113,2026-08-18T15:29:47.474453+00:00,pix,154.75,False
99-trace-0016154,2026-08-18T15:29:48.136145+00:00,site_latency,139.17,False
99-trace-0016156,2026-08-18T15:29:48.204053+00:00,site_latency,151.57,False
99-trace-0003117,2026-08-18T15:29:48.248615+00:00,pix,279.22,False
99-trace-0008006,2026-08-18T15:29:48.579154+00:00,checkout,305.23,False
99-trace-0016163,2026-08-18T15:29:49.655948+00:00,site_latency,188.09,False
99-trace-0023836,2026-08-18T15:29:49.823155+00:00,api_generic,73.04,False
99-trace-0008010,2026-08-18T15:29:51.390989+00:00,checkout,296.84,False
99-trace-0003128,2026-08-18T15:29:51.754263+00:00,pix,210.01,False
99-trace-0016167,2026-08-18T15:29:51.764417+00:00,site_latency,518.39,False
99-trace-0016170,2026-08-18T15:29:52.155887+00:00,site_latency,385.69,False
99-trace-0003130,2026-08-18T15:29:52.228318+00:00,pix,81.24,False
99-trace-0003131,2026-08-18T15:29:52.752951+00:00,pix,291.5,False
99-trace-0023846,2026-08-18T15:29:52.839353+00:00,api_generic,82.28,False
99-trace-0016174,2026-08-18T15:29:53.220561+00:00,site_latency,111.28,False
99-trace-0008016,2026-08-18T15:29:53.785542+00:00,checkout,141.84,False
99-trace-0016176,2026-08-18T15:29:54.123682+00:00,site_latency,201.7,False
99-trace-0008018,2026-08-18T15:29:54.190059+00:00,checkout,170.3,False
99-trace-0016182,2026-08-18T15:29:54.462315+00:00,site_latency,34.75,False
99-trace-0016184,2026-08-18T15:29:54.845137+00:00,site_latency,144.32,False
99-trace-0003136,2026-08-18T15:29:55.742603+00:00,pix,202.11,False
99-trace-0003137,2026-08-18T15:29:56.199352+00:00,pix,145.66,False
99-trace-0016189,2026-08-18T15:29:56.285379+00:00,site_latency,168.43,False
99-trace-0008024,2026-08-18T15:29:57.286986+00:00,checkout,284.45,False
99-trace-0023858,2026-08-18T15:29:57.324703+00:00,api_generic,107.92,False
99-trace-0003145,2026-08-18T15:29:57.584449+00:00,pix,110.85,False
99-trace-0016200,2026-08-18T15:29:58.202285+00:00,site_latency,490.72,False
99-trace-0003148,2026-08-18T15:29:58.452021+00:00,pix,212.22,False
99-trace-0003149,2026-08-18T15:29:58.641365+00:00,pix,144.69,False
99-trace-0003151,2026-08-18T15:29:59.126089+00:00,pix,74.85,False
99-trace-0016202,2026-08-18T15:29:59.142954+00:00,site_latency,302.22,False
99-trace-0003154,2026-08-18T15:29:59.539754+00:00,pix,85.73,False
99-trace-0023868,2026-08-18T15:29:59.871938+00:00,api_generic,118.15,False
99-trace-0023870,2026-08-18T15:30:00.125956+00:00,api_generic,100.62,False
99-trace-0008032,2026-08-18T15:30:00.322942+00:00,checkout,771.11,False
99-trace-0008034,2026-08-18T15:30:00.587004+00:00,checkout,741.55,False
99-trace-0023872,2026-08-18T15:30:00.916872+00:00,api_generic,146.46,False
99-trace-0023873,2026-08-18T15:30:00.996366+00:00,api_generic,256.11,True
99-trace-0008038,2026-08-18T15:30:01.046335+00:00,checkout,468.19,False
99-trace-0016209,2026-08-18T15:30:01.152463+00:00,site_latency,231.9,False
99-trace-0023874,2026-08-18T15:30:01.380903+00:00,api_generic,54.8,False
99-trace-0023878,2026-08-18T15:30:01.588784+00:00,api_generic,160.23,True
99-trace-0016211,2026-08-18T15:30:01.767929+00:00,site_latency,123.42,False
99-trace-0023881,2026-08-18T15:30:02.289123+00:00,api_generic,106.65,False
99-trace-0016213,2026-08-18T15:30:02.343109+00:00,site_latency,552.8,False
99-trace-0023886,2026-08-18T15:30:03.174885+00:00,api_generic,95.25,False
99-trace-0008045,2026-08-18T15:30:03.254851+00:00,checkout,272.3,False
99-trace-0008050,2026-08-18T15:30:05.010709+00:00,checkout,578.5,False
99-trace-0003163,2026-08-18T15:30:05.131593+00:00,pix,148.54,False
99-trace-0003164,2026-08-18T15:30:05.188937+00:00,pix,158.14,False
99-trace-0008053,2026-08-18T15:30:05.582312+00:00,checkout,347.63,False
99-trace-0023894,2026-08-18T15:30:05.831740+00:00,api_generic,103.8,False
99-trace-0023895,2026-08-18T15:30:05.942624+00:00,api_generic,137.92,False
99-trace-0016221,2026-08-18T15:30:06.173230+00:00,site_latency,111.64,False
99-trace-0016223,2026-08-18T15:30:06.355512+00:00,site_latency,170.53,False
99-trace-0023897,2026-08-18T15:30:06.361622+00:00,api_generic,43.86,False
99-trace-0023898,2026-08-18T15:30:06.450381+00:00,api_generic,253.44,True
99-trace-0023899,2026-08-18T15:30:06.522145+00:00,api_generic,99.85,False
99-trace-0023901,2026-08-18T15:30:06.796355+00:00,api_generic,62.76,False
99-trace-0016227,2026-08-18T15:30:07.030106+00:00,site_latency,302.25,False
99-trace-0023905,2026-08-18T15:30:07.458475+00:00,api_generic,277.46,False
99-trace-0016229,2026-08-18T15:30:07.534488+00:00,site_latency,95.6,False
99-trace-0016230,2026-08-18T15:30:07.737931+00:00,site_latency,1017.3,False
99-trace-0003169,2026-08-18T15:30:07.759161+00:00,pix,697.82,False
99-trace-0023908,2026-08-18T15:30:07.947138+00:00,api_generic,241.99,False
99-trace-0003170,2026-08-18T15:30:08.091549+00:00,pix,163.44,False
99-trace-0016234,2026-08-18T15:30:08.111495+00:00,site_latency,2035.07,False
99-trace-0023909,2026-08-18T15:30:08.112653+00:00,api_generic,81.22,False
99-trace-0016236,2026-08-18T15:30:08.580057+00:00,site_latency,492.85,False
99-trace-0016239,2026-08-18T15:30:08.952020+00:00,site_latency,579.71,False
99-trace-0023913,2026-08-18T15:30:09.030968+00:00,api_generic,142.08,False
99-trace-0003173,2026-08-18T15:30:09.121438+00:00,pix,107.38,False
99-trace-0016240,2026-08-18T15:30:09.328121+00:00,site_latency,168.25,False
99-trace-0016241,2026-08-18T15:30:09.342737+00:00,site_latency,707.51,False
99-trace-0003174,2026-08-18T15:30:09.462489+00:00,pix,936.36,False
99-trace-0016242,2026-08-18T15:30:09.525560+00:00,site_latency,216.46,False
99-trace-0016246,2026-08-18T15:30:09.773335+00:00,site_latency,404.68,True
99-trace-0023917,2026-08-18T15:30:10.222555+00:00,api_generic,395.51,False
99-trace-0008066,2026-08-18T15:30:10.653833+00:00,checkout,601.62,False
99-trace-0016249,2026-08-18T15:30:11.200834+00:00,site_latency,197.62,False
99-trace-0023919,2026-08-18T15:30:11.255665+00:00,api_generic,94.1,False
99-trace-0008069,2026-08-18T15:30:11.328534+00:00,checkout,378.76,False
99-trace-0016256,2026-08-18T15:30:12.478430+00:00,site_latency,619.06,False
99-trace-0008073,2026-08-18T15:30:13.065447+00:00,checkout,305.78,False
99-trace-0008076,2026-08-18T15:30:13.760602+00:00,checkout,209.56,False
99-trace-0003180,2026-08-18T15:30:13.940456+00:00,pix,120.51,False
99-trace-0023933,2026-08-18T15:30:14.071205+00:00,api_generic,126.9,False
99-trace-0016263,2026-08-18T15:30:14.076701+00:00,site_latency,444.48,False
99-trace-0023936,2026-08-18T15:30:14.370885+00:00,api_generic,95.14,False
99-trace-0023937,2026-08-18T15:30:14.443769+00:00,api_generic,96.87,False
99-trace-0008077,2026-08-18T15:30:14.450974+00:00,checkout,629.58,True
99-trace-0016265,2026-08-18T15:30:14.529121+00:00,site_latency,563.33,False
99-trace-0023938,2026-08-18T15:30:14.573002+00:00,api_generic,63.03,False
99-trace-0023939,2026-08-18T15:30:14.633520+00:00,api_generic,106.11,False
99-trace-0008078,2026-08-18T15:30:14.852228+00:00,checkout,143.49,False
99-trace-0003184,2026-08-18T15:30:15.277235+00:00,pix,84.82,False
99-trace-0008080,2026-08-18T15:30:15.294374+00:00,checkout,527.63,False
99-trace-0016269,2026-08-18T15:30:15.795858+00:00,site_latency,106.23,False
99-trace-0023947,2026-08-18T15:30:15.913454+00:00,api_generic,65.5,False
99-trace-0003185,2026-08-18T15:30:16.302047+00:00,pix,94.32,False
99-trace-0023956,2026-08-18T15:30:17.781690+00:00,api_generic,39.45,False
99-trace-0003187,2026-08-18T15:30:18.029620+00:00,pix,87.27,False
99-trace-0008089,2026-08-18T15:30:18.327184+00:00,checkout,168.24,False
99-trace-0023959,2026-08-18T15:30:18.381190+00:00,api_generic,117.36,False
99-trace-0023960,2026-08-18T15:30:18.489555+00:00,api_generic,58.49,False
99-trace-0016276,2026-08-18T15:30:18.494431+00:00,site_latency,170.0,False
99-trace-0016278,2026-08-18T15:30:18.563604+00:00,site_latency,344.85,False
99-trace-0016279,2026-08-18T15:30:18.857822+00:00,site_latency,84.3,False
99-trace-0016282,2026-08-18T15:30:19.465233+00:00,site_latency,331.47,False
99-trace-0023966,2026-08-18T15:30:19.841447+00:00,api_generic,83.17,False
99-trace-0023968,2026-08-18T15:30:19.993521+00:00,api_generic,51.62,False
99-trace-0003193,2026-08-18T15:30:20.584877+00:00,pix,263.9,False
99-trace-0016288,2026-08-18T15:30:20.879879+00:00,site_latency,149.82,False
99-trace-0008095,2026-08-18T15:30:21.063583+00:00,checkout,533.26,False
99-trace-0016289,2026-08-18T15:30:21.435533+00:00,site_latency,275.89,False
99-trace-0016296,2026-08-18T15:30:22.065706+00:00,site_latency,146.44,False
99-trace-0008099,2026-08-18T15:30:22.830595+00:00,checkout,266.89,False
99-trace-0016300,2026-08-18T15:30:22.989024+00:00,site_latency,500.19,False
99-trace-0023978,2026-08-18T15:30:23.098635+00:00,api_generic,39.06,False
99-trace-0016303,2026-08-18T15:30:23.153926+00:00,site_latency,1362.12,False
99-trace-0008100,2026-08-18T15:30:23.409954+00:00,checkout,831.12,False
99-trace-0016306,2026-08-18T15:30:23.921965+00:00,site_latency,623.1,True
99-trace-0008105,2026-08-18T15:30:24.306059+00:00,checkout,839.87,False
99-trace-0003203,2026-08-18T15:30:24.331596+00:00,pix,101.46,False
99-trace-0003206,2026-08-18T15:30:26.387910+00:00,pix,162.0,False
99-trace-0008114,2026-08-18T15:30:26.545796+00:00,checkout,1420.92,False
99-trace-0008115,2026-08-18T15:30:26.584856+00:00,checkout,1308.28,False
99-trace-0016319,2026-08-18T15:30:26.883257+00:00,site_latency,231.77,False
99-trace-0016320,2026-08-18T15:30:26.897555+00:00,site_latency,384.96,False
99-trace-0008116,2026-08-18T15:30:26.989825+00:00,checkout,283.34,False
99-trace-0003209,2026-08-18T15:30:27.003981+00:00,pix,143.61,False
99-trace-0016327,2026-08-18T15:30:28.480974+00:00,site_latency,286.05,False
99-trace-0003213,2026-08-18T15:30:28.787897+00:00,pix,123.69,False
99-trace-0016333,2026-08-18T15:30:29.420144+00:00,site_latency,386.62,False
99-trace-0008124,2026-08-18T15:30:30.150013+00:00,checkout,1741.86,False
99-trace-0016340,2026-08-18T15:30:30.692054+00:00,site_latency,174.49,False
99-trace-0016343,2026-08-18T15:30:31.263037+00:00,site_latency,125.98,False
99-trace-0016345,2026-08-18T15:30:31.397310+00:00,site_latency,168.51,False
99-trace-0003216,2026-08-18T15:30:31.424235+00:00,pix,62.22,False
99-trace-0016346,2026-08-18T15:30:31.462010+00:00,site_latency,104.36,False
99-trace-0016348,2026-08-18T15:30:31.805058+00:00,site_latency,170.42,False
99-trace-0016349,2026-08-18T15:30:32.342644+00:00,site_latency,108.25,False
99-trace-0003218,2026-08-18T15:30:32.445282+00:00,pix,70.66,False
99-trace-0008129,2026-08-18T15:30:32.454031+00:00,checkout,561.99,False
99-trace-0003220,2026-08-18T15:30:33.492347+00:00,pix,233.33,False
99-trace-0016358,2026-08-18T15:30:34.049406+00:00,site_latency,127.44,False
99-trace-0008132,2026-08-18T15:30:34.271991+00:00,checkout,593.65,True
99-trace-0008134,2026-08-18T15:30:34.479065+00:00,checkout,889.99,False
99-trace-0003221,2026-08-18T15:30:34.530158+00:00,pix,122.5,False
99-trace-0003224,2026-08-18T15:30:35.289536+00:00,pix,96.79,False
99-trace-0016365,2026-08-18T15:30:35.657767+00:00,site_latency,249.96,False
99-trace-0024030,2026-08-18T15:30:36.024384+00:00,api_generic,237.24,False
99-trace-0016367,2026-08-18T15:30:36.385149+00:00,site_latency,138.07,False
99-trace-0008138,2026-08-18T15:30:37.026978+00:00,checkout,362.64,False
99-trace-0003228,2026-08-18T15:30:38.069431+00:00,pix,187.2,False
99-trace-0016374,2026-08-18T15:30:38.267636+00:00,site_latency,888.29,False
99-trace-0016375,2026-08-18T15:30:38.410481+00:00,site_latency,158.95,False
99-trace-0024038,2026-08-18T15:30:38.701427+00:00,api_generic,63.83,False
99-trace-0016378,2026-08-18T15:30:38.897853+00:00,site_latency,152.86,False
99-trace-0003230,2026-08-18T15:30:39.707921+00:00,pix,215.73,False
99-trace-0024040,2026-08-18T15:30:40.483955+00:00,api_generic,195.16,True
99-trace-0016386,2026-08-18T15:30:40.520254+00:00,site_latency,138.8,False
99-trace-0024041,2026-08-18T15:30:40.549064+00:00,api_generic,50.09,False
99-trace-0024044,2026-08-18T15:30:40.675621+00:00,api_generic,316.85,False
99-trace-0016387,2026-08-18T15:30:40.807413+00:00,site_latency,212.94,True
99-trace-0008147,2026-08-18T15:30:40.983618+00:00,checkout,329.55,False
99-trace-0016388,2026-08-18T15:30:41.485918+00:00,site_latency,496.4,False
99-trace-0008152,2026-08-18T15:30:41.804020+00:00,checkout,577.23,False
99-trace-0016390,2026-08-18T15:30:42.020873+00:00,site_latency,958.43,False
99-trace-0024054,2026-08-18T15:30:42.952597+00:00,api_generic,70.98,False
99-trace-0008158,2026-08-18T15:30:43.216960+00:00,checkout,544.83,False
99-trace-0016395,2026-08-18T15:30:43.808612+00:00,site_latency,337.91,False
99-trace-0024059,2026-08-18T15:30:43.986748+00:00,api_generic,89.8,False
99-trace-0024060,2026-08-18T15:30:44.113179+00:00,api_generic,96.67,False
99-trace-0016396,2026-08-18T15:30:44.119219+00:00,site_latency,261.41,False
99-trace-0003241,2026-08-18T15:30:44.257010+00:00,pix,40.52,False
99-trace-0024066,2026-08-18T15:30:45.291159+00:00,api_generic,102.17,False
99-trace-0024067,2026-08-18T15:30:45.372152+00:00,api_generic,118.92,False
99-trace-0016402,2026-08-18T15:30:45.472131+00:00,site_latency,202.37,False
99-trace-0024069,2026-08-18T15:30:45.473273+00:00,api_generic,250.52,False
99-trace-0024071,2026-08-18T15:30:46.028156+00:00,api_generic,261.72,False
99-trace-0024072,2026-08-18T15:30:46.304717+00:00,api_generic,448.28,False
99-trace-0003249,2026-08-18T15:30:46.441242+00:00,pix,89.53,False
99-trace-0016406,2026-08-18T15:30:46.446428+00:00,site_latency,165.64,False
99-trace-0003250,2026-08-18T15:30:46.586572+00:00,pix,120.81,False
99-trace-0016412,2026-08-18T15:30:47.269119+00:00,site_latency,157.33,False
99-trace-0008171,2026-08-18T15:30:47.341018+00:00,checkout,279.64,False
99-trace-0024088,2026-08-18T15:30:49.447575+00:00,api_generic,82.67,False
99-trace-0003256,2026-08-18T15:30:49.479149+00:00,pix,221.98,False
99-trace-0016424,2026-08-18T15:30:49.502092+00:00,site_latency,2402.63,False
99-trace-0024090,2026-08-18T15:30:49.611032+00:00,api_generic,83.04,False
99-trace-0024099,2026-08-18T15:30:51.234271+00:00,api_generic,364.3,False
99-trace-0024102,2026-08-18T15:30:51.429208+00:00,api_generic,92.9,False
99-trace-0003261,2026-08-18T15:30:52.081210+00:00,pix,114.77,False
99-trace-0024104,2026-08-18T15:30:52.103124+00:00,api_generic,72.87,False
99-trace-0003262,2026-08-18T15:30:52.267313+00:00,pix,144.74,False
99-trace-0008187,2026-08-18T15:30:52.744906+00:00,checkout,823.43,False
99-trace-0016439,2026-08-18T15:30:52.851646+00:00,site_latency,137.69,False
99-trace-0016440,2026-08-18T15:30:52.983442+00:00,site_latency,100.12,False
99-trace-0024115,2026-08-18T15:30:53.579713+00:00,api_generic,44.05,False
99-trace-0024116,2026-08-18T15:30:53.642639+00:00,api_generic,163.88,False
99-trace-0008189,2026-08-18T15:30:54.172390+00:00,checkout,732.97,False
99-trace-0016446,2026-08-18T15:30:54.195099+00:00,site_latency,196.07,False
99-trace-0003265,2026-08-18T15:30:54.431808+00:00,pix,77.15,False
99-trace-0024119,2026-08-18T15:30:54.614996+00:00,api_generic,424.67,False
99-trace-0024121,2026-08-18T15:30:54.929664+00:00,api_generic,126.75,False
99-trace-0008193,2026-08-18T15:30:55.084841+00:00,checkout,160.92,False
99-trace-0016458,2026-08-18T15:30:55.525689+00:00,site_latency,100.94,False
99-trace-0024123,2026-08-18T15:30:55.527477+00:00,api_generic,92.65,False
99-trace-0024124,2026-08-18T15:30:55.558860+00:00,api_generic,59.88,False
99-trace-0024128,2026-08-18T15:30:56.596048+00:00,api_generic,229.29,True
99-trace-0008198,2026-08-18T15:30:57.007046+00:00,checkout,471.47,False
99-trace-0003272,2026-08-18T15:30:57.662696+00:00,pix,61.61,False
99-trace-0016467,2026-08-18T15:30:58.196631+00:00,site_latency,218.65,False
99-trace-0024134,2026-08-18T15:30:58.468886+00:00,api_generic,117.05,False
99-trace-0008204,2026-08-18T15:30:59.041715+00:00,checkout,592.12,False
99-trace-0024138,2026-08-18T15:30:59.365009+00:00,api_generic,101.68,False
99-trace-0024139,2026-08-18T15:30:59.432463+00:00,api_generic,66.98,False
99-trace-0024140,2026-08-18T15:30:59.463099+00:00,api_generic,79.04,False
99-trace-0016475,2026-08-18T15:30:59.581500+00:00,site_latency,124.99,False
99-trace-0008207,2026-08-18T15:30:59.948061+00:00,checkout,192.03,False
99-trace-0016484,2026-08-18T15:31:01.084160+00:00,site_latency,247.42,False
99-trace-0008214,2026-08-18T15:31:02.224249+00:00,checkout,298.0,False
99-trace-0003280,2026-08-18T15:31:02.988362+00:00,pix,110.84,False
99-trace-0003281,2026-08-18T15:31:03.076296+00:00,pix,122.44,False
99-trace-0024155,2026-08-18T15:31:03.799896+00:00,api_generic,69.27,False
99-trace-0016495,2026-08-18T15:31:03.835629+00:00,site_latency,626.16,False
99-trace-0016496,2026-08-18T15:31:03.895170+00:00,site_latency,132.78,False
99-trace-0016499,2026-08-18T15:31:03.957335+00:00,site_latency,71.24,False
99-trace-0024156,2026-08-18T15:31:04.218271+00:00,api_generic,288.4,False
99-trace-0024157,2026-08-18T15:31:04.368700+00:00,api_generic,1140.56,False
99-trace-0016504,2026-08-18T15:31:04.432956+00:00,site_latency,294.2,False
99-trace-0003284,2026-08-18T15:31:04.495876+00:00,pix,113.2,False
99-trace-0016505,2026-08-18T15:31:04.608612+00:00,site_latency,1194.91,False
99-trace-0016515,2026-08-18T15:31:06.218182+00:00,site_latency,220.04,False
99-trace-0008218,2026-08-18T15:31:06.320548+00:00,checkout,193.62,False
99-trace-0008220,2026-08-18T15:31:06.585904+00:00,checkout,552.17,False
99-trace-0024166,2026-08-18T15:31:07.802071+00:00,api_generic,1112.22,False
99-trace-0024172,2026-08-18T15:31:08.783352+00:00,api_generic,57.86,False
99-trace-0016531,2026-08-18T15:31:08.818310+00:00,site_latency,365.1,True
99-trace-0024174,2026-08-18T15:31:09.055968+00:00,api_generic,387.93,False
99-trace-0016532,2026-08-18T15:31:09.089219+00:00,site_latency,144.55,False
99-trace-0016537,2026-08-18T15:31:09.606501+00:00,site_latency,767.43,False
99-trace-0003293,2026-08-18T15:31:09.944969+00:00,pix,87.74,False
99-trace-0024183,2026-08-18T15:31:10.853274+00:00,api_generic,154.6,False
99-trace-0016547,2026-08-18T15:31:11.391797+00:00,site_latency,154.56,False
99-trace-0008228,2026-08-18T15:31:11.422050+00:00,checkout,203.65,False
99-trace-0016548,2026-08-18T15:31:11.429559+00:00,site_latency,936.49,False
99-trace-0024185,2026-08-18T15:31:11.474571+00:00,api_generic,79.1,False
99-trace-0024188,2026-08-18T15:31:12.014100+00:00,api_generic,573.82,True
99-trace-0024192,2026-08-18T15:31:12.751545+00:00,api_generic,530.97,False
99-trace-0003301,2026-08-18T15:31:13.794159+00:00,pix,386.52,False
99-trace-0024198,2026-08-18T15:31:13.862607+00:00,api_generic,674.67,True
99-trace-0008232,2026-08-18T15:31:13.933384+00:00,checkout,568.3,False
99-trace-0016563,2026-08-18T15:31:14.055739+00:00,site_latency,141.4,False
99-trace-0008242,2026-08-18T15:31:17.324328+00:00,checkout,301.23,False
99-trace-0016580,2026-08-18T15:31:17.462483+00:00,site_latency,587.44,True
99-trace-0016584,2026-08-18T15:31:17.796125+00:00,site_latency,138.91,False
99-trace-0024204,2026-08-18T15:31:18.102943+00:00,api_generic,135.92,False
99-trace-0016586,2026-08-18T15:31:18.148355+00:00,site_latency,287.37,False
99-trace-0008245,2026-08-18T15:31:18.193014+00:00,checkout,122.99,False
99-trace-0016589,2026-08-18T15:31:18.933034+00:00,site_latency,394.73,False
99-trace-0008249,2026-08-18T15:31:18.975299+00:00,checkout,246.86,False
99-trace-0016593,2026-08-18T15:31:19.212302+00:00,site_latency,194.15,False
99-trace-0003312,2026-08-18T15:31:19.572205+00:00,pix,570.49,False
99-trace-0016594,2026-08-18T15:31:19.711452+00:00,site_latency,144.93,False
99-trace-0003313,2026-08-18T15:31:19.730019+00:00,pix,245.09,False
99-trace-0016601,2026-08-18T15:31:20.746326+00:00,site_latency,579.41,False
99-trace-0016604,2026-08-18T15:31:20.859251+00:00,site_latency,269.88,False
99-trace-0024211,2026-08-18T15:31:20.896165+00:00,api_generic,149.77,False
99-trace-0008254,2026-08-18T15:31:21.016566+00:00,checkout,195.08,False
99-trace-0024214,2026-08-18T15:31:21.183514+00:00,api_generic,55.07,False
99-trace-0016606,2026-08-18T15:31:21.419967+00:00,site_latency,146.85,False
99-trace-0016607,2026-08-18T15:31:21.537508+00:00,site_latency,302.77,False
99-trace-0016610,2026-08-18T15:31:21.926744+00:00,site_latency,301.59,False
99-trace-0008257,2026-08-18T15:31:21.969037+00:00,checkout,185.1,False
99-trace-0024218,2026-08-18T15:31:22.158977+00:00,api_generic,100.97,False
99-trace-0008259,2026-08-18T15:31:22.164955+00:00,checkout,189.67,False
99-trace-0024220,2026-08-18T15:31:23.231005+00:00,api_generic,128.8,False
99-trace-0016620,2026-08-18T15:31:24.256644+00:00,site_latency,300.93,False
99-trace-0024224,2026-08-18T15:31:24.545201+00:00,api_generic,315.55,True
99-trace-0003325,2026-08-18T15:31:24.572684+00:00,pix,115.7,False
99-trace-0016624,2026-08-18T15:31:24.859977+00:00,site_latency,584.66,False
99-trace-0024230,2026-08-18T15:31:25.541630+00:00,api_generic,83.87,False
99-trace-0008271,2026-08-18T15:31:26.448989+00:00,checkout,260.93,False
99-trace-0016632,2026-08-18T15:31:26.768052+00:00,site_latency,149.36,False
99-trace-0024235,2026-08-18T15:31:26.787174+00:00,api_generic,57.05,False
99-trace-0016633,2026-08-18T15:31:27.553316+00:00,site_latency,222.94,False
99-trace-0016634,2026-08-18T15:31:27.768273+00:00,site_latency,193.05,False
99-trace-0003329,2026-08-18T15:31:28.217380+00:00,pix,127.08,False
99-trace-0008276,2026-08-18T15:31:28.221821+00:00,checkout,423.21,False
99-trace-0003330,2026-08-18T15:31:28.278679+00:00,pix,143.28,False
99-trace-0016642,2026-08-18T15:31:29.588800+00:00,site_latency,555.57,False
99-trace-0008289,2026-08-18T15:31:33.254093+00:00,checkout,355.73,False
99-trace-0008294,2026-08-18T15:31:33.707840+00:00,checkout,268.65,False
99-trace-0016661,2026-08-18T15:31:34.225853+00:00,site_latency,127.11,False
99-trace-0024257,2026-08-18T15:31:34.256925+00:00,api_generic,130.64,False
99-trace-0003339,2026-08-18T15:31:34.272678+00:00,pix,137.67,False
99-trace-0024266,2026-08-18T15:31:35.388065+00:00,api_generic,305.02,False
99-trace-0024271,2026-08-18T15:31:35.836665+00:00,api_generic,49.21,False
99-trace-0008298,2026-08-18T15:31:36.049469+00:00,checkout,435.12,False
99-trace-0003344,2026-08-18T15:31:36.224298+00:00,pix,71.9,False
99-trace-0024277,2026-08-18T15:31:36.738322+00:00,api_generic,99.95,True
99-trace-0003345,2026-08-18T15:31:36.897663+00:00,pix,357.96,False
99-trace-0024279,2026-08-18T15:31:37.229291+00:00,api_generic,50.64,False
99-trace-0024281,2026-08-18T15:31:37.283940+00:00,api_generic,101.39,False
99-trace-0016679,2026-08-18T15:31:37.313343+00:00,site_latency,128.86,False
99-trace-0016681,2026-08-18T15:31:37.375740+00:00,site_latency,106.92,False
99-trace-0016682,2026-08-18T15:31:37.685383+00:00,site_latency,519.73,False
99-trace-0016684,2026-08-18T15:31:38.031226+00:00,site_latency,568.52,False
99-trace-0016685,2026-08-18T15:31:38.202946+00:00,site_latency,728.15,False
99-trace-0024284,2026-08-18T15:31:38.758144+00:00,api_generic,277.57,False
99-trace-0003351,2026-08-18T15:31:39.178260+00:00,pix,61.53,False
99-trace-0016693,2026-08-18T15:31:39.446344+00:00,site_latency,920.89,False
99-trace-0003355,2026-08-18T15:31:39.890162+00:00,pix,146.22,False
99-trace-0024288,2026-08-18T15:31:40.423291+00:00,api_generic,87.66,False
99-trace-0016698,2026-08-18T15:31:41.146457+00:00,site_latency,210.24,False
99-trace-0008306,2026-08-18T15:31:41.149495+00:00,checkout,790.17,False
99-trace-0008307,2026-08-18T15:31:41.444699+00:00,checkout,328.28,False
99-trace-0016701,2026-08-18T15:31:41.571885+00:00,site_latency,115.52,False
99-trace-0008311,2026-08-18T15:31:43.438864+00:00,checkout,379.71,False
99-trace-0024306,2026-08-18T15:31:44.707206+00:00,api_generic,143.95,False
99-trace-0024307,2026-08-18T15:31:44.720521+00:00,api_generic,97.22,False
99-trace-0016715,2026-08-18T15:31:44.950158+00:00,site_latency,269.21,False
99-trace-0016717,2026-08-18T15:31:45.339496+00:00,site_latency,116.01,False
99-trace-0008317,2026-08-18T15:31:45.360724+00:00,checkout,817.54,False
99-trace-0016718,2026-08-18T15:31:45.685609+00:00,site_latency,130.6,False
99-trace-0016719,2026-08-18T15:31:46.224849+00:00,site_latency,588.35,False
99-trace-0016720,2026-08-18T15:31:46.259616+00:00,site_latency,105.72,False
99-trace-0024314,2026-08-18T15:31:46.405256+00:00,api_generic,51.79,False
99-trace-0008326,2026-08-18T15:31:47.315793+00:00,checkout,387.38,False
99-trace-0024326,2026-08-18T15:31:48.038114+00:00,api_generic,93.75,False
99-trace-0024328,2026-08-18T15:31:48.804616+00:00,api_generic,139.94,False
99-trace-0016730,2026-08-18T15:31:49.239026+00:00,site_latency,224.84,False
99-trace-0024331,2026-08-18T15:31:49.748864+00:00,api_generic,130.61,False
99-trace-0016734,2026-08-18T15:31:49.931992+00:00,site_latency,110.04,False
99-trace-0024340,2026-08-18T15:31:51.396836+00:00,api_generic,96.98,False
99-trace-0016746,2026-08-18T15:31:51.766752+00:00,site_latency,540.82,False
99-trace-0003384,2026-08-18T15:31:51.799688+00:00,pix,112.11,False
99-trace-0008340,2026-08-18T15:31:51.915159+00:00,checkout,329.21,False
99-trace-0016750,2026-08-18T15:31:52.242569+00:00,site_latency,90.64,False
99-trace-0024341,2026-08-18T15:31:52.295533+00:00,api_generic,140.7,False
99-trace-0003387,2026-08-18T15:31:52.445873+00:00,pix,526.8,False
99-trace-0024343,2026-08-18T15:31:52.628913+00:00,api_generic,178.66,False
99-trace-0008343,2026-08-18T15:31:52.970974+00:00,checkout,265.0,False
99-trace-0008345,2026-08-18T15:31:53.154287+00:00,checkout,204.88,False
99-trace-0016762,2026-08-18T15:31:53.596670+00:00,site_latency,238.27,False
99-trace-0016763,2026-08-18T15:31:53.988851+00:00,site_latency,385.72,False
99-trace-0008351,2026-08-18T15:31:54.478972+00:00,checkout,279.13,False
99-trace-0016765,2026-08-18T15:31:54.484086+00:00,site_latency,302.53,False
99-trace-0003390,2026-08-18T15:31:54.806442+00:00,pix,532.12,False
99-trace-0008353,2026-08-18T15:31:55.181087+00:00,checkout,158.26,False
99-trace-0003391,2026-08-18T15:31:55.234376+00:00,pix,83.92,False
99-trace-0024351,2026-08-18T15:31:55.247725+00:00,api_generic,72.15,False
99-trace-0024352,2026-08-18T15:31:55.737320+00:00,api_generic,99.62,False
99-trace-0024353,2026-08-18T15:31:55.801478+00:00,api_generic,131.46,True
99-trace-0024354,2026-08-18T15:31:55.833118+00:00,api_generic,58.67,False
99-trace-0016774,2026-08-18T15:31:55.923431+00:00,site_latency,285.44,False
99-trace-0024356,2026-08-18T15:31:56.015140+00:00,api_generic,306.45,False
99-trace-0016776,2026-08-18T15:31:56.222474+00:00,site_latency,275.88,False
99-trace-0024357,2026-08-18T15:31:56.233759+00:00,api_generic,350.59,False
99-trace-0024358,2026-08-18T15:31:56.274083+00:00,api_generic,250.78,False
99-trace-0024359,2026-08-18T15:31:56.294689+00:00,api_generic,119.17,False
99-trace-0016778,2026-08-18T15:31:56.328609+00:00,site_latency,501.53,False
99-trace-0008357,2026-08-18T15:31:57.016406+00:00,checkout,174.64,False
99-trace-0016780,2026-08-18T15:31:57.178156+00:00,site_latency,148.44,False
99-trace-0024371,2026-08-18T15:31:57.972049+00:00,api_generic,338.27,False
99-trace-0003398,2026-08-18T15:31:58.997799+00:00,pix,45.92,False
99-trace-0008363,2026-08-18T15:31:59.134655+00:00,checkout,511.91,False
99-trace-0016789,2026-08-18T15:32:00.002686+00:00,site_latency,548.84,False
99-trace-0008369,2026-08-18T15:32:00.734719+00:00,checkout,259.51,False
99-trace-0016794,2026-08-18T15:32:01.436506+00:00,site_latency,86.51,False
99-trace-0016796,2026-08-18T15:32:01.603552+00:00,site_latency,855.71,False
99-trace-0016802,2026-08-18T15:32:02.906253+00:00,site_latency,141.54,False
99-trace-0016803,2026-08-18T15:32:03.179059+00:00,site_latency,870.32,False
99-trace-0008373,2026-08-18T15:32:03.536499+00:00,checkout,438.32,False
99-trace-0008374,2026-08-18T15:32:03.614043+00:00,checkout,161.73,False
99-trace-0024387,2026-08-18T15:32:05.114113+00:00,api_generic,45.55,False
99-trace-0024388,2026-08-18T15:32:05.442396+00:00,api_generic,248.53,False
99-trace-0024389,2026-08-18T15:32:05.625807+00:00,api_generic,235.76,False
99-trace-0016810,2026-08-18T15:32:05.698724+00:00,site_latency,333.08,False
99-trace-0016811,2026-08-18T15:32:05.699917+00:00,site_latency,158.13,False
99-trace-0003408,2026-08-18T15:32:06.133248+00:00,pix,389.32,False
99-trace-0024394,2026-08-18T15:32:06.788481+00:00,api_generic,128.85,False
99-trace-0024396,2026-08-18T15:32:07.279121+00:00,api_generic,168.82,False
99-trace-0008385,2026-08-18T15:32:07.624863+00:00,checkout,141.92,False
99-trace-0003411,2026-08-18T15:32:07.683541+00:00,pix,1385.47,False
99-trace-0016827,2026-08-18T15:32:07.849449+00:00,site_latency,173.32,False
99-trace-0024398,2026-08-18T15:32:07.964273+00:00,api_generic,319.72,False
99-trace-0003413,2026-08-18T15:32:08.469462+00:00,pix,157.21,False
99-trace-0024402,2026-08-18T15:32:08.655804+00:00,api_generic,55.31,False
99-trace-0016828,2026-08-18T15:32:08.715237+00:00,site_latency,802.18,False
99-trace-0003417,2026-08-18T15:32:09.592642+00:00,pix,113.73,False
99-trace-0016831,2026-08-18T15:32:09.772016+00:00,site_latency,2301.72,False
99-trace-0008394,2026-08-18T15:32:09.774844+00:00,checkout,516.43,False
99-trace-0008396,2026-08-18T15:32:10.000211+00:00,checkout,591.8,False
99-trace-0016835,2026-08-18T15:32:10.464785+00:00,site_latency,652.45,False
99-trace-0024411,2026-08-18T15:32:10.609554+00:00,api_generic,120.76,False
99-trace-0024413,2026-08-18T15:32:11.216640+00:00,api_generic,459.75,False
99-trace-0024415,2026-08-18T15:32:11.435575+00:00,api_generic,103.16,False
99-trace-0024417,2026-08-18T15:32:11.666454+00:00,api_generic,495.29,True
99-trace-0016840,2026-08-18T15:32:11.808087+00:00,site_latency,162.09,False
99-trace-0024419,2026-08-18T15:32:12.292808+00:00,api_generic,46.2,False
99-trace-0016842,2026-08-18T15:32:12.532100+00:00,site_latency,1219.81,False
99-trace-0008406,2026-08-18T15:32:13.292474+00:00,checkout,491.46,False
99-trace-0016851,2026-08-18T15:32:14.183330+00:00,site_latency,1093.01,True
99-trace-0016853,2026-08-18T15:32:14.716410+00:00,site_latency,1048.99,False
99-trace-0008410,2026-08-18T15:32:14.916820+00:00,checkout,484.38,True
99-trace-0003431,2026-08-18T15:32:15.322881+00:00,pix,716.33,False
99-trace-0008412,2026-08-18T15:32:15.612710+00:00,checkout,192.83,False
99-trace-0003433,2026-08-18T15:32:15.991995+00:00,pix,198.29,False
99-trace-0024435,2026-08-18T15:32:16.298598+00:00,api_generic,162.65,False
99-trace-0016862,2026-08-18T15:32:16.697136+00:00,site_latency,168.73,False
99-trace-0016863,2026-08-18T15:32:17.036309+00:00,site_latency,470.43,False
99-trace-0024440,2026-08-18T15:32:17.182875+00:00,api_generic,442.63,False
99-trace-0024443,2026-08-18T15:32:17.706862+00:00,api_generic,86.84,False
99-trace-0008421,2026-08-18T15:32:17.899451+00:00,checkout,276.52,False
99-trace-0008422,2026-08-18T15:32:18.133515+00:00,checkout,222.71,False
99-trace-0016869,2026-08-18T15:32:18.598907+00:00,site_latency,149.82,False
99-trace-0003438,2026-08-18T15:32:18.847521+00:00,pix,95.04,False
99-trace-0016871,2026-08-18T15:32:18.989573+00:00,site_latency,795.31,False
99-trace-0016874,2026-08-18T15:32:19.440718+00:00,site_latency,153.38,False
99-trace-0016875,2026-08-18T15:32:19.490456+00:00,site_latency,447.35,True
99-trace-0016878,2026-08-18T15:32:19.943934+00:00,site_latency,151.63,False
99-trace-0003442,2026-08-18T15:32:20.019119+00:00,pix,273.5,False
99-trace-0024454,2026-08-18T15:32:20.334440+00:00,api_generic,725.9,False
99-trace-0016881,2026-08-18T15:32:20.427356+00:00,site_latency,538.83,False
99-trace-0024458,2026-08-18T15:32:20.601513+00:00,api_generic,206.95,False
99-trace-0016884,2026-08-18T15:32:20.734396+00:00,site_latency,286.95,False
99-trace-0003445,2026-08-18T15:32:20.917141+00:00,pix,91.58,False
99-trace-0016886,2026-08-18T15:32:21.054835+00:00,site_latency,147.25,False
99-trace-0003448,2026-08-18T15:32:21.312718+00:00,pix,158.39,False
99-trace-0024464,2026-08-18T15:32:21.318317+00:00,api_generic,262.72,False
99-trace-0008429,2026-08-18T15:32:22.203281+00:00,checkout,383.81,False
99-trace-0016896,2026-08-18T15:32:22.965109+00:00,site_latency,235.46,False
99-trace-0008431,2026-08-18T15:32:22.993983+00:00,checkout,924.07,False
99-trace-0016899,2026-08-18T15:32:23.652634+00:00,site_latency,529.9,False
99-trace-0024480,2026-08-18T15:32:24.685574+00:00,api_generic,50.91,False
99-trace-0024483,2026-08-18T15:32:24.930659+00:00,api_generic,119.56,False
99-trace-0003454,2026-08-18T15:32:25.073004+00:00,pix,89.12,False
99-trace-0008435,2026-08-18T15:32:25.191339+00:00,checkout,355.75,False
99-trace-0016910,2026-08-18T15:32:25.452450+00:00,site_latency,616.86,False
99-trace-0008439,2026-08-18T15:32:25.572410+00:00,checkout,237.03,False
99-trace-0024487,2026-08-18T15:32:25.712609+00:00,api_generic,207.86,False
99-trace-0008440,2026-08-18T15:32:26.090363+00:00,checkout,1583.91,True
99-trace-0024495,2026-08-18T15:32:27.387434+00:00,api_generic,51.92,False
99-trace-0016919,2026-08-18T15:32:27.501849+00:00,site_latency,891.51,False
99-trace-0008448,2026-08-18T15:32:28.564004+00:00,checkout,355.05,False
99-trace-0016928,2026-08-18T15:32:28.598433+00:00,site_latency,222.89,False
99-trace-0003458,2026-08-18T15:32:28.623437+00:00,pix,155.65,False
99-trace-0008450,2026-08-18T15:32:28.797808+00:00,checkout,203.37,False
99-trace-0024505,2026-08-18T15:32:28.809979+00:00,api_generic,156.31,False
99-trace-0016929,2026-08-18T15:32:29.270078+00:00,site_latency,269.36,False
99-trace-0024510,2026-08-18T15:32:30.217436+00:00,api_generic,60.61,False
99-trace-0008454,2026-08-18T15:32:30.407205+00:00,checkout,216.81,False
99-trace-0016940,2026-08-18T15:32:30.632801+00:00,site_latency,606.22,False
99-trace-0003465,2026-08-18T15:32:30.652221+00:00,pix,76.7,False
99-trace-0016941,2026-08-18T15:32:30.658801+00:00,site_latency,1344.29,False
99-trace-0008455,2026-08-18T15:32:30.895149+00:00,checkout,315.5,False
99-trace-0016944,2026-08-18T15:32:30.902081+00:00,site_latency,169.44,False
99-trace-0024514,2026-08-18T15:32:31.102317+00:00,api_generic,123.72,False
99-trace-0016945,2026-08-18T15:32:31.220205+00:00,site_latency,330.35,True
99-trace-0016949,2026-08-18T15:32:31.922423+00:00,site_latency,167.29,False
99-trace-0016955,2026-08-18T15:32:32.894402+00:00,site_latency,136.36,False
99-trace-0024524,2026-08-18T15:32:33.105513+00:00,api_generic,151.06,True
99-trace-0008462,2026-08-18T15:32:33.911496+00:00,checkout,600.03,False
99-trace-0008465,2026-08-18T15:32:34.960540+00:00,checkout,2934.76,False
99-trace-0016965,2026-08-18T15:32:34.963552+00:00,site_latency,638.39,False
99-trace-0008466,2026-08-18T15:32:35.014426+00:00,checkout,160.87,False
99-trace-0024532,2026-08-18T15:32:35.023947+00:00,api_generic,139.31,False
99-trace-0003475,2026-08-18T15:32:35.431239+00:00,pix,168.89,False
99-trace-0016969,2026-08-18T15:32:35.572971+00:00,site_latency,200.77,False
99-trace-0016975,2026-08-18T15:32:36.928315+00:00,site_latency,133.89,False
99-trace-0024543,2026-08-18T15:32:37.689229+00:00,api_generic,515.71,False
99-trace-0024545,2026-08-18T15:32:37.902410+00:00,api_generic,53.3,False
99-trace-0016983,2026-08-18T15:32:39.010441+00:00,site_latency,501.26,False
99-trace-0008473,2026-08-18T15:32:39.673014+00:00,checkout,214.26,False
99-trace-0016986,2026-08-18T15:32:40.025414+00:00,site_latency,213.07,False
99-trace-0008475,2026-08-18T15:32:40.239566+00:00,checkout,2678.63,False
99-trace-0008476,2026-08-18T15:32:40.295371+00:00,checkout,845.97,False
99-trace-0024552,2026-08-18T15:32:40.451288+00:00,api_generic,461.24,False
99-trace-0003489,2026-08-18T15:32:40.466995+00:00,pix,72.68,False
99-trace-0016992,2026-08-18T15:32:41.036467+00:00,site_latency,62.87,False
99-trace-0003493,2026-08-18T15:32:41.119560+00:00,pix,142.79,False
99-trace-0008479,2026-08-18T15:32:41.529600+00:00,checkout,216.77,False
99-trace-0024557,2026-08-18T15:32:41.711406+00:00,api_generic,104.56,False
99-trace-0024559,2026-08-18T15:32:41.981356+00:00,api_generic,97.97,False
99-trace-0024560,2026-08-18T15:32:42.270336+00:00,api_generic,29.56,False
99-trace-0008482,2026-08-18T15:32:43.809651+00:00,checkout,248.25,False
99-trace-0008485,2026-08-18T15:32:44.572166+00:00,checkout,196.34,False
99-trace-0024575,2026-08-18T15:32:44.698521+00:00,api_generic,148.34,False
99-trace-0003503,2026-08-18T15:32:44.876878+00:00,pix,66.62,False
99-trace-0017007,2026-08-18T15:32:45.081077+00:00,site_latency,326.2,False
99-trace-0008489,2026-08-18T15:32:46.303817+00:00,checkout,325.7,False
99-trace-0024581,2026-08-18T15:32:46.416143+00:00,api_generic,48.7,False
99-trace-0017015,2026-08-18T15:32:46.865638+00:00,site_latency,112.0,False
99-trace-0008492,2026-08-18T15:32:47.583331+00:00,checkout,926.07,False
99-trace-0017017,2026-08-18T15:32:47.776021+00:00,site_latency,559.36,True
99-trace-0024588,2026-08-18T15:32:47.956331+00:00,api_generic,213.43,True
99-trace-0008495,2026-08-18T15:32:48.182878+00:00,checkout,912.35,False
99-trace-0024591,2026-08-18T15:32:48.267268+00:00,api_generic,52.88,False
99-trace-0003511,2026-08-18T15:32:48.904360+00:00,pix,116.67,False
99-trace-0008498,2026-08-18T15:32:49.009374+00:00,checkout,684.83,False
99-trace-0008502,2026-08-18T15:32:50.030559+00:00,checkout,336.68,True
99-trace-0017029,2026-08-18T15:32:50.449276+00:00,site_latency,501.9,False
99-trace-0024599,2026-08-18T15:32:50.570288+00:00,api_generic,68.84,False
99-trace-0017030,2026-08-18T15:32:50.853987+00:00,site_latency,276.59,False
99-trace-0017033,2026-08-18T15:32:51.042346+00:00,site_latency,150.6,False
99-trace-0008507,2026-08-18T15:32:51.293789+00:00,checkout,1737.87,False
99-trace-0003519,2026-08-18T15:32:51.556478+00:00,pix,107.11,False
99-trace-0003522,2026-08-18T15:32:51.825512+00:00,pix,254.36,False
99-trace-0008509,2026-08-18T15:32:52.036043+00:00,checkout,224.91,False
99-trace-0024605,2026-08-18T15:32:52.185238+00:00,api_generic,63.52,False
99-trace-0003524,2026-08-18T15:32:52.847919+00:00,pix,46.43,False
99-trace-0008512,2026-08-18T15:32:53.406732+00:00,checkout,241.7,False
99-trace-0003530,2026-08-18T15:32:53.716581+00:00,pix,101.12,False
99-trace-0017044,2026-08-18T15:32:54.296418+00:00,site_latency,91.08,False
99-trace-0008516,2026-08-18T15:32:55.013215+00:00,checkout,127.67,False
99-trace-0017049,2026-08-18T15:32:55.101284+00:00,site_latency,619.42,False
99-trace-0003532,2026-08-18T15:32:55.232174+00:00,pix,129.5,False
99-trace-0024614,2026-08-18T15:32:55.326185+00:00,api_generic,18.53,False
99-trace-0024615,2026-08-18T15:32:55.611449+00:00,api_generic,157.68,False
99-trace-0008518,2026-08-18T15:32:55.639186+00:00,checkout,189.27,False
99-trace-0017053,2026-08-18T15:32:55.812413+00:00,site_latency,238.8,False
99-trace-0017057,2026-08-18T15:32:56.277744+00:00,site_latency,507.83,False
99-trace-0017058,2026-08-18T15:32:56.280685+00:00,site_latency,304.63,False
99-trace-0008521,2026-08-18T15:32:56.289966+00:00,checkout,159.89,False
99-trace-0008523,2026-08-18T15:32:56.652966+00:00,checkout,774.37,False
99-trace-0017068,2026-08-18T15:32:57.976575+00:00,site_latency,121.07,False
99-trace-0024623,2026-08-18T15:32:57.991227+00:00,api_generic,44.47,False
99-trace-0024625,2026-08-18T15:32:58.394609+00:00,api_generic,74.68,False
99-trace-0008529,2026-08-18T15:32:58.987426+00:00,checkout,2094.69,False
99-trace-0003537,2026-08-18T15:32:59.408399+00:00,pix,206.16,False
99-trace-0024633,2026-08-18T15:32:59.807398+00:00,api_generic,271.93,True
99-trace-0024636,2026-08-18T15:33:00.637087+00:00,api_generic,154.02,False
99-trace-0024637,2026-08-18T15:33:00.752675+00:00,api_generic,40.86,False
99-trace-0008534,2026-08-18T15:33:00.871803+00:00,checkout,765.8,False
99-trace-0024639,2026-08-18T15:33:00.937661+00:00,api_generic,237.07,False
99-trace-0017083,2026-08-18T15:33:01.498989+00:00,site_latency,246.97,False
99-trace-0024640,2026-08-18T15:33:01.650363+00:00,api_generic,256.09,False
99-trace-0008538,2026-08-18T15:33:01.906910+00:00,checkout,1390.48,False
99-trace-0017085,2026-08-18T15:33:01.986491+00:00,site_latency,210.74,False
99-trace-0024645,2026-08-18T15:33:02.944021+00:00,api_generic,60.15,False
99-trace-0024646,2026-08-18T15:33:03.030892+00:00,api_generic,349.46,False
99-trace-0024648,2026-08-18T15:33:03.047857+00:00,api_generic,182.68,False
99-trace-0017089,2026-08-18T15:33:03.063515+00:00,site_latency,573.76,False
99-trace-0024653,2026-08-18T15:33:04.225066+00:00,api_generic,256.2,False
99-trace-0024655,2026-08-18T15:33:04.430831+00:00,api_generic,41.27,False
99-trace-0003550,2026-08-18T15:33:04.813377+00:00,pix,104.67,False
99-trace-0017101,2026-08-18T15:33:05.330902+00:00,site_latency,300.44,False
99-trace-0024661,2026-08-18T15:33:05.388471+00:00,api_generic,240.91,False
99-trace-0017103,2026-08-18T15:33:05.691221+00:00,site_latency,121.42,False
99-trace-0008553,2026-08-18T15:33:06.229661+00:00,checkout,299.28,False
99-trace-0024665,2026-08-18T15:33:06.316930+00:00,api_generic,93.71,False
99-trace-0008554,2026-08-18T15:33:06.481841+00:00,checkout,416.41,False
99-trace-0024667,2026-08-18T15:33:06.846909+00:00,api_generic,72.61,False
99-trace-0024668,2026-08-18T15:33:07.233106+00:00,api_generic,597.31,False
99-trace-0024669,2026-08-18T15:33:07.265070+00:00,api_generic,255.6,True
99-trace-0017106,2026-08-18T15:33:07.392830+00:00,site_latency,94.02,False
99-trace-0024670,2026-08-18T15:33:07.411006+00:00,api_generic,44.54,False
99-trace-0017111,2026-08-18T15:33:08.036993+00:00,site_latency,65.94,False
99-trace-0017112,2026-08-18T15:33:08.206611+00:00,site_latency,273.55,False
99-trace-0024671,2026-08-18T15:33:08.277364+00:00,api_generic,126.11,False
99-trace-0003557,2026-08-18T15:33:09.705047+00:00,pix,114.88,False
99-trace-0024678,2026-08-18T15:33:10.039150+00:00,api_generic,60.58,False
99-trace-0008566,2026-08-18T15:33:10.653462+00:00,checkout,418.55,False
99-trace-0003560,2026-08-18T15:33:10.854108+00:00,pix,169.8,False
99-trace-0008569,2026-08-18T15:33:12.008001+00:00,checkout,540.14,True
99-trace-0008571,2026-08-18T15:33:12.286546+00:00,checkout,372.72,False
99-trace-0008573,2026-08-18T15:33:12.644100+00:00,checkout,1793.81,False
99-trace-0024687,2026-08-18T15:33:12.741102+00:00,api_generic,102.53,False
99-trace-0003567,2026-08-18T15:33:13.813222+00:00,pix,163.51,False
99-trace-0017139,2026-08-18T15:33:14.255472+00:00,site_latency,500.24,False
99-trace-0008577,2026-08-18T15:33:14.432582+00:00,checkout,497.66,False
99-trace-0024693,2026-08-18T15:33:14.523099+00:00,api_generic,134.15,False
99-trace-0017140,2026-08-18T15:33:14.669228+00:00,site_latency,618.48,False
99-trace-0017141,2026-08-18T15:33:14.681033+00:00,site_latency,86.62,True
99-trace-0024695,2026-08-18T15:33:14.993547+00:00,api_generic,92.21,False
99-trace-0017142,2026-08-18T15:33:15.150399+00:00,site_latency,641.92,False
99-trace-0017143,2026-08-18T15:33:15.228518+00:00,site_latency,135.92,False
99-trace-0017144,2026-08-18T15:33:15.702864+00:00,site_latency,149.3,False
99-trace-0017146,2026-08-18T15:33:15.736543+00:00,site_latency,163.31,False
99-trace-0024699,2026-08-18T15:33:15.829354+00:00,api_generic,194.85,False
99-trace-0017148,2026-08-18T15:33:16.235235+00:00,site_latency,745.37,False
99-trace-0008582,2026-08-18T15:33:16.445873+00:00,checkout,680.43,True
99-trace-0008584,2026-08-18T15:33:16.656442+00:00,checkout,285.91,False
99-trace-0017153,2026-08-18T15:33:16.777511+00:00,site_latency,253.58,False
99-trace-0024702,2026-08-18T15:33:16.991604+00:00,api_generic,100.88,False
99-trace-0003573,2026-08-18T15:33:17.097131+00:00,pix,55.92,False
99-trace-0024705,2026-08-18T15:33:17.143043+00:00,api_generic,208.43,True
99-trace-0017155,2026-08-18T15:33:17.708626+00:00,site_latency,189.94,False
99-trace-0024709,2026-08-18T15:33:17.713979+00:00,api_generic,53.93,False
99-trace-0017162,2026-08-18T15:33:18.833572+00:00,site_latency,339.3,False
99-trace-0008586,2026-08-18T15:33:19.266546+00:00,checkout,1932.08,False
99-trace-0017164,2026-08-18T15:33:19.285701+00:00,site_latency,256.25,False
99-trace-0017173,2026-08-18T15:33:21.107851+00:00,site_latency,197.36,True
99-trace-0024722,2026-08-18T15:33:21.469212+00:00,api_generic,269.8,True
99-trace-0017179,2026-08-18T15:33:22.379437+00:00,site_latency,348.31,False
99-trace-0003585,2026-08-18T15:33:23.417452+00:00,pix,737.92,False
99-trace-0024730,2026-08-18T15:33:23.649539+00:00,api_generic,71.43,False
99-trace-0024732,2026-08-18T15:33:23.717039+00:00,api_generic,607.55,False
99-trace-0024737,2026-08-18T15:33:24.244067+00:00,api_generic,241.22,False
99-trace-0017187,2026-08-18T15:33:24.297439+00:00,site_latency,128.97,False
99-trace-0003586,2026-08-18T15:33:24.521732+00:00,pix,81.07,False
99-trace-0017188,2026-08-18T15:33:24.594224+00:00,site_latency,342.6,False
99-trace-0017189,2026-08-18T15:33:24.640653+00:00,site_latency,170.03,True
99-trace-0017190,2026-08-18T15:33:24.707171+00:00,site_latency,557.46,False
99-trace-0017191,2026-08-18T15:33:24.970113+00:00,site_latency,129.71,False
99-trace-0008598,2026-08-18T15:33:25.063199+00:00,checkout,207.93,False
99-trace-0008599,2026-08-18T15:33:26.011690+00:00,checkout,172.77,False
99-trace-0003590,2026-08-18T15:33:26.034681+00:00,pix,122.84,False
99-trace-0017194,2026-08-18T15:33:26.452866+00:00,site_latency,547.57,False
99-trace-0024754,2026-08-18T15:33:26.493825+00:00,api_generic,49.83,False
99-trace-0024756,2026-08-18T15:33:26.796394+00:00,api_generic,372.4,False
99-trace-0024757,2026-08-18T15:33:26.811236+00:00,api_generic,169.32,False
99-trace-0017200,2026-08-18T15:33:27.379179+00:00,site_latency,195.46,False
99-trace-0024760,2026-08-18T15:33:27.700121+00:00,api_generic,995.31,False
99-trace-0017205,2026-08-18T15:33:27.912522+00:00,site_latency,377.6,False
99-trace-0017208,2026-08-18T15:33:28.374645+00:00,site_latency,1060.98,False
99-trace-0024762,2026-08-18T15:33:28.563531+00:00,api_generic,95.65,False
99-trace-0017211,2026-08-18T15:33:29.047221+00:00,site_latency,91.89,False
99-trace-0024766,2026-08-18T15:33:29.091599+00:00,api_generic,111.23,False
99-trace-0003598,2026-08-18T15:33:29.847355+00:00,pix,95.83,False
99-trace-0008607,2026-08-18T15:33:29.888987+00:00,checkout,273.24,False
99-trace-0017219,2026-08-18T15:33:31.098991+00:00,site_latency,162.12,False
99-trace-0024773,2026-08-18T15:33:31.189287+00:00,api_generic,150.79,True
99-trace-0017222,2026-08-18T15:33:31.566285+00:00,site_latency,417.21,False
99-trace-0017228,2026-08-18T15:33:32.191768+00:00,site_latency,660.94,False
99-trace-0024778,2026-08-18T15:33:32.894480+00:00,api_generic,853.74,False
99-trace-0017230,2026-08-18T15:33:32.933490+00:00,site_latency,132.35,False
99-trace-0017232,2026-08-18T15:33:33.373853+00:00,site_latency,136.23,False
99-trace-0024780,2026-08-18T15:33:33.800839+00:00,api_generic,79.93,False
99-trace-0024788,2026-08-18T15:33:34.782941+00:00,api_generic,112.83,False
99-trace-0024789,2026-08-18T15:33:34.858907+00:00,api_generic,63.41,False
99-trace-0008615,2026-08-18T15:33:35.876520+00:00,checkout,149.42,False
99-trace-0017243,2026-08-18T15:33:35.985469+00:00,site_latency,240.92,False
99-trace-0024793,2026-08-18T15:33:36.164131+00:00,api_generic,43.59,False
99-trace-0017246,2026-08-18T15:33:36.285285+00:00,site_latency,263.18,False
99-trace-0003612,2026-08-18T15:33:37.329926+00:00,pix,888.55,False
99-trace-0017249,2026-08-18T15:33:37.454825+00:00,site_latency,68.46,False
99-trace-0024795,2026-08-18T15:33:37.645493+00:00,api_generic,51.83,False
99-trace-0024796,2026-08-18T15:33:37.968746+00:00,api_generic,98.81,False
99-trace-0017252,2026-08-18T15:33:37.977074+00:00,site_latency,193.38,False
99-trace-0017253,2026-08-18T15:33:38.305989+00:00,site_latency,152.22,False
99-trace-0024802,2026-08-18T15:33:39.377155+00:00,api_generic,19.82,False
99-trace-0017261,2026-08-18T15:33:39.688927+00:00,site_latency,214.78,False
99-trace-0003621,2026-08-18T15:33:39.938065+00:00,pix,100.1,False
99-trace-0008622,2026-08-18T15:33:40.052395+00:00,checkout,335.85,False
99-trace-0008623,2026-08-18T15:33:40.375558+00:00,checkout,546.48,False
99-trace-0024807,2026-08-18T15:33:40.482512+00:00,api_generic,513.43,False
99-trace-0024808,2026-08-18T15:33:40.606711+00:00,api_generic,123.79,False
99-trace-0017270,2026-08-18T15:33:40.655482+00:00,site_latency,77.82,False
99-trace-0008624,2026-08-18T15:33:40.740837+00:00,checkout,644.55,False
99-trace-0017272,2026-08-18T15:33:41.003690+00:00,site_latency,179.0,False
99-trace-0008627,2026-08-18T15:33:41.868636+00:00,checkout,178.66,False
99-trace-0017280,2026-08-18T15:33:42.080409+00:00,site_latency,244.34,False
99-trace-0008629,2026-08-18T15:33:42.223556+00:00,checkout,783.7,True
99-trace-0008631,2026-08-18T15:33:42.673577+00:00,checkout,180.72,False
99-trace-0024817,2026-08-18T15:33:42.700401+00:00,api_generic,35.21,False
99-trace-0024818,2026-08-18T15:33:42.797600+00:00,api_generic,256.55,False
99-trace-0017283,2026-08-18T15:33:43.354569+00:00,site_latency,389.79,True
99-trace-0017285,2026-08-18T15:33:44.138092+00:00,site_latency,228.0,False
99-trace-0017289,2026-08-18T15:33:44.851297+00:00,site_latency,320.17,False
99-trace-0024827,2026-08-18T15:33:44.886800+00:00,api_generic,218.67,False
99-trace-0024830,2026-08-18T15:33:45.024938+00:00,api_generic,424.75,False
99-trace-0024833,2026-08-18T15:33:45.520738+00:00,api_generic,661.69,False
99-trace-0008640,2026-08-18T15:33:46.049912+00:00,checkout,255.36,False
99-trace-0024836,2026-08-18T15:33:46.088521+00:00,api_generic,62.62,False
99-trace-0017294,2026-08-18T15:33:46.146953+00:00,site_latency,272.58,False
99-trace-0008645,2026-08-18T15:33:46.548074+00:00,checkout,1893.4,False
99-trace-0024839,2026-08-18T15:33:46.551379+00:00,api_generic,341.64,True
99-trace-0003646,2026-08-18T15:33:46.590074+00:00,pix,756.54,False
99-trace-0003648,2026-08-18T15:33:46.696373+00:00,pix,162.32,False
99-trace-0017300,2026-08-18T15:33:47.715498+00:00,site_latency,592.66,False
99-trace-0008647,2026-08-18T15:33:47.949357+00:00,checkout,254.16,False
99-trace-0008648,2026-08-18T15:33:47.965680+00:00,checkout,272.03,False
99-trace-0003652,2026-08-18T15:33:48.347833+00:00,pix,120.84,False
99-trace-0017304,2026-08-18T15:33:48.455579+00:00,site_latency,275.39,False
99-trace-0017308,2026-08-18T15:33:48.828259+00:00,site_latency,120.56,False
99-trace-0008652,2026-08-18T15:33:49.071220+00:00,checkout,322.16,False
99-trace-0024846,2026-08-18T15:33:49.104403+00:00,api_generic,764.69,False
99-trace-0017315,2026-08-18T15:33:49.836464+00:00,site_latency,139.43,False
99-trace-0024849,2026-08-18T15:33:49.925914+00:00,api_generic,94.94,False
99-trace-0017318,2026-08-18T15:33:50.585422+00:00,site_latency,245.52,False
99-trace-0008657,2026-08-18T15:33:50.811950+00:00,checkout,1347.11,False
99-trace-0017319,2026-08-18T15:33:50.890548+00:00,site_latency,1043.35,False
99-trace-0003664,2026-08-18T15:33:51.286804+00:00,pix,63.21,False
99-trace-0017323,2026-08-18T15:33:51.298392+00:00,site_latency,123.0,False
99-trace-0017324,2026-08-18T15:33:51.395700+00:00,site_latency,152.12,False
99-trace-0017326,2026-08-18T15:33:51.876211+00:00,site_latency,145.36,False
99-trace-0008659,2026-08-18T15:33:51.936717+00:00,checkout,8258.8,False
99-trace-0017327,2026-08-18T15:33:52.084677+00:00,site_latency,52.87,False
99-trace-0024858,2026-08-18T15:33:52.450423+00:00,api_generic,112.5,False
99-trace-0024859,2026-08-18T15:33:52.554114+00:00,api_generic,609.72,False
99-trace-0017331,2026-08-18T15:33:52.568081+00:00,site_latency,52.79,False
99-trace-0017339,2026-08-18T15:33:53.764281+00:00,site_latency,99.58,False
99-trace-0008661,2026-08-18T15:33:54.003494+00:00,checkout,170.49,False
99-trace-0003669,2026-08-18T15:33:54.103174+00:00,pix,774.7,False
99-trace-0003672,2026-08-18T15:33:54.408784+00:00,pix,352.91,False
99-trace-0003675,2026-08-18T15:33:54.828865+00:00,pix,255.89,False
99-trace-0008664,2026-08-18T15:33:54.978540+00:00,checkout,243.27,False
99-trace-0017346,2026-08-18T15:33:55.151352+00:00,site_latency,210.02,False
99-trace-0008666,2026-08-18T15:33:55.287886+00:00,checkout,660.18,False
99-trace-0024877,2026-08-18T15:33:55.701294+00:00,api_generic,90.68,False
99-trace-0003677,2026-08-18T15:33:56.247741+00:00,pix,176.01,False
99-trace-0017356,2026-08-18T15:33:57.037832+00:00,site_latency,640.01,False
99-trace-0017358,2026-08-18T15:33:57.288391+00:00,site_latency,118.93,False
99-trace-0008667,2026-08-18T15:33:57.710746+00:00,checkout,255.5,False
99-trace-0003684,2026-08-18T15:33:58.293244+00:00,pix,150.49,False
99-trace-0003685,2026-08-18T15:33:58.497475+00:00,pix,135.9,False
99-trace-0024885,2026-08-18T15:33:58.551103+00:00,api_generic,34.61,False
99-trace-0008671,2026-08-18T15:33:58.746995+00:00,checkout,740.61,False
99-trace-0003686,2026-08-18T15:33:58.876417+00:00,pix,81.91,False
99-trace-0017366,2026-08-18T15:33:58.956590+00:00,site_latency,220.86,False
99-trace-0024890,2026-08-18T15:33:59.093485+00:00,api_generic,206.03,True
99-trace-0008673,2026-08-18T15:33:59.116340+00:00,checkout,240.97,False
99-trace-0017370,2026-08-18T15:33:59.400951+00:00,site_latency,340.52,False
99-trace-0008675,2026-08-18T15:33:59.828359+00:00,checkout,617.43,False
99-trace-0008677,2026-08-18T15:34:00.519824+00:00,checkout,247.0,False
99-trace-0003690,2026-08-18T15:34:00.980362+00:00,pix,1038.14,False
99-trace-0017375,2026-08-18T15:34:01.161287+00:00,site_latency,226.27,False
99-trace-0017378,2026-08-18T15:34:01.291754+00:00,site_latency,209.49,False
99-trace-0017380,2026-08-18T15:34:01.678049+00:00,site_latency,612.6,False
99-trace-0017381,2026-08-18T15:34:01.691813+00:00,site_latency,118.83,False
99-trace-0024901,2026-08-18T15:34:01.770061+00:00,api_generic,619.12,False
99-trace-0024902,2026-08-18T15:34:01.798099+00:00,api_generic,213.89,False
99-trace-0017382,2026-08-18T15:34:01.873388+00:00,site_latency,160.5,False
99-trace-0017384,2026-08-18T15:34:02.148702+00:00,site_latency,146.28,False
99-trace-0008688,2026-08-18T15:34:02.510312+00:00,checkout,1075.67,True
99-trace-0003693,2026-08-18T15:34:02.755909+00:00,pix,196.73,False
99-trace-0017391,2026-08-18T15:34:03.447199+00:00,site_latency,223.74,True
99-trace-0017392,2026-08-18T15:34:03.549239+00:00,site_latency,217.67,False
99-trace-0024906,2026-08-18T15:34:03.710133+00:00,api_generic,193.13,False
99-trace-0003694,2026-08-18T15:34:03.820699+00:00,pix,308.64,False
99-trace-0017397,2026-08-18T15:34:04.758817+00:00,site_latency,317.63,False
99-trace-0017399,2026-08-18T15:34:04.825812+00:00,site_latency,184.44,False
99-trace-0003696,2026-08-18T15:34:05.049455+00:00,pix,100.66,False
99-trace-0024916,2026-08-18T15:34:05.478764+00:00,api_generic,214.09,False
99-trace-0017405,2026-08-18T15:34:06.269429+00:00,site_latency,109.7,False
99-trace-0024919,2026-08-18T15:34:06.778895+00:00,api_generic,867.21,False
99-trace-0017412,2026-08-18T15:34:08.195979+00:00,site_latency,182.47,False
99-trace-0017413,2026-08-18T15:34:08.333347+00:00,site_latency,2959.11,False
99-trace-0017419,2026-08-18T15:34:09.273441+00:00,site_latency,370.19,False
99-trace-0008707,2026-08-18T15:34:09.547560+00:00,checkout,1103.44,False
99-trace-0017422,2026-08-18T15:34:10.075550+00:00,site_latency,131.86,False
99-trace-0008711,2026-08-18T15:34:10.483774+00:00,checkout,153.62,False
99-trace-0017434,2026-08-18T15:34:12.012954+00:00,site_latency,185.76,False
99-trace-0017435,2026-08-18T15:34:12.074076+00:00,site_latency,86.97,False
99-trace-0017436,2026-08-18T15:34:12.085589+00:00,site_latency,393.75,False
99-trace-0024935,2026-08-18T15:34:12.462694+00:00,api_generic,141.75,False
99-trace-0003711,2026-08-18T15:34:12.697272+00:00,pix,218.19,False
99-trace-0008714,2026-08-18T15:34:13.394042+00:00,checkout,374.71,False
99-trace-0017442,2026-08-18T15:34:13.626645+00:00,site_latency,152.6,False
99-trace-0008715,2026-08-18T15:34:13.940542+00:00,checkout,303.89,False
99-trace-0008717,2026-08-18T15:34:14.197438+00:00,checkout,380.79,False
99-trace-0008718,2026-08-18T15:34:14.453383+00:00,checkout,643.73,True
99-trace-0008719,2026-08-18T15:34:14.478511+00:00,checkout,432.73,False
99-trace-0024943,2026-08-18T15:34:14.592947+00:00,api_generic,106.66,False
99-trace-0008720,2026-08-18T15:34:15.029970+00:00,checkout,733.15,False
99-trace-0003720,2026-08-18T15:34:15.484694+00:00,pix,199.91,False
99-trace-0024945,2026-08-18T15:34:15.886553+00:00,api_generic,113.59,False
99-trace-0024946,2026-08-18T15:34:16.007656+00:00,api_generic,232.8,True
99-trace-0003723,2026-08-18T15:34:17.529868+00:00,pix,68.68,False
99-trace-0017453,2026-08-18T15:34:17.646247+00:00,site_latency,175.55,False
99-trace-0017454,2026-08-18T15:34:17.850352+00:00,site_latency,329.84,False
99-trace-0008732,2026-08-18T15:34:18.202997+00:00,checkout,746.53,False
99-trace-0017460,2026-08-18T15:34:18.307739+00:00,site_latency,382.76,False
99-trace-0008733,2026-08-18T15:34:18.337558+00:00,checkout,200.05,False
99-trace-0017466,2026-08-18T15:34:19.406035+00:00,site_latency,166.22,False
99-trace-0024966,2026-08-18T15:34:19.668710+00:00,api_generic,163.54,False
99-trace-0008735,2026-08-18T15:34:19.735570+00:00,checkout,237.18,False
99-trace-0024971,2026-08-18T15:34:20.300297+00:00,api_generic,186.32,False
99-trace-0008738,2026-08-18T15:34:20.361527+00:00,checkout,390.25,False
99-trace-0017473,2026-08-18T15:34:20.362010+00:00,site_latency,265.58,False
99-trace-0003734,2026-08-18T15:34:20.385716+00:00,pix,433.43,False
99-trace-0024974,2026-08-18T15:34:20.418638+00:00,api_generic,249.0,True
99-trace-0017474,2026-08-18T15:34:20.462777+00:00,site_latency,494.59,True
99-trace-0008739,2026-08-18T15:34:20.492188+00:00,checkout,269.5,False
99-trace-0017476,2026-08-18T15:34:20.538270+00:00,site_latency,178.61,False
99-trace-0024975,2026-08-18T15:34:20.571804+00:00,api_generic,283.57,True
99-trace-0008741,2026-08-18T15:34:20.802875+00:00,checkout,272.59,False
99-trace-0008743,2026-08-18T15:34:21.622156+00:00,checkout,423.41,False
99-trace-0017481,2026-08-18T15:34:21.948901+00:00,site_latency,142.26,False
99-trace-0003742,2026-08-18T15:34:22.060326+00:00,pix,123.29,False
99-trace-0024982,2026-08-18T15:34:22.404180+00:00,api_generic,113.19,False
99-trace-0017488,2026-08-18T15:34:23.229264+00:00,site_latency,573.18,False
99-trace-0008749,2026-08-18T15:34:23.313263+00:00,checkout,522.45,False
99-trace-0024987,2026-08-18T15:34:24.208001+00:00,api_generic,580.85,False
99-trace-0024988,2026-08-18T15:34:24.331174+00:00,api_generic,72.08,False
99-trace-0024991,2026-08-18T15:34:25.029755+00:00,api_generic,82.16,False
99-trace-0024999,2026-08-18T15:34:26.027338+00:00,api_generic,186.6,False
