trace_id,timestamp,domain,latency_ms,is_error
99-trace-0017504,2026-08-18T15:04:27.762611+00:00,api_generic,238.1,False
99-trace-0017513,2026-08-18T15:04:29.215568+00:00,api_generic,613.96,False
99-trace-0003756,2026-08-18T15:04:29.385066+00:00,checkout,777.99,False
99-trace-0003759,2026-08-18T15:04:29.660343+00:00,checkout,277.01,False
99-trace-0017518,2026-08-18T15:04:29.878829+00:00,api_generic,593.31,False
99-trace-0000014,2026-08-18T15:04:30.717358+00:00,pix,230.18,True
99-trace-0008786,2026-08-18T15:04:32.963278+00:00,site_latency,991.53,False
99-trace-0008790,2026-08-18T15:04:33.963596+00:00,site_latency,650.73,False
99-trace-0003778,2026-08-18T15:04:36.753662+00:00,checkout,283.61,False
99-trace-0017542,2026-08-18T15:04:36.853021+00:00,api_generic,244.6,False
99-trace-0000035,2026-08-18T15:04:37.633722+00:00,pix,238.37,False
99-trace-0003781,2026-08-18T15:04:37.886134+00:00,checkout,766.54,False
99-trace-0017552,2026-08-18T15:04:38.053100+00:00,api_generic,129.57,False
99-trace-0008805,2026-08-18T15:04:38.419172+00:00,site_latency,875.51,False
99-trace-0017565,2026-08-18T15:04:41.194174+00:00,api_generic,312.6,False
99-trace-0017566,2026-08-18T15:04:41.218378+00:00,api_generic,453.97,False
99-trace-0008834,2026-08-18T15:04:44.762808+00:00,site_latency,627.19,False
99-trace-0008837,2026-08-18T15:04:45.643559+00:00,site_latency,619.52,False
99-trace-0003812,2026-08-18T15:04:47.393578+00:00,checkout,315.62,False
99-trace-0003815,2026-08-18T15:04:47.910066+00:00,checkout,456.25,True
99-trace-0008851,2026-08-18T15:04:48.527136+00:00,site_latency,1650.49,False
99-trace-0008858,2026-08-18T15:04:49.819091+00:00,site_latency,773.46,False
99-trace-0008860,2026-08-18T15:04:49.864450+00:00,site_latency,458.94,True
99-trace-0008875,2026-08-18T15:04:51.982035+00:00,site_latency,678.29,False
99-trace-0008876,2026-08-18T15:04:51.989200+00:00,site_latency,301.49,True
99-trace-0003837,2026-08-18T15:04:54.373688+00:00,checkout,891.8,True
99-trace-0008894,2026-08-18T15:04:54.993381+00:00,site_latency,500.73,False
99-trace-0000071,2026-08-18T15:04:55.739646+00:00,pix,244.74,False
99-trace-0008904,2026-08-18T15:04:56.751800+00:00,site_latency,600.23,False
99-trace-0017635,2026-08-18T15:04:56.977405+00:00,api_generic,241.76,False
99-trace-0017636,2026-08-18T15:04:57.221838+00:00,api_generic,742.3,False
99-trace-0017639,2026-08-18T15:04:57.894520+00:00,api_generic,293.82,False
99-trace-0003851,2026-08-18T15:05:00.183321+00:00,checkout,1548.33,False
99-trace-0000085,2026-08-18T15:05:01.552030+00:00,pix,948.15,False
99-trace-0017664,2026-08-18T15:05:02.991355+00:00,api_generic,247.13,False
99-trace-0008951,2026-08-18T15:05:04.227315+00:00,site_latency,732.91,False
99-trace-0017690,2026-08-18T15:05:08.898680+00:00,api_generic,37.65,False
99-trace-0000100,2026-08-18T15:05:09.085339+00:00,pix,202.79,True
99-trace-0008979,2026-08-18T15:05:09.267808+00:00,site_latency,782.63,False
99-trace-0008980,2026-08-18T15:05:09.344262+00:00,site_latency,946.17,True
99-trace-0008981,2026-08-18T15:05:09.349656+00:00,site_latency,694.4,False
99-trace-0017696,2026-08-18T15:05:10.192845+00:00,api_generic,1794.33,False
99-trace-0008988,2026-08-18T15:05:11.206819+00:00,site_latency,495.87,False
99-trace-0017705,2026-08-18T15:05:11.752622+00:00,api_generic,52.58,False
99-trace-0017713,2026-08-18T15:05:13.056590+00:00,api_generic,284.06,True
99-trace-0017724,2026-08-18T15:05:14.909719+00:00,api_generic,98.21,False
99-trace-0009007,2026-08-18T15:05:16.224135+00:00,site_latency,563.26,False
99-trace-0003887,2026-08-18T15:05:17.105679+00:00,checkout,2570.68,False
99-trace-0000122,2026-08-18T15:05:19.810853+00:00,pix,1322.79,False
99-trace-0003899,2026-08-18T15:05:20.402795+00:00,checkout,785.83,True
99-trace-0009037,2026-08-18T15:05:23.316871+00:00,site_latency,219.37,False
99-trace-0017764,2026-08-18T15:05:23.667366+00:00,api_generic,352.48,False
99-trace-0017766,2026-08-18T15:05:24.152983+00:00,api_generic,346.92,False
99-trace-0009043,2026-08-18T15:05:25.143051+00:00,site_latency,572.48,False
99-trace-0009067,2026-08-18T15:05:29.747846+00:00,site_latency,1547.02,False
99-trace-0009076,2026-08-18T15:05:31.072410+00:00,site_latency,577.88,False
99-trace-0009080,2026-08-18T15:05:31.576990+00:00,site_latency,2597.26,False
99-trace-0017803,2026-08-18T15:05:32.951665+00:00,api_generic,178.48,True
99-trace-0003936,2026-08-18T15:05:33.836962+00:00,checkout,859.59,True
99-trace-0009106,2026-08-18T15:05:36.362098+00:00,site_latency,273.26,False
99-trace-0009109,2026-08-18T15:05:36.749077+00:00,site_latency,803.2,True
99-trace-0000159,2026-08-18T15:05:36.974579+00:00,pix,299.83,False
99-trace-0003951,2026-08-18T15:05:37.047112+00:00,checkout,1166.4,False
99-trace-0009115,2026-08-18T15:05:37.824541+00:00,site_latency,844.58,False
99-trace-0017829,2026-08-18T15:05:40.180565+00:00,api_generic,295.83,False
99-trace-0009131,2026-08-18T15:05:41.159164+00:00,site_latency,535.47,False
99-trace-0009136,2026-08-18T15:05:41.795847+00:00,site_latency,942.9,False
99-trace-0003968,2026-08-18T15:05:41.810149+00:00,checkout,795.09,False
99-trace-0009141,2026-08-18T15:05:43.719122+00:00,site_latency,1067.65,False
99-trace-0003979,2026-08-18T15:05:44.088545+00:00,checkout,370.93,False
99-trace-0000169,2026-08-18T15:05:44.898632+00:00,pix,1095.19,False
99-trace-0017860,2026-08-18T15:05:46.205772+00:00,api_generic,346.62,False
99-trace-0017866,2026-08-18T15:05:48.451898+00:00,api_generic,55.11,False
99-trace-0009171,2026-08-18T15:05:49.311379+00:00,site_latency,195.41,True
99-trace-0000181,2026-08-18T15:05:49.980381+00:00,pix,432.96,False
99-trace-0004007,2026-08-18T15:05:55.604384+00:00,checkout,232.26,False
99-trace-0004012,2026-08-18T15:05:56.548833+00:00,checkout,372.18,False
99-trace-0017918,2026-08-18T15:05:58.749833+00:00,api_generic,2629.25,True
99-trace-0009221,2026-08-18T15:05:59.170303+00:00,site_latency,498.98,False
99-trace-0017928,2026-08-18T15:06:00.289401+00:00,api_generic,539.02,False
99-trace-0017929,2026-08-18T15:06:00.423533+00:00,api_generic,631.32,False
99-trace-0017933,2026-08-18T15:06:01.753492+00:00,api_generic,122.36,True
99-trace-0017940,2026-08-18T15:06:04.398211+00:00,api_generic,287.33,False
99-trace-0017941,2026-08-18T15:06:04.865566+00:00,api_generic,237.91,False
99-trace-0004037,2026-08-18T15:06:06.007721+00:00,checkout,923.08,False
99-trace-0009253,2026-08-18T15:06:06.990032+00:00,site_latency,679.5,False
99-trace-0000215,2026-08-18T15:06:07.929703+00:00,pix,928.84,False
99-trace-0017957,2026-08-18T15:06:08.084412+00:00,api_generic,333.66,False
99-trace-0017961,2026-08-18T15:06:09.244373+00:00,api_generic,256.88,False
99-trace-0009280,2026-08-18T15:06:09.801089+00:00,site_latency,508.81,False
99-trace-0000223,2026-08-18T15:06:09.812983+00:00,pix,305.23,False
99-trace-0009283,2026-08-18T15:06:10.169726+00:00,site_latency,573.32,False
99-trace-0000230,2026-08-18T15:06:10.995506+00:00,pix,243.18,False
99-trace-0009288,2026-08-18T15:06:11.252024+00:00,site_latency,587.05,False
99-trace-0004056,2026-08-18T15:06:12.161276+00:00,checkout,1254.34,False
99-trace-0017991,2026-08-18T15:06:15.591954+00:00,api_generic,590.78,False
99-trace-0017993,2026-08-18T15:06:15.852711+00:00,api_generic,353.69,False
99-trace-0009307,2026-08-18T15:06:15.879505+00:00,site_latency,697.68,False
99-trace-0017995,2026-08-18T15:06:16.092752+00:00,api_generic,260.58,False
99-trace-0018003,2026-08-18T15:06:17.110646+00:00,api_generic,234.46,True
99-trace-0018004,2026-08-18T15:06:17.389330+00:00,api_generic,336.41,False
99-trace-0009320,2026-08-18T15:06:18.035460+00:00,site_latency,198.96,False
99-trace-0018007,2026-08-18T15:06:18.074594+00:00,api_generic,284.24,False
99-trace-0009326,2026-08-18T15:06:18.817889+00:00,site_latency,122.34,False
99-trace-0004082,2026-08-18T15:06:20.979602+00:00,checkout,235.18,False
99-trace-0009337,2026-08-18T15:06:21.694924+00:00,site_latency,539.4,False
99-trace-0004085,2026-08-18T15:06:22.128837+00:00,checkout,254.8,False
99-trace-0004089,2026-08-18T15:06:24.147865+00:00,checkout,893.35,False
99-trace-0018042,2026-08-18T15:06:26.509732+00:00,api_generic,282.49,False
99-trace-0009381,2026-08-18T15:06:28.932706+00:00,site_latency,511.62,False
99-trace-0018055,2026-08-18T15:06:29.255962+00:00,api_generic,50.2,False
99-trace-0004101,2026-08-18T15:06:29.280988+00:00,checkout,1500.3,True
99-trace-0000266,2026-08-18T15:06:29.896094+00:00,pix,3981.95,True
99-trace-0009391,2026-08-18T15:06:30.809419+00:00,site_latency,244.98,False
99-trace-0009412,2026-08-18T15:06:33.632770+00:00,site_latency,527.36,False
99-trace-0018075,2026-08-18T15:06:34.661754+00:00,api_generic,257.48,False
99-trace-0009425,2026-08-18T15:06:35.165446+00:00,site_latency,510.55,False
99-trace-0004115,2026-08-18T15:06:37.341606+00:00,checkout,1607.26,False
99-trace-0009437,2026-08-18T15:06:37.409482+00:00,site_latency,677.9,True
99-trace-0009438,2026-08-18T15:06:37.520577+00:00,site_latency,510.01,False
99-trace-0000281,2026-08-18T15:06:38.244555+00:00,pix,294.07,True
99-trace-0000285,2026-08-18T15:06:39.203297+00:00,pix,286.01,False
99-trace-0018090,2026-08-18T15:06:39.997430+00:00,api_generic,94.94,True
99-trace-0004128,2026-08-18T15:06:42.012367+00:00,checkout,236.14,False
99-trace-0004131,2026-08-18T15:06:43.634862+00:00,checkout,181.94,False
99-trace-0004134,2026-08-18T15:06:44.180963+00:00,checkout,2406.09,False
99-trace-0018109,2026-08-18T15:06:44.765507+00:00,api_generic,104.23,False
99-trace-0018115,2026-08-18T15:06:45.957886+00:00,api_generic,584.92,False
99-trace-0000304,2026-08-18T15:06:46.556149+00:00,pix,344.35,False
99-trace-0009492,2026-08-18T15:06:48.335725+00:00,site_latency,710.74,True
99-trace-0004154,2026-08-18T15:06:52.895321+00:00,checkout,885.59,False
99-trace-0004159,2026-08-18T15:06:54.632251+00:00,checkout,882.24,False
99-trace-0000320,2026-08-18T15:06:54.994338+00:00,pix,250.29,False
99-trace-0018151,2026-08-18T15:06:57.148162+00:00,api_generic,248.83,False
99-trace-0009533,2026-08-18T15:06:57.833069+00:00,site_latency,2240.47,False
99-trace-0009534,2026-08-18T15:06:57.867669+00:00,site_latency,548.5,True
99-trace-0004175,2026-08-18T15:06:58.267936+00:00,checkout,804.27,False
99-trace-0009538,2026-08-18T15:06:58.337331+00:00,site_latency,547.83,False
99-trace-0009540,2026-08-18T15:06:58.693399+00:00,site_latency,608.44,False
99-trace-0018165,2026-08-18T15:07:01.395930+00:00,api_generic,459.57,False
99-trace-0000325,2026-08-18T15:07:01.464999+00:00,pix,487.22,False
99-trace-0018170,2026-08-18T15:07:02.488492+00:00,api_generic,1772.16,False
99-trace-0000332,2026-08-18T15:07:03.989241+00:00,pix,276.99,False
99-trace-0004194,2026-08-18T15:07:04.008373+00:00,checkout,1212.74,True
99-trace-0018182,2026-08-18T15:07:04.659761+00:00,api_generic,663.16,False
99-trace-0009571,2026-08-18T15:07:05.900768+00:00,site_latency,593.14,False
99-trace-0000341,2026-08-18T15:07:08.000436+00:00,pix,55.29,False
99-trace-0018201,2026-08-18T15:07:08.984512+00:00,api_generic,304.6,False
99-trace-0000343,2026-08-18T15:07:08.991397+00:00,pix,236.96,False
99-trace-0004211,2026-08-18T15:07:10.056207+00:00,checkout,844.17,True
99-trace-0009604,2026-08-18T15:07:13.275291+00:00,site_latency,111.31,False
99-trace-0004223,2026-08-18T15:07:14.808860+00:00,checkout,759.92,False
99-trace-0004233,2026-08-18T15:07:17.905808+00:00,checkout,309.69,False
99-trace-0000359,2026-08-18T15:07:20.309896+00:00,pix,243.61,False
99-trace-0004242,2026-08-18T15:07:21.892032+00:00,checkout,738.41,False
99-trace-0018255,2026-08-18T15:07:22.250542+00:00,api_generic,175.55,True
99-trace-0018265,2026-08-18T15:07:23.658275+00:00,api_generic,90.16,False
99-trace-0018267,2026-08-18T15:07:24.575410+00:00,api_generic,148.14,True
99-trace-0009659,2026-08-18T15:07:24.795952+00:00,site_latency,614.43,False
99-trace-0018269,2026-08-18T15:07:24.938578+00:00,api_generic,246.99,False
99-trace-0018273,2026-08-18T15:07:25.676983+00:00,api_generic,57.04,True
99-trace-0009674,2026-08-18T15:07:27.890287+00:00,site_latency,562.83,False
99-trace-0000369,2026-08-18T15:07:28.468493+00:00,pix,903.69,False
99-trace-0004263,2026-08-18T15:07:30.145885+00:00,checkout,3484.62,False
99-trace-0009696,2026-08-18T15:07:31.783535+00:00,site_latency,213.81,False
99-trace-0004266,2026-08-18T15:07:32.412526+00:00,checkout,1473.78,False
99-trace-0009702,2026-08-18T15:07:33.308992+00:00,site_latency,245.67,False
99-trace-0009703,2026-08-18T15:07:33.456502+00:00,site_latency,905.59,False
99-trace-0009710,2026-08-18T15:07:34.250768+00:00,site_latency,73.6,False
99-trace-0004277,2026-08-18T15:07:37.598214+00:00,checkout,420.96,True
99-trace-0009734,2026-08-18T15:07:39.664304+00:00,site_latency,1932.54,False
99-trace-0009741,2026-08-18T15:07:40.809579+00:00,site_latency,286.12,True
99-trace-0004288,2026-08-18T15:07:42.526192+00:00,checkout,1450.75,False
99-trace-0018356,2026-08-18T15:07:43.800211+00:00,api_generic,250.89,False
99-trace-0009765,2026-08-18T15:07:44.955576+00:00,site_latency,173.34,False
99-trace-0000403,2026-08-18T15:07:45.590108+00:00,pix,1007.4,False
99-trace-0000405,2026-08-18T15:07:46.191416+00:00,pix,116.29,False
99-trace-0018393,2026-08-18T15:07:50.000099+00:00,api_generic,320.75,False
99-trace-0000415,2026-08-18T15:07:50.862487+00:00,pix,260.33,False
99-trace-0009787,2026-08-18T15:07:51.512698+00:00,site_latency,812.52,True
99-trace-0009789,2026-08-18T15:07:51.583096+00:00,site_latency,509.28,False
99-trace-0000418,2026-08-18T15:07:52.050603+00:00,pix,445.19,False
99-trace-0004314,2026-08-18T15:07:53.611463+00:00,checkout,1009.32,False
99-trace-0004316,2026-08-18T15:07:54.112183+00:00,checkout,739.67,False
99-trace-0018418,2026-08-18T15:07:54.659449+00:00,api_generic,457.43,False
99-trace-0000432,2026-08-18T15:07:56.576251+00:00,pix,234.1,False
99-trace-0009819,2026-08-18T15:07:58.994619+00:00,site_latency,171.85,True
99-trace-0018442,2026-08-18T15:08:00.032826+00:00,api_generic,74.68,True
99-trace-0018447,2026-08-18T15:08:00.928403+00:00,api_generic,344.46,False
99-trace-0000443,2026-08-18T15:08:01.140973+00:00,pix,117.41,False
99-trace-0009835,2026-08-18T15:08:02.470561+00:00,site_latency,802.06,False
99-trace-0000450,2026-08-18T15:08:05.419345+00:00,pix,685.22,False
99-trace-0009860,2026-08-18T15:08:06.453237+00:00,site_latency,503.58,False
99-trace-0009861,2026-08-18T15:08:06.694180+00:00,site_latency,640.37,False
99-trace-0000456,2026-08-18T15:08:07.183955+00:00,pix,89.22,False
99-trace-0018475,2026-08-18T15:08:07.694400+00:00,api_generic,255.37,False
99-trace-0004354,2026-08-18T15:08:09.114147+00:00,checkout,1342.21,False
99-trace-0009870,2026-08-18T15:08:09.454887+00:00,site_latency,549.5,False
99-trace-0018483,2026-08-18T15:08:11.704972+00:00,api_generic,292.92,True
99-trace-0018486,2026-08-18T15:08:12.782279+00:00,api_generic,329.53,False
99-trace-0004360,2026-08-18T15:08:13.323864+00:00,checkout,917.27,False
99-trace-0009882,2026-08-18T15:08:13.972292+00:00,site_latency,165.04,False
99-trace-0018491,2026-08-18T15:08:14.497726+00:00,api_generic,429.48,False
99-trace-0018494,2026-08-18T15:08:15.382120+00:00,api_generic,185.28,True
99-trace-0004371,2026-08-18T15:08:16.901017+00:00,checkout,1437.05,False
99-trace-0004373,2026-08-18T15:08:17.966756+00:00,checkout,719.54,True
99-trace-0009907,2026-08-18T15:08:19.156381+00:00,site_latency,527.37,False
99-trace-0018510,2026-08-18T15:08:19.996453+00:00,api_generic,240.99,False
99-trace-0004379,2026-08-18T15:08:20.517729+00:00,checkout,3328.49,False
99-trace-0004381,2026-08-18T15:08:20.540111+00:00,checkout,861.85,False
99-trace-0018521,2026-08-18T15:08:21.745838+00:00,api_generic,92.39,True
99-trace-0018522,2026-08-18T15:08:21.859660+00:00,api_generic,364.16,False
99-trace-0009921,2026-08-18T15:08:22.710403+00:00,site_latency,603.44,False
99-trace-0009925,2026-08-18T15:08:23.480427+00:00,site_latency,222.66,False
99-trace-0018533,2026-08-18T15:08:24.340438+00:00,api_generic,226.57,True
99-trace-0009929,2026-08-18T15:08:24.524890+00:00,site_latency,493.26,False
99-trace-0009930,2026-08-18T15:08:24.698379+00:00,site_latency,113.76,False
99-trace-0009934,2026-08-18T15:08:25.328126+00:00,site_latency,248.2,False
99-trace-0009939,2026-08-18T15:08:26.450698+00:00,site_latency,660.9,False
99-trace-0004398,2026-08-18T15:08:28.613297+00:00,checkout,537.32,False
99-trace-0000514,2026-08-18T15:08:30.908917+00:00,pix,249.84,False
99-trace-0018568,2026-08-18T15:08:31.637604+00:00,api_generic,269.7,False
99-trace-0009967,2026-08-18T15:08:31.982219+00:00,site_latency,177.12,False
99-trace-0009969,2026-08-18T15:08:32.383486+00:00,site_latency,1027.85,True
99-trace-0004414,2026-08-18T15:08:33.006975+00:00,checkout,2260.96,False
99-trace-0009979,2026-08-18T15:08:34.661230+00:00,site_latency,1047.3,False
99-trace-0009981,2026-08-18T15:08:35.333966+00:00,site_latency,534.69,False
99-trace-0018581,2026-08-18T15:08:35.639963+00:00,api_generic,295.32,True
99-trace-0009984,2026-08-18T15:08:35.966343+00:00,site_latency,722.55,False
99-trace-0004428,2026-08-18T15:08:38.803351+00:00,checkout,1274.35,False
99-trace-0010000,2026-08-18T15:08:39.596951+00:00,site_latency,598.91,False
99-trace-0010002,2026-08-18T15:08:39.690182+00:00,site_latency,572.61,False
99-trace-0010006,2026-08-18T15:08:40.334960+00:00,site_latency,529.56,False
99-trace-0018617,2026-08-18T15:08:41.850691+00:00,api_generic,533.41,False
99-trace-0018625,2026-08-18T15:08:43.808046+00:00,api_generic,248.45,False
99-trace-0010033,2026-08-18T15:08:45.910429+00:00,site_latency,119.72,False
99-trace-0018640,2026-08-18T15:08:46.138357+00:00,api_generic,1685.57,False
99-trace-0004448,2026-08-18T15:08:47.935479+00:00,checkout,3961.82,False
99-trace-0010058,2026-08-18T15:08:52.907970+00:00,site_latency,279.98,False
99-trace-0010059,2026-08-18T15:08:53.011525+00:00,site_latency,518.24,False
99-trace-0000575,2026-08-18T15:08:56.374709+00:00,pix,272.94,False
99-trace-0010096,2026-08-18T15:09:00.008946+00:00,site_latency,495.77,False
99-trace-0018696,2026-08-18T15:09:02.134596+00:00,api_generic,1178.49,False
99-trace-0010107,2026-08-18T15:09:02.995879+00:00,site_latency,684.55,False
99-trace-0018706,2026-08-18T15:09:04.604999+00:00,api_generic,147.93,True
99-trace-0004515,2026-08-18T15:09:11.716424+00:00,checkout,1381.42,False
99-trace-0000606,2026-08-18T15:09:13.575941+00:00,pix,534.79,False
99-trace-0004523,2026-08-18T15:09:14.550640+00:00,checkout,345.51,False
99-trace-0018746,2026-08-18T15:09:15.055411+00:00,api_generic,730.97,False
99-trace-0018747,2026-08-18T15:09:15.307231+00:00,api_generic,257.66,False
99-trace-0018753,2026-08-18T15:09:16.346409+00:00,api_generic,239.61,False
99-trace-0000618,2026-08-18T15:09:17.388395+00:00,pix,262.2,False
99-trace-0004534,2026-08-18T15:09:19.648647+00:00,checkout,3406.78,False
99-trace-0004535,2026-08-18T15:09:20.116209+00:00,checkout,656.4,False
99-trace-0010187,2026-08-18T15:09:20.193329+00:00,site_latency,635.57,False
99-trace-0018777,2026-08-18T15:09:21.586056+00:00,api_generic,257.47,False
99-trace-0018780,2026-08-18T15:09:22.280825+00:00,api_generic,434.93,False
99-trace-0004543,2026-08-18T15:09:23.272520+00:00,checkout,880.73,False
99-trace-0018805,2026-08-18T15:09:25.709831+00:00,api_generic,108.93,True
99-trace-0018806,2026-08-18T15:09:26.288500+00:00,api_generic,243.92,False
99-trace-0000634,2026-08-18T15:09:26.346768+00:00,pix,244.89,False
99-trace-0018813,2026-08-18T15:09:28.449836+00:00,api_generic,348.97,False
99-trace-0010226,2026-08-18T15:09:28.483264+00:00,site_latency,494.8,False
99-trace-0018816,2026-08-18T15:09:29.749841+00:00,api_generic,317.97,False
99-trace-0018823,2026-08-18T15:09:30.391091+00:00,api_generic,97.81,False
99-trace-0004558,2026-08-18T15:09:30.418897+00:00,checkout,115.0,False
99-trace-0004560,2026-08-18T15:09:30.650871+00:00,checkout,1666.77,False
99-trace-0010243,2026-08-18T15:09:33.755395+00:00,site_latency,224.65,False
99-trace-0018846,2026-08-18T15:09:35.468386+00:00,api_generic,344.66,False
99-trace-0004575,2026-08-18T15:09:35.727837+00:00,checkout,540.86,True
99-trace-0004576,2026-08-18T15:09:35.821507+00:00,checkout,2561.58,False
99-trace-0018858,2026-08-18T15:09:38.018823+00:00,api_generic,275.59,False
99-trace-0010264,2026-08-18T15:09:39.956260+00:00,site_latency,129.5,False
99-trace-0010275,2026-08-18T15:09:41.725128+00:00,site_latency,272.25,False
99-trace-0010276,2026-08-18T15:09:41.797376+00:00,site_latency,740.68,False
99-trace-0004597,2026-08-18T15:09:45.973099+00:00,checkout,1235.03,False
99-trace-0010315,2026-08-18T15:09:47.461116+00:00,site_latency,650.24,False
99-trace-0018891,2026-08-18T15:09:47.535594+00:00,api_generic,969.79,False
99-trace-0010322,2026-08-18T15:09:48.675903+00:00,site_latency,558.08,False
99-trace-0018906,2026-08-18T15:09:50.739913+00:00,api_generic,264.78,False
99-trace-0004610,2026-08-18T15:09:51.160185+00:00,checkout,2897.49,False
99-trace-0018918,2026-08-18T15:09:53.959615+00:00,api_generic,697.37,False
99-trace-0018931,2026-08-18T15:09:57.367410+00:00,api_generic,258.98,False
99-trace-0018933,2026-08-18T15:09:58.134721+00:00,api_generic,537.21,False
99-trace-0010358,2026-08-18T15:09:58.409305+00:00,site_latency,588.45,False
99-trace-0018935,2026-08-18T15:09:58.431743+00:00,api_generic,261.24,True
99-trace-0018940,2026-08-18T15:10:00.357287+00:00,api_generic,96.32,True
99-trace-0010385,2026-08-18T15:10:02.738101+00:00,site_latency,744.98,False
99-trace-0004649,2026-08-18T15:10:02.771447+00:00,checkout,751.62,False
99-trace-0004652,2026-08-18T15:10:03.857897+00:00,checkout,210.75,False
99-trace-0004657,2026-08-18T15:10:06.393789+00:00,checkout,350.17,False
99-trace-0010405,2026-08-18T15:10:08.312235+00:00,site_latency,196.91,False
99-trace-0000712,2026-08-18T15:10:09.483014+00:00,pix,1195.49,False
99-trace-0000715,2026-08-18T15:10:10.738619+00:00,pix,249.84,False
99-trace-0010433,2026-08-18T15:10:12.662095+00:00,site_latency,558.04,False
99-trace-0010471,2026-08-18T15:10:19.364889+00:00,site_latency,197.67,False
99-trace-0010490,2026-08-18T15:10:22.035531+00:00,site_latency,1115.15,False
99-trace-0000743,2026-08-18T15:10:23.112818+00:00,pix,246.63,False
99-trace-0000745,2026-08-18T15:10:23.258523+00:00,pix,266.44,False
99-trace-0019036,2026-08-18T15:10:23.996231+00:00,api_generic,243.89,False
99-trace-0004707,2026-08-18T15:10:24.573812+00:00,checkout,862.44,False
99-trace-0019052,2026-08-18T15:10:27.073941+00:00,api_generic,247.45,False
99-trace-0000754,2026-08-18T15:10:27.221068+00:00,pix,919.2,False
99-trace-0004716,2026-08-18T15:10:27.304849+00:00,checkout,563.4,True
99-trace-0004717,2026-08-18T15:10:27.685614+00:00,checkout,408.2,True
99-trace-0019057,2026-08-18T15:10:27.776773+00:00,api_generic,276.98,True
99-trace-0004718,2026-08-18T15:10:27.966815+00:00,checkout,1623.57,False
99-trace-0004722,2026-08-18T15:10:28.688130+00:00,checkout,982.12,False
99-trace-0019059,2026-08-18T15:10:28.752843+00:00,api_generic,49.63,False
99-trace-0010517,2026-08-18T15:10:28.987472+00:00,site_latency,537.38,False
99-trace-0019081,2026-08-18T15:10:33.397024+00:00,api_generic,331.92,False
99-trace-0019082,2026-08-18T15:10:33.660857+00:00,api_generic,181.53,True
99-trace-0004748,2026-08-18T15:10:36.395692+00:00,checkout,794.2,False
99-trace-0019109,2026-08-18T15:10:40.310917+00:00,api_generic,85.95,False
99-trace-0019112,2026-08-18T15:10:40.936403+00:00,api_generic,507.95,False
99-trace-0004767,2026-08-18T15:10:45.555785+00:00,checkout,790.31,False
99-trace-0019134,2026-08-18T15:10:45.761474+00:00,api_generic,240.26,True
99-trace-0010582,2026-08-18T15:10:46.545606+00:00,site_latency,637.61,False
99-trace-0000791,2026-08-18T15:10:47.070142+00:00,pix,94.82,False
99-trace-0010594,2026-08-18T15:10:50.418158+00:00,site_latency,733.84,False
99-trace-0019158,2026-08-18T15:10:51.519267+00:00,api_generic,309.72,True
99-trace-0010603,2026-08-18T15:10:52.906352+00:00,site_latency,153.37,False
99-trace-0010607,2026-08-18T15:10:53.601043+00:00,site_latency,448.93,True
99-trace-0010612,2026-08-18T15:10:54.476959+00:00,site_latency,576.47,True
99-trace-0010613,2026-08-18T15:10:54.694431+00:00,site_latency,617.51,False
99-trace-0000813,2026-08-18T15:10:56.270310+00:00,pix,259.95,False
99-trace-0019174,2026-08-18T15:10:57.571713+00:00,api_generic,147.88,False
99-trace-0010631,2026-08-18T15:10:58.869445+00:00,site_latency,610.72,False
99-trace-0019181,2026-08-18T15:10:59.864994+00:00,api_generic,246.03,False
99-trace-0010644,2026-08-18T15:11:00.986564+00:00,site_latency,644.87,False
99-trace-0019187,2026-08-18T15:11:01.264468+00:00,api_generic,554.31,False
99-trace-0000829,2026-08-18T15:11:02.606769+00:00,pix,258.63,False
99-trace-0019192,2026-08-18T15:11:02.723519+00:00,api_generic,269.81,False
99-trace-0019195,2026-08-18T15:11:03.306845+00:00,api_generic,123.7,True
99-trace-0000842,2026-08-18T15:11:06.030378+00:00,pix,646.17,False
99-trace-0019215,2026-08-18T15:11:08.298313+00:00,api_generic,285.28,False
99-trace-0019216,2026-08-18T15:11:08.416106+00:00,api_generic,3978.59,True
99-trace-0010683,2026-08-18T15:11:09.498617+00:00,site_latency,547.82,False
99-trace-0000857,2026-08-18T15:11:10.781911+00:00,pix,332.14,False
99-trace-0019226,2026-08-18T15:11:10.983481+00:00,api_generic,378.04,False
99-trace-0019237,2026-08-18T15:11:13.152482+00:00,api_generic,151.44,True
99-trace-0010695,2026-08-18T15:11:13.300195+00:00,site_latency,626.93,False
99-trace-0010696,2026-08-18T15:11:13.322801+00:00,site_latency,1152.8,False
99-trace-0019245,2026-08-18T15:11:15.191145+00:00,api_generic,86.32,False
99-trace-0019256,2026-08-18T15:11:17.180076+00:00,api_generic,295.4,False
99-trace-0000869,2026-08-18T15:11:17.540778+00:00,pix,619.55,False
99-trace-0000870,2026-08-18T15:11:17.592341+00:00,pix,354.53,False
99-trace-0019265,2026-08-18T15:11:20.167208+00:00,api_generic,349.65,False
99-trace-0004868,2026-08-18T15:11:21.611345+00:00,checkout,181.83,True
99-trace-0019286,2026-08-18T15:11:24.727799+00:00,api_generic,771.83,False
99-trace-0004886,2026-08-18T15:11:27.118398+00:00,checkout,929.02,False
99-trace-0010754,2026-08-18T15:11:27.170353+00:00,site_latency,727.88,False
99-trace-0004897,2026-08-18T15:11:30.286525+00:00,checkout,797.37,False
99-trace-0019315,2026-08-18T15:11:30.793064+00:00,api_generic,545.78,False
99-trace-0010774,2026-08-18T15:11:31.978458+00:00,site_latency,101.33,False
99-trace-0004900,2026-08-18T15:11:32.028288+00:00,checkout,795.37,False
99-trace-0010777,2026-08-18T15:11:32.360149+00:00,site_latency,548.33,False
99-trace-0004903,2026-08-18T15:11:32.550496+00:00,checkout,811.69,False
99-trace-0004904,2026-08-18T15:11:32.774590+00:00,checkout,506.57,True
99-trace-0019346,2026-08-18T15:11:36.829763+00:00,api_generic,122.71,True
99-trace-0019353,2026-08-18T15:11:38.455574+00:00,api_generic,283.65,True
99-trace-0000909,2026-08-18T15:11:38.814549+00:00,pix,623.07,False
99-trace-0010806,2026-08-18T15:11:39.808118+00:00,site_latency,559.24,False
99-trace-0000913,2026-08-18T15:11:40.182522+00:00,pix,611.39,False
99-trace-0004920,2026-08-18T15:11:41.710829+00:00,checkout,2077.22,False
99-trace-0000916,2026-08-18T15:11:42.248659+00:00,pix,176.78,False
99-trace-0019377,2026-08-18T15:11:43.572953+00:00,api_generic,238.72,False
99-trace-0019383,2026-08-18T15:11:44.641206+00:00,api_generic,847.23,False
99-trace-0000922,2026-08-18T15:11:45.374421+00:00,pix,247.79,False
99-trace-0019387,2026-08-18T15:11:45.664928+00:00,api_generic,237.73,False
99-trace-0004931,2026-08-18T15:11:46.350879+00:00,checkout,270.43,False
99-trace-0019392,2026-08-18T15:11:47.940444+00:00,api_generic,261.79,False
99-trace-0004939,2026-08-18T15:11:48.371595+00:00,checkout,1040.55,False
99-trace-0019402,2026-08-18T15:11:49.475313+00:00,api_generic,799.64,False
99-trace-0000936,2026-08-18T15:11:49.553109+00:00,pix,244.79,False
99-trace-0000941,2026-08-18T15:11:50.726851+00:00,pix,233.89,False
99-trace-0004949,2026-08-18T15:11:52.036942+00:00,checkout,1278.23,False
99-trace-0004953,2026-08-18T15:11:53.643751+00:00,checkout,882.69,False
99-trace-0010877,2026-08-18T15:11:54.362127+00:00,site_latency,533.17,False
99-trace-0019434,2026-08-18T15:11:56.744490+00:00,api_generic,247.63,False
99-trace-0004968,2026-08-18T15:11:57.877234+00:00,checkout,757.37,False
99-trace-0010912,2026-08-18T15:12:02.464773+00:00,site_latency,555.74,False
99-trace-0019450,2026-08-18T15:12:02.619475+00:00,api_generic,421.89,False
99-trace-0010917,2026-08-18T15:12:03.245474+00:00,site_latency,115.91,False
99-trace-0019468,2026-08-18T15:12:05.773654+00:00,api_generic,267.92,False
99-trace-0019472,2026-08-18T15:12:06.702083+00:00,api_generic,260.24,False
99-trace-0004998,2026-08-18T15:12:07.678354+00:00,checkout,845.4,False
99-trace-0000969,2026-08-18T15:12:07.827360+00:00,pix,236.17,False
99-trace-0010961,2026-08-18T15:12:12.020517+00:00,site_latency,494.26,False
99-trace-0019502,2026-08-18T15:12:12.179667+00:00,api_generic,321.4,False
99-trace-0019512,2026-08-18T15:12:14.213379+00:00,api_generic,259.97,False
99-trace-0019513,2026-08-18T15:12:14.215097+00:00,api_generic,735.43,False
99-trace-0010981,2026-08-18T15:12:15.111211+00:00,site_latency,2727.5,False
99-trace-0005028,2026-08-18T15:12:15.546018+00:00,checkout,874.57,False
99-trace-0005031,2026-08-18T15:12:16.446012+00:00,checkout,955.79,False
99-trace-0019521,2026-08-18T15:12:17.137526+00:00,api_generic,257.34,False
99-trace-0010989,2026-08-18T15:12:17.719368+00:00,site_latency,83.47,False
99-trace-0019523,2026-08-18T15:12:17.820304+00:00,api_generic,367.13,False
99-trace-0010991,2026-08-18T15:12:18.269287+00:00,site_latency,1014.38,False
99-trace-0010995,2026-08-18T15:12:18.758420+00:00,site_latency,562.01,False
99-trace-0011000,2026-08-18T15:12:19.456018+00:00,site_latency,591.65,False
99-trace-0019535,2026-08-18T15:12:19.811075+00:00,api_generic,295.31,False
99-trace-0011006,2026-08-18T15:12:20.738634+00:00,site_latency,521.65,False
99-trace-0011014,2026-08-18T15:12:22.254711+00:00,site_latency,833.85,False
99-trace-0000993,2026-08-18T15:12:24.106802+00:00,pix,194.21,True
99-trace-0019550,2026-08-18T15:12:24.616724+00:00,api_generic,118.72,True
99-trace-0005065,2026-08-18T15:12:28.625848+00:00,checkout,956.65,True
99-trace-0019571,2026-08-18T15:12:28.905781+00:00,api_generic,555.76,False
99-trace-0011044,2026-08-18T15:12:29.745616+00:00,site_latency,498.87,False
99-trace-0001008,2026-08-18T15:12:31.580069+00:00,pix,101.19,False
99-trace-0011053,2026-08-18T15:12:31.590726+00:00,site_latency,3195.87,False
99-trace-0011060,2026-08-18T15:12:33.198119+00:00,site_latency,198.77,False
99-trace-0011067,2026-08-18T15:12:34.154247+00:00,site_latency,653.19,False
99-trace-0019604,2026-08-18T15:12:35.484380+00:00,api_generic,44.94,False
99-trace-0005087,2026-08-18T15:12:36.962008+00:00,checkout,753.29,False
99-trace-0019619,2026-08-18T15:12:37.655632+00:00,api_generic,260.94,False
99-trace-0019636,2026-08-18T15:12:41.857880+00:00,api_generic,1893.08,True
99-trace-0001026,2026-08-18T15:12:41.886630+00:00,pix,825.02,False
99-trace-0001029,2026-08-18T15:12:43.265667+00:00,pix,154.38,False
99-trace-0011109,2026-08-18T15:12:43.475243+00:00,site_latency,1760.97,False
99-trace-0005107,2026-08-18T15:12:43.519378+00:00,checkout,1914.23,False
99-trace-0001033,2026-08-18T15:12:44.745841+00:00,pix,233.24,False
99-trace-0019651,2026-08-18T15:12:45.201558+00:00,api_generic,280.34,False
99-trace-0019652,2026-08-18T15:12:45.326291+00:00,api_generic,590.93,False
99-trace-0011122,2026-08-18T15:12:46.536473+00:00,site_latency,802.34,False
99-trace-0001038,2026-08-18T15:12:46.608082+00:00,pix,252.75,False
99-trace-0019657,2026-08-18T15:12:47.940197+00:00,api_generic,249.2,True
99-trace-0001041,2026-08-18T15:12:48.807088+00:00,pix,264.07,False
99-trace-0011136,2026-08-18T15:12:50.089242+00:00,site_latency,585.07,False
99-trace-0005121,2026-08-18T15:12:50.202726+00:00,checkout,1587.21,False
99-trace-0011146,2026-08-18T15:12:51.249503+00:00,site_latency,739.94,False
99-trace-0011149,2026-08-18T15:12:52.160766+00:00,site_latency,879.32,False
99-trace-0019674,2026-08-18T15:12:52.667207+00:00,api_generic,248.86,False
99-trace-0005140,2026-08-18T15:12:55.808545+00:00,checkout,1806.87,False
99-trace-0011170,2026-08-18T15:12:56.700057+00:00,site_latency,1153.16,False
99-trace-0019693,2026-08-18T15:12:57.626475+00:00,api_generic,429.97,False
99-trace-0011179,2026-08-18T15:12:58.498821+00:00,site_latency,552.06,False
99-trace-0011182,2026-08-18T15:12:58.687610+00:00,site_latency,517.5,False
99-trace-0011190,2026-08-18T15:13:00.274342+00:00,site_latency,496.65,False
99-trace-0001069,2026-08-18T15:13:00.878284+00:00,pix,235.41,False
99-trace-0005161,2026-08-18T15:13:01.612188+00:00,checkout,490.95,True
99-trace-0005165,2026-08-18T15:13:02.050511+00:00,checkout,1429.76,False
99-trace-0019724,2026-08-18T15:13:03.896744+00:00,api_generic,437.36,False
99-trace-0005177,2026-08-18T15:13:06.039916+00:00,checkout,1736.71,True
99-trace-0019732,2026-08-18T15:13:06.082282+00:00,api_generic,843.67,False
99-trace-0011210,2026-08-18T15:13:06.118919+00:00,site_latency,1502.27,False
99-trace-0001082,2026-08-18T15:13:07.027937+00:00,pix,1290.39,False
99-trace-0011212,2026-08-18T15:13:07.116219+00:00,site_latency,508.03,False
99-trace-0019744,2026-08-18T15:13:08.963640+00:00,api_generic,248.97,False
99-trace-0019753,2026-08-18T15:13:10.992136+00:00,api_generic,454.5,False
99-trace-0011225,2026-08-18T15:13:11.808636+00:00,site_latency,154.47,True
99-trace-0019763,2026-08-18T15:13:13.210374+00:00,api_generic,266.01,False
99-trace-0019766,2026-08-18T15:13:13.797372+00:00,api_generic,772.31,False
99-trace-0019770,2026-08-18T15:13:14.275465+00:00,api_generic,371.54,False
99-trace-0011243,2026-08-18T15:13:14.971616+00:00,site_latency,348.72,True
99-trace-0011277,2026-08-18T15:13:21.211303+00:00,site_latency,176.58,False
99-trace-0001106,2026-08-18T15:13:21.691658+00:00,pix,747.78,False
99-trace-0019788,2026-08-18T15:13:22.755827+00:00,api_generic,687.97,False
99-trace-0019790,2026-08-18T15:13:23.006743+00:00,api_generic,899.93,False
99-trace-0011301,2026-08-18T15:13:25.591356+00:00,site_latency,330.25,True
99-trace-0005244,2026-08-18T15:13:26.720233+00:00,checkout,740.72,False
99-trace-0019808,2026-08-18T15:13:27.718089+00:00,api_generic,49.22,False
99-trace-0011312,2026-08-18T15:13:27.953627+00:00,site_latency,513.29,False
99-trace-0019812,2026-08-18T15:13:28.143621+00:00,api_generic,71.71,False
99-trace-0005248,2026-08-18T15:13:28.211893+00:00,checkout,1828.7,False
99-trace-0019815,2026-08-18T15:13:28.429844+00:00,api_generic,541.99,False
99-trace-0019817,2026-08-18T15:13:28.886430+00:00,api_generic,89.35,True
99-trace-0011326,2026-08-18T15:13:29.500901+00:00,site_latency,550.87,False
99-trace-0005262,2026-08-18T15:13:32.718874+00:00,checkout,747.57,False
99-trace-0011346,2026-08-18T15:13:32.966770+00:00,site_latency,601.2,False
99-trace-0019839,2026-08-18T15:13:34.154419+00:00,api_generic,384.35,True
99-trace-0019841,2026-08-18T15:13:34.512073+00:00,api_generic,428.96,False
99-trace-0011357,2026-08-18T15:13:36.887196+00:00,site_latency,280.08,True
99-trace-0005273,2026-08-18T15:13:37.158873+00:00,checkout,965.86,False
99-trace-0011370,2026-08-18T15:13:38.381153+00:00,site_latency,547.84,False
99-trace-0019871,2026-08-18T15:13:40.906430+00:00,api_generic,427.33,False
99-trace-0011382,2026-08-18T15:13:40.931398+00:00,site_latency,240.54,True
99-trace-0019873,2026-08-18T15:13:40.953345+00:00,api_generic,494.43,True
99-trace-0011392,2026-08-18T15:13:43.291627+00:00,site_latency,1723.16,False
99-trace-0001146,2026-08-18T15:13:43.327198+00:00,pix,271.77,False
99-trace-0005289,2026-08-18T15:13:45.025104+00:00,checkout,594.99,False
99-trace-0011402,2026-08-18T15:13:45.829619+00:00,site_latency,378.27,True
99-trace-0019898,2026-08-18T15:13:46.442443+00:00,api_generic,242.47,False
99-trace-0011410,2026-08-18T15:13:47.187290+00:00,site_latency,639.32,False
99-trace-0019902,2026-08-18T15:13:48.071320+00:00,api_generic,73.64,False
99-trace-0019905,2026-08-18T15:13:48.707616+00:00,api_generic,71.12,True
99-trace-0019906,2026-08-18T15:13:49.319215+00:00,api_generic,256.29,True
99-trace-0019907,2026-08-18T15:13:49.594141+00:00,api_generic,241.9,False
99-trace-0011422,2026-08-18T15:13:51.250040+00:00,site_latency,779.28,False
99-trace-0011423,2026-08-18T15:13:51.422917+00:00,site_latency,1894.76,False
99-trace-0019919,2026-08-18T15:13:53.067957+00:00,api_generic,123.23,False
99-trace-0011442,2026-08-18T15:13:55.275825+00:00,site_latency,1327.12,False
99-trace-0011454,2026-08-18T15:13:57.227195+00:00,site_latency,579.79,False
99-trace-0001172,2026-08-18T15:13:57.248652+00:00,pix,236.86,False
99-trace-0011469,2026-08-18T15:14:00.080593+00:00,site_latency,525.17,False
99-trace-0019943,2026-08-18T15:14:00.342213+00:00,api_generic,75.64,False
99-trace-0005325,2026-08-18T15:14:01.554321+00:00,checkout,638.36,False
99-trace-0019946,2026-08-18T15:14:01.899546+00:00,api_generic,126.36,True
99-trace-0005328,2026-08-18T15:14:02.195853+00:00,checkout,2445.89,False
99-trace-0005338,2026-08-18T15:14:04.929761+00:00,checkout,723.8,True
99-trace-0005345,2026-08-18T15:14:06.758405+00:00,checkout,753.15,False
99-trace-0001195,2026-08-18T15:14:09.340818+00:00,pix,266.16,False
99-trace-0005361,2026-08-18T15:14:13.246020+00:00,checkout,766.12,False
99-trace-0005362,2026-08-18T15:14:13.297865+00:00,checkout,1457.23,False
99-trace-0005363,2026-08-18T15:14:13.346801+00:00,checkout,177.9,False
99-trace-0001206,2026-08-18T15:14:13.874625+00:00,pix,244.74,False
99-trace-0005368,2026-08-18T15:14:15.962865+00:00,checkout,1040.6,False
99-trace-0011547,2026-08-18T15:14:16.405748+00:00,site_latency,552.03,False
99-trace-0001218,2026-08-18T15:14:18.498831+00:00,pix,322.14,False
99-trace-0011561,2026-08-18T15:14:18.874910+00:00,site_latency,1483.48,False
99-trace-0020016,2026-08-18T15:14:18.932320+00:00,api_generic,862.26,False
99-trace-0001220,2026-08-18T15:14:19.460210+00:00,pix,252.24,False
99-trace-0011572,2026-08-18T15:14:20.575714+00:00,site_latency,1369.44,False
99-trace-0011574,2026-08-18T15:14:20.781702+00:00,site_latency,721.46,False
99-trace-0020026,2026-08-18T15:14:22.962322+00:00,api_generic,74.98,False
99-trace-0005392,2026-08-18T15:14:23.583725+00:00,checkout,1035.33,False
99-trace-0011585,2026-08-18T15:14:24.777302+00:00,site_latency,376.59,True
99-trace-0005408,2026-08-18T15:14:29.904000+00:00,checkout,225.22,False
99-trace-0005414,2026-08-18T15:14:32.362154+00:00,checkout,771.75,False
99-trace-0020062,2026-08-18T15:14:33.356748+00:00,api_generic,449.52,False
99-trace-0005432,2026-08-18T15:14:36.739453+00:00,checkout,824.4,True
99-trace-0005436,2026-08-18T15:14:37.344401+00:00,checkout,1001.87,False
99-trace-0020080,2026-08-18T15:14:37.946744+00:00,api_generic,238.36,False
99-trace-0011651,2026-08-18T15:14:38.486078+00:00,site_latency,2355.21,False
99-trace-0020093,2026-08-18T15:14:40.450264+00:00,api_generic,230.3,True
99-trace-0001264,2026-08-18T15:14:44.969652+00:00,pix,75.93,False
99-trace-0011682,2026-08-18T15:14:45.144490+00:00,site_latency,245.55,False
99-trace-0020114,2026-08-18T15:14:46.055152+00:00,api_generic,382.4,False
99-trace-0001269,2026-08-18T15:14:46.540978+00:00,pix,694.78,False
99-trace-0005475,2026-08-18T15:14:47.379528+00:00,checkout,735.41,False
99-trace-0020130,2026-08-18T15:14:49.913225+00:00,api_generic,250.82,False
99-trace-0005485,2026-08-18T15:14:50.929599+00:00,checkout,4607.43,False
99-trace-0005488,2026-08-18T15:14:52.823705+00:00,checkout,752.83,False
99-trace-0011718,2026-08-18T15:14:52.967277+00:00,site_latency,177.06,True
99-trace-0020149,2026-08-18T15:14:54.056545+00:00,api_generic,286.34,False
99-trace-0011728,2026-08-18T15:14:55.136014+00:00,site_latency,679.35,False
99-trace-0011729,2026-08-18T15:14:55.147990+00:00,site_latency,931.5,False
99-trace-0011734,2026-08-18T15:14:56.363696+00:00,site_latency,504.75,False
99-trace-0011739,2026-08-18T15:14:56.860766+00:00,site_latency,740.05,False
99-trace-0011752,2026-08-18T15:14:58.668653+00:00,site_latency,796.33,False
99-trace-0011760,2026-08-18T15:14:59.379435+00:00,site_latency,763.35,False
99-trace-0011761,2026-08-18T15:14:59.455825+00:00,site_latency,380.5,True
99-trace-0011764,2026-08-18T15:14:59.665530+00:00,site_latency,580.67,True
99-trace-0011765,2026-08-18T15:15:00.380761+00:00,site_latency,527.5,False
99-trace-0005510,2026-08-18T15:15:00.725847+00:00,checkout,1029.36,False
99-trace-0001297,2026-08-18T15:15:01.532971+00:00,pix,358.63,False
99-trace-0011781,2026-08-18T15:15:03.583737+00:00,site_latency,704.49,False
99-trace-0020205,2026-08-18T15:15:08.743389+00:00,api_generic,272.96,False
99-trace-0020207,2026-08-18T15:15:09.414343+00:00,api_generic,368.92,True
99-trace-0020212,2026-08-18T15:15:10.529428+00:00,api_generic,721.71,False
99-trace-0005537,2026-08-18T15:15:11.583552+00:00,checkout,274.96,False
99-trace-0011820,2026-08-18T15:15:12.373326+00:00,site_latency,471.94,True
99-trace-0011822,2026-08-18T15:15:12.630065+00:00,site_latency,1008.65,False
99-trace-0020219,2026-08-18T15:15:12.698693+00:00,api_generic,696.92,True
99-trace-0011832,2026-08-18T15:15:15.755312+00:00,site_latency,711.33,False
99-trace-0020242,2026-08-18T15:15:18.309088+00:00,api_generic,227.49,True
99-trace-0005559,2026-08-18T15:15:19.381131+00:00,checkout,2533.43,False
99-trace-0005569,2026-08-18T15:15:21.611241+00:00,checkout,139.06,False
99-trace-0020253,2026-08-18T15:15:21.770231+00:00,api_generic,269.12,False
99-trace-0020259,2026-08-18T15:15:22.122194+00:00,api_generic,166.74,True
99-trace-0001335,2026-08-18T15:15:22.199385+00:00,pix,290.63,False
99-trace-0005575,2026-08-18T15:15:23.145898+00:00,checkout,570.71,True
99-trace-0020266,2026-08-18T15:15:23.654918+00:00,api_generic,1022.74,False
99-trace-0020273,2026-08-18T15:15:25.844482+00:00,api_generic,362.21,False
99-trace-0011878,2026-08-18T15:15:26.496290+00:00,site_latency,718.53,False
99-trace-0020279,2026-08-18T15:15:27.308091+00:00,api_generic,205.42,True
99-trace-0020280,2026-08-18T15:15:27.384030+00:00,api_generic,524.28,False
99-trace-0020285,2026-08-18T15:15:28.377985+00:00,api_generic,87.92,False
99-trace-0020286,2026-08-18T15:15:28.387429+00:00,api_generic,262.91,False
99-trace-0001344,2026-08-18T15:15:28.919361+00:00,pix,274.91,False
99-trace-0020289,2026-08-18T15:15:29.509225+00:00,api_generic,166.36,False
99-trace-0005596,2026-08-18T15:15:30.127769+00:00,checkout,108.11,False
99-trace-0020297,2026-08-18T15:15:31.214161+00:00,api_generic,302.38,False
99-trace-0005608,2026-08-18T15:15:33.489053+00:00,checkout,738.35,False
99-trace-0011917,2026-08-18T15:15:36.080863+00:00,site_latency,265.52,False
99-trace-0011918,2026-08-18T15:15:36.448195+00:00,site_latency,540.5,False
99-trace-0011920,2026-08-18T15:15:36.996178+00:00,site_latency,157.21,True
99-trace-0005624,2026-08-18T15:15:39.924329+00:00,checkout,879.42,False
99-trace-0001360,2026-08-18T15:15:40.024200+00:00,pix,241.37,False
99-trace-0020336,2026-08-18T15:15:41.284831+00:00,api_generic,615.37,False
99-trace-0005632,2026-08-18T15:15:41.644372+00:00,checkout,746.87,False
99-trace-0020340,2026-08-18T15:15:41.650691+00:00,api_generic,1340.51,False
99-trace-0005634,2026-08-18T15:15:42.717435+00:00,checkout,1748.33,False
99-trace-0005641,2026-08-18T15:15:45.377386+00:00,checkout,299.84,False
99-trace-0020355,2026-08-18T15:15:45.564233+00:00,api_generic,179.52,True
99-trace-0005661,2026-08-18T15:15:50.732876+00:00,checkout,819.03,False
99-trace-0005663,2026-08-18T15:15:52.417345+00:00,checkout,915.88,True
99-trace-0005665,2026-08-18T15:15:53.113471+00:00,checkout,998.12,False
99-trace-0020392,2026-08-18T15:15:53.505334+00:00,api_generic,386.15,False
99-trace-0005667,2026-08-18T15:15:53.538818+00:00,checkout,831.01,False
99-trace-0005678,2026-08-18T15:15:57.006294+00:00,checkout,239.4,True
99-trace-0012013,2026-08-18T15:15:59.153251+00:00,site_latency,127.05,True
99-trace-0020413,2026-08-18T15:15:59.237105+00:00,api_generic,391.06,False
99-trace-0012017,2026-08-18T15:15:59.579060+00:00,site_latency,556.91,False
99-trace-0012021,2026-08-18T15:16:00.005182+00:00,site_latency,196.39,False
99-trace-0001402,2026-08-18T15:16:00.634141+00:00,pix,76.57,False
99-trace-0012024,2026-08-18T15:16:01.429038+00:00,site_latency,1125.69,False
99-trace-0005693,2026-08-18T15:16:02.960003+00:00,checkout,782.99,False
99-trace-0012036,2026-08-18T15:16:03.375937+00:00,site_latency,163.23,True
99-trace-0020440,2026-08-18T15:16:06.029996+00:00,api_generic,1599.11,False
99-trace-0020441,2026-08-18T15:16:06.039545+00:00,api_generic,423.82,False
99-trace-0005701,2026-08-18T15:16:06.234760+00:00,checkout,939.99,False
99-trace-0012055,2026-08-18T15:16:07.881832+00:00,site_latency,560.28,False
99-trace-0005710,2026-08-18T15:16:09.194006+00:00,checkout,808.46,False
99-trace-0012067,2026-08-18T15:16:10.560101+00:00,site_latency,716.33,False
99-trace-0020457,2026-08-18T15:16:10.635841+00:00,api_generic,160.02,True
99-trace-0005716,2026-08-18T15:16:10.948049+00:00,checkout,381.24,False
99-trace-0012080,2026-08-18T15:16:11.993485+00:00,site_latency,573.16,False
99-trace-0001431,2026-08-18T15:16:12.719557+00:00,pix,244.82,False
99-trace-0020466,2026-08-18T15:16:13.160549+00:00,api_generic,933.5,False
99-trace-0012098,2026-08-18T15:16:14.411716+00:00,site_latency,528.07,False
99-trace-0001434,2026-08-18T15:16:15.409320+00:00,pix,131.38,False
99-trace-0005736,2026-08-18T15:16:16.886026+00:00,checkout,954.69,False
99-trace-0012116,2026-08-18T15:16:18.855891+00:00,site_latency,50.75,False
99-trace-0001445,2026-08-18T15:16:20.118024+00:00,pix,350.22,False
99-trace-0012129,2026-08-18T15:16:20.909705+00:00,site_latency,1271.05,False
99-trace-0001446,2026-08-18T15:16:21.075301+00:00,pix,250.84,False
99-trace-0020501,2026-08-18T15:16:23.947084+00:00,api_generic,238.63,False
99-trace-0012140,2026-08-18T15:16:24.205186+00:00,site_latency,523.13,True
99-trace-0012143,2026-08-18T15:16:24.550434+00:00,site_latency,879.61,False
99-trace-0020504,2026-08-18T15:16:24.617752+00:00,api_generic,526.19,False
99-trace-0001453,2026-08-18T15:16:24.815938+00:00,pix,529.52,False
99-trace-0001454,2026-08-18T15:16:24.894943+00:00,pix,106.44,False
99-trace-0005763,2026-08-18T15:16:25.080611+00:00,checkout,1359.28,False
99-trace-0020510,2026-08-18T15:16:25.961402+00:00,api_generic,1055.66,False
99-trace-0012152,2026-08-18T15:16:25.977614+00:00,site_latency,750.95,False
99-trace-0005769,2026-08-18T15:16:26.839527+00:00,checkout,628.52,True
99-trace-0005783,2026-08-18T15:16:30.625945+00:00,checkout,1528.26,False
99-trace-0005786,2026-08-18T15:16:31.033312+00:00,checkout,3229.47,False
99-trace-0012170,2026-08-18T15:16:31.731083+00:00,site_latency,514.7,False
99-trace-0012174,2026-08-18T15:16:32.153835+00:00,site_latency,652.03,False
99-trace-0012179,2026-08-18T15:16:33.430074+00:00,site_latency,648.73,False
99-trace-0005797,2026-08-18T15:16:33.845434+00:00,checkout,1736.23,False
99-trace-0012184,2026-08-18T15:16:34.540855+00:00,site_latency,1822.39,False
99-trace-0020546,2026-08-18T15:16:35.730170+00:00,api_generic,372.11,False
99-trace-0012207,2026-08-18T15:16:39.173671+00:00,site_latency,1179.0,False
99-trace-0005820,2026-08-18T15:16:40.084820+00:00,checkout,456.61,False
99-trace-0020563,2026-08-18T15:16:40.246330+00:00,api_generic,422.96,True
99-trace-0005824,2026-08-18T15:16:40.730774+00:00,checkout,947.79,False
99-trace-0005825,2026-08-18T15:16:41.057903+00:00,checkout,982.26,False
99-trace-0001487,2026-08-18T15:16:41.868145+00:00,pix,264.97,False
99-trace-0020568,2026-08-18T15:16:41.876640+00:00,api_generic,1165.25,False
99-trace-0020571,2026-08-18T15:16:42.023748+00:00,api_generic,440.17,False
99-trace-0005831,2026-08-18T15:16:42.777403+00:00,checkout,863.51,True
99-trace-0012223,2026-08-18T15:16:43.701356+00:00,site_latency,565.8,False
99-trace-0001490,2026-08-18T15:16:43.768368+00:00,pix,160.38,False
99-trace-0012231,2026-08-18T15:16:44.918317+00:00,site_latency,171.36,False
99-trace-0020588,2026-08-18T15:16:44.962618+00:00,api_generic,164.44,False
99-trace-0001494,2026-08-18T15:16:45.526462+00:00,pix,261.99,False
99-trace-0012238,2026-08-18T15:16:47.247700+00:00,site_latency,620.91,False
99-trace-0020606,2026-08-18T15:16:47.496759+00:00,api_generic,152.93,True
99-trace-0020608,2026-08-18T15:16:47.743662+00:00,api_generic,239.47,False
99-trace-0020610,2026-08-18T15:16:47.866585+00:00,api_generic,259.57,False
99-trace-0012245,2026-08-18T15:16:48.579360+00:00,site_latency,932.89,False
99-trace-0005848,2026-08-18T15:16:48.812676+00:00,checkout,966.21,False
99-trace-0020618,2026-08-18T15:16:50.431974+00:00,api_generic,388.5,False
99-trace-0012258,2026-08-18T15:16:51.722556+00:00,site_latency,107.71,False
99-trace-0020633,2026-08-18T15:16:53.548059+00:00,api_generic,240.55,False
99-trace-0012275,2026-08-18T15:16:54.655255+00:00,site_latency,197.56,True
99-trace-0005866,2026-08-18T15:16:54.875538+00:00,checkout,202.22,False
99-trace-0005873,2026-08-18T15:16:55.670454+00:00,checkout,843.36,False
99-trace-0005874,2026-08-18T15:16:55.924598+00:00,checkout,873.68,False
99-trace-0012290,2026-08-18T15:16:57.316675+00:00,site_latency,284.56,False
99-trace-0020662,2026-08-18T15:16:58.517482+00:00,api_generic,497.21,False
99-trace-0020665,2026-08-18T15:16:59.164832+00:00,api_generic,267.8,False
99-trace-0012311,2026-08-18T15:17:03.138726+00:00,site_latency,609.26,True
99-trace-0012318,2026-08-18T15:17:03.945661+00:00,site_latency,536.84,False
99-trace-0012324,2026-08-18T15:17:04.855187+00:00,site_latency,1224.26,False
99-trace-0001529,2026-08-18T15:17:05.495447+00:00,pix,575.21,False
99-trace-0001530,2026-08-18T15:17:05.522319+00:00,pix,1142.55,False
99-trace-0005903,2026-08-18T15:17:08.224423+00:00,checkout,1052.1,False
99-trace-0020710,2026-08-18T15:17:10.083413+00:00,api_generic,405.43,False
99-trace-0020717,2026-08-18T15:17:11.419544+00:00,api_generic,364.01,False
99-trace-0020719,2026-08-18T15:17:11.795023+00:00,api_generic,255.37,False
99-trace-0012374,2026-08-18T15:17:13.365328+00:00,site_latency,770.68,False
99-trace-0012376,2026-08-18T15:17:13.694408+00:00,site_latency,364.19,True
99-trace-0020727,2026-08-18T15:17:14.345097+00:00,api_generic,148.97,False
99-trace-0020730,2026-08-18T15:17:14.983893+00:00,api_generic,100.64,False
99-trace-0020734,2026-08-18T15:17:15.678015+00:00,api_generic,411.25,False
99-trace-0012389,2026-08-18T15:17:16.658714+00:00,site_latency,562.26,False
99-trace-0012390,2026-08-18T15:17:16.860513+00:00,site_latency,270.5,False
99-trace-0001553,2026-08-18T15:17:18.120314+00:00,pix,457.09,False
99-trace-0020742,2026-08-18T15:17:18.486852+00:00,api_generic,182.98,True
99-trace-0001559,2026-08-18T15:17:20.126015+00:00,pix,278.51,False
99-trace-0012409,2026-08-18T15:17:21.731197+00:00,site_latency,492.97,False
99-trace-0005949,2026-08-18T15:17:23.078710+00:00,checkout,1534.73,False
99-trace-0020787,2026-08-18T15:17:27.967977+00:00,api_generic,283.43,False
99-trace-0012435,2026-08-18T15:17:28.682946+00:00,site_latency,518.42,False
99-trace-0012437,2026-08-18T15:17:28.725087+00:00,site_latency,769.85,False
99-trace-0012449,2026-08-18T15:17:30.939561+00:00,site_latency,2634.77,False
99-trace-0020810,2026-08-18T15:17:32.912287+00:00,api_generic,263.58,True
99-trace-0001586,2026-08-18T15:17:33.108276+00:00,pix,243.2,False
99-trace-0020822,2026-08-18T15:17:35.589165+00:00,api_generic,166.57,True
99-trace-0001597,2026-08-18T15:17:38.654567+00:00,pix,819.28,False
99-trace-0005996,2026-08-18T15:17:41.932814+00:00,checkout,2361.07,False
99-trace-0001604,2026-08-18T15:17:42.402021+00:00,pix,420.06,False
99-trace-0001606,2026-08-18T15:17:42.959711+00:00,pix,254.98,False
99-trace-0001610,2026-08-18T15:17:44.165664+00:00,pix,128.9,False
99-trace-0006007,2026-08-18T15:17:44.304591+00:00,checkout,357.57,False
99-trace-0012524,2026-08-18T15:17:48.264118+00:00,site_latency,1605.84,False
99-trace-0001627,2026-08-18T15:17:48.908524+00:00,pix,96.2,False
99-trace-0006038,2026-08-18T15:17:53.461266+00:00,checkout,1743.93,False
99-trace-0001644,2026-08-18T15:17:56.591801+00:00,pix,269.31,False
99-trace-0006047,2026-08-18T15:17:56.694170+00:00,checkout,490.5,False
99-trace-0012573,2026-08-18T15:17:58.155591+00:00,site_latency,101.84,True
99-trace-0012577,2026-08-18T15:17:59.257276+00:00,site_latency,653.8,False
99-trace-0020932,2026-08-18T15:17:59.640678+00:00,api_generic,252.14,True
99-trace-0001653,2026-08-18T15:18:00.142887+00:00,pix,171.33,True
99-trace-0012581,2026-08-18T15:18:00.880044+00:00,site_latency,560.45,False
99-trace-0001658,2026-08-18T15:18:01.483472+00:00,pix,236.68,False
99-trace-0012587,2026-08-18T15:18:03.002191+00:00,site_latency,645.56,False
99-trace-0012588,2026-08-18T15:18:03.092072+00:00,site_latency,522.28,False
99-trace-0006076,2026-08-18T15:18:03.282944+00:00,checkout,968.02,False
99-trace-0012591,2026-08-18T15:18:03.578410+00:00,site_latency,146.47,True
99-trace-0012592,2026-08-18T15:18:03.712955+00:00,site_latency,579.86,False
99-trace-0006080,2026-08-18T15:18:04.682669+00:00,checkout,1002.85,False
99-trace-0006081,2026-08-18T15:18:04.730664+00:00,checkout,563.34,True
99-trace-0020956,2026-08-18T15:18:06.073843+00:00,api_generic,44.7,False
99-trace-0001666,2026-08-18T15:18:06.657081+00:00,pix,712.65,False
99-trace-0006086,2026-08-18T15:18:06.714006+00:00,checkout,3891.71,False
99-trace-0012609,2026-08-18T15:18:08.116988+00:00,site_latency,276.03,False
99-trace-0006090,2026-08-18T15:18:08.604041+00:00,checkout,2047.6,False
99-trace-0020965,2026-08-18T15:18:09.760400+00:00,api_generic,200.01,True
99-trace-0020969,2026-08-18T15:18:10.834797+00:00,api_generic,252.42,False
99-trace-0012625,2026-08-18T15:18:12.060186+00:00,site_latency,166.29,True
99-trace-0001677,2026-08-18T15:18:13.430128+00:00,pix,238.89,False
99-trace-0001679,2026-08-18T15:18:14.511055+00:00,pix,1257.42,False
99-trace-0012649,2026-08-18T15:18:16.804379+00:00,site_latency,311.63,False
99-trace-0012659,2026-08-18T15:18:18.354890+00:00,site_latency,533.44,False
99-trace-0006123,2026-08-18T15:18:18.595664+00:00,checkout,814.69,False
99-trace-0001690,2026-08-18T15:18:20.117082+00:00,pix,1141.0,False
99-trace-0020998,2026-08-18T15:18:20.334439+00:00,api_generic,265.47,False
99-trace-0006130,2026-08-18T15:18:20.671225+00:00,checkout,1086.55,False
99-trace-0021014,2026-08-18T15:18:23.355303+00:00,api_generic,504.43,False
99-trace-0006142,2026-08-18T15:18:24.112861+00:00,checkout,1165.43,True
99-trace-0012684,2026-08-18T15:18:24.640491+00:00,site_latency,566.08,False
99-trace-0021027,2026-08-18T15:18:26.330915+00:00,api_generic,329.43,False
99-trace-0012699,2026-08-18T15:18:26.555223+00:00,site_latency,246.61,True
99-trace-0021043,2026-08-18T15:18:29.537054+00:00,api_generic,49.04,False
99-trace-0012725,2026-08-18T15:18:30.492178+00:00,site_latency,542.23,False
99-trace-0021046,2026-08-18T15:18:30.649512+00:00,api_generic,189.24,True
99-trace-0021056,2026-08-18T15:18:33.318821+00:00,api_generic,290.78,False
99-trace-0021057,2026-08-18T15:18:33.372068+00:00,api_generic,146.62,False
99-trace-0006175,2026-08-18T15:18:33.395100+00:00,checkout,671.79,True
99-trace-0021058,2026-08-18T15:18:33.543908+00:00,api_generic,430.03,True
99-trace-0006179,2026-08-18T15:18:34.128814+00:00,checkout,3174.36,False
99-trace-0021061,2026-08-18T15:18:34.434779+00:00,api_generic,254.93,False
99-trace-0006181,2026-08-18T15:18:34.849282+00:00,checkout,789.11,False
99-trace-0001706,2026-08-18T15:18:34.881900+00:00,pix,432.25,False
99-trace-0012749,2026-08-18T15:18:35.109457+00:00,site_latency,316.88,True
99-trace-0001712,2026-08-18T15:18:36.745809+00:00,pix,256.55,False
99-trace-0006194,2026-08-18T15:18:38.315750+00:00,checkout,986.38,True
99-trace-0012761,2026-08-18T15:18:38.465403+00:00,site_latency,544.33,False
99-trace-0006200,2026-08-18T15:18:39.753436+00:00,checkout,2116.12,False
99-trace-0012768,2026-08-18T15:18:40.086426+00:00,site_latency,1323.85,False
99-trace-0012772,2026-08-18T15:18:40.826263+00:00,site_latency,620.1,False
99-trace-0006202,2026-08-18T15:18:42.040999+00:00,checkout,1006.55,False
99-trace-0012783,2026-08-18T15:18:42.711202+00:00,site_latency,610.63,False
99-trace-0012784,2026-08-18T15:18:42.803837+00:00,site_latency,538.39,False
99-trace-0021104,2026-08-18T15:18:42.924855+00:00,api_generic,51.08,False
99-trace-0006210,2026-08-18T15:18:44.706280+00:00,checkout,778.55,False
99-trace-0021121,2026-08-18T15:18:47.471248+00:00,api_generic,346.39,False
99-trace-0021126,2026-08-18T15:18:48.239448+00:00,api_generic,957.86,False
99-trace-0006216,2026-08-18T15:18:48.292289+00:00,checkout,463.12,False
99-trace-0012812,2026-08-18T15:18:48.496083+00:00,site_latency,614.69,False
99-trace-0012822,2026-08-18T15:18:50.582899+00:00,site_latency,567.63,False
99-trace-0012824,2026-08-18T15:18:50.975187+00:00,site_latency,881.94,False
99-trace-0001751,2026-08-18T15:18:56.834114+00:00,pix,237.68,False
99-trace-0021157,2026-08-18T15:18:57.240458+00:00,api_generic,519.84,False
99-trace-0012849,2026-08-18T15:18:57.437009+00:00,site_latency,2280.01,False
99-trace-0012852,2026-08-18T15:18:57.953273+00:00,site_latency,158.2,False
99-trace-0012854,2026-08-18T15:18:58.636858+00:00,site_latency,606.17,False
99-trace-0006244,2026-08-18T15:18:59.386916+00:00,checkout,402.64,False
99-trace-0021170,2026-08-18T15:19:01.274489+00:00,api_generic,1715.35,False
99-trace-0006249,2026-08-18T15:19:02.082833+00:00,checkout,867.47,False
99-trace-0006250,2026-08-18T15:19:02.296701+00:00,checkout,825.74,True
99-trace-0012873,2026-08-18T15:19:02.987102+00:00,site_latency,290.24,True
99-trace-0021192,2026-08-18T15:19:04.995467+00:00,api_generic,298.92,False
99-trace-0006261,2026-08-18T15:19:05.706364+00:00,checkout,1084.35,False
99-trace-0006274,2026-08-18T15:19:09.112763+00:00,checkout,384.86,True
99-trace-0021218,2026-08-18T15:19:09.951343+00:00,api_generic,461.11,False
99-trace-0021219,2026-08-18T15:19:10.169858+00:00,api_generic,95.53,True
99-trace-0001780,2026-08-18T15:19:10.292645+00:00,pix,267.2,False
99-trace-0001782,2026-08-18T15:19:11.218741+00:00,pix,275.79,False
99-trace-0012919,2026-08-18T15:19:12.016407+00:00,site_latency,1372.33,False
99-trace-0021232,2026-08-18T15:19:12.109427+00:00,api_generic,250.7,False
99-trace-0021233,2026-08-18T15:19:12.310428+00:00,api_generic,254.45,False
99-trace-0021235,2026-08-18T15:19:13.000348+00:00,api_generic,206.41,True
99-trace-0001787,2026-08-18T15:19:13.135836+00:00,pix,219.69,True
99-trace-0012931,2026-08-18T15:19:13.719006+00:00,site_latency,986.19,False
99-trace-0021240,2026-08-18T15:19:14.095813+00:00,api_generic,305.24,False
99-trace-0012943,2026-08-18T15:19:15.254342+00:00,site_latency,495.86,False
99-trace-0006293,2026-08-18T15:19:15.688645+00:00,checkout,753.12,False
99-trace-0021247,2026-08-18T15:19:15.713140+00:00,api_generic,250.36,True
99-trace-0006297,2026-08-18T15:19:16.768273+00:00,checkout,2052.67,False
99-trace-0012948,2026-08-18T15:19:16.937848+00:00,site_latency,2500.67,False
99-trace-0021254,2026-08-18T15:19:18.493816+00:00,api_generic,128.86,True
99-trace-0012972,2026-08-18T15:19:22.498365+00:00,site_latency,520.41,False
99-trace-0006308,2026-08-18T15:19:23.588099+00:00,checkout,773.78,False
99-trace-0012996,2026-08-18T15:19:26.577963+00:00,site_latency,1094.45,False
99-trace-0006323,2026-08-18T15:19:28.711611+00:00,checkout,863.85,False
99-trace-0013004,2026-08-18T15:19:29.044595+00:00,site_latency,679.61,False
99-trace-0021304,2026-08-18T15:19:30.111872+00:00,api_generic,88.56,True
99-trace-0006328,2026-08-18T15:19:30.791507+00:00,checkout,780.03,False
99-trace-0001812,2026-08-18T15:19:31.079616+00:00,pix,235.34,False
99-trace-0013024,2026-08-18T15:19:32.558667+00:00,site_latency,534.57,False
99-trace-0013027,2026-08-18T15:19:33.095133+00:00,site_latency,901.74,False
99-trace-0001815,2026-08-18T15:19:33.237587+00:00,pix,232.97,False
99-trace-0021328,2026-08-18T15:19:33.992968+00:00,api_generic,155.06,True
99-trace-0013035,2026-08-18T15:19:34.723627+00:00,site_latency,626.51,False
99-trace-0006341,2026-08-18T15:19:34.961227+00:00,checkout,201.69,False
99-trace-0006344,2026-08-18T15:19:35.718732+00:00,checkout,402.85,False
99-trace-0021335,2026-08-18T15:19:36.064752+00:00,api_generic,341.61,False
99-trace-0021347,2026-08-18T15:19:38.300554+00:00,api_generic,681.12,False
99-trace-0021348,2026-08-18T15:19:38.334292+00:00,api_generic,449.89,False
99-trace-0013053,2026-08-18T15:19:39.579108+00:00,site_latency,61.87,False
99-trace-0013062,2026-08-18T15:19:40.514621+00:00,site_latency,518.05,False
99-trace-0021359,2026-08-18T15:19:41.172471+00:00,api_generic,248.07,False
99-trace-0001841,2026-08-18T15:19:45.586779+00:00,pix,707.85,False
99-trace-0021378,2026-08-18T15:19:45.746936+00:00,api_generic,83.95,False
99-trace-0006383,2026-08-18T15:19:46.715776+00:00,checkout,2938.18,False
99-trace-0013097,2026-08-18T15:19:47.382935+00:00,site_latency,109.15,True
99-trace-0021391,2026-08-18T15:19:49.118447+00:00,api_generic,264.07,False
99-trace-0013106,2026-08-18T15:19:50.013021+00:00,site_latency,727.18,False
99-trace-0013115,2026-08-18T15:19:51.689749+00:00,site_latency,492.03,False
99-trace-0006403,2026-08-18T15:19:52.611725+00:00,checkout,793.58,False
99-trace-0006404,2026-08-18T15:19:52.762200+00:00,checkout,3276.53,False
99-trace-0006406,2026-08-18T15:19:53.267668+00:00,checkout,896.43,False
99-trace-0021409,2026-08-18T15:19:54.079434+00:00,api_generic,574.22,True
99-trace-0006412,2026-08-18T15:19:55.498684+00:00,checkout,139.03,False
99-trace-0013141,2026-08-18T15:19:55.851298+00:00,site_latency,518.2,True
99-trace-0001875,2026-08-18T15:19:59.973404+00:00,pix,275.25,False
99-trace-0021434,2026-08-18T15:20:00.906717+00:00,api_generic,352.75,False
99-trace-0006426,2026-08-18T15:20:01.093058+00:00,checkout,797.57,False
99-trace-0013176,2026-08-18T15:20:03.112673+00:00,site_latency,852.44,False
99-trace-0006433,2026-08-18T15:20:04.046642+00:00,checkout,847.23,False
99-trace-0013188,2026-08-18T15:20:05.162695+00:00,site_latency,498.25,False
99-trace-0001887,2026-08-18T15:20:05.737699+00:00,pix,112.67,False
99-trace-0021451,2026-08-18T15:20:06.074064+00:00,api_generic,204.49,False
99-trace-0013194,2026-08-18T15:20:06.379804+00:00,site_latency,2234.01,False
99-trace-0001891,2026-08-18T15:20:08.271486+00:00,pix,245.69,False
99-trace-0013200,2026-08-18T15:20:08.940881+00:00,site_latency,2880.22,False
99-trace-0013211,2026-08-18T15:20:11.676525+00:00,site_latency,1167.97,False
99-trace-0013214,2026-08-18T15:20:12.198615+00:00,site_latency,558.23,False
99-trace-0021480,2026-08-18T15:20:12.594854+00:00,api_generic,165.68,True
99-trace-0021481,2026-08-18T15:20:12.708027+00:00,api_generic,310.69,True
99-trace-0006456,2026-08-18T15:20:14.246502+00:00,checkout,1278.46,False
99-trace-0021490,2026-08-18T15:20:14.461517+00:00,api_generic,770.94,False
99-trace-0013226,2026-08-18T15:20:14.679455+00:00,site_latency,1258.19,False
99-trace-0001901,2026-08-18T15:20:15.144455+00:00,pix,379.55,False
99-trace-0021496,2026-08-18T15:20:15.975693+00:00,api_generic,280.83,False
99-trace-0006463,2026-08-18T15:20:16.402359+00:00,checkout,834.23,False
99-trace-0001914,2026-08-18T15:20:21.980028+00:00,pix,252.4,False
99-trace-0013268,2026-08-18T15:20:23.214961+00:00,site_latency,237.55,False
99-trace-0021542,2026-08-18T15:20:25.013521+00:00,api_generic,278.52,False
99-trace-0013284,2026-08-18T15:20:25.269976+00:00,site_latency,1050.56,False
99-trace-0013292,2026-08-18T15:20:26.513426+00:00,site_latency,427.34,True
99-trace-0021553,2026-08-18T15:20:27.319078+00:00,api_generic,60.24,False
99-trace-0013298,2026-08-18T15:20:27.587903+00:00,site_latency,208.51,True
99-trace-0001925,2026-08-18T15:20:27.785252+00:00,pix,1109.64,False
99-trace-0013304,2026-08-18T15:20:28.674059+00:00,site_latency,460.12,False
99-trace-0001928,2026-08-18T15:20:29.133023+00:00,pix,570.61,False
99-trace-0021562,2026-08-18T15:20:30.353291+00:00,api_generic,141.98,False
99-trace-0021571,2026-08-18T15:20:31.696860+00:00,api_generic,251.71,True
99-trace-0013332,2026-08-18T15:20:34.548217+00:00,site_latency,514.1,False
99-trace-0021583,2026-08-18T15:20:36.178459+00:00,api_generic,267.86,False
99-trace-0006528,2026-08-18T15:20:36.718902+00:00,checkout,549.19,True
99-trace-0013346,2026-08-18T15:20:37.096884+00:00,site_latency,566.53,False
99-trace-0013353,2026-08-18T15:20:38.644919+00:00,site_latency,1775.6,False
99-trace-0021593,2026-08-18T15:20:38.714642+00:00,api_generic,561.32,True
99-trace-0013355,2026-08-18T15:20:38.888871+00:00,site_latency,494.49,False
99-trace-0021596,2026-08-18T15:20:39.523296+00:00,api_generic,341.99,False
99-trace-0006539,2026-08-18T15:20:40.223617+00:00,checkout,1312.84,False
99-trace-0013368,2026-08-18T15:20:40.905046+00:00,site_latency,231.42,False
99-trace-0021602,2026-08-18T15:20:41.271151+00:00,api_generic,203.92,True
99-trace-0013387,2026-08-18T15:20:44.026366+00:00,site_latency,737.29,False
99-trace-0006552,2026-08-18T15:20:44.625728+00:00,checkout,930.72,False
99-trace-0013391,2026-08-18T15:20:44.648696+00:00,site_latency,531.82,False
99-trace-0006553,2026-08-18T15:20:44.723003+00:00,checkout,808.49,False
99-trace-0013396,2026-08-18T15:20:45.602549+00:00,site_latency,1331.1,False
99-trace-0006562,2026-08-18T15:20:48.089179+00:00,checkout,1272.2,True
99-trace-0021632,2026-08-18T15:20:48.690506+00:00,api_generic,257.81,False
99-trace-0001980,2026-08-18T15:20:51.884332+00:00,pix,474.79,False
99-trace-0006574,2026-08-18T15:20:52.094211+00:00,checkout,1022.6,False
99-trace-0021641,2026-08-18T15:20:52.096932+00:00,api_generic,257.06,False
99-trace-0006575,2026-08-18T15:20:52.235415+00:00,checkout,745.85,False
99-trace-0021647,2026-08-18T15:20:52.825810+00:00,api_generic,241.24,False
99-trace-0001985,2026-08-18T15:20:52.826736+00:00,pix,1026.26,False
99-trace-0021648,2026-08-18T15:20:53.075126+00:00,api_generic,1448.8,False
99-trace-0001993,2026-08-18T15:20:55.827134+00:00,pix,129.29,False
99-trace-0021658,2026-08-18T15:20:56.678039+00:00,api_generic,250.38,False
99-trace-0001995,2026-08-18T15:20:56.771814+00:00,pix,477.59,False
99-trace-0013455,2026-08-18T15:20:57.227537+00:00,site_latency,98.39,False
99-trace-0006596,2026-08-18T15:20:58.230929+00:00,checkout,1225.7,True
99-trace-0002004,2026-08-18T15:21:00.150623+00:00,pix,235.17,False
99-trace-0021676,2026-08-18T15:21:00.896846+00:00,api_generic,189.9,True
99-trace-0021683,2026-08-18T15:21:01.444085+00:00,api_generic,432.48,False
99-trace-0006603,2026-08-18T15:21:02.321645+00:00,checkout,1009.21,False
99-trace-0002011,2026-08-18T15:21:03.461928+00:00,pix,178.88,False
99-trace-0002012,2026-08-18T15:21:03.913495+00:00,pix,258.93,False
99-trace-0021698,2026-08-18T15:21:04.310217+00:00,api_generic,125.09,False
99-trace-0013501,2026-08-18T15:21:04.610006+00:00,site_latency,659.54,False
99-trace-0013516,2026-08-18T15:21:06.717185+00:00,site_latency,612.19,False
99-trace-0006612,2026-08-18T15:21:07.446034+00:00,checkout,1754.76,False
99-trace-0013521,2026-08-18T15:21:07.543467+00:00,site_latency,380.03,True
99-trace-0002027,2026-08-18T15:21:10.019828+00:00,pix,232.84,False
99-trace-0002029,2026-08-18T15:21:10.797728+00:00,pix,324.71,True
99-trace-0013536,2026-08-18T15:21:11.099033+00:00,site_latency,984.82,False
99-trace-0021728,2026-08-18T15:21:11.182390+00:00,api_generic,20.78,False
99-trace-0002032,2026-08-18T15:21:11.350072+00:00,pix,237.61,False
99-trace-0002036,2026-08-18T15:21:13.448697+00:00,pix,91.89,False
99-trace-0021738,2026-08-18T15:21:13.468980+00:00,api_generic,254.7,False
99-trace-0013545,2026-08-18T15:21:13.678780+00:00,site_latency,1080.51,False
99-trace-0013558,2026-08-18T15:21:16.042311+00:00,site_latency,493.31,False
99-trace-0013559,2026-08-18T15:21:16.045364+00:00,site_latency,1001.46,False
99-trace-0021752,2026-08-18T15:21:16.087148+00:00,api_generic,89.83,True
99-trace-0006637,2026-08-18T15:21:16.338703+00:00,checkout,766.79,False
99-trace-0021781,2026-08-18T15:21:21.923600+00:00,api_generic,374.18,True
99-trace-0013584,2026-08-18T15:21:23.062857+00:00,site_latency,169.98,False
99-trace-0021785,2026-08-18T15:21:23.386890+00:00,api_generic,269.32,False
99-trace-0002061,2026-08-18T15:21:27.545231+00:00,pix,249.34,False
99-trace-0013617,2026-08-18T15:21:28.014114+00:00,site_latency,524.9,False
99-trace-0002064,2026-08-18T15:21:28.606609+00:00,pix,170.85,False
99-trace-0021811,2026-08-18T15:21:30.170786+00:00,api_generic,240.64,False
99-trace-0021815,2026-08-18T15:21:32.013070+00:00,api_generic,313.23,False
99-trace-0013636,2026-08-18T15:21:32.037506+00:00,site_latency,960.77,False
99-trace-0021817,2026-08-18T15:21:32.184668+00:00,api_generic,168.52,True
99-trace-0021818,2026-08-18T15:21:32.262234+00:00,api_generic,104.28,False
99-trace-0006683,2026-08-18T15:21:32.617035+00:00,checkout,795.56,False
99-trace-0021824,2026-08-18T15:21:33.794857+00:00,api_generic,101.36,False
99-trace-0002081,2026-08-18T15:21:35.477693+00:00,pix,586.47,False
99-trace-0006700,2026-08-18T15:21:36.878894+00:00,checkout,222.57,False
99-trace-0002084,2026-08-18T15:21:36.903756+00:00,pix,795.42,False
99-trace-0013667,2026-08-18T15:21:37.163290+00:00,site_latency,1049.19,False
99-trace-0013670,2026-08-18T15:21:37.531192+00:00,site_latency,613.61,False
99-trace-0013676,2026-08-18T15:21:38.394389+00:00,site_latency,624.45,False
99-trace-0013682,2026-08-18T15:21:39.870293+00:00,site_latency,563.88,False
99-trace-0021844,2026-08-18T15:21:40.586790+00:00,api_generic,492.82,False
99-trace-0021850,2026-08-18T15:21:41.353119+00:00,api_generic,269.12,False
99-trace-0021851,2026-08-18T15:21:41.602649+00:00,api_generic,241.9,False
99-trace-0021855,2026-08-18T15:21:42.288810+00:00,api_generic,156.29,False
99-trace-0006720,2026-08-18T15:21:42.772301+00:00,checkout,1137.42,False
99-trace-0013699,2026-08-18T15:21:43.106577+00:00,site_latency,512.99,False
99-trace-0013712,2026-08-18T15:21:45.646014+00:00,site_latency,218.25,False
99-trace-0013719,2026-08-18T15:21:47.899640+00:00,site_latency,576.6,False
99-trace-0013721,2026-08-18T15:21:47.973186+00:00,site_latency,540.53,True
99-trace-0006733,2026-08-18T15:21:48.349443+00:00,checkout,754.63,False
99-trace-0021880,2026-08-18T15:21:49.181346+00:00,api_generic,252.51,True
99-trace-0021883,2026-08-18T15:21:50.556170+00:00,api_generic,294.37,False
99-trace-0002114,2026-08-18T15:21:50.821521+00:00,pix,254.15,False
99-trace-0021887,2026-08-18T15:21:51.083702+00:00,api_generic,277.56,False
99-trace-0006746,2026-08-18T15:21:53.849028+00:00,checkout,896.61,False
99-trace-0013753,2026-08-18T15:21:54.990912+00:00,site_latency,500.03,False
99-trace-0013755,2026-08-18T15:21:55.217386+00:00,site_latency,887.63,False
99-trace-0002126,2026-08-18T15:21:56.820556+00:00,pix,61.27,False
99-trace-0002130,2026-08-18T15:21:58.618187+00:00,pix,428.7,False
99-trace-0013781,2026-08-18T15:21:58.917850+00:00,site_latency,883.39,False
99-trace-0002136,2026-08-18T15:22:01.232333+00:00,pix,868.41,False
99-trace-0002137,2026-08-18T15:22:01.430720+00:00,pix,362.6,False
99-trace-0021931,2026-08-18T15:22:01.652956+00:00,api_generic,1286.91,False
99-trace-0006765,2026-08-18T15:22:03.042233+00:00,checkout,1960.49,False
99-trace-0021938,2026-08-18T15:22:03.425564+00:00,api_generic,140.08,False
99-trace-0013804,2026-08-18T15:22:03.429756+00:00,site_latency,1195.5,False
99-trace-0013806,2026-08-18T15:22:03.848882+00:00,site_latency,804.72,False
99-trace-0021949,2026-08-18T15:22:05.850088+00:00,api_generic,117.51,True
99-trace-0021952,2026-08-18T15:22:06.167503+00:00,api_generic,157.84,True
99-trace-0013829,2026-08-18T15:22:08.306841+00:00,site_latency,495.29,False
99-trace-0013840,2026-08-18T15:22:09.731391+00:00,site_latency,522.13,False
99-trace-0006780,2026-08-18T15:22:10.905292+00:00,checkout,973.07,False
99-trace-0006791,2026-08-18T15:22:14.128614+00:00,checkout,123.27,False
99-trace-0021999,2026-08-18T15:22:17.638302+00:00,api_generic,347.26,False
99-trace-0002167,2026-08-18T15:22:18.002568+00:00,pix,571.61,False
99-trace-0006802,2026-08-18T15:22:18.162365+00:00,checkout,603.22,True
99-trace-0022011,2026-08-18T15:22:19.882983+00:00,api_generic,239.37,False
99-trace-0013891,2026-08-18T15:22:20.471032+00:00,site_latency,2030.98,False
99-trace-0022015,2026-08-18T15:22:20.636640+00:00,api_generic,171.51,True
99-trace-0002179,2026-08-18T15:22:23.254128+00:00,pix,120.18,True
99-trace-0022039,2026-08-18T15:22:25.618038+00:00,api_generic,289.24,False
99-trace-0022050,2026-08-18T15:22:29.336034+00:00,api_generic,486.53,False
99-trace-0013944,2026-08-18T15:22:30.528962+00:00,site_latency,598.19,False
99-trace-0022063,2026-08-18T15:22:32.884363+00:00,api_generic,380.35,False
99-trace-0022069,2026-08-18T15:22:34.943034+00:00,api_generic,255.8,False
99-trace-0013968,2026-08-18T15:22:35.664152+00:00,site_latency,576.5,False
99-trace-0006838,2026-08-18T15:22:35.874655+00:00,checkout,1780.96,False
99-trace-0006846,2026-08-18T15:22:38.872182+00:00,checkout,851.09,False
99-trace-0013996,2026-08-18T15:22:40.607005+00:00,site_latency,509.65,False
99-trace-0014004,2026-08-18T15:22:42.308842+00:00,site_latency,125.54,False
99-trace-0014006,2026-08-18T15:22:42.523766+00:00,site_latency,730.82,False
99-trace-0006859,2026-08-18T15:22:43.468274+00:00,checkout,300.65,False
99-trace-0014017,2026-08-18T15:22:45.462319+00:00,site_latency,572.41,False
99-trace-0014030,2026-08-18T15:22:47.408879+00:00,site_latency,1678.87,False
99-trace-0022110,2026-08-18T15:22:50.732985+00:00,api_generic,418.1,True
99-trace-0002234,2026-08-18T15:22:50.989288+00:00,pix,264.13,False
99-trace-0014052,2026-08-18T15:22:51.140214+00:00,site_latency,531.17,False
99-trace-0014060,2026-08-18T15:22:52.160941+00:00,site_latency,551.56,False
99-trace-0006904,2026-08-18T15:22:55.904789+00:00,checkout,3673.72,False
99-trace-0014076,2026-08-18T15:22:56.969786+00:00,site_latency,1076.59,False
99-trace-0006907,2026-08-18T15:22:57.003945+00:00,checkout,1808.65,False
99-trace-0014100,2026-08-18T15:23:01.425129+00:00,site_latency,1222.2,False
99-trace-0014101,2026-08-18T15:23:01.609652+00:00,site_latency,1050.92,False
99-trace-0014117,2026-08-18T15:23:05.154718+00:00,site_latency,3242.66,False
99-trace-0022187,2026-08-18T15:23:08.725714+00:00,api_generic,738.9,False
99-trace-0022190,2026-08-18T15:23:09.316876+00:00,api_generic,255.35,False
99-trace-0002271,2026-08-18T15:23:09.511088+00:00,pix,288.97,False
99-trace-0006942,2026-08-18T15:23:11.167985+00:00,checkout,776.08,False
99-trace-0002280,2026-08-18T15:23:12.506594+00:00,pix,242.21,False
99-trace-0014150,2026-08-18T15:23:13.440786+00:00,site_latency,584.16,False
99-trace-0022218,2026-08-18T15:23:14.473697+00:00,api_generic,62.7,False
99-trace-0014161,2026-08-18T15:23:16.184995+00:00,site_latency,577.39,False
99-trace-0014162,2026-08-18T15:23:16.291239+00:00,site_latency,1238.66,False
99-trace-0022224,2026-08-18T15:23:16.962753+00:00,api_generic,244.39,False
99-trace-0014168,2026-08-18T15:23:17.307394+00:00,site_latency,175.11,False
99-trace-0014175,2026-08-18T15:23:18.504257+00:00,site_latency,2293.75,False
99-trace-0014195,2026-08-18T15:23:21.472068+00:00,site_latency,520.88,False
99-trace-0022239,2026-08-18T15:23:21.643298+00:00,api_generic,135.51,True
99-trace-0002295,2026-08-18T15:23:22.452780+00:00,pix,656.49,False
99-trace-0006965,2026-08-18T15:23:22.780954+00:00,checkout,904.07,False
99-trace-0002296,2026-08-18T15:23:22.975310+00:00,pix,508.66,False
99-trace-0022267,2026-08-18T15:23:27.359296+00:00,api_generic,265.3,False
99-trace-0006981,2026-08-18T15:23:30.370835+00:00,checkout,1346.74,False
99-trace-0006994,2026-08-18T15:23:33.878374+00:00,checkout,734.67,False
99-trace-0014280,2026-08-18T15:23:36.165387+00:00,site_latency,700.07,False
99-trace-0014281,2026-08-18T15:23:36.418684+00:00,site_latency,673.34,False
99-trace-0014285,2026-08-18T15:23:37.059643+00:00,site_latency,1619.39,False
99-trace-0014292,2026-08-18T15:23:38.342010+00:00,site_latency,75.71,False
99-trace-0014296,2026-08-18T15:23:38.749260+00:00,site_latency,1522.62,False
99-trace-0022318,2026-08-18T15:23:40.888923+00:00,api_generic,299.99,True
99-trace-0007013,2026-08-18T15:23:46.254726+00:00,checkout,898.59,False
99-trace-0014349,2026-08-18T15:23:51.565021+00:00,site_latency,536.61,False
99-trace-0014353,2026-08-18T15:23:51.873261+00:00,site_latency,533.27,False
99-trace-0002370,2026-08-18T15:23:53.406722+00:00,pix,242.54,True
99-trace-0002371,2026-08-18T15:23:53.426711+00:00,pix,574.39,False
99-trace-0022374,2026-08-18T15:23:54.651727+00:00,api_generic,150.54,True
99-trace-0014369,2026-08-18T15:23:54.935130+00:00,site_latency,1003.48,False
99-trace-0014370,2026-08-18T15:23:54.947302+00:00,site_latency,725.77,False
99-trace-0002376,2026-08-18T15:23:55.142309+00:00,pix,506.51,True
99-trace-0014373,2026-08-18T15:23:55.633641+00:00,site_latency,336.63,False
99-trace-0007039,2026-08-18T15:23:55.770657+00:00,checkout,3646.63,False
99-trace-0014379,2026-08-18T15:23:56.289502+00:00,site_latency,64.93,False
99-trace-0007045,2026-08-18T15:23:57.235924+00:00,checkout,128.43,False
99-trace-0007046,2026-08-18T15:23:57.397121+00:00,checkout,934.25,False
99-trace-0007048,2026-08-18T15:23:58.613276+00:00,checkout,798.5,False
99-trace-0014391,2026-08-18T15:23:58.710788+00:00,site_latency,58.01,False
99-trace-0014400,2026-08-18T15:24:01.418826+00:00,site_latency,549.38,False
99-trace-0022403,2026-08-18T15:24:01.518253+00:00,api_generic,437.66,False
99-trace-0014406,2026-08-18T15:24:02.164508+00:00,site_latency,578.41,False
99-trace-0022410,2026-08-18T15:24:02.985511+00:00,api_generic,64.81,False
99-trace-0022415,2026-08-18T15:24:03.638091+00:00,api_generic,232.64,True
99-trace-0014415,2026-08-18T15:24:03.963564+00:00,site_latency,533.16,False
99-trace-0014416,2026-08-18T15:24:03.972819+00:00,site_latency,802.02,False
99-trace-0022418,2026-08-18T15:24:04.613031+00:00,api_generic,1608.72,False
99-trace-0007068,2026-08-18T15:24:05.922489+00:00,checkout,765.7,False
99-trace-0022424,2026-08-18T15:24:06.097709+00:00,api_generic,879.84,False
99-trace-0007072,2026-08-18T15:24:06.588100+00:00,checkout,1912.61,False
99-trace-0007073,2026-08-18T15:24:06.728178+00:00,checkout,933.44,False
99-trace-0022429,2026-08-18T15:24:07.235944+00:00,api_generic,313.09,False
99-trace-0007078,2026-08-18T15:24:07.668607+00:00,checkout,732.89,False
99-trace-0022443,2026-08-18T15:24:09.343977+00:00,api_generic,139.57,True
99-trace-0007095,2026-08-18T15:24:12.850550+00:00,checkout,734.43,False
99-trace-0022465,2026-08-18T15:24:13.072895+00:00,api_generic,52.65,False
99-trace-0014463,2026-08-18T15:24:13.507910+00:00,site_latency,144.22,False
99-trace-0007099,2026-08-18T15:24:13.596790+00:00,checkout,2650.19,False
99-trace-0022468,2026-08-18T15:24:14.148368+00:00,api_generic,632.04,False
99-trace-0022472,2026-08-18T15:24:15.321099+00:00,api_generic,238.32,False
99-trace-0014478,2026-08-18T15:24:16.867308+00:00,site_latency,642.11,False
99-trace-0014487,2026-08-18T15:24:17.556383+00:00,site_latency,1653.78,False
99-trace-0022485,2026-08-18T15:24:17.681489+00:00,api_generic,285.82,False
99-trace-0007116,2026-08-18T15:24:18.444726+00:00,checkout,128.41,False
99-trace-0022490,2026-08-18T15:24:18.761125+00:00,api_generic,172.32,False
99-trace-0022499,2026-08-18T15:24:20.308511+00:00,api_generic,1676.38,False
99-trace-0007122,2026-08-18T15:24:20.914114+00:00,checkout,2805.46,False
99-trace-0002436,2026-08-18T15:24:21.320063+00:00,pix,241.5,False
99-trace-0007126,2026-08-18T15:24:21.492161+00:00,checkout,1177.84,True
99-trace-0002439,2026-08-18T15:24:22.954848+00:00,pix,145.07,False
99-trace-0014524,2026-08-18T15:24:24.267381+00:00,site_latency,541.7,False
99-trace-0014526,2026-08-18T15:24:24.673885+00:00,site_latency,519.65,False
99-trace-0022529,2026-08-18T15:24:27.832223+00:00,api_generic,253.3,False
99-trace-0014550,2026-08-18T15:24:28.564906+00:00,site_latency,677.3,False
99-trace-0014558,2026-08-18T15:24:29.873528+00:00,site_latency,326.02,False
99-trace-0014563,2026-08-18T15:24:30.605635+00:00,site_latency,520.41,False
99-trace-0007157,2026-08-18T15:24:31.092966+00:00,checkout,3351.35,False
99-trace-0014566,2026-08-18T15:24:31.225733+00:00,site_latency,1132.05,False
99-trace-0007164,2026-08-18T15:24:32.448490+00:00,checkout,1064.92,False
99-trace-0014574,2026-08-18T15:24:33.373988+00:00,site_latency,921.71,False
99-trace-0007169,2026-08-18T15:24:33.758634+00:00,checkout,1138.75,False
99-trace-0007175,2026-08-18T15:24:34.954810+00:00,checkout,734.98,True
99-trace-0014588,2026-08-18T15:24:34.993292+00:00,site_latency,1286.7,False
99-trace-0014596,2026-08-18T15:24:36.428582+00:00,site_latency,1106.31,False
99-trace-0022577,2026-08-18T15:24:38.508605+00:00,api_generic,306.3,False
99-trace-0014621,2026-08-18T15:24:39.844519+00:00,site_latency,68.58,False
99-trace-0014629,2026-08-18T15:24:40.431505+00:00,site_latency,391.76,True
99-trace-0014634,2026-08-18T15:24:41.356963+00:00,site_latency,686.66,False
99-trace-0014637,2026-08-18T15:24:41.759826+00:00,site_latency,599.92,False
99-trace-0007204,2026-08-18T15:24:42.593496+00:00,checkout,884.08,False
99-trace-0014652,2026-08-18T15:24:43.204442+00:00,site_latency,691.53,False
99-trace-0007210,2026-08-18T15:24:46.116023+00:00,checkout,787.92,True
99-trace-0014672,2026-08-18T15:24:46.162187+00:00,site_latency,207.63,False
99-trace-0022604,2026-08-18T15:24:46.496696+00:00,api_generic,700.97,False
99-trace-0014676,2026-08-18T15:24:46.622224+00:00,site_latency,1611.08,False
99-trace-0007214,2026-08-18T15:24:46.914982+00:00,checkout,2056.21,False
99-trace-0007215,2026-08-18T15:24:47.405214+00:00,checkout,768.44,False
99-trace-0014681,2026-08-18T15:24:48.020714+00:00,site_latency,518.52,False
99-trace-0014683,2026-08-18T15:24:48.131607+00:00,site_latency,333.64,False
99-trace-0014686,2026-08-18T15:24:48.883391+00:00,site_latency,895.12,False
99-trace-0022621,2026-08-18T15:24:49.862260+00:00,api_generic,239.8,False
99-trace-0014692,2026-08-18T15:24:50.167936+00:00,site_latency,575.66,False
99-trace-0002496,2026-08-18T15:24:51.552007+00:00,pix,240.28,False
99-trace-0014705,2026-08-18T15:24:52.561200+00:00,site_latency,654.58,False
99-trace-0014708,2026-08-18T15:24:52.851521+00:00,site_latency,244.25,False
99-trace-0014712,2026-08-18T15:24:53.756887+00:00,site_latency,597.12,False
99-trace-0014713,2026-08-18T15:24:53.988438+00:00,site_latency,990.96,False
99-trace-0022643,2026-08-18T15:24:54.155854+00:00,api_generic,288.18,True
99-trace-0007242,2026-08-18T15:24:56.937600+00:00,checkout,625.47,True
99-trace-0022653,2026-08-18T15:24:57.407835+00:00,api_generic,266.74,False
99-trace-0014729,2026-08-18T15:24:57.630283+00:00,site_latency,301.66,False
99-trace-0022661,2026-08-18T15:24:59.682239+00:00,api_generic,87.5,True
99-trace-0022664,2026-08-18T15:25:00.509052+00:00,api_generic,287.61,True
99-trace-0022666,2026-08-18T15:25:00.637455+00:00,api_generic,317.44,False
99-trace-0007256,2026-08-18T15:25:01.330451+00:00,checkout,1926.7,False
99-trace-0014755,2026-08-18T15:25:02.295612+00:00,site_latency,110.18,False
99-trace-0014759,2026-08-18T15:25:02.747062+00:00,site_latency,626.74,False
99-trace-0022681,2026-08-18T15:25:04.325376+00:00,api_generic,429.65,False
99-trace-0014781,2026-08-18T15:25:05.590123+00:00,site_latency,519.94,False
99-trace-0007269,2026-08-18T15:25:05.707031+00:00,checkout,393.97,True
99-trace-0022694,2026-08-18T15:25:06.961640+00:00,api_generic,266.44,False
99-trace-0014799,2026-08-18T15:25:09.184604+00:00,site_latency,2220.64,False
99-trace-0007281,2026-08-18T15:25:09.198307+00:00,checkout,822.52,False
99-trace-0022714,2026-08-18T15:25:11.902065+00:00,api_generic,289.06,False
99-trace-0014810,2026-08-18T15:25:12.265240+00:00,site_latency,541.77,False
99-trace-0007285,2026-08-18T15:25:12.723901+00:00,checkout,281.27,True
99-trace-0014817,2026-08-18T15:25:13.535985+00:00,site_latency,226.25,False
99-trace-0022722,2026-08-18T15:25:14.316410+00:00,api_generic,272.99,False
99-trace-0002538,2026-08-18T15:25:14.455052+00:00,pix,69.55,False
99-trace-0022730,2026-08-18T15:25:16.614460+00:00,api_generic,273.46,False
99-trace-0022731,2026-08-18T15:25:16.647144+00:00,api_generic,143.51,True
99-trace-0007296,2026-08-18T15:25:16.910406+00:00,checkout,584.62,True
99-trace-0022740,2026-08-18T15:25:18.387196+00:00,api_generic,293.15,False
99-trace-0007308,2026-08-18T15:25:21.266493+00:00,checkout,981.32,False
99-trace-0014859,2026-08-18T15:25:21.329868+00:00,site_latency,558.49,False
99-trace-0014862,2026-08-18T15:25:22.268883+00:00,site_latency,520.31,False
99-trace-0014869,2026-08-18T15:25:23.118814+00:00,site_latency,1043.5,False
99-trace-0022757,2026-08-18T15:25:23.151921+00:00,api_generic,294.12,False
99-trace-0014873,2026-08-18T15:25:24.333712+00:00,site_latency,1037.01,False
99-trace-0014885,2026-08-18T15:25:27.158606+00:00,site_latency,802.64,False
99-trace-0002565,2026-08-18T15:25:27.344068+00:00,pix,233.9,False
99-trace-0002567,2026-08-18T15:25:27.995291+00:00,pix,338.98,False
99-trace-0014900,2026-08-18T15:25:29.619649+00:00,site_latency,1823.65,False
99-trace-0007337,2026-08-18T15:25:30.625178+00:00,checkout,1288.5,False
99-trace-0014905,2026-08-18T15:25:30.895762+00:00,site_latency,2915.6,False
99-trace-0022785,2026-08-18T15:25:31.370621+00:00,api_generic,378.0,True
99-trace-0014912,2026-08-18T15:25:31.902855+00:00,site_latency,150.5,False
99-trace-0022789,2026-08-18T15:25:32.123622+00:00,api_generic,487.38,True
99-trace-0014914,2026-08-18T15:25:32.296328+00:00,site_latency,209.12,False
99-trace-0014916,2026-08-18T15:25:32.709954+00:00,site_latency,531.83,False
99-trace-0022792,2026-08-18T15:25:33.158962+00:00,api_generic,735.77,False
99-trace-0022795,2026-08-18T15:25:33.971888+00:00,api_generic,103.48,False
99-trace-0007348,2026-08-18T15:25:34.166629+00:00,checkout,528.97,True
99-trace-0002582,2026-08-18T15:25:34.366706+00:00,pix,530.85,False
99-trace-0002583,2026-08-18T15:25:35.964684+00:00,pix,232.68,False
99-trace-0014963,2026-08-18T15:25:40.099747+00:00,site_latency,658.4,False
99-trace-0007370,2026-08-18T15:25:44.602206+00:00,checkout,1014.4,False
99-trace-0022842,2026-08-18T15:25:46.271697+00:00,api_generic,301.52,False
99-trace-0015021,2026-08-18T15:25:52.871917+00:00,site_latency,715.07,False
99-trace-0015028,2026-08-18T15:25:53.961369+00:00,site_latency,552.52,False
99-trace-0022874,2026-08-18T15:25:54.406246+00:00,api_generic,295.04,False
99-trace-0022883,2026-08-18T15:25:55.860562+00:00,api_generic,241.31,True
99-trace-0015043,2026-08-18T15:25:56.239593+00:00,site_latency,1231.31,False
99-trace-0007399,2026-08-18T15:25:57.414022+00:00,checkout,1047.77,False
99-trace-0022886,2026-08-18T15:25:57.434695+00:00,api_generic,191.97,True
99-trace-0022887,2026-08-18T15:25:57.967348+00:00,api_generic,225.05,True
99-trace-0002632,2026-08-18T15:25:58.883888+00:00,pix,305.19,False
99-trace-0022894,2026-08-18T15:25:58.990826+00:00,api_generic,396.01,False
99-trace-0022900,2026-08-18T15:26:00.183355+00:00,api_generic,218.57,False
99-trace-0002640,2026-08-18T15:26:01.982206+00:00,pix,277.71,False
99-trace-0007412,2026-08-18T15:26:02.235497+00:00,checkout,220.36,False
99-trace-0022912,2026-08-18T15:26:03.600708+00:00,api_generic,251.44,False
99-trace-0022914,2026-08-18T15:26:03.821805+00:00,api_generic,282.89,True
99-trace-0007424,2026-08-18T15:26:05.577980+00:00,checkout,4413.66,False
99-trace-0007427,2026-08-18T15:26:05.822327+00:00,checkout,1250.63,False
99-trace-0022930,2026-08-18T15:26:07.258352+00:00,api_generic,53.17,False
99-trace-0002648,2026-08-18T15:26:07.601401+00:00,pix,1265.28,False
99-trace-0015096,2026-08-18T15:26:07.695437+00:00,site_latency,723.5,False
99-trace-0015102,2026-08-18T15:26:08.199781+00:00,site_latency,867.47,False
99-trace-0007433,2026-08-18T15:26:08.778061+00:00,checkout,436.16,False
99-trace-0002655,2026-08-18T15:26:09.295879+00:00,pix,289.58,True
99-trace-0007445,2026-08-18T15:26:12.187514+00:00,checkout,3916.81,False
99-trace-0007450,2026-08-18T15:26:13.944578+00:00,checkout,2215.79,False
99-trace-0015128,2026-08-18T15:26:14.422674+00:00,site_latency,510.27,False
99-trace-0022965,2026-08-18T15:26:15.181985+00:00,api_generic,84.12,False
99-trace-0007459,2026-08-18T15:26:15.516605+00:00,checkout,966.47,False
99-trace-0015143,2026-08-18T15:26:16.828974+00:00,site_latency,1143.99,False
99-trace-0002676,2026-08-18T15:26:18.278520+00:00,pix,287.06,False
99-trace-0015152,2026-08-18T15:26:18.677024+00:00,site_latency,503.96,False
99-trace-0022984,2026-08-18T15:26:19.688050+00:00,api_generic,299.51,False
99-trace-0007478,2026-08-18T15:26:21.577184+00:00,checkout,354.33,True
99-trace-0015168,2026-08-18T15:26:22.950791+00:00,site_latency,542.67,False
99-trace-0015178,2026-08-18T15:26:25.185073+00:00,site_latency,586.46,False
99-trace-0002690,2026-08-18T15:26:26.757021+00:00,pix,254.66,True
99-trace-0015189,2026-08-18T15:26:27.253837+00:00,site_latency,507.71,False
99-trace-0015195,2026-08-18T15:26:28.602326+00:00,site_latency,1237.08,False
99-trace-0023025,2026-08-18T15:26:28.855105+00:00,api_generic,302.1,False
99-trace-0015197,2026-08-18T15:26:29.091574+00:00,site_latency,922.85,False
99-trace-0015203,2026-08-18T15:26:30.309494+00:00,site_latency,200.95,True
99-trace-0023046,2026-08-18T15:26:32.617668+00:00,api_generic,106.22,True
99-trace-0015221,2026-08-18T15:26:32.851574+00:00,site_latency,297.41,False
99-trace-0002704,2026-08-18T15:26:33.261654+00:00,pix,135.22,False
99-trace-0015227,2026-08-18T15:26:34.243512+00:00,site_latency,748.99,False
99-trace-0015229,2026-08-18T15:26:34.414341+00:00,site_latency,2530.45,False
99-trace-0015232,2026-08-18T15:26:35.552965+00:00,site_latency,199.51,True
99-trace-0023056,2026-08-18T15:26:36.152547+00:00,api_generic,269.3,False
99-trace-0015242,2026-08-18T15:26:38.085667+00:00,site_latency,730.39,False
99-trace-0023066,2026-08-18T15:26:38.233346+00:00,api_generic,251.81,True
99-trace-0015245,2026-08-18T15:26:38.317038+00:00,site_latency,2012.31,False
99-trace-0002716,2026-08-18T15:26:38.463839+00:00,pix,337.87,False
99-trace-0015248,2026-08-18T15:26:39.057802+00:00,site_latency,1611.7,False
99-trace-0015249,2026-08-18T15:26:39.273135+00:00,site_latency,1372.61,False
99-trace-0023075,2026-08-18T15:26:40.443153+00:00,api_generic,45.38,True
99-trace-0015252,2026-08-18T15:26:40.565395+00:00,site_latency,1222.0,False
99-trace-0002723,2026-08-18T15:26:41.400133+00:00,pix,287.76,True
99-trace-0023085,2026-08-18T15:26:42.347092+00:00,api_generic,532.76,False
99-trace-0007519,2026-08-18T15:26:42.631649+00:00,checkout,149.88,False
99-trace-0007527,2026-08-18T15:26:45.095009+00:00,checkout,739.45,True
99-trace-0002739,2026-08-18T15:26:46.586009+00:00,pix,143.78,False
99-trace-0023101,2026-08-18T15:26:47.329996+00:00,api_generic,398.28,False
99-trace-0015300,2026-08-18T15:26:50.451105+00:00,site_latency,81.64,False
99-trace-0007540,2026-08-18T15:26:51.198271+00:00,checkout,578.16,True
99-trace-0002744,2026-08-18T15:26:51.523045+00:00,pix,486.52,False
99-trace-0002745,2026-08-18T15:26:52.243266+00:00,pix,238.12,False
99-trace-0023122,2026-08-18T15:26:53.070026+00:00,api_generic,279.57,False
99-trace-0023137,2026-08-18T15:26:56.754868+00:00,api_generic,923.06,False
99-trace-0002756,2026-08-18T15:26:57.064602+00:00,pix,119.03,False
99-trace-0015331,2026-08-18T15:26:57.168364+00:00,site_latency,1195.05,False
99-trace-0002760,2026-08-18T15:26:59.357134+00:00,pix,238.06,False
99-trace-0015341,2026-08-18T15:27:00.134339+00:00,site_latency,279.24,True
99-trace-0015345,2026-08-18T15:27:01.229272+00:00,site_latency,540.05,False
99-trace-0023160,2026-08-18T15:27:01.906275+00:00,api_generic,275.57,False
99-trace-0023162,2026-08-18T15:27:01.989098+00:00,api_generic,729.11,False
99-trace-0023165,2026-08-18T15:27:02.782186+00:00,api_generic,298.26,False
99-trace-0002778,2026-08-18T15:27:04.773141+00:00,pix,97.89,False
99-trace-0023170,2026-08-18T15:27:04.837388+00:00,api_generic,371.14,True
99-trace-0015380,2026-08-18T15:27:10.178171+00:00,site_latency,303.47,False
99-trace-0015389,2026-08-18T15:27:11.134404+00:00,site_latency,1390.06,False
99-trace-0023196,2026-08-18T15:27:11.156553+00:00,api_generic,308.6,False
99-trace-0015391,2026-08-18T15:27:11.969477+00:00,site_latency,189.79,False
99-trace-0015392,2026-08-18T15:27:12.132084+00:00,site_latency,638.25,False
99-trace-0023201,2026-08-18T15:27:12.537847+00:00,api_generic,172.15,True
99-trace-0023206,2026-08-18T15:27:14.969745+00:00,api_generic,439.01,False
99-trace-0002801,2026-08-18T15:27:16.400436+00:00,pix,466.3,False
99-trace-0015416,2026-08-18T15:27:17.033985+00:00,site_latency,686.22,False
99-trace-0007609,2026-08-18T15:27:18.786340+00:00,checkout,904.29,False
99-trace-0015437,2026-08-18T15:27:21.995225+00:00,site_latency,549.26,False
99-trace-0023233,2026-08-18T15:27:22.819922+00:00,api_generic,1471.74,True
99-trace-0002816,2026-08-18T15:27:23.188537+00:00,pix,344.99,False
99-trace-0007618,2026-08-18T15:27:23.342569+00:00,checkout,868.68,False
99-trace-0007622,2026-08-18T15:27:25.332766+00:00,checkout,808.45,False
99-trace-0015456,2026-08-18T15:27:26.607296+00:00,site_latency,510.34,True
99-trace-0007626,2026-08-18T15:27:26.632825+00:00,checkout,3997.04,False
99-trace-0023251,2026-08-18T15:27:27.018459+00:00,api_generic,504.66,False
99-trace-0015462,2026-08-18T15:27:27.944320+00:00,site_latency,584.57,True
99-trace-0023259,2026-08-18T15:27:29.301608+00:00,api_generic,142.85,True
99-trace-0015485,2026-08-18T15:27:31.301225+00:00,site_latency,266.29,False
99-trace-0015487,2026-08-18T15:27:31.562612+00:00,site_latency,613.89,False
99-trace-0002837,2026-08-18T15:27:33.965656+00:00,pix,501.02,False
99-trace-0023273,2026-08-18T15:27:34.327578+00:00,api_generic,380.71,False
99-trace-0002839,2026-08-18T15:27:34.650303+00:00,pix,336.42,False
99-trace-0023284,2026-08-18T15:27:36.978326+00:00,api_generic,238.99,False
99-trace-0015519,2026-08-18T15:27:37.313120+00:00,site_latency,510.18,False
99-trace-0015521,2026-08-18T15:27:37.537452+00:00,site_latency,554.25,False
99-trace-0023286,2026-08-18T15:27:37.585799+00:00,api_generic,268.89,False
99-trace-0015522,2026-08-18T15:27:38.119264+00:00,site_latency,306.98,False
99-trace-0002855,2026-08-18T15:27:40.294047+00:00,pix,242.74,False
99-trace-0007652,2026-08-18T15:27:40.577087+00:00,checkout,443.17,False
99-trace-0007658,2026-08-18T15:27:43.099351+00:00,checkout,361.8,False
99-trace-0023313,2026-08-18T15:27:43.412969+00:00,api_generic,733.86,False
99-trace-0023314,2026-08-18T15:27:43.669525+00:00,api_generic,430.89,False
99-trace-0015550,2026-08-18T15:27:43.788408+00:00,site_latency,1120.14,False
99-trace-0015566,2026-08-18T15:27:46.139627+00:00,site_latency,636.43,False
99-trace-0023329,2026-08-18T15:27:46.802680+00:00,api_generic,207.15,True
99-trace-0007671,2026-08-18T15:27:47.746223+00:00,checkout,499.95,True
99-trace-0007675,2026-08-18T15:27:48.249324+00:00,checkout,2734.43,False
99-trace-0015582,2026-08-18T15:27:49.428023+00:00,site_latency,221.73,True
99-trace-0015584,2026-08-18T15:27:49.535715+00:00,site_latency,768.85,False
99-trace-0015592,2026-08-18T15:27:50.991431+00:00,site_latency,577.19,False
99-trace-0023363,2026-08-18T15:27:53.129533+00:00,api_generic,140.08,False
99-trace-0023365,2026-08-18T15:27:53.309204+00:00,api_generic,262.76,False
99-trace-0015609,2026-08-18T15:27:54.367717+00:00,site_latency,1774.68,False
99-trace-0015610,2026-08-18T15:27:54.426247+00:00,site_latency,934.23,False
99-trace-0007701,2026-08-18T15:27:56.433392+00:00,checkout,605.67,False
99-trace-0002894,2026-08-18T15:27:57.422385+00:00,pix,242.69,False
99-trace-0023376,2026-08-18T15:27:57.558916+00:00,api_generic,167.62,True
99-trace-0007705,2026-08-18T15:27:57.587658+00:00,checkout,867.78,False
99-trace-0015628,2026-08-18T15:27:58.079528+00:00,site_latency,712.57,False
99-trace-0015630,2026-08-18T15:27:58.619276+00:00,site_latency,754.66,False
99-trace-0015636,2026-08-18T15:28:00.311839+00:00,site_latency,875.56,False
99-trace-0023390,2026-08-18T15:28:00.474580+00:00,api_generic,292.96,True
99-trace-0007717,2026-08-18T15:28:01.277562+00:00,checkout,202.11,False
99-trace-0007721,2026-08-18T15:28:02.007959+00:00,checkout,1558.0,False
99-trace-0015649,2026-08-18T15:28:03.194617+00:00,site_latency,1397.19,False
99-trace-0007722,2026-08-18T15:28:03.275297+00:00,checkout,2626.29,False
99-trace-0002911,2026-08-18T15:28:04.720055+00:00,pix,320.42,False
99-trace-0002913,2026-08-18T15:28:05.217405+00:00,pix,367.57,True
99-trace-0007729,2026-08-18T15:28:05.634147+00:00,checkout,347.11,False
99-trace-0007748,2026-08-18T15:28:10.155058+00:00,checkout,1566.25,True
99-trace-0007760,2026-08-18T15:28:14.468134+00:00,checkout,1281.14,False
99-trace-0007762,2026-08-18T15:28:15.373934+00:00,checkout,884.89,False
99-trace-0023466,2026-08-18T15:28:16.439768+00:00,api_generic,262.23,False
99-trace-0015721,2026-08-18T15:28:17.412466+00:00,site_latency,838.81,False
99-trace-0023475,2026-08-18T15:28:18.657270+00:00,api_generic,420.34,False
99-trace-0015730,2026-08-18T15:28:18.790001+00:00,site_latency,674.32,False
99-trace-0002941,2026-08-18T15:28:19.164754+00:00,pix,120.66,False
99-trace-0023478,2026-08-18T15:28:19.362339+00:00,api_generic,113.83,False
99-trace-0002943,2026-08-18T15:28:20.124087+00:00,pix,252.52,False
99-trace-0023481,2026-08-18T15:28:20.864017+00:00,api_generic,181.17,True
99-trace-0015748,2026-08-18T15:28:21.096551+00:00,site_latency,698.48,False
99-trace-0007788,2026-08-18T15:28:21.114431+00:00,checkout,573.99,True
99-trace-0015750,2026-08-18T15:28:21.456465+00:00,site_latency,116.09,False
99-trace-0015753,2026-08-18T15:28:22.123225+00:00,site_latency,879.87,True
99-trace-0023491,2026-08-18T15:28:22.993914+00:00,api_generic,710.1,False
99-trace-0023496,2026-08-18T15:28:24.263778+00:00,api_generic,492.27,False
99-trace-0002953,2026-08-18T15:28:24.319681+00:00,pix,387.5,False
99-trace-0015770,2026-08-18T15:28:25.180729+00:00,site_latency,632.66,False
99-trace-0015780,2026-08-18T15:28:28.605678+00:00,site_latency,608.8,False
99-trace-0007807,2026-08-18T15:28:30.604013+00:00,checkout,911.31,False
99-trace-0015788,2026-08-18T15:28:30.669153+00:00,site_latency,498.41,False
99-trace-0023521,2026-08-18T15:28:30.844495+00:00,api_generic,325.32,False
99-trace-0007810,2026-08-18T15:28:31.212499+00:00,checkout,174.85,False
99-trace-0023529,2026-08-18T15:28:32.666698+00:00,api_generic,274.0,False
99-trace-0015801,2026-08-18T15:28:32.857737+00:00,site_latency,126.43,False
99-trace-0015802,2026-08-18T15:28:33.723176+00:00,site_latency,201.43,True
99-trace-0015813,2026-08-18T15:28:35.858921+00:00,site_latency,743.7,False
99-trace-0023544,2026-08-18T15:28:36.236125+00:00,api_generic,418.32,False
99-trace-0023546,2026-08-18T15:28:36.445957+00:00,api_generic,323.62,True
99-trace-0002971,2026-08-18T15:28:36.482262+00:00,pix,269.71,False
99-trace-0015830,2026-08-18T15:28:37.596829+00:00,site_latency,309.13,False
99-trace-0015833,2026-08-18T15:28:37.882833+00:00,site_latency,735.87,False
99-trace-0023555,2026-08-18T15:28:38.442501+00:00,api_generic,247.89,False
99-trace-0023560,2026-08-18T15:28:39.168099+00:00,api_generic,270.99,False
99-trace-0015841,2026-08-18T15:28:39.730458+00:00,site_latency,594.55,False
99-trace-0023565,2026-08-18T15:28:40.053541+00:00,api_generic,518.33,False
99-trace-0015842,2026-08-18T15:28:40.085626+00:00,site_latency,582.52,False
99-trace-0023571,2026-08-18T15:28:41.744169+00:00,api_generic,172.95,True
99-trace-0023574,2026-08-18T15:28:42.189112+00:00,api_generic,331.23,False
99-trace-0023576,2026-08-18T15:28:42.317146+00:00,api_generic,862.71,False
99-trace-0015863,2026-08-18T15:28:44.291281+00:00,site_latency,643.81,False
99-trace-0015865,2026-08-18T15:28:44.950107+00:00,site_latency,2426.01,False
99-trace-0023585,2026-08-18T15:28:44.956562+00:00,api_generic,270.1,False
99-trace-0015871,2026-08-18T15:28:46.333456+00:00,site_latency,967.11,False
99-trace-0002989,2026-08-18T15:28:46.513658+00:00,pix,311.16,False
99-trace-0023592,2026-08-18T15:28:46.943494+00:00,api_generic,889.03,False
99-trace-0015881,2026-08-18T15:28:48.202026+00:00,site_latency,584.15,False
99-trace-0023603,2026-08-18T15:28:49.597610+00:00,api_generic,268.92,False
99-trace-0002994,2026-08-18T15:28:50.100499+00:00,pix,264.25,True
99-trace-0002995,2026-08-18T15:28:51.289469+00:00,pix,340.74,False
99-trace-0002996,2026-08-18T15:28:51.959703+00:00,pix,457.46,True
99-trace-0015899,2026-08-18T15:28:53.064304+00:00,site_latency,814.46,False
99-trace-0023618,2026-08-18T15:28:53.392209+00:00,api_generic,69.73,False
99-trace-0023625,2026-08-18T15:28:54.666801+00:00,api_generic,325.65,True
99-trace-0003004,2026-08-18T15:28:57.913709+00:00,pix,314.24,False
99-trace-0023643,2026-08-18T15:28:59.787491+00:00,api_generic,271.22,False
99-trace-0015934,2026-08-18T15:29:00.591527+00:00,site_latency,495.59,False
99-trace-0003008,2026-08-18T15:29:01.727647+00:00,pix,235.43,False
99-trace-0023656,2026-08-18T15:29:03.251486+00:00,api_generic,49.3,False
99-trace-0007894,2026-08-18T15:29:03.588774+00:00,checkout,895.74,False
99-trace-0007896,2026-08-18T15:29:04.184442+00:00,checkout,798.97,False
99-trace-0015956,2026-08-18T15:29:06.348522+00:00,site_latency,547.38,False
99-trace-0007900,2026-08-18T15:29:06.388691+00:00,checkout,1183.71,False
99-trace-0015959,2026-08-18T15:29:06.524163+00:00,site_latency,735.55,False
99-trace-0007908,2026-08-18T15:29:08.068538+00:00,checkout,962.1,True
99-trace-0023675,2026-08-18T15:29:08.609242+00:00,api_generic,756.66,False
99-trace-0003027,2026-08-18T15:29:08.796395+00:00,pix,232.75,False
99-trace-0015972,2026-08-18T15:29:08.868731+00:00,site_latency,1535.74,False
99-trace-0015983,2026-08-18T15:29:11.101504+00:00,site_latency,3407.09,False
99-trace-0007921,2026-08-18T15:29:13.742325+00:00,checkout,401.42,True
99-trace-0023695,2026-08-18T15:29:13.901997+00:00,api_generic,202.89,True
99-trace-0007923,2026-08-18T15:29:14.349461+00:00,checkout,274.68,False
99-trace-0023699,2026-08-18T15:29:14.799394+00:00,api_generic,477.4,False
99-trace-0003050,2026-08-18T15:29:17.499408+00:00,pix,168.36,False
99-trace-0023708,2026-08-18T15:29:17.522402+00:00,api_generic,260.6,False
99-trace-0003051,2026-08-18T15:29:17.857054+00:00,pix,239.63,False
99-trace-0016028,2026-08-18T15:29:19.816754+00:00,site_latency,492.63,False
99-trace-0003058,2026-08-18T15:29:20.065358+00:00,pix,254.75,False
99-trace-0023714,2026-08-18T15:29:20.332973+00:00,api_generic,402.13,False
99-trace-0023719,2026-08-18T15:29:20.740349+00:00,api_generic,119.17,False
99-trace-0023720,2026-08-18T15:29:20.879463+00:00,api_generic,1463.91,False
99-trace-0007941,2026-08-18T15:29:21.231835+00:00,checkout,667.43,True
99-trace-0023728,2026-08-18T15:29:22.414396+00:00,api_generic,191.23,True
99-trace-0003062,2026-08-18T15:29:23.957440+00:00,pix,325.42,True
99-trace-0023736,2026-08-18T15:29:24.396771+00:00,api_generic,321.63,False
99-trace-0016050,2026-08-18T15:29:24.413434+00:00,site_latency,660.41,False
99-trace-0016059,2026-08-18T15:29:25.372319+00:00,site_latency,297.44,True
99-trace-0016063,2026-08-18T15:29:26.086925+00:00,site_latency,571.77,False
99-trace-0023744,2026-08-18T15:29:26.376121+00:00,api_generic,188.13,True
99-trace-0003080,2026-08-18T15:29:30.244280+00:00,pix,688.33,False
99-trace-0023758,2026-08-18T15:29:30.655358+00:00,api_generic,562.32,True
99-trace-0016088,2026-08-18T15:29:32.663526+00:00,site_latency,362.3,True
99-trace-0016097,2026-08-18T15:29:34.221646+00:00,site_latency,526.22,False
99-trace-0016104,2026-08-18T15:29:35.339835+00:00,site_latency,590.53,False
99-trace-0007987,2026-08-18T15:29:40.564510+00:00,checkout,2283.16,False
99-trace-0023808,2026-08-18T15:29:43.201068+00:00,api_generic,252.08,True
99-trace-0016146,2026-08-18T15:29:45.132598+00:00,site_latency,573.84,False
99-trace-0023820,2026-08-18T15:29:46.269189+00:00,api_generic,210.14,True
99-trace-0023822,2026-08-18T15:29:46.555512+00:00,api_generic,254.0,False
99-trace-0008002,2026-08-18T15:29:46.897224+00:00,checkout,1577.19,False
99-trace-0008003,2026-08-18T15:29:47.095575+00:00,checkout,747.6,False
99-trace-0016156,2026-08-18T15:29:48.204053+00:00,site_latency,151.57,False
99-trace-0003117,2026-08-18T15:29:48.248615+00:00,pix,279.22,False
99-trace-0016167,2026-08-18T15:29:51.764417+00:00,site_latency,518.39,False
99-trace-0003131,2026-08-18T15:29:52.752951+00:00,pix,291.5,False
99-trace-0008024,2026-08-18T15:29:57.286986+00:00,checkout,284.45,False
99-trace-0003151,2026-08-18T15:29:59.126089+00:00,pix,74.85,False
99-trace-0023870,2026-08-18T15:30:00.125956+00:00,api_generic,100.62,False
99-trace-0008032,2026-08-18T15:30:00.322942+00:00,checkout,771.11,False
99-trace-0008034,2026-08-18T15:30:00.587004+00:00,checkout,741.55,False
99-trace-0023873,2026-08-18T15:30:00.996366+00:00,api_generic,256.11,True
99-trace-0008038,2026-08-18T15:30:01.046335+00:00,checkout,468.19,False
99-trace-0023878,2026-08-18T15:30:01.588784+00:00,api_generic,160.23,True
99-trace-0016213,2026-08-18T15:30:02.343109+00:00,site_latency,552.8,False
99-trace-0023895,2026-08-18T15:30:05.942624+00:00,api_generic,137.92,False
99-trace-0023898,2026-08-18T15:30:06.450381+00:00,api_generic,253.44,True
99-trace-0016227,2026-08-18T15:30:07.030106+00:00,site_latency,302.25,False
99-trace-0023905,2026-08-18T15:30:07.458475+00:00,api_generic,277.46,False
99-trace-0016230,2026-08-18T15:30:07.737931+00:00,site_latency,1017.3,False
99-trace-0003169,2026-08-18T15:30:07.759161+00:00,pix,697.82,False
99-trace-0023908,2026-08-18T15:30:07.947138+00:00,api_generic,241.99,False
99-trace-0016234,2026-08-18T15:30:08.111495+00:00,site_latency,2035.07,False
99-trace-0016236,2026-08-18T15:30:08.580057+00:00,site_latency,492.85,False
99-trace-0016239,2026-08-18T15:30:08.952020+00:00,site_latency,579.71,False
99-trace-0016241,2026-08-18T15:30:09.342737+00:00,site_latency,707.51,False
99-trace-0003174,2026-08-18T15:30:09.462489+00:00,pix,936.36,False
99-trace-0016242,2026-08-18T15:30:09.525560+00:00,site_latency,216.46,False
99-trace-0016246,2026-08-18T15:30:09.773335+00:00,site_latency,404.68,True
99-trace-0023917,2026-08-18T15:30:10.222555+00:00,api_generic,395.51,False
99-trace-0016256,2026-08-18T15:30:12.478430+00:00,site_latency,619.06,False
99-trace-0008076,2026-08-18T15:30:13.760602+00:00,checkout,209.56,False
99-trace-0008077,2026-08-18T15:30:14.450974+00:00,checkout,629.58,True
99-trace-0016265,2026-08-18T15:30:14.529121+00:00,site_latency,563.33,False
99-trace-0003193,2026-08-18T15:30:20.584877+00:00,pix,263.9,False
99-trace-0016296,2026-08-18T15:30:22.065706+00:00,site_latency,146.44,False
99-trace-0008099,2026-08-18T15:30:22.830595+00:00,checkout,266.89,False
99-trace-0016300,2026-08-18T15:30:22.989024+00:00,site_latency,500.19,False
99-trace-0016303,2026-08-18T15:30:23.153926+00:00,site_latency,1362.12,False
99-trace-0008100,2026-08-18T15:30:23.409954+00:00,checkout,831.12,False
99-trace-0016306,2026-08-18T15:30:23.921965+00:00,site_latency,623.1,True
99-trace-0008105,2026-08-18T15:30:24.306059+00:00,checkout,839.87,False
99-trace-0008114,2026-08-18T15:30:26.545796+00:00,checkout,1420.92,False
99-trace-0008115,2026-08-18T15:30:26.584856+00:00,checkout,1308.28,False
99-trace-0003209,2026-08-18T15:30:27.003981+00:00,pix,143.61,False
99-trace-0008124,2026-08-18T15:30:30.150013+00:00,checkout,1741.86,False
99-trace-0003220,2026-08-18T15:30:33.492347+00:00,pix,233.33,False
99-trace-0008132,2026-08-18T15:30:34.271991+00:00,checkout,593.65,True
99-trace-0008134,2026-08-18T15:30:34.479065+00:00,checkout,889.99,False
99-trace-0024030,2026-08-18T15:30:36.024384+00:00,api_generic,237.24,False
99-trace-0016374,2026-08-18T15:30:38.267636+00:00,site_latency,888.29,False
99-trace-0024040,2026-08-18T15:30:40.483955+00:00,api_generic,195.16,True
99-trace-0024044,2026-08-18T15:30:40.675621+00:00,api_generic,316.85,False
99-trace-0016387,2026-08-18T15:30:40.807413+00:00,site_latency,212.94,True
99-trace-0016388,2026-08-18T15:30:41.485918+00:00,site_latency,496.4,False
99-trace-0016390,2026-08-18T15:30:42.020873+00:00,site_latency,958.43,False
99-trace-0016402,2026-08-18T15:30:45.472131+00:00,site_latency,202.37,False
99-trace-0024069,2026-08-18T15:30:45.473273+00:00,api_generic,250.52,False
99-trace-0024071,2026-08-18T15:30:46.028156+00:00,api_generic,261.72,False
99-trace-0024072,2026-08-18T15:30:46.304717+00:00,api_generic,448.28,False
99-trace-0016424,2026-08-18T15:30:49.502092+00:00,site_latency,2402.63,False
99-trace-0024099,2026-08-18T15:30:51.234271+00:00,api_generic,364.3,False
99-trace-0008187,2026-08-18T15:30:52.744906+00:00,checkout,823.43,False
99-trace-0016440,2026-08-18T15:30:52.983442+00:00,site_latency,100.12,False
99-trace-0008189,2026-08-18T15:30:54.172390+00:00,checkout,732.97,False
99-trace-0024119,2026-08-18T15:30:54.614996+00:00,api_generic,424.67,False
99-trace-0024128,2026-08-18T15:30:56.596048+00:00,api_generic,229.29,True
99-trace-0016495,2026-08-18T15:31:03.835629+00:00,site_latency,626.16,False
99-trace-0024156,2026-08-18T15:31:04.218271+00:00,api_generic,288.4,False
99-trace-0024157,2026-08-18T15:31:04.368700+00:00,api_generic,1140.56,False
99-trace-0016505,2026-08-18T15:31:04.608612+00:00,site_latency,1194.91,False
99-trace-0024166,2026-08-18T15:31:07.802071+00:00,api_generic,1112.22,False
99-trace-0016531,2026-08-18T15:31:08.818310+00:00,site_latency,365.1,True
99-trace-0024174,2026-08-18T15:31:09.055968+00:00,api_generic,387.93,False
99-trace-0016537,2026-08-18T15:31:09.606501+00:00,site_latency,767.43,False
99-trace-0016548,2026-08-18T15:31:11.429559+00:00,site_latency,936.49,False
99-trace-0024188,2026-08-18T15:31:12.014100+00:00,api_generic,573.82,True
99-trace-0024192,2026-08-18T15:31:12.751545+00:00,api_generic,530.97,False
99-trace-0003301,2026-08-18T15:31:13.794159+00:00,pix,386.52,False
99-trace-0024198,2026-08-18T15:31:13.862607+00:00,api_generic,674.67,True
99-trace-0016563,2026-08-18T15:31:14.055739+00:00,site_latency,141.4,False
99-trace-0016580,2026-08-18T15:31:17.462483+00:00,site_latency,587.44,True
99-trace-0003312,2026-08-18T15:31:19.572205+00:00,pix,570.49,False
99-trace-0003313,2026-08-18T15:31:19.730019+00:00,pix,245.09,False
99-trace-0016601,2026-08-18T15:31:20.746326+00:00,site_latency,579.41,False
99-trace-0008254,2026-08-18T15:31:21.016566+00:00,checkout,195.08,False
99-trace-0024224,2026-08-18T15:31:24.545201+00:00,api_generic,315.55,True
99-trace-0016624,2026-08-18T15:31:24.859977+00:00,site_latency,584.66,False
99-trace-0016642,2026-08-18T15:31:29.588800+00:00,site_latency,555.57,False
99-trace-0024266,2026-08-18T15:31:35.388065+00:00,api_generic,305.02,False
99-trace-0024277,2026-08-18T15:31:36.738322+00:00,api_generic,99.95,True
99-trace-0003345,2026-08-18T15:31:36.897663+00:00,pix,357.96,False
99-trace-0016682,2026-08-18T15:31:37.685383+00:00,site_latency,519.73,False
99-trace-0016684,2026-08-18T15:31:38.031226+00:00,site_latency,568.52,False
99-trace-0016685,2026-08-18T15:31:38.202946+00:00,site_latency,728.15,False
99-trace-0024284,2026-08-18T15:31:38.758144+00:00,api_generic,277.57,False
99-trace-0016693,2026-08-18T15:31:39.446344+00:00,site_latency,920.89,False
99-trace-0008306,2026-08-18T15:31:41.149495+00:00,checkout,790.17,False
99-trace-0024306,2026-08-18T15:31:44.707206+00:00,api_generic,143.95,False
99-trace-0008317,2026-08-18T15:31:45.360724+00:00,checkout,817.54,False
99-trace-0016719,2026-08-18T15:31:46.224849+00:00,site_latency,588.35,False
99-trace-0016746,2026-08-18T15:31:51.766752+00:00,site_latency,540.82,False
99-trace-0003387,2026-08-18T15:31:52.445873+00:00,pix,526.8,False
99-trace-0024343,2026-08-18T15:31:52.628913+00:00,api_generic,178.66,False
99-trace-0008351,2026-08-18T15:31:54.478972+00:00,checkout,279.13,False
99-trace-0003390,2026-08-18T15:31:54.806442+00:00,pix,532.12,False
99-trace-0008353,2026-08-18T15:31:55.181087+00:00,checkout,158.26,False
99-trace-0024353,2026-08-18T15:31:55.801478+00:00,api_generic,131.46,True
99-trace-0024356,2026-08-18T15:31:56.015140+00:00,api_generic,306.45,False
99-trace-0024357,2026-08-18T15:31:56.233759+00:00,api_generic,350.59,False
99-trace-0024358,2026-08-18T15:31:56.274083+00:00,api_generic,250.78,False
99-trace-0024359,2026-08-18T15:31:56.294689+00:00,api_generic,119.17,False
99-trace-0016778,2026-08-18T15:31:56.328609+00:00,site_latency,501.53,False
99-trace-0024371,2026-08-18T15:31:57.972049+00:00,api_generic,338.27,False
99-trace-0016789,2026-08-18T15:32:00.002686+00:00,site_latency,548.84,False
99-trace-0016796,2026-08-18T15:32:01.603552+00:00,site_latency,855.71,False
99-trace-0016803,2026-08-18T15:32:03.179059+00:00,site_latency,870.32,False
99-trace-0024388,2026-08-18T15:32:05.442396+00:00,api_generic,248.53,False
99-trace-0003408,2026-08-18T15:32:06.133248+00:00,pix,389.32,False
99-trace-0003411,2026-08-18T15:32:07.683541+00:00,pix,1385.47,False
99-trace-0024398,2026-08-18T15:32:07.964273+00:00,api_generic,319.72,False
99-trace-0016828,2026-08-18T15:32:08.715237+00:00,site_latency,802.18,False
99-trace-0016831,2026-08-18T15:32:09.772016+00:00,site_latency,2301.72,False
99-trace-0016835,2026-08-18T15:32:10.464785+00:00,site_latency,652.45,False
99-trace-0024413,2026-08-18T15:32:11.216640+00:00,api_generic,459.75,False
99-trace-0024417,2026-08-18T15:32:11.666454+00:00,api_generic,495.29,True
99-trace-0016842,2026-08-18T15:32:12.532100+00:00,site_latency,1219.81,False
99-trace-0016851,2026-08-18T15:32:14.183330+00:00,site_latency,1093.01,True
99-trace-0016853,2026-08-18T15:32:14.716410+00:00,site_latency,1048.99,False
99-trace-0008410,2026-08-18T15:32:14.916820+00:00,checkout,484.38,True
99-trace-0003431,2026-08-18T15:32:15.322881+00:00,pix,716.33,False
99-trace-0024440,2026-08-18T15:32:17.182875+00:00,api_generic,442.63,False
99-trace-0016871,2026-08-18T15:32:18.989573+00:00,site_latency,795.31,False
99-trace-0016875,2026-08-18T15:32:19.490456+00:00,site_latency,447.35,True
99-trace-0003442,2026-08-18T15:32:20.019119+00:00,pix,273.5,False
99-trace-0024454,2026-08-18T15:32:20.334440+00:00,api_generic,725.9,False
99-trace-0016881,2026-08-18T15:32:20.427356+00:00,site_latency,538.83,False
99-trace-0003445,2026-08-18T15:32:20.917141+00:00,pix,91.58,False
99-trace-0024464,2026-08-18T15:32:21.318317+00:00,api_generic,262.72,False
99-trace-0008431,2026-08-18T15:32:22.993983+00:00,checkout,924.07,False
99-trace-0016899,2026-08-18T15:32:23.652634+00:00,site_latency,529.9,False
99-trace-0016910,2026-08-18T15:32:25.452450+00:00,site_latency,616.86,False
99-trace-0008439,2026-08-18T15:32:25.572410+00:00,checkout,237.03,False
99-trace-0008440,2026-08-18T15:32:26.090363+00:00,checkout,1583.91,True
99-trace-0016919,2026-08-18T15:32:27.501849+00:00,site_latency,891.51,False
99-trace-0016940,2026-08-18T15:32:30.632801+00:00,site_latency,606.22,False
99-trace-0016941,2026-08-18T15:32:30.658801+00:00,site_latency,1344.29,False
99-trace-0016945,2026-08-18T15:32:31.220205+00:00,site_latency,330.35,True
99-trace-0024524,2026-08-18T15:32:33.105513+00:00,api_generic,151.06,True
99-trace-0008465,2026-08-18T15:32:34.960540+00:00,checkout,2934.76,False
99-trace-0016965,2026-08-18T15:32:34.963552+00:00,site_latency,638.39,False
99-trace-0024543,2026-08-18T15:32:37.689229+00:00,api_generic,515.71,False
99-trace-0016983,2026-08-18T15:32:39.010441+00:00,site_latency,501.26,False
99-trace-0008475,2026-08-18T15:32:40.239566+00:00,checkout,2678.63,False
99-trace-0008476,2026-08-18T15:32:40.295371+00:00,checkout,845.97,False
99-trace-0024552,2026-08-18T15:32:40.451288+00:00,api_generic,461.24,False
99-trace-0008492,2026-08-18T15:32:47.583331+00:00,checkout,926.07,False
99-trace-0017017,2026-08-18T15:32:47.776021+00:00,site_latency,559.36,True
99-trace-0024588,2026-08-18T15:32:47.956331+00:00,api_generic,213.43,True
99-trace-0008495,2026-08-18T15:32:48.182878+00:00,checkout,912.35,False
99-trace-0008502,2026-08-18T15:32:50.030559+00:00,checkout,336.68,True
99-trace-0017029,2026-08-18T15:32:50.449276+00:00,site_latency,501.9,False
99-trace-0008507,2026-08-18T15:32:51.293789+00:00,checkout,1737.87,False
99-trace-0003522,2026-08-18T15:32:51.825512+00:00,pix,254.36,False
99-trace-0008509,2026-08-18T15:32:52.036043+00:00,checkout,224.91,False
99-trace-0017049,2026-08-18T15:32:55.101284+00:00,site_latency,619.42,False
99-trace-0017057,2026-08-18T15:32:56.277744+00:00,site_latency,507.83,False
99-trace-0008523,2026-08-18T15:32:56.652966+00:00,checkout,774.37,False
99-trace-0024623,2026-08-18T15:32:57.991227+00:00,api_generic,44.47,False
99-trace-0008529,2026-08-18T15:32:58.987426+00:00,checkout,2094.69,False
99-trace-0024633,2026-08-18T15:32:59.807398+00:00,api_generic,271.93,True
99-trace-0008534,2026-08-18T15:33:00.871803+00:00,checkout,765.8,False
99-trace-0024639,2026-08-18T15:33:00.937661+00:00,api_generic,237.07,False
99-trace-0024640,2026-08-18T15:33:01.650363+00:00,api_generic,256.09,False
99-trace-0008538,2026-08-18T15:33:01.906910+00:00,checkout,1390.48,False
99-trace-0024646,2026-08-18T15:33:03.030892+00:00,api_generic,349.46,False
99-trace-0017089,2026-08-18T15:33:03.063515+00:00,site_latency,573.76,False
99-trace-0024653,2026-08-18T15:33:04.225066+00:00,api_generic,256.2,False
99-trace-0024661,2026-08-18T15:33:05.388471+00:00,api_generic,240.91,False
99-trace-0024668,2026-08-18T15:33:07.233106+00:00,api_generic,597.31,False
99-trace-0024669,2026-08-18T15:33:07.265070+00:00,api_generic,255.6,True
99-trace-0008569,2026-08-18T15:33:12.008001+00:00,checkout,540.14,True
99-trace-0008573,2026-08-18T15:33:12.644100+00:00,checkout,1793.81,False
99-trace-0003567,2026-08-18T15:33:13.813222+00:00,pix,163.51,False
99-trace-0017139,2026-08-18T15:33:14.255472+00:00,site_latency,500.24,False
99-trace-0017140,2026-08-18T15:33:14.669228+00:00,site_latency,618.48,False
99-trace-0017141,2026-08-18T15:33:14.681033+00:00,site_latency,86.62,True
99-trace-0017142,2026-08-18T15:33:15.150399+00:00,site_latency,641.92,False
99-trace-0017148,2026-08-18T15:33:16.235235+00:00,site_latency,745.37,False
99-trace-0008582,2026-08-18T15:33:16.445873+00:00,checkout,680.43,True
99-trace-0024705,2026-08-18T15:33:17.143043+00:00,api_generic,208.43,True
99-trace-0008586,2026-08-18T15:33:19.266546+00:00,checkout,1932.08,False
99-trace-0017173,2026-08-18T15:33:21.107851+00:00,site_latency,197.36,True
99-trace-0024722,2026-08-18T15:33:21.469212+00:00,api_generic,269.8,True
99-trace-0003585,2026-08-18T15:33:23.417452+00:00,pix,737.92,False
99-trace-0024732,2026-08-18T15:33:23.717039+00:00,api_generic,607.55,False
99-trace-0024737,2026-08-18T15:33:24.244067+00:00,api_generic,241.22,False
99-trace-0017189,2026-08-18T15:33:24.640653+00:00,site_latency,170.03,True
99-trace-0017190,2026-08-18T15:33:24.707171+00:00,site_latency,557.46,False
99-trace-0017194,2026-08-18T15:33:26.452866+00:00,site_latency,547.57,False
99-trace-0024756,2026-08-18T15:33:26.796394+00:00,api_generic,372.4,False
99-trace-0024760,2026-08-18T15:33:27.700121+00:00,api_generic,995.31,False
99-trace-0017208,2026-08-18T15:33:28.374645+00:00,site_latency,1060.98,False
99-trace-0017219,2026-08-18T15:33:31.098991+00:00,site_latency,162.12,False
99-trace-0024773,2026-08-18T15:33:31.189287+00:00,api_generic,150.79,True
99-trace-0017228,2026-08-18T15:33:32.191768+00:00,site_latency,660.94,False
99-trace-0024778,2026-08-18T15:33:32.894480+00:00,api_generic,853.74,False
99-trace-0003612,2026-08-18T15:33:37.329926+00:00,pix,888.55,False
99-trace-0024807,2026-08-18T15:33:40.482512+00:00,api_generic,513.43,False
99-trace-0008627,2026-08-18T15:33:41.868636+00:00,checkout,178.66,False
99-trace-0008629,2026-08-18T15:33:42.223556+00:00,checkout,783.7,True
99-trace-0024818,2026-08-18T15:33:42.797600+00:00,api_generic,256.55,False
99-trace-0017283,2026-08-18T15:33:43.354569+00:00,site_latency,389.79,True
99-trace-0024830,2026-08-18T15:33:45.024938+00:00,api_generic,424.75,False
99-trace-0024833,2026-08-18T15:33:45.520738+00:00,api_generic,661.69,False
99-trace-0008645,2026-08-18T15:33:46.548074+00:00,checkout,1893.4,False
99-trace-0024839,2026-08-18T15:33:46.551379+00:00,api_generic,341.64,True
99-trace-0003646,2026-08-18T15:33:46.590074+00:00,pix,756.54,False
99-trace-0017300,2026-08-18T15:33:47.715498+00:00,site_latency,592.66,False
99-trace-0003652,2026-08-18T15:33:48.347833+00:00,pix,120.84,False
99-trace-0024846,2026-08-18T15:33:49.104403+00:00,api_generic,764.69,False
99-trace-0017315,2026-08-18T15:33:49.836464+00:00,site_latency,139.43,False
99-trace-0008657,2026-08-18T15:33:50.811950+00:00,checkout,1347.11,False
99-trace-0017319,2026-08-18T15:33:50.890548+00:00,site_latency,1043.35,False
99-trace-0008659,2026-08-18T15:33:51.936717+00:00,checkout,8258.8,False
99-trace-0024859,2026-08-18T15:33:52.554114+00:00,api_generic,609.72,False
99-trace-0003669,2026-08-18T15:33:54.103174+00:00,pix,774.7,False
99-trace-0003672,2026-08-18T15:33:54.408784+00:00,pix,352.91,False
99-trace-0003675,2026-08-18T15:33:54.828865+00:00,pix,255.89,False
99-trace-0008664,2026-08-18T15:33:54.978540+00:00,checkout,243.27,False
99-trace-0017356,2026-08-18T15:33:57.037832+00:00,site_latency,640.01,False
99-trace-0008671,2026-08-18T15:33:58.746995+00:00,checkout,740.61,False
99-trace-0024890,2026-08-18T15:33:59.093485+00:00,api_generic,206.03,True
99-trace-0003690,2026-08-18T15:34:00.980362+00:00,pix,1038.14,False
99-trace-0017380,2026-08-18T15:34:01.678049+00:00,site_latency,612.6,False
99-trace-0024901,2026-08-18T15:34:01.770061+00:00,api_generic,619.12,False
99-trace-0008688,2026-08-18T15:34:02.510312+00:00,checkout,1075.67,True
99-trace-0017391,2026-08-18T15:34:03.447199+00:00,site_latency,223.74,True
99-trace-0003694,2026-08-18T15:34:03.820699+00:00,pix,308.64,False
99-trace-0024919,2026-08-18T15:34:06.778895+00:00,api_generic,867.21,False
99-trace-0017413,2026-08-18T15:34:08.333347+00:00,site_latency,2959.11,False
99-trace-0008707,2026-08-18T15:34:09.547560+00:00,checkout,1103.44,False
99-trace-0008718,2026-08-18T15:34:14.453383+00:00,checkout,643.73,True
99-trace-0008720,2026-08-18T15:34:15.029970+00:00,checkout,733.15,False
99-trace-0024946,2026-08-18T15:34:16.007656+00:00,api_generic,232.8,True
99-trace-0017453,2026-08-18T15:34:17.646247+00:00,site_latency,175.55,False
99-trace-0008732,2026-08-18T15:34:18.202997+00:00,checkout,746.53,False
99-trace-0003734,2026-08-18T15:34:20.385716+00:00,pix,433.43,False
99-trace-0024974,2026-08-18T15:34:20.418638+00:00,api_generic,249.0,True
99-trace-0017474,2026-08-18T15:34:20.462777+00:00,site_latency,494.59,True
99-trace-0024975,2026-08-18T15:34:20.571804+00:00,api_generic,283.57,True
99-trace-0017488,2026-08-18T15:34:23.229264+00:00,site_latency,573.18,False
99-trace-0024987,2026-08-18T15:34:24.208001+00:00,api_generic,580.85,False
