trace_id,timestamp,domain,latency_ms,is_error
158c5cc05e282d0323fbed603d9819ae,2026-08-25T02:02:00.109652+00:00,api_generic,46.65,False
4e341e795fdf31b241fb87f01eeca1d8,2026-08-25T02:02:00.107846+00:00,site_latency,86.74,False
b64c32f5283193b1a4e4be26742ac512,2026-08-25T02:02:00.121749+00:00,site_latency,102.89,False
85f9aeb358a4c4b45fa030f5c750fd37,2026-08-25T02:02:00.119759+00:00,api_generic,119.84,False
f1af533a191d96852131458e38dc6cd5,2026-08-25T02:02:00.117766+00:00,pix,129.29,False
e19f1c729cd0aa6ee47413864a1103f0,2026-08-25T02:02:00.273667+00:00,api_generic,35.65,False
f8384163a4adbae4a69e9706f3df2fd4,2026-08-25T02:02:00.232381+00:00,site_latency,113.79,False
d0055539794372cabcc780218daad875,2026-08-25T02:02:00.242740+00:00,checkout,123.89,False
c317c9ef4fe2abed0121b7a9c9396e45,2026-08-25T02:02:00.110803+00:00,checkout,279.83,False
ddfa10ca234482067888ea49c6f37924,2026-08-25T02:02:00.317469+00:00,site_latency,167.44,False
c6be587d699c2043e3a3193a8b05084f,2026-08-25T02:02:00.114815+00:00,site_latency,377.09,False
792ff2cc35b9522b2bd0e87cf889a7fb,2026-08-25T02:02:00.112503+00:00,site_latency,379.75,False
6272e80dd151995d17635dd212493a54,2026-08-25T02:02:00.118207+00:00,checkout,418.34,False
834f186820a79b6372055ec793c1960e,2026-08-25T02:02:00.179901+00:00,checkout,387.28,False
356a5182c228d43d252f37e252c22adf,2026-08-25T02:02:00.311440+00:00,site_latency,298.49,False
2fe6d5c0cbd4008101cacf22314c3b27,2026-08-25T02:02:00.354417+00:00,checkout,278.9,False
466182e62d1a45658d983a2f944ac682,2026-08-25T02:02:00.187014+00:00,site_latency,452.95,False
f260111b8ab8a25d6781e54f853d8887,2026-08-25T02:02:00.514279+00:00,site_latency,146.73,False
1f44c67912d0d0deedce5cd0cdd1d736,2026-08-25T02:02:00.486345+00:00,site_latency,217.8,False
e662d78895e9a3ddfd4166e8431c8834,2026-08-25T02:02:00.649204+00:00,pix,103.51,False
91189c14deea25ed34a79da83ad3e443,2026-08-25T02:02:00.679726+00:00,pix,84.52,False
13269a1aa2c15a1720fe3217efef8280,2026-08-25T02:02:00.595317+00:00,site_latency,187.96,False
6b149944f134c7fdbb2a36e22827b775,2026-08-25T02:02:00.788151+00:00,api_generic,68.06,False
ed908044f3b560257aa4a1718b18732b,2026-08-25T02:02:00.736623+00:00,site_latency,198.72,False
3be26c5e3853fd6aa30e545e4032a684,2026-08-25T02:02:00.725716+00:00,site_latency,231.57,False
2a6c3b6d0764b6b49f4a6e3d9633493a,2026-08-25T02:02:00.835928+00:00,api_generic,171.83,False
65c94932e1ebc56d920519468f6ac1c3,2026-08-25T02:02:00.938376+00:00,site_latency,93.58,False
e68966593ba3ee9ad81dc1ab73ecfa6c,2026-08-25T02:02:00.884115+00:00,pix,194.16,False
4b52e70dc80f2a7f83298a4cbcfcd34c,2026-08-25T02:02:00.938201+00:00,site_latency,153.41,False
2e09b5a2be580deb517bc693cbaa4ad5,2026-08-25T02:02:01.068398+00:00,api_generic,65.99,False
266aa6027396edabbea84ca7148f4cd2,2026-08-25T02:02:01.109446+00:00,site_latency,83.04,False
8da1ab77ca3dafa5e455692c55d8d92a,2026-08-25T02:02:01.122791+00:00,pix,89.29,False
081475497957a50f5267697c18336075,2026-08-25T02:02:01.122878+00:00,site_latency,97.21,False
e4ca6a46144fb4ab2d4ced33463c3332,2026-08-25T02:02:01.124393+00:00,site_latency,107.22,False
0f4fed69b44ce497feb8451d06a30cdc,2026-08-25T02:02:01.122696+00:00,site_latency,161.42,False
6e95f8c625dd990139751cc08a57b5f7,2026-08-25T02:02:01.118815+00:00,site_latency,170.3,False
1605c397cf863225ae3ab66fec13debe,2026-08-25T02:02:01.214512+00:00,pix,120.61,False
ade05daa6486c9e79093a77ca88b943c,2026-08-25T02:02:00.973636+00:00,checkout,363.03,False
1467c3d0abf29e75766aada58d69c6f5,2026-08-25T02:02:01.287946+00:00,api_generic,57.1,False
4ff4a4556a8342c1f6b33cce64809b23,2026-08-25T02:02:01.270960+00:00,site_latency,87.13,False
19b78b7fb3487cc4bc9a3452cc635fa0,2026-08-25T02:02:01.278708+00:00,pix,80.57,False
a837c9d64eb31513720b8ba4a920aed5,2026-08-25T02:02:01.193650+00:00,site_latency,176.31,False
e8e9a5647bf7b89336910454c0dec333,2026-08-25T02:02:01.216912+00:00,site_latency,156.47,False
1a09d8d119ea0e1b49781abcf10a0088,2026-08-25T02:02:01.258334+00:00,checkout,147.02,False
68940333b5b1d78cc77098d41572ea4f,2026-08-25T02:02:01.315515+00:00,site_latency,131.03,False
95314b32911b5e907defc1cf60991221,2026-08-25T02:02:01.350156+00:00,api_generic,103.23,False
d23efa3c5211c00eb62be2d43f173c56,2026-08-25T02:02:01.251770+00:00,site_latency,215.75,False
55faf8240e2f71306ca13ad4c22ba1d1,2026-08-25T02:02:01.123822+00:00,checkout,354.2,False
750581ea5169d36345d8cf5060da1147,2026-08-25T02:02:01.389251+00:00,api_generic,89.03,False
a53822c8d698c3f353a0c1d95b825c7b,2026-08-25T02:02:01.264681+00:00,checkout,241.34,False
2232cec93179584d55d07598ec3dff21,2026-08-25T02:02:01.373097+00:00,api_generic,153.53,False
0b0fe17328ea7668a2e68d119da693d5,2026-08-25T02:02:01.462177+00:00,api_generic,70.63,False
effd1f20ba1675b7fc771b86b204113b,2026-08-25T02:02:01.474942+00:00,pix,142.01,False
158672573c001447b1ae5cdb36294279,2026-08-25T02:02:01.504764+00:00,site_latency,136.77,False
91c66ebba0eb5d23c9b973de48b4dae7,2026-08-25T02:02:01.455279+00:00,api_generic,226.02,False
7e6fc5517692dab4df66269343b4c64a,2026-08-25T02:02:01.212049+00:00,checkout,481.69,False
9acb1556247e93e2af7376216ae196b7,2026-08-25T02:02:01.595199+00:00,site_latency,106.54,False
74601a39fde491f8914744a612411de8,2026-08-25T02:02:01.497787+00:00,site_latency,217.39,False
57e3d0f2d6ce4730a003ce0819db5d8e,2026-08-25T02:02:01.526567+00:00,checkout,210.67,False
df30772a6b0065f85d2c3a8cb84e443c,2026-08-25T02:02:01.423813+00:00,checkout,338.45,False
69de0c925aff587b05fbb08b1b5bfbdf,2026-08-25T02:02:01.672223+00:00,site_latency,106.28,False
7800f0f344733eb1f88d5214fac06832,2026-08-25T02:02:01.714358+00:00,pix,100.48,False
101f8a0e18ae4de4147d3d4ae62851c6,2026-08-25T02:02:01.656356+00:00,site_latency,164.83,False
25d292d802789ae7e3be02b96789434c,2026-08-25T02:02:01.723157+00:00,pix,112.69,False
d8d67a5122cbe27ae580d45a88935ffd,2026-08-25T02:02:01.714885+00:00,pix,137.62,False
49f1294aa5e7afe206a770da298fdbeb,2026-08-25T02:02:01.673769+00:00,api_generic,189.33,False
bbec7fae894cb5d222bd8d387c1531f7,2026-08-25T02:02:01.704867+00:00,pix,177.77,False
47f231fde9e7658d8f754a5882f60f4f,2026-08-25T02:02:01.781641+00:00,site_latency,108.07,False
8f01348adc463910aa72c8763fcec152,2026-08-25T02:02:01.391862+00:00,site_latency,503.89,False
2b2b739127c0c8ad19227a1008aae4de,2026-08-25T02:02:01.885046+00:00,api_generic,50.73,False
95af0899d13b585a4f5142a7c6161c7b,2026-08-25T02:02:01.781182+00:00,site_latency,179.83,False
e3b25a6d0d5ef2eb33a41b33a0292561,2026-08-25T02:02:01.742027+00:00,site_latency,225.86,False
69e10ba0f7cfd2d73ef62a802ce55095,2026-08-25T02:02:01.717604+00:00,site_latency,265.87,False
c7038cc71bc6f9bfc5306c977d4ea608,2026-08-25T02:02:01.666215+00:00,site_latency,328.34,False
efb7e12d2db925bffaa59efef8c6e689,2026-08-25T02:02:01.910603+00:00,site_latency,85.29,False
76275132dbe7b8c6b64d669e3711123f,2026-08-25T02:02:01.860426+00:00,site_latency,137.31,False
e9d4534a1b1599fc12cb3d4963aa1cb4,2026-08-25T02:02:01.866183+00:00,site_latency,160.03,False
b4ea3a398c207846a0ecbdecf30bbf9d,2026-08-25T02:02:01.589549+00:00,checkout,465.02,False
e6e1828e9249562057715d2760069738,2026-08-25T02:02:01.924495+00:00,api_generic,136.67,False
89f59b9b691c097ef9975d664f321735,2026-08-25T02:02:01.866297+00:00,site_latency,212.67,False
eb65910fb7182415261c900adbe9c013,2026-08-25T02:02:02.028590+00:00,api_generic,80.74,False
8e985e279b156621dd98e3235197d809,2026-08-25T02:02:02.001636+00:00,site_latency,111.87,False
d125aef4e525cc7ed13fc90ecfe9fa7b,2026-08-25T02:02:02.115783+00:00,pix,48.91,False
88b8e20ebfc3d86a9d49cd28b487638d,2026-08-25T02:02:02.112500+00:00,api_generic,54.28,False
8106a8ac3bc0b2fce9f318e9282716f8,2026-08-25T02:02:01.999241+00:00,site_latency,186.03,False
f599ea8bf64e214075b019122d2281e5,2026-08-25T02:02:02.105281+00:00,api_generic,98.98,False
2e4bbed0dcdc0a2624708cf6cb96d893,2026-08-25T02:02:02.117575+00:00,api_generic,102.07,False
6d2241caeb08a3ec2d23ad1c67734784,2026-08-25T02:02:02.131577+00:00,api_generic,92.61,False
32348907853638acbbe980f7e802360d,2026-08-25T02:02:02.112047+00:00,pix,113.44,False
94428998924ea7b7417c4ea27f87dedd,2026-08-25T02:02:02.106201+00:00,api_generic,129.17,False
6bbadf4d54a906d8a74fa5bd1ea66cdd,2026-08-25T02:02:02.215169+00:00,api_generic,27.86,False
864e39305d54f1e36c2effe85ba3b9c1,2026-08-25T02:02:02.036533+00:00,pix,220.46,False
4bd4e7ffa2c121290f987cfadfa94e26,2026-08-25T02:02:01.346998+00:00,checkout,910.8,True
2e2f5b126eed37a88d0acd16c2f08a7f,2026-08-25T02:02:02.111566+00:00,site_latency,146.5,False
a4d9104902c94b40b66967e1634d0997,2026-08-25T02:02:02.227963+00:00,api_generic,38.49,False
b4e8faca97cf3dc64360c6b5a4193247,2026-08-25T02:02:02.143129+00:00,site_latency,130.57,False
d53f769e4418bd84c5e72534961b5142,2026-08-25T02:02:02.130975+00:00,api_generic,143.14,False
4cf92f6d869809980df02f2a79896edc,2026-08-25T02:02:02.226122+00:00,api_generic,65.96,False
0b2f457b39c180384939b4db7e493526,2026-08-25T02:02:01.608149+00:00,checkout,697.66,False
b26b7667c57a62c248eb11fd79506e10,2026-08-25T02:02:02.241060+00:00,api_generic,72.15,False
c3d602544c5a58533686fc913b56e7b4,2026-08-25T02:02:02.228470+00:00,site_latency,88.97,False
abcb2709ada6b588961c88141f44f4b0,2026-08-25T02:02:02.122819+00:00,site_latency,199.09,False
61d2925c17544d1270d47827cc203101,2026-08-25T02:02:02.108515+00:00,site_latency,245.02,False
bacdef585bbd063f5fb6bab42f46735f,2026-08-25T02:02:02.305762+00:00,api_generic,53.64,False
30edb106bdd5b6903e77b2b213f7736f,2026-08-25T02:02:02.131207+00:00,site_latency,233.9,False
6570d34ae75b69919a956eca94642c74,2026-08-25T02:02:02.246582+00:00,site_latency,120.47,False
0d85c8a280c53cadf7d310866e37d52e,2026-08-25T02:02:02.203178+00:00,site_latency,178.02,False
8ae60c374e36de7c089ab5f7885d12b3,2026-08-25T02:02:02.108911+00:00,checkout,285.36,False
d4ffc4d1e78fb49ecd6ad3c6ce329498,2026-08-25T02:02:02.131788+00:00,site_latency,268.09,False
8cedb7a406d496353fa6237da398f970,2026-08-25T02:02:02.323156+00:00,site_latency,90.29,False
d51e432f7a6552d11ba68f5f5ff5ed15,2026-08-25T02:02:02.227267+00:00,site_latency,204.44,False
2082c86688c2a12ba704abe317e0858e,2026-08-25T02:02:02.119927+00:00,checkout,327.46,False
7eaf939e042324485a880540887354d7,2026-08-25T02:02:02.421616+00:00,api_generic,61.22,False
2d09bcfcce48ca9c89fde5afef43d6a4,2026-08-25T02:02:02.250439+00:00,site_latency,248.34,False
12fd04dfb7e18df29a6fe2ec4043b603,2026-08-25T02:02:02.423210+00:00,site_latency,78.72,False
175440dee906739d4ca769233eaedf1a,2026-08-25T02:02:02.307620+00:00,checkout,199.64,False
1aae33986f19e3274478d80bd25643df,2026-08-25T02:02:02.301302+00:00,checkout,247.81,False
27b6adf9d4e5dc21868274e00c7f3784,2026-08-25T02:02:02.383725+00:00,api_generic,189.17,False
424342ea9d411cded09c6c728a225f86,2026-08-25T02:02:02.170422+00:00,checkout,404.36,False
2f5ca28a10b0d041525fcaf662590d11,2026-08-25T02:02:02.478036+00:00,pix,98.75,False
0c93ad08e1f6ba9c60c742acbb191708,2026-08-25T02:02:02.503185+00:00,api_generic,73.88,False
e6a418855fe8ded9d07e79135877405f,2026-08-25T02:02:02.432640+00:00,site_latency,154.62,False
a81eef9698a5d4d1eb649d34610f5edf,2026-08-25T02:02:02.237435+00:00,checkout,371.48,False
29745643c08937951d0f4371c43bf9f8,2026-08-25T02:02:02.584584+00:00,api_generic,28.49,False
989ba0f41defe572209c920f8e3dae87,2026-08-25T02:02:02.581666+00:00,site_latency,52.49,False
fc97acdb498b885003780291905dd386,2026-08-25T02:02:02.116425+00:00,checkout,548.74,False
8e5823a0d49f72236c15668a65f497c7,2026-08-25T02:02:02.621030+00:00,api_generic,45.79,False
5a1f303fa8bd25827337090009973287,2026-08-25T02:02:02.631218+00:00,pix,67.62,False
668af8e4ef93f4b90076dc22f7e92e3c,2026-08-25T02:02:02.527389+00:00,site_latency,182.88,False
e55e651ffd4e9d6cb5671033690b93f5,2026-08-25T02:02:02.638893+00:00,api_generic,80.29,False
fa67086c72b2fcfea27ca709d59c7832,2026-08-25T02:02:02.436201+00:00,site_latency,310.83,False
a35c87f95b19a4f3ea4654fea250cd29,2026-08-25T02:02:02.551215+00:00,checkout,196.37,False
e228877c7459f40f3ea5f09860cbd917,2026-08-25T02:02:02.432402+00:00,site_latency,317.22,False
9ff3e92c6385ed5db0ad71391597f78e,2026-08-25T02:02:02.699221+00:00,site_latency,62.31,False
72f047fd42db65df4adbc04bbc1edad9,2026-08-25T02:02:02.686197+00:00,site_latency,111.71,False
6ecfc8e5b5197ba1f9a7aea4d41e09fb,2026-08-25T02:02:02.371953+00:00,site_latency,433.42,False
4e0098f05946b5c8b395f34585280141,2026-08-25T02:02:02.640442+00:00,site_latency,174.58,False
ecc3120c4e41a8deb72a9e8342b4f320,2026-08-25T02:02:02.641992+00:00,site_latency,173.24,False
8929bbf7488b48d885d5fdc8e6a3c13f,2026-08-25T02:02:02.698812+00:00,site_latency,121.85,False
b1e160abb3c7bcdf830880f92209abbd,2026-08-25T02:02:02.783483+00:00,api_generic,38.04,False
d24a4fa5d61cf75910d327a08da0eac2,2026-08-25T02:02:02.761486+00:00,api_generic,83.3,False
402b65c0be531035778ef342643cd353,2026-08-25T02:02:02.779669+00:00,pix,91.91,False
68fd4e9baa8c0c752f82dc00b11c492c,2026-08-25T02:02:02.829455+00:00,api_generic,43.44,False
382417e83dea28a764a7009d7513ee6d,2026-08-25T02:02:02.824199+00:00,pix,73.12,False
240e714625c25c20d524089e8f2c5d14,2026-08-25T02:02:02.754883+00:00,pix,171.1,False
506c9812f5224ae9234ddc76b475e034,2026-08-25T02:02:02.477522+00:00,checkout,448.96,False
46fbc9907181e8bf1c8a7fd2df3cac4f,2026-08-25T02:02:02.821998+00:00,pix,116.93,False
8ab90d3b71f533327913fa066a644022,2026-08-25T02:02:02.821043+00:00,api_generic,124.56,False
1b0e080a5c1a4e1874ad997c50664d6c,2026-08-25T02:02:02.753979+00:00,api_generic,196.83,False
5c55e87e205c9004215a51e6e6aca079,2026-08-25T02:02:02.682003+00:00,site_latency,285.82,False
ca03d01ccc5643a8060b02124866e34c,2026-08-25T02:02:02.662510+00:00,checkout,335.22,False
900b44d886ad26965ae71eff731e25aa,2026-08-25T02:02:02.639530+00:00,checkout,359.62,False
cd95550c1acc926fb9b8c5492152da41,2026-08-25T02:02:02.893147+00:00,pix,110.83,False
49a7c2b7ffd578006cbc16ede705d68b,2026-08-25T02:02:02.806682+00:00,checkout,225.16,False
a9f0adf2775f15e39501db0fc6330a8e,2026-08-25T02:02:02.969892+00:00,pix,78.57,False
da6c97f7d34c5d666ee1f7cbe8332f45,2026-08-25T02:02:02.953391+00:00,pix,96.44,False
950915aaaf39feafea9a6014a8b4509b,2026-08-25T02:02:02.967782+00:00,api_generic,86.63,False
6f1df568a0d10035f864063fcc50fdf3,2026-08-25T02:02:02.925524+00:00,pix,132.41,False
ddaad87ddf69aeeaae2d4eeebab99331,2026-08-25T02:02:02.927964+00:00,site_latency,131.59,False
de30c557f434cb20b18ae5963f0c8105,2026-08-25T02:02:03.000767+00:00,api_generic,73.17,False
41b3c509bc5274912ee38bfda7c6c77b,2026-08-25T02:02:02.827567+00:00,checkout,252.25,False
088a44cc0d62595b80f6254d3396ccd8,2026-08-25T02:02:02.965340+00:00,api_generic,115.96,False
b7d8c02f53c7380e51c17c0b5edbc41c,2026-08-25T02:02:02.848628+00:00,site_latency,237.7,False
bfae793562b0bc2a3d89a4193cd05b60,2026-08-25T02:02:02.977391+00:00,site_latency,130.14,False
1bf68a1fb4db56198db84c87888cc85f,2026-08-25T02:02:02.795139+00:00,checkout,317.7,False
8687c34cbec67c23743531d43bf2a323,2026-08-25T02:02:03.029408+00:00,api_generic,91.2,False
212a40aaf1b3ca7922619b51bb2ac4a9,2026-08-25T02:02:02.874984+00:00,checkout,265.94,False
64fa229a385d9c9b27a304e00bb9a5d8,2026-08-25T02:02:02.495722+00:00,api_generic,652.78,False
93df43fb03bf1c82484abbfd06bfe28b,2026-08-25T02:02:02.908792+00:00,api_generic,243.17,False
d7e2d254ec856fde1936c40296df09ce,2026-08-25T02:02:03.028600+00:00,site_latency,134.2,False
b84c92266556d38c19154122c51c2f8b,2026-08-25T02:02:02.895123+00:00,site_latency,283.24,False
9c03f485c3fa82af33dee8df123db5d0,2026-08-25T02:02:03.054378+00:00,site_latency,139.35,False
36b114d3b310b3ddad3367e1e8aadc5e,2026-08-25T02:02:03.055921+00:00,site_latency,161.4,False
5bdc60126e76888e29454578e3d38bba,2026-08-25T02:02:03.070449+00:00,site_latency,155.48,False
862d30c0227e2ee99da2e6cd45673638,2026-08-25T02:02:03.069335+00:00,pix,159.69,False
90ee8da9e9d65ce9f8c56539bb011693,2026-08-25T02:02:02.695019+00:00,checkout,542.05,False
aeaca79663f82299eb0c4d9f0473abdd,2026-08-25T02:02:03.172073+00:00,site_latency,83.51,False
f380c0c3869e925d9756426c318cf520,2026-08-25T02:02:02.868200+00:00,site_latency,401.98,False
df3bcfa3714a0c7d9b1e96da053d6109,2026-08-25T02:02:03.162362+00:00,site_latency,130.93,False
6f9da5881b7ea7e2169b51247539a339,2026-08-25T02:02:03.221365+00:00,api_generic,74.13,False
0f661d393a3042da9dd12b4c30d2a8d7,2026-08-25T02:02:03.120353+00:00,site_latency,179.63,False
7c6ea58b55cdb09d6fa0fb60cb5e6656,2026-08-25T02:02:02.642849+00:00,checkout,666.8,False
7a7d8577002c437ea3884256999ea13b,2026-08-25T02:02:03.207476+00:00,api_generic,114.11,False
d53005868f4f1249f6949b6c9decf70e,2026-08-25T02:02:03.138175+00:00,checkout,185.81,False
aec4342a3012e961834aa6294c38d9aa,2026-08-25T02:02:03.231416+00:00,api_generic,94.25,False
27f5601e6cf30db0425ae934db53cc34,2026-08-25T02:02:03.294353+00:00,api_generic,45.78,False
aa638051f357c25647cf5a6156b88a4c,2026-08-25T02:02:03.202547+00:00,site_latency,138.96,False
837ba9c7521a14fae782f081845d08d6,2026-08-25T02:02:03.126656+00:00,site_latency,229.43,False
1460bc801e44d261cbef45d1678a0328,2026-08-25T02:02:03.154652+00:00,pix,209.24,False
049a73228671409440d665e5738a6184,2026-08-25T02:02:03.243368+00:00,site_latency,128.49,False
bccb799c8a5e1432124780dbc6dbb92d,2026-08-25T02:02:03.093166+00:00,checkout,278.89,False
d2fcb8dc4ec89393299c6a21a512bc14,2026-08-25T02:02:03.297734+00:00,api_generic,98.75,False
436e18b8949e7171bd25953b679ff4f4,2026-08-25T02:02:03.284897+00:00,api_generic,116.11,False
504798044b4b0b156be4000822718b47,2026-08-25T02:02:03.337591+00:00,api_generic,67.92,False
51c10ae75d35958feab6678be4404fab,2026-08-25T02:02:03.067491+00:00,site_latency,341.71,False
58186f2feac15684b4a787b760898350,2026-08-25T02:02:03.195057+00:00,pix,236.93,False
8f42852e918056f19c8d7d3dc20b9999,2026-08-25T02:02:03.382200+00:00,api_generic,87.91,False
dbfd1e3b31560898a3debee392ebda9f,2026-08-25T02:02:03.401499+00:00,api_generic,72.65,False
770a420b256967c580ea38314d6bef61,2026-08-25T02:02:03.433998+00:00,api_generic,44.03,False
c4d28a1a5d0dc4407dbab1cbead7ba52,2026-08-25T02:02:03.408619+00:00,api_generic,77.35,False
8119c2198a28d46385e6a503284ddc1a,2026-08-25T02:02:03.355649+00:00,api_generic,141.04,False
64ca06c67d94aa6099426f5bc8947f7c,2026-08-25T02:02:03.224804+00:00,site_latency,273.29,False
d4bb4ba9f5d5992705e3f5a3e4364a0b,2026-08-25T02:02:03.106306+00:00,checkout,392.1,False
e9eebcce62af913b439bc197e72235f1,2026-08-25T02:02:03.310978+00:00,site_latency,187.65,False
d8e24cdd02bf5cc545962e2c073daa5a,2026-08-25T02:02:03.384922+00:00,api_generic,127.75,False
1f4b6ea4ca69b3a7a7d862d20d1ad586,2026-08-25T02:02:03.387685+00:00,site_latency,133.19,False
700406f028cf92c4e800bf2fd1e9b5d2,2026-08-25T02:02:03.228975+00:00,site_latency,310.39,False
7f78e3ed65258b6d41b39060aed7ec6f,2026-08-25T02:02:03.271424+00:00,site_latency,288.5,False
13a56899e8dafc0f6d0b94caec0b16b7,2026-08-25T02:02:03.508198+00:00,api_generic,62.08,False
098273a383ffb743f564f29f7b74d71d,2026-08-25T02:02:02.976934+00:00,checkout,595.23,False
b43f06b9fcd20ca575575fae0f623cec,2026-08-25T02:02:03.507701+00:00,site_latency,65.68,False
a31eadfd7478a2d07ded82a15951ceaf,2026-08-25T02:02:03.299950+00:00,site_latency,333.96,False
a46bf5198e31b96aef90e236dec31389,2026-08-25T02:02:03.516689+00:00,pix,133.26,False
ab366ec49bc2f7e0dbb825245c294301,2026-08-25T02:02:03.615391+00:00,site_latency,37.2,False
54e5470900899ba90c27cc536e7952f0,2026-08-25T02:02:03.610310+00:00,api_generic,56.47,False
b67d43558994d74b23a7da4d06bc5797,2026-08-25T02:02:03.566427+00:00,pix,105.59,False
eeab8535d47d4fe2e7b06c7e76dae2b1,2026-08-25T02:02:03.622060+00:00,site_latency,54.29,False
091f0754896a3ccf3a83ea6c4c7f1090,2026-08-25T02:02:03.525044+00:00,site_latency,152.66,False
00c6f52236fa82c94314818b018db390,2026-08-25T02:02:03.580881+00:00,site_latency,121.77,False
718f3149e361da9386379e4aaea54c4f,2026-08-25T02:02:03.509133+00:00,site_latency,205.72,False
dc7f0c50bcd1eb036f86b81292e9829f,2026-08-25T02:02:03.656623+00:00,site_latency,71.59,False
8cf2f6fa13bf5c8baee50d163455da1a,2026-08-25T02:02:03.585079+00:00,pix,145.01,False
2163f34f9f169e41b05a3e29a81e348f,2026-08-25T02:02:03.597433+00:00,pix,133.92,False
12331c95b853c2cec90580f8d3746c34,2026-08-25T02:02:03.572122+00:00,api_generic,159.44,False
76f67f867148c708399e84db39e861f7,2026-08-25T02:02:03.410595+00:00,checkout,321.16,False
0dbbb091d138ed42144c3bdf0bf3529d,2026-08-25T02:02:03.575805+00:00,checkout,157.47,False
c85048f745e823fc6bc22f9b58229a64,2026-08-25T02:02:03.655738+00:00,api_generic,78.58,False
f846628ebd14085881283dc9b7656c2b,2026-08-25T02:02:01.997688+00:00,checkout,1738.69,False
9becd48e9da81b1f28185b14c0317dcd,2026-08-25T02:02:03.562349+00:00,pix,185.82,False
e1f63a22365a32f2de971a33a453638c,2026-08-25T02:02:03.665581+00:00,site_latency,85.23,False
7e855b9ad729812215e6f4d21fbd4369,2026-08-25T02:02:03.650393+00:00,site_latency,101.79,False
593fce7bc7936d4834b60ef5e443f775,2026-08-25T02:02:03.559894+00:00,api_generic,218.2,False
3c5d3cbdc534233aa2cb0b26f4f6db74,2026-08-25T02:02:03.559717+00:00,pix,231.14,False
52a2778cc5ccfd90e6874154906ab904,2026-08-25T02:02:03.645309+00:00,site_latency,164.08,False
dda2e352c317b4ccc118dff4f7593409,2026-08-25T02:02:03.402633+00:00,site_latency,424.09,False
86c787abca3d32522e23e850871de54c,2026-08-25T02:02:03.732100+00:00,api_generic,102.54,False
a4344ca449d1b96f33316f8f004b50d7,2026-08-25T02:02:03.807808+00:00,api_generic,41.11,False
b9bd4f0c5f9ba8e0c258f2dc08cd0664,2026-08-25T02:02:03.560876+00:00,site_latency,310.12,False
0c5736493b043ba78363b7e728f3cc71,2026-08-25T02:02:03.818660+00:00,api_generic,75.1,False
a567de9cb31ba026f9bcb0926cb8f52f,2026-08-25T02:02:03.458887+00:00,site_latency,443.75,False
6e9f27a5d4c999791c5e399342ce086e,2026-08-25T02:02:03.807705+00:00,site_latency,102.42,False
57cf5dfd149cdd655a4bfc40e5c81823,2026-08-25T02:02:03.687324+00:00,checkout,235.37,False
99c4fe34d4d3a206b139115f7061cbf4,2026-08-25T02:02:03.874628+00:00,api_generic,92.7,False
b3b24e40d5f8dc566df837a5128ad7d9,2026-08-25T02:02:03.956234+00:00,api_generic,54.26,False
b28f3cd6dcae08d32ab36e2b09197293,2026-08-25T02:02:03.895707+00:00,api_generic,114.98,False
932ce61cc9988eab28e4690627324ac8,2026-08-25T02:02:03.808355+00:00,checkout,245.85,False
94a4883917c0235669a562c4b82475a2,2026-08-25T02:02:04.027534+00:00,api_generic,28.14,False
23a8ea3af0d80f03d9ec30b172418403,2026-08-25T02:02:03.805815+00:00,api_generic,267.29,False
a410a8a668daf2a48475334a5b1c24c5,2026-08-25T02:02:04.021220+00:00,api_generic,52.51,False
5969fcbb1ab2352af90405e304a63c76,2026-08-25T02:02:03.806954+00:00,site_latency,276.43,False
a817d12199521107da321d63c520b76b,2026-08-25T02:02:03.739895+00:00,site_latency,347.47,False
211dd8ac95c9f5ef907db1f6b7c1245d,2026-08-25T02:02:03.978816+00:00,api_generic,115.13,False
d92e524bce2ff66c55a23f22ae2baa2a,2026-08-25T02:02:04.008404+00:00,api_generic,85.83,False
bcea00deb62a8fde18e6fa9bfdfdbbaf,2026-08-25T02:02:03.737173+00:00,checkout,369.95,False
c6d0e18aa14058f14190e07671e2aa2e,2026-08-25T02:02:03.807592+00:00,checkout,324.22,False
3fae7957534a7c531b555ac65177e62f,2026-08-25T02:02:03.845917+00:00,api_generic,296.05,False
4d9775e449ab8f004ffcc876e1031b86,2026-08-25T02:02:04.023551+00:00,api_generic,147.35,False
947697b029f95c5588eae34553b3efe0,2026-08-25T02:02:04.099648+00:00,checkout,84.01,False
e5f0ce74fd3d3a84530578f8119ed889,2026-08-25T02:02:04.055636+00:00,site_latency,171.23,False
7c0f6b07b17675b05387283f4d980a13,2026-08-25T02:02:03.977695+00:00,checkout,261.75,False
6f82bc7b6122e7de74424fe465ecaf7b,2026-08-25T02:02:04.056111+00:00,pix,192.32,False
dcde70ae2b2ab68aa7672382a00c028d,2026-08-25T02:02:04.136853+00:00,site_latency,140.38,False
35e5eaf748dc32a9da71d328164ced45,2026-08-25T02:02:04.017045+00:00,checkout,279.3,False
33be3a4100cda5c525cee612e40c6409,2026-08-25T02:02:04.211634+00:00,pix,105.8,False
caab980c056d55d1ab111046bf9227c1,2026-08-25T02:02:04.118498+00:00,site_latency,206.54,False
ec8ce64c9646a66a53404aa4e614b025,2026-08-25T02:02:04.090616+00:00,site_latency,253.91,False
3fcfd45e65b5a449d7c48b304601c060,2026-08-25T02:02:04.025051+00:00,site_latency,324.57,False
42ae02a0962bdc16635f7bf14f7ceba9,2026-08-25T02:02:04.273358+00:00,pix,82.98,False
eb338b04b96cb5b28228615a2b0aabb5,2026-08-25T02:02:04.275476+00:00,site_latency,84.95,False
232c18d4dec9c52b2ed3e65ebc0d7df1,2026-08-25T02:02:04.281699+00:00,pix,95.33,False
a38389bae7a4b2d126e413dfe3fc4ac2,2026-08-25T02:02:04.184874+00:00,site_latency,204.56,False
36e36f240a0da8624293427bcbe21e83,2026-08-25T02:02:03.810984+00:00,checkout,588.28,True
5a0d8c4afcfb051d72654538d9ed90cd,2026-08-25T02:02:04.287558+00:00,api_generic,118.38,False
d506ee4088ae273945a01e2ce9c9c9b5,2026-08-25T02:02:04.359107+00:00,api_generic,70.89,False
0fca2660073d43a2aec566fa03278c2d,2026-08-25T02:02:04.283393+00:00,site_latency,148.49,False
4725901d48e9fd6b04ddcedc553e1d60,2026-08-25T02:02:04.276392+00:00,pix,155.8,False
01a5899592c9553c84026788a7b8069c,2026-08-25T02:02:04.288273+00:00,site_latency,151.13,False
cf98948514de17e4af7a0b60f6138a9a,2026-08-25T02:02:04.318778+00:00,checkout,129.43,False
712f832f175954a63454d7ac6d9606f5,2026-08-25T02:02:04.214898+00:00,pix,247.56,False
036e376ce2977e627080cd9104e03eeb,2026-08-25T02:02:04.371430+00:00,api_generic,92.63,False
c9331367e29052d885cfeea25744d1a2,2026-08-25T02:02:04.289225+00:00,site_latency,180.07,False
08c6640be45b7c79b15f3c6bcda19f10,2026-08-25T02:02:04.328252+00:00,checkout,153.18,False
03596427431fa2f90134adf01a553af5,2026-08-25T02:02:04.362700+00:00,site_latency,121.93,False
0f2f49c5e64056beb1d70313ac8d1732,2026-08-25T02:02:04.429379+00:00,api_generic,74.91,False
f58cd001e61c4c962d4683c5435a7a05,2026-08-25T02:02:04.459779+00:00,api_generic,67.26,False
09b2d33fe87b1c60e94bad9a115cb420,2026-08-25T02:02:04.319114+00:00,site_latency,226.21,False
07f8ff7565780ffaf0a0ea3803ae6f13,2026-08-25T02:02:04.286723+00:00,site_latency,263.93,False
5483bc562094eadf79dea57769c4eb9f,2026-08-25T02:02:04.288381+00:00,checkout,282.62,False
278286fe646754a37aea4a81480f83e0,2026-08-25T02:02:04.373676+00:00,site_latency,198.51,False
b40074c2c7556b62c33ddafa7f2a8f4f,2026-08-25T02:02:04.505603+00:00,pix,77.74,False
b0633eede7fa33e2b637f1298aeeca7f,2026-08-25T02:02:04.429269+00:00,checkout,156.36,False
cae9ccad783d5d7a97249603c90c109b,2026-08-25T02:02:04.402072+00:00,site_latency,209.01,False
09b819448203be3b1ea3737abecbf48c,2026-08-25T02:02:04.441494+00:00,site_latency,170.19,False
1c285cb304593181924fe224f34a7d6c,2026-08-25T02:02:04.436467+00:00,site_latency,183.61,False
4f5baf665118b316487550a4d23c688f,2026-08-25T02:02:04.287311+00:00,checkout,339.33,False
7af26feac9cc790ed232856af1730137,2026-08-25T02:02:04.515773+00:00,pix,116.58,False
b0ae37d854d833756ddee22ada7cc3e9,2026-08-25T02:02:04.394567+00:00,api_generic,244.45,False
671a8fa52e81389234eb39368aed230d,2026-08-25T02:02:04.465446+00:00,site_latency,175.16,False
3902420ef849931fc4a0c64cca103af0,2026-08-25T02:02:04.500874+00:00,api_generic,141.31,False
be96f8a7b9cbb2790f0587fe657b8b40,2026-08-25T02:02:04.553060+00:00,pix,93.81,False
955248a3bb01f1562482b18906882076,2026-08-25T02:02:04.556086+00:00,pix,98.55,False
b9383ec959a149dc8514af783bd089ae,2026-08-25T02:02:04.589779+00:00,api_generic,91.29,False
6f55f0f4310c44e2a47655475243c818,2026-08-25T02:02:04.464020+00:00,api_generic,217.4,False
52adf889561e91e3e1403727bff773d1,2026-08-25T02:02:04.595816+00:00,api_generic,88.84,False
5713d248af8ffd0da0108a325b694f79,2026-08-25T02:02:04.372632+00:00,site_latency,319.66,False
a1b6aa8263cf78cf13abf3cc89025677,2026-08-25T02:02:04.449898+00:00,site_latency,245.49,False
166c4a90f4810c4e2e2879009ccd8b0f,2026-08-25T02:02:04.616441+00:00,api_generic,82.72,False
d41e8b250e850ca08b80791abf3a80a6,2026-08-25T02:02:04.397949+00:00,checkout,315.11,False
147d17daee6b7c6b546da094b6212837,2026-08-25T02:02:04.657988+00:00,api_generic,62.42,False
15634445a04681148adba64c3833edac,2026-08-25T02:02:04.605821+00:00,site_latency,115.79,False
02090c734cc9a24f1cc439148aeae709,2026-08-25T02:02:04.372195+00:00,checkout,363.1,False
661e29413e40d18c70e2ae62194c722f,2026-08-25T02:02:04.565612+00:00,site_latency,171.02,False
45cec6c56686456b21df2203a4850fda,2026-08-25T02:02:04.543285+00:00,site_latency,225.05,False
fe35cfbfcf1193a7abd2a3a798b13b6b,2026-08-25T02:02:04.693144+00:00,api_generic,83.72,False
e2db216687421ffe08e9d11b3d19b1b7,2026-08-25T02:02:04.701028+00:00,api_generic,77.8,False
8cbefeca5b77ed0cadcdf202f457d14a,2026-08-25T02:02:04.721576+00:00,pix,57.77,False
39c2298b65115b3c4ea040a334e5d924,2026-08-25T02:02:04.542387+00:00,checkout,273.56,False
b327f26a9c6d9ccc17b6e4503ead094c,2026-08-25T02:02:04.652875+00:00,api_generic,163.55,False
71d707e8c91eb1cd88a84c4c247b348c,2026-08-25T02:02:04.719609+00:00,api_generic,101.28,False
2d857e6fb4811b99ea59416be8f3e005,2026-08-25T02:02:04.505909+00:00,checkout,322.32,False
26f001c00e3939e4868586c9a48f6e02,2026-08-25T02:02:04.720797+00:00,api_generic,110.98,False
b0e846881d645f282cc83ecb8021f9ff,2026-08-25T02:02:04.533465+00:00,checkout,307.6,False
5c9aa30cade812642a8dcfe8e7064b61,2026-08-25T02:02:04.423252+00:00,checkout,420.7,False
e597651f814cf544e7d040bf995f91da,2026-08-25T02:02:04.435287+00:00,site_latency,415.88,False
790e64f30a175ded2a8177116b2f1841,2026-08-25T02:02:04.552701+00:00,site_latency,301.05,False
4143f297071422a9938506b9901054c1,2026-08-25T02:02:04.759481+00:00,pix,102.72,False
e4907f733c9055b090458f5cfcd44a9e,2026-08-25T02:02:04.757910+00:00,api_generic,116.12,False
e96a81946787a1ac0c40eb91b07344c8,2026-08-25T02:02:04.841013+00:00,site_latency,44.58,False
7ce40af3987ac4c9b53ac832636fa264,2026-08-25T02:02:04.812447+00:00,site_latency,73.83,False
b656d7b23de7c7a6b18a50475dbfdb71,2026-08-25T02:02:04.511329+00:00,site_latency,380.6,False
f92d84ae31b14fa442d5d2ecad26ec21,2026-08-25T02:02:04.742179+00:00,site_latency,163.18,False
eeb383293b3511562bf3d73e3528b6de,2026-08-25T02:02:04.816393+00:00,api_generic,93.77,False
e7cf709535723607ced535c0a553f499,2026-08-25T02:02:04.745974+00:00,api_generic,173.3,False
d0829520bda8209438cdd7aeb085fbfe,2026-08-25T02:02:04.800066+00:00,site_latency,128.37,False
80418c074a9108e4b745bed89a8e76a0,2026-08-25T02:02:04.829622+00:00,pix,119.1,False
5d91ff358f96ead48a7247a8ec1361f3,2026-08-25T02:02:04.824502+00:00,api_generic,124.47,False
9be4c4b6ed55a05b7e9fc8236f15fd99,2026-08-25T02:02:04.798969+00:00,api_generic,152.47,False
c9c565cb52a24e8fc00b8aab84c0799d,2026-08-25T02:02:04.893115+00:00,api_generic,82.46,False
3922019d674365464b86d6ec488af890,2026-08-25T02:02:04.612996+00:00,checkout,377.75,False
3a39976c16add79e9ea2915e4110113d,2026-08-25T02:02:04.920427+00:00,site_latency,71.66,False
c79e687b90705ffff103ae33a72f8381,2026-08-25T02:02:04.700189+00:00,checkout,297.83,False
de45f5937f52b739f993b6ca15417295,2026-08-25T02:02:04.951405+00:00,api_generic,63.18,False
39675335cf21e878fae3172fb9373067,2026-08-25T02:02:04.709954+00:00,site_latency,306.38,False
f98e0dd4c9faa06944fa7f0d23ca8262,2026-08-25T02:02:04.899021+00:00,api_generic,119.89,False
214af72e2c33136cd9cf8f5342b735ed,2026-08-25T02:02:04.897472+00:00,site_latency,125.48,False
912a18a3a5fd342cd35d075716a4701f,2026-08-25T02:02:04.954321+00:00,site_latency,68.93,False
77f1b534214c743df652122359f8c493,2026-08-25T02:02:04.931205+00:00,api_generic,93.96,False
4da8572b983be536f443f91936bc7095,2026-08-25T02:02:04.823204+00:00,api_generic,204.25,False
58241159f158e33dbc11771dfa286574,2026-08-25T02:02:04.971636+00:00,api_generic,59.68,False
f83a531576f1a36d2696545e8ef549bf,2026-08-25T02:02:04.890197+00:00,pix,143.34,False
4db7a6f17e2532e386e19b7b33bed8e9,2026-08-25T02:02:04.996555+00:00,api_generic,95.82,False
0d37ad490b89d5ac0119920942073486,2026-08-25T02:02:04.946195+00:00,api_generic,147.29,False
939ca83a3eb496cc357824076bddb0f0,2026-08-25T02:02:05.034387+00:00,api_generic,59.3,False
ce8dd61d47eb7b0d0d730e28adec36ae,2026-08-25T02:02:04.883856+00:00,api_generic,210.37,False
df4d70394dab8d37daf662c08927c3d4,2026-08-25T02:02:04.996161+00:00,pix,106.21,False
a2a3d4475bfbdc2e568f7750ff2cd9af,2026-08-25T02:02:04.930884+00:00,site_latency,196.77,False
cfa12ab638ac3cf2a9a0ac295ae55f5b,2026-08-25T02:02:04.909006+00:00,site_latency,221.86,False
92384a3b92bc1cdedb196743da419a26,2026-08-25T02:02:02.558478+00:00,checkout,2598.48,False
55d4765f372029eabbfefcd1ac1e4060,2026-08-25T02:02:05.116367+00:00,site_latency,61.39,False
54bd4121301d6ae926c95f96aea0571f,2026-08-25T02:02:05.125229+00:00,api_generic,59.6,False
1327e66582255ce2f283cdc286a98f81,2026-08-25T02:02:05.039670+00:00,site_latency,151.61,False
48b269883bcb1057569e7992e8506bd8,2026-08-25T02:02:05.102332+00:00,pix,89.17,False
4ef631d8502b855bef6210ab76663e2b,2026-08-25T02:02:04.834736+00:00,checkout,356.94,False
c6bcd433b9ca95bdb800bb8ad63f137d,2026-08-25T02:02:05.133550+00:00,api_generic,62.59,False
4e9ec57ff2c2efe510ae6e3e576d8669,2026-08-25T02:02:05.131737+00:00,site_latency,70.7,False
69f17c358b3156e0c85448c4ea949961,2026-08-25T02:02:04.098065+00:00,checkout,1125.07,False
377e80d691c29a24b39b1189dfe03f5e,2026-08-25T02:02:05.139534+00:00,api_generic,98.18,False
91d684142a7361119a92c3f5add7f463,2026-08-25T02:02:05.118945+00:00,site_latency,139.56,False
922b57fd690bdd6bdb7d200aefe0e70b,2026-08-25T02:02:05.154229+00:00,api_generic,121.72,False
8569b06cc09047b1d27a878de20fed51,2026-08-25T02:02:05.142169+00:00,api_generic,135.3,False
374c144bec54fc1331dc66cce67357ab,2026-08-25T02:02:05.216004+00:00,pix,136.69,False
3e0077b8f90816f2de6e9e2f786340dc,2026-08-25T02:02:05.254655+00:00,pix,101.63,False
c3166a60dc3ed333db2289f272645779,2026-08-25T02:02:05.124970+00:00,site_latency,238.46,False
56bbc9dd5c678ba873649be3c1d5e17c,2026-08-25T02:02:05.223077+00:00,pix,141.85,False
66495e7f10338856d7fd2e2cad37e872,2026-08-25T02:02:05.207591+00:00,checkout,165.57,False
11afbb16a7475cb89211dcb3da4a1d52,2026-08-25T02:02:05.303665+00:00,api_generic,71.09,False
564782e524a48809808efcc470f6e280,2026-08-25T02:02:05.131422+00:00,checkout,249.78,False
3a90d40eb1850095b92b0fbef32e4686,2026-08-25T02:02:05.317797+00:00,api_generic,72.78,False
7bd0efff62bc61a6060d2c201ffb1ecc,2026-08-25T02:02:05.135287+00:00,site_latency,257.0,False
2e2691d3f672e2afdf88c785bc65cf22,2026-08-25T02:02:05.197320+00:00,checkout,197.97,False
cbeb2ce88e97a31c7bc6a07df05c65ba,2026-08-25T02:02:05.233490+00:00,checkout,164.25,False
af900bb95add786a7fecfcfd699e0b29,2026-08-25T02:02:05.359968+00:00,api_generic,42.24,False
a31279743b682e8e79c62344b95c72fd,2026-08-25T02:02:05.303343+00:00,pix,102.35,False
fc20f6553c603a28e11c9886245c2c73,2026-08-25T02:02:05.377101+00:00,api_generic,39.04,False
c73b197c6069b12e8e692f557e5465e6,2026-08-25T02:02:05.116602+00:00,checkout,303.83,False
0ca4ec176ae94392e38d3aa6ff25aad9,2026-08-25T02:02:05.288697+00:00,pix,131.96,False
c64f82887770097e87c3f69569680083,2026-08-25T02:02:05.384237+00:00,api_generic,38.25,False
6d63ce099c1e259d9d68f477b37ac717,2026-08-25T02:02:04.917994+00:00,checkout,532.28,False
d2051d6d8733f2630545b34ef61200a0,2026-08-25T02:02:05.127289+00:00,site_latency,327.09,False
d9e2fb9d2f9f0d39975c0e4d3ea7087c,2026-08-25T02:02:05.265913+00:00,site_latency,192.63,False
fe21ce53a566d501704be546e559588f,2026-08-25T02:02:05.013312+00:00,site_latency,450.79,False
75526cc3aba5664b325235c91307a5cc,2026-08-25T02:02:05.255000+00:00,site_latency,221.54,False
8055c7bf1d36504bf7472d56a0f96f8d,2026-08-25T02:02:05.380873+00:00,pix,109.57,False
f043daf37ab4c005c3fd63372c8af222,2026-08-25T02:02:05.370921+00:00,site_latency,119.72,False
55c5e58645093a9ce8e57905c7d33ad1,2026-08-25T02:02:05.361716+00:00,pix,134.97,False
3724d6a1960ccaa2c924b7ee207ae236,2026-08-25T02:02:04.961525+00:00,checkout,541.47,False
52b854fe7e71ff3be44d4e31398aecc8,2026-08-25T02:02:05.390306+00:00,site_latency,125.98,False
962e3fd4ceaf24648f9e630483131828,2026-08-25T02:02:05.420391+00:00,site_latency,121.24,False
4b326b6346c5e18f1480024cebcc5862,2026-08-25T02:02:05.438655+00:00,pix,116.74,False
4aa4fc2060f6797ef7ca54f8ad66e5f3,2026-08-25T02:02:05.495231+00:00,api_generic,70.53,False
5bad85fbadeb17e7228f71e2e4c7800a,2026-08-25T02:02:05.292598+00:00,checkout,273.69,False
97f373d53f551b0f722bc0058cce9346,2026-08-25T02:02:05.494820+00:00,pix,83.51,False
496ade2a23b28b3eee13ab8bdf7fd2a2,2026-08-25T02:02:05.348474+00:00,site_latency,244.4,False
b1c73a15b9af6e415b612439fe8b8e03,2026-08-25T02:02:05.538733+00:00,site_latency,62.87,False
1d914a5a22a9b0e4769b373811f90c8b,2026-08-25T02:02:05.439380+00:00,site_latency,164.85,False
eed0f1b304e847536ea7fe16bff6f650,2026-08-25T02:02:05.539134+00:00,api_generic,67.81,False
da17722cbe7c8f341fe71848681a4574,2026-08-25T02:02:05.485950+00:00,site_latency,135.98,False
eac3550c44a17f963430866d63f21073,2026-08-25T02:02:05.393420+00:00,pix,258.73,False
3aca31b74c1712af8e2215315bee884c,2026-08-25T02:02:05.459722+00:00,checkout,193.9,False
26b62a4e0a166b9a7c67f20c91ce7517,2026-08-25T02:02:05.560438+00:00,api_generic,104.27,False
d2a1ffc0666f3303ddd99ee9449f35a8,2026-08-25T02:02:05.551963+00:00,pix,116.64,False
64086d5e14bcabfc1c259572d0beaffd,2026-08-25T02:02:05.435289+00:00,checkout,241.74,False
6117f99f5248f86d86dce9269aefaa26,2026-08-25T02:02:05.598044+00:00,api_generic,79.28,False
b075cebb64fed30fa40d67b12cfb6ef7,2026-08-25T02:02:05.424477+00:00,checkout,264.94,False
4c3963ffb8319ac70da38bf0212cf308,2026-08-25T02:02:05.659850+00:00,pix,74.96,False
1f1cc31ae8cba7eb448c85b05cce81f3,2026-08-25T02:02:05.659428+00:00,pix,102.07,False
b10b8098cff9975671a4f01e9b31b327,2026-08-25T02:02:05.693676+00:00,api_generic,87.93,False
22449cd3f689b6276d12db2b2a3a1f44,2026-08-25T02:02:05.733220+00:00,site_latency,58.67,False
bab779b997c88cc3dd1b69aad418b5b2,2026-08-25T02:02:05.581961+00:00,pix,214.87,False
c3f6ccddfcb79285c190cea4c2942ec6,2026-08-25T02:02:05.736031+00:00,site_latency,70.04,False
419e9e4f1940af5a7903f091ab0ab225,2026-08-25T02:02:05.435744+00:00,site_latency,370.6,False
5e8a5d47155624d1b7a299c65ec5cebf,2026-08-25T02:02:05.643306+00:00,site_latency,191.13,False
411ddcba6425f85f36a0c5e6cc528e73,2026-08-25T02:02:05.775902+00:00,api_generic,64.45,False
01fe1414f70250605684e2bf9a752231,2026-08-25T02:02:05.470713+00:00,site_latency,376.6,False
d7cc8eb1b5728e01ac726106f0dbd9b1,2026-08-25T02:02:05.773934+00:00,api_generic,74.15,False
75ad65749dc557453227c85c2f330a47,2026-08-25T02:02:05.493162+00:00,site_latency,372.16,False
409bbf3a9f54c4c54eb5b9e11528492a,2026-08-25T02:02:05.856998+00:00,api_generic,34.33,False
748bc9a84bce6cc3789d4fa4d07858f4,2026-08-25T02:02:05.510208+00:00,site_latency,402.36,False
b4efb751278b9c016cf22a2ae49e363a,2026-08-25T02:02:05.849061+00:00,pix,87.61,False
64ded0613c7096d7f19304f2008c7919,2026-08-25T02:02:05.865831+00:00,pix,81.58,False
04e404c153809ca566249cc51fbcd47b,2026-08-25T02:02:05.766624+00:00,site_latency,184.73,False
b91b3577d9727c0616e62e8f915ccb73,2026-08-25T02:02:05.821436+00:00,pix,131.62,False
5a16aacd19c9ee292d4a61221fa0d082,2026-08-25T02:02:05.895168+00:00,api_generic,61.89,False
b544d5127a3d410a68c41ac2a986f1aa,2026-08-25T02:02:05.550651+00:00,checkout,424.42,False
0ebf9ed7ed45af73103f809d45b02d81,2026-08-25T02:02:05.406913+00:00,checkout,572.34,False
918ef27d602964a0a18aff68fcb34416,2026-08-25T02:02:05.825522+00:00,site_latency,164.49,False
ea878f0da75de90623c5a45a6456e235,2026-08-25T02:02:05.888867+00:00,api_generic,104.2,False
9478db9fe55dca8d7b77f51c6c76f05f,2026-08-25T02:02:05.932266+00:00,pix,61.39,False
3eafe8f336327a93f2c04972f0f4d8ab,2026-08-25T02:02:05.807860+00:00,site_latency,186.92,False
c92e2eef5e0f842d1a324f4afb9e67ba,2026-08-25T02:02:05.954858+00:00,api_generic,64.02,False
39673fc24b38fe3b7013c851f20db5ea,2026-08-25T02:02:05.822692+00:00,pix,201.49,False
558ef9baab5cdeec9942ad256a33a461,2026-08-25T02:02:05.784269+00:00,site_latency,253.27,False
95f68d2ef90df052b525438c26cb6a3b,2026-08-25T02:02:05.955679+00:00,api_generic,101.78,False
c8a3ba4c4e4c657d6f7c65d350533d02,2026-08-25T02:02:05.828568+00:00,checkout,260.22,False
b41a3ef6af331cbde25db362dbbfac74,2026-08-25T02:02:06.006060+00:00,pix,92.08,False
e6bf8d184968d782e328ec8d045018bc,2026-08-25T02:02:05.973718+00:00,pix,134.56,False
fabe6aed9419573cbd559845c56cfd58,2026-08-25T02:02:06.039718+00:00,pix,78.46,False
3b6f1a365ae6ce7a6cb1566e5b7343ce,2026-08-25T02:02:05.978148+00:00,checkout,144.31,False
c918b6463d8759b51b650e4675720803,2026-08-25T02:02:05.937803+00:00,site_latency,202.24,False
2525feaeedebc42aa920c0e2e4b1c701,2026-08-25T02:02:06.024545+00:00,api_generic,124.89,False
5e86d7a283ebaa27919218bc26f87904,2026-08-25T02:02:05.933015+00:00,api_generic,223.52,False
12fd246701c1d8b3c6084f32bd597789,2026-08-25T02:02:05.955863+00:00,pix,206.13,False
30463e0347a0b805a9c94a381be54763,2026-08-25T02:02:06.026995+00:00,api_generic,150.27,False
1e0b4aea9bb0cb34ad39f94d2434192b,2026-08-25T02:02:06.101777+00:00,site_latency,96.24,False
7f9d60c2361892e8ef67b8f491c3bb00,2026-08-25T02:02:06.132492+00:00,api_generic,72.99,False
9350d0286d37cc9749ea4be8ef6cf901,2026-08-25T02:02:05.794942+00:00,checkout,424.96,False
2659d4e6e1d70cda29efa04423c8fbb9,2026-08-25T02:02:05.993013+00:00,site_latency,236.3,False
2ee58759b3d3e15cab122726dd1cd6f9,2026-08-25T02:02:05.796600+00:00,checkout,451.57,False
d1ee21572befeca3b8eb9e13d982185b,2026-08-25T02:02:06.164510+00:00,api_generic,95.97,False
da4c6222729456fe90f9468369b0a516,2026-08-25T02:02:06.199360+00:00,api_generic,63.84,False
798ec629dd62dba832642cef0bc96c49,2026-08-25T02:02:06.033506+00:00,checkout,255.44,False
4d8fa584161aebf99ec8c303d77a0fdc,2026-08-25T02:02:06.037319+00:00,checkout,270.55,False
6110d0c6937183e57ad59cae54cd0a5b,2026-08-25T02:02:06.207033+00:00,site_latency,101.12,False
88e4171f29bab7a746c85e664f133b02,2026-08-25T02:02:06.171887+00:00,site_latency,140.66,False
a308ae07cc9b751f9a0a03beb8297b61,2026-08-25T02:02:06.000176+00:00,checkout,318.35,False
88d976817828725d5269229d8a641808,2026-08-25T02:02:05.961381+00:00,pix,357.65,False
251e5f0cb65ebaa2549c18296c78ad10,2026-08-25T02:02:05.810705+00:00,checkout,509.68,False
2775e5d0b1643aacb4ddf10d1da76e99,2026-08-25T02:02:06.119492+00:00,site_latency,205.54,False
b3eeb2935da8ee8c58ac386727eb6e7a,2026-08-25T02:02:06.193336+00:00,site_latency,149.62,False
f17c2f14a95fe97417712f50b3a90022,2026-08-25T02:02:06.088750+00:00,site_latency,259.28,False
8d958337911e8a23d005fd7c9067c6b1,2026-08-25T02:02:06.277469+00:00,site_latency,85.18,False
ffd3e333882eb07bca0dbc16e07d9c2e,2026-08-25T02:02:06.320349+00:00,site_latency,66.5,False
3929f9891c0cf60fc373b908e54e646c,2026-08-25T02:02:06.250279+00:00,api_generic,157.27,False
916cf33bd8511f19e645822df449396f,2026-08-25T02:02:06.328410+00:00,pix,80.49,False
a3ca4b2df49a8b88395e874ad5a675af,2026-08-25T02:02:06.344176+00:00,api_generic,75.57,False
90a2668f0b60c8f79133834fd9d69124,2026-08-25T02:02:06.316171+00:00,pix,111.78,False
f9dfeca67866c90f766046bc38b8209c,2026-08-25T02:02:06.349502+00:00,site_latency,102.49,False
c50cdf100ab698720d292b23cdd62e3c,2026-08-25T02:02:06.207526+00:00,pix,244.69,False
beb076b86bd5e7b291757f779a50331c,2026-08-25T02:02:06.381329+00:00,site_latency,71.77,False
c507946efd7832c3da675fd026431ad4,2026-08-25T02:02:06.338847+00:00,pix,130.94,False
0ae133934cd540c0f2906a86b9fb96c9,2026-08-25T02:02:06.378671+00:00,api_generic,92.95,False
13466037925868f1018a1345896a6397,2026-08-25T02:02:06.393970+00:00,api_generic,78.15,False
0c8291dc92d6edeb5534c70662f47a69,2026-08-25T02:02:06.188155+00:00,site_latency,301.06,False
5cfa5ecbf0319b7053cc1432fd2f06da,2026-08-25T02:02:06.294753+00:00,site_latency,198.07,False
1e384c8d626903193d101c3691352d64,2026-08-25T02:02:06.391493+00:00,api_generic,120.31,False
4955b6470a195b63ac65eb96815d7024,2026-08-25T02:02:06.328234+00:00,api_generic,185.07,False
bd064afcb463ecf6e00ece90c90a4dba,2026-08-25T02:02:06.463326+00:00,api_generic,69.1,False
667650715aaae77aca2f3d642a9771e8,2026-08-25T02:02:06.471580+00:00,api_generic,70.73,False
cb352ade78890646b832541e9ba25f05,2026-08-25T02:02:06.468639+00:00,site_latency,81.82,False
1a423a71998dace4a82f923f2552fa7b,2026-08-25T02:02:06.203216+00:00,checkout,364.79,False
bb481fbf0969e08b09f435725bc12af6,2026-08-25T02:02:06.513937+00:00,api_generic,63.76,False
82870245518e61de36a37fc83de6e9d0,2026-08-25T02:02:06.141441+00:00,checkout,439.26,False
cf92c8067b185ce8d9c5230edb194416,2026-08-25T02:02:06.314870+00:00,site_latency,275.28,False
11bf93460a552e63c43e000b4f0351ad,2026-08-25T02:02:05.812222+00:00,checkout,812.38,False
821f6fe9dc12b83bfc675d7df9dd87f0,2026-08-25T02:02:06.313956+00:00,site_latency,314.32,False
312e5a909271ce8792bf2185569745be,2026-08-25T02:02:06.511485+00:00,api_generic,118.05,False
7177b4ee15b7f6a8ccf29731bf1d4993,2026-08-25T02:02:06.472715+00:00,site_latency,168.54,False
0bec58057a89d285efae417f8b04c5dd,2026-08-25T02:02:06.492537+00:00,api_generic,161.39,False
899ef0f2d296efbc5f7c168cb029cdab,2026-08-25T02:02:06.474595+00:00,pix,203.61,False
37fecd46661c5e96f33b0ddbc4a35631,2026-08-25T02:02:06.564310+00:00,pix,133.83,False
a513e5fee589fca98a42a46acb31005b,2026-08-25T02:02:06.374088+00:00,site_latency,332.86,False
19eb47d3d3c9101a71f3906f65ff56e6,2026-08-25T02:02:06.269459+00:00,site_latency,456.69,False
e377ff92d19aa8bedb4bd48c03e70548,2026-08-25T02:02:06.709228+00:00,api_generic,44.82,False
acdfd56c6a301a57f77a4d46e1de45a5,2026-08-25T02:02:06.629497+00:00,pix,130.22,False
4b54d678d1fa8efaed44c8bfe1b00a3c,2026-08-25T02:02:06.410567+00:00,site_latency,356.94,False
38198ca873d71538644207d77dadba8d,2026-08-25T02:02:06.513267+00:00,checkout,256.4,False
7ed7a7ea8c4dd2e0e8bc3e9b20c9ef49,2026-08-25T02:02:06.676574+00:00,api_generic,113.87,False
23fde09d256d92dfad88bce7e491ae00,2026-08-25T02:02:06.649812+00:00,api_generic,142.75,False
790706691cc6b326f47dc900b869db77,2026-08-25T02:02:06.423322+00:00,checkout,374.75,False
e274be23b83a918efd6105ceb1bf1518,2026-08-25T02:02:06.652687+00:00,site_latency,148.45,False
efda8e005bf8c93c35955de6362ddde0,2026-08-25T02:02:06.595123+00:00,site_latency,209.64,False
aba104dfc23d8243127e1765a7410b9d,2026-08-25T02:02:06.536355+00:00,checkout,277.33,False
0ae93d630ee36c6817c07842f4ca5970,2026-08-25T02:02:06.701767+00:00,api_generic,115.23,False
cfb9ca6bad1ddd0b7bb28ea9850af4a0,2026-08-25T02:02:06.503369+00:00,checkout,316.04,False
426f1b0ef6fb1cbc92d76d823a073e3d,2026-08-25T02:02:06.624566+00:00,api_generic,198.44,False
d5b84c2405504531f79dac432617673d,2026-08-25T02:02:06.780813+00:00,api_generic,43.55,False
f02ee85c1a75a2804a1d53f8a5ff389b,2026-08-25T02:02:06.730556+00:00,api_generic,115.2,False
c7f25709cf930df2818664dd8a8f05a3,2026-08-25T02:02:06.799795+00:00,site_latency,75.21,False
51739362e2d54f96da3a4f397345f9b0,2026-08-25T02:02:06.619544+00:00,api_generic,277.89,False
68a2c43b7887acfb64b25a189e259762,2026-08-25T02:02:06.556850+00:00,checkout,359.25,False
c0c154097fae88b386e5e1faf6d583c9,2026-08-25T02:02:06.757744+00:00,site_latency,190.49,False
579b80737c88420281bd6ea358a48223,2026-08-25T02:02:06.913299+00:00,api_generic,51.84,False
2da14159bd2569dfc0b61fd752e12b35,2026-08-25T02:02:06.911727+00:00,site_latency,53.88,False
27a2db3b09774e30c8ee3679e70ba0da,2026-08-25T02:02:06.625057+00:00,checkout,350.85,False
d678c88b56e0ea2fea5bf7839bd788ae,2026-08-25T02:02:06.761262+00:00,site_latency,220.48,False
3db53c1ea377b0abba52d78437737afc,2026-08-25T02:02:06.900598+00:00,api_generic,85.59,False
183b0c24b2d7c6faf1faae534e1ee29a,2026-08-25T02:02:05.382992+00:00,site_latency,1646.31,False
52c640333f65b13333a4e18cb88a9a4e,2026-08-25T02:02:06.971299+00:00,api_generic,60.33,False
c95b031bfab7386a9126f55ad72aa2d3,2026-08-25T02:02:06.987394+00:00,api_generic,53.28,False
c4f59a8ec2ef7bf7af8119ddc091bbac,2026-08-25T02:02:06.966963+00:00,site_latency,82.63,False
e68da8750144e11509cc791b8042bd40,2026-08-25T02:02:06.829484+00:00,checkout,220.57,False
d8e9054a37a30aea69ea68cfa64385c5,2026-08-25T02:02:06.635309+00:00,checkout,429.5,False
f36411224d11280037a98fd30c940e52,2026-08-25T02:02:06.978277+00:00,api_generic,101.54,False
a89fd59d834f53001a8eb1a0d23646ba,2026-08-25T02:02:06.989831+00:00,pix,132.64,False
e124439e20e9179ce9982d88ec732b55,2026-08-25T02:02:07.082642+00:00,api_generic,52.89,False
608c36977b74a59b24ad369825c35cfa,2026-08-25T02:02:06.677038+00:00,checkout,459.92,False
2315a5324bde6b8601817f69bf319214,2026-08-25T02:02:06.823731+00:00,site_latency,326.05,False
0df00776a14922a91b16f213a86c8a96,2026-08-25T02:02:06.911396+00:00,checkout,240.07,False
cc837b086c1f0aa33c653a5dbb4904f8,2026-08-25T02:02:07.026499+00:00,site_latency,142.23,False
6e7717323e4cb3fe0323231a57683518,2026-08-25T02:02:07.063721+00:00,pix,114.02,False
abf1d63e59fe8f658a9ea3cc3f5ea662,2026-08-25T02:02:07.018047+00:00,pix,162.48,False
87fbb949532559f086dabe2065133eaa,2026-08-25T02:02:06.992449+00:00,checkout,196.74,False
97800fb11b2d73b895ef57b1f95c15f3,2026-08-25T02:02:07.073014+00:00,api_generic,116.43,False
f0d5541c81195ae18e9d22c0099b4b82,2026-08-25T02:02:06.852213+00:00,checkout,348.58,False
459d9d92f600507ada7732a418845f04,2026-08-25T02:02:07.046242+00:00,pix,159.05,False
c5861cc87c19ccb674a64e0a461a6911,2026-08-25T02:02:07.079504+00:00,pix,135.2,False
e23b11eefd2b09af1803800e466f6fc3,2026-08-25T02:02:07.086270+00:00,checkout,148.17,False
edbdf3cae8439375f3660b4a44e0da8a,2026-08-25T02:02:06.933660+00:00,checkout,303.23,False
713ae4d0e29e912822bcaaf5846f4100,2026-08-25T02:02:07.203562+00:00,api_generic,40.84,False
c80a7ee1866cbed5a63f22f06cd742af,2026-08-25T02:02:06.951141+00:00,checkout,303.29,False
b19f7825672fe7edf54d77381aa61b00,2026-08-25T02:02:06.935635+00:00,site_latency,319.38,False
e73331f8b50224b72361a2c2907c554d,2026-08-25T02:02:07.199607+00:00,api_generic,62.2,False
b10c1868877202eb5a91c5e139c5f69d,2026-08-25T02:02:07.089200+00:00,checkout,173.12,False
357ccae9d0beded7ec63c12e9a550da5,2026-08-25T02:02:06.878576+00:00,api_generic,395.49,False
25e89fc59af16f78ad20d0278a440860,2026-08-25T02:02:07.090121+00:00,site_latency,185.42,False
3c4bcb888cb341878bbff2797ae85f63,2026-08-25T02:02:07.064754+00:00,pix,211.2,False
c9aec6cba59fe808faf35b72c2ab03e7,2026-08-25T02:02:07.128910+00:00,checkout,149.78,False
3c295238758808a14e4a800ef8d552b8,2026-08-25T02:02:07.027721+00:00,site_latency,256.94,False
7b4b2e69ae42cb6355460df8dc6252b1,2026-08-25T02:02:07.047097+00:00,site_latency,240.39,False
8ef6db40c9bfffd0a21865009edfdb8f,2026-08-25T02:02:07.242761+00:00,api_generic,65.45,False
4b590c43dcb3036154e6f46d9d4617bf,2026-08-25T02:02:07.023007+00:00,site_latency,318.07,False
83734758f2d510fabd36bceb658ad185,2026-08-25T02:02:07.193731+00:00,site_latency,164.76,False
3d1ac1f3ed36b08803cdec7adaff3be1,2026-08-25T02:02:07.264947+00:00,site_latency,119.14,False
dd7e5b7b2d3b9a7afb0da4aa138ea083,2026-08-25T02:02:07.280972+00:00,api_generic,108.77,False
58c1d29d214be2c723081bedfecb032f,2026-08-25T02:02:06.785365+00:00,checkout,609.14,False
570d358cfc38627881d9772f6bd72d19,2026-08-25T02:02:07.279117+00:00,pix,118.18,False
984f88c1a3d7d1f1e7c55beaf9fe5905,2026-08-25T02:02:07.270686+00:00,checkout,127.31,False
a28b1626df6af5e2c1bf6df381c0ff8b,2026-08-25T02:02:07.296292+00:00,pix,103.6,False
f1ffdfd9479a6c1b2dabe94292dcc0ed,2026-08-25T02:02:07.278455+00:00,pix,122.96,False
726592ac7abf1e15f223df6456209b6e,2026-08-25T02:02:07.288668+00:00,site_latency,133.27,False
7aedec9805730395f08e929697c5710d,2026-08-25T02:02:07.157248+00:00,checkout,270.01,False
63b12d7f96df402c0aaa8b70cb20ea0f,2026-08-25T02:02:07.140610+00:00,checkout,291.65,False
6102e7507aac304fe0e62e43a1d47722,2026-08-25T02:02:07.364615+00:00,site_latency,70.02,False
61eac56ddb3ef2a7316031568743c023,2026-08-25T02:02:03.059516+00:00,checkout,4399.67,False
d694f7eb0da9842bca5b2f4538311b29,2026-08-25T02:02:07.282702+00:00,api_generic,184.29,False
3b1c7680d1cd9a08ccf2f3168195e894,2026-08-25T02:02:07.415319+00:00,api_generic,70.45,False
280a39021d582c40ae3d5ae93e4b0a43,2026-08-25T02:02:07.208795+00:00,site_latency,316.73,False
8148f6769313299eb0ec97ab99f5092f,2026-08-25T02:02:07.462059+00:00,site_latency,102.61,False
64dbef4fb0cdb08c6f4253fd74181599,2026-08-25T02:02:07.457000+00:00,site_latency,131.09,False
c2874eb4ad08088bf26457c4677c7470,2026-08-25T02:02:07.487589+00:00,api_generic,109.32,False
07e72e02ea5c3bd8395922d1c81fe623,2026-08-25T02:02:07.476406+00:00,pix,128.72,False
db4ec366284ee33c04493c74ca71e0b5,2026-08-25T02:02:07.468704+00:00,site_latency,143.81,False
b53c582d290c8e0828e7a26fb66054ea,2026-08-25T02:02:07.352862+00:00,checkout,275.94,False
f18473caabe959e59e4958708ae1d45c,2026-08-25T02:02:07.460439+00:00,site_latency,172.56,False
26e579b6b6a47f4a2befd85cbf497d64,2026-08-25T02:02:07.500482+00:00,pix,134.83,False
061701974cb3700ca0aecae8ff57b836,2026-08-25T02:02:07.166532+00:00,site_latency,476.38,False
cfcb801fd02d05ac05aef42d41b1d96c,2026-08-25T02:02:07.401780+00:00,checkout,245.6,False
d1b23404edd84474239e8e2513ba4f8e,2026-08-25T02:02:07.520271+00:00,site_latency,176.6,False
349f4a51e92483e3f99e56c4a4b82d26,2026-08-25T02:02:07.673764+00:00,api_generic,26.07,False
8ac30c8a03c10b9466cd2ad044916ae3,2026-08-25T02:02:07.560745+00:00,pix,152.4,False
8134a56422edcb34bf83890e18c80385,2026-08-25T02:02:07.179023+00:00,site_latency,541.6,False
e4f1533dca918856a1a80f8728c7a61c,2026-08-25T02:02:07.246191+00:00,checkout,479.88,False
4c9371df4b40c516c68a8e2a55cc0392,2026-08-25T02:02:07.687834+00:00,api_generic,50.21,False
73118eeec6e0c2c0ebce140d1d97b2e8,2026-08-25T02:02:07.630449+00:00,pix,121.35,False
d1ed9792d5fb02a79588ee02fd53b5b6,2026-08-25T02:02:07.582838+00:00,site_latency,169.23,False
2415290f1f95e41d82aaed250ec908d0,2026-08-25T02:02:07.597414+00:00,pix,154.87,False
9c3a6c43d2d64ced0a21938cddee1987,2026-08-25T02:02:07.652697+00:00,site_latency,101.04,False
4de1f7e9198f545609591a715ee8f9fc,2026-08-25T02:02:07.699473+00:00,api_generic,62.04,False
5090ede152fa592843e1428806505549,2026-08-25T02:02:07.626589+00:00,site_latency,143.85,False
2742884c856a1dbfa29fd2b2654a21fc,2026-08-25T02:02:07.709750+00:00,site_latency,83.92,False
f530979ba3d6b0bc528de161c65fe267,2026-08-25T02:02:07.434077+00:00,site_latency,378.04,False
f2afe83149897b5c5060366675d0685a,2026-08-25T02:02:07.446492+00:00,site_latency,380.35,False
34f7c647bb936e6d73039331d3ff44e6,2026-08-25T02:02:07.613963+00:00,pix,217.69,False
6df5bf9d7addd96034d215e1d2294c55,2026-08-25T02:02:07.684440+00:00,site_latency,150.88,False
40f9423016f3655296d7b7dbc59452b1,2026-08-25T02:02:07.849029+00:00,api_generic,48.99,False
44f07a149b50253f5d7e0fc9f78fec3d,2026-08-25T02:02:07.791672+00:00,api_generic,123.28,False
c406d001f6b2ad4d581d4b01c29a6c8e,2026-08-25T02:02:07.472098+00:00,checkout,456.94,False
68175e3347500732125c12c360ed9e54,2026-08-25T02:02:07.818448+00:00,pix,132.63,False
4a0586f1a18e95655cf21257034d8c41,2026-08-25T02:02:07.729191+00:00,checkout,222.34,False
ae62ab0c58814c6f2e6d39185ff055c5,2026-08-25T02:02:07.878087+00:00,api_generic,75.02,False
cd161293acf084fcc393ca69bc9bc1e4,2026-08-25T02:02:07.860460+00:00,site_latency,100.98,False
1179892fc325814d183c3373aa75f6ab,2026-08-25T02:02:07.850029+00:00,api_generic,123.69,False
750b6b6630f482bdb24c1ac58714d5ff,2026-08-25T02:02:07.859086+00:00,site_latency,114.94,False
84250ea0c60426ef7f169d0f3bea3744,2026-08-25T02:02:07.922349+00:00,pix,61.33,False
254ab742413caba2cf7fb5ed4d7a220d,2026-08-25T02:02:07.790545+00:00,api_generic,213.57,False
2898a8b63aece0cb49c3e1a9ef664f2e,2026-08-25T02:02:08.006451+00:00,api_generic,41.4,False
ce7b2df461d823130bda3cc2eafed1eb,2026-08-25T02:02:07.965376+00:00,api_generic,90.48,False
9f5a10ee64e0499edd0291e9a1e9bd8c,2026-08-25T02:02:07.917310+00:00,pix,171.99,False
93e566339b7434ca2c363f35c1118cf4,2026-08-25T02:02:07.972242+00:00,site_latency,135.4,False
7b2c80252a710f1eeb5920fc75f22735,2026-08-25T02:02:07.999590+00:00,site_latency,116.46,False
b41d07f28978a08edff21b050dbddb65,2026-08-25T02:02:08.024583+00:00,site_latency,108.76,False
20e34c04ea77f27948cb3f475ffca576,2026-08-25T02:02:08.051821+00:00,api_generic,128.27,False
a46c115856218595eb19d1ddac2a6eb3,2026-08-25T02:02:08.054688+00:00,api_generic,149.4,False
217a5f190d18dea6a770264f9a02bb65,2026-08-25T02:02:08.077461+00:00,api_generic,140.64,False
5807517934a3244cd007e7c466bf5880,2026-08-25T02:02:08.150632+00:00,pix,69.06,False
2ef059525d2555a0f58ff39dec48bdd1,2026-08-25T02:02:07.347862+00:00,site_latency,892.08,False
d5a319516dc6191fc43b8b0df8a8c856,2026-08-25T02:02:08.046606+00:00,checkout,198.51,False
b251093120ade4be8d5ee33203d13c74,2026-08-25T02:02:08.153283+00:00,pix,98.12,False
5a15d08cdfe24062a4426ddb857dda10,2026-08-25T02:02:07.922832+00:00,checkout,341.8,False
32f64d64aa1541f84589755c0dbf40ae,2026-08-25T02:02:08.165014+00:00,site_latency,100.89,False
aa3ba73d6e5d9ae9919e6ed2f21d1fad,2026-08-25T02:02:08.271155+00:00,api_generic,56.68,False
6f0911ea6b2da212d06ed5f127f22f52,2026-08-25T02:02:07.978742+00:00,checkout,356.21,False
887fb06d068b28bc098660699fe0ed06,2026-08-25T02:02:08.255040+00:00,api_generic,106.15,False
5f9361f2569ccf2b257f1d2cfb752eb4,2026-08-25T02:02:08.197641+00:00,site_latency,167.11,False
74473fb1d829d9bfa9618e1397f95de9,2026-08-25T02:02:08.307836+00:00,api_generic,67.79,False
b4a37c7e1eaf9dc449dcce069d813ee7,2026-08-25T02:02:08.210167+00:00,site_latency,175.51,False
90149ca0a31f2412b844873302c1dac6,2026-08-25T02:02:08.157940+00:00,site_latency,235.41,False
686bcff08946dade4053709984b0a897,2026-08-25T02:02:07.323388+00:00,api_generic,1087.65,True
2a7092e2a7ed80e884e9a07ef5832fff,2026-08-25T02:02:08.310283+00:00,pix,114.35,False
78f31f9a0af35b095083bb66e9f37276,2026-08-25T02:02:08.209635+00:00,pix,216.32,False
8299ea73b5815207b0eb99143f67caab,2026-08-25T02:02:08.246583+00:00,pix,189.43,False
e51f3e149018a07802f7551109fed185,2026-08-25T02:02:08.189100+00:00,site_latency,292.63,False
c181569dad3059bfde850189973ee935,2026-08-25T02:02:07.984901+00:00,checkout,504.43,False
3904138b25337788736ef18db7966fb9,2026-08-25T02:02:08.518590+00:00,api_generic,76.02,False
cb734d3e5a097d3f9f1aa14d5d1139d7,2026-08-25T02:02:08.419797+00:00,site_latency,209.0,False
820125f2d8b469a27495b3cf198cf787,2026-08-25T02:02:08.307246+00:00,site_latency,329.19,False
cc9e756e5d948baf77128dd0d14c8118,2026-08-25T02:02:08.355593+00:00,site_latency,282.74,False
2077830607dabea07e815a5db30daf82,2026-08-25T02:02:08.573394+00:00,api_generic,66.65,False
37fbda51f41a34c044fbb833621c1127,2026-08-25T02:02:08.424607+00:00,pix,220.49,False
17ee0bf9700c822ae8958ed2d780218e,2026-08-25T02:02:08.572009+00:00,api_generic,88.76,False
a47646e25fcded0b85ab243b8d8634a8,2026-08-25T02:02:08.610429+00:00,api_generic,68.78,False
4e9877ce492024c5a4ec3bf2080dc815,2026-08-25T02:02:08.200431+00:00,checkout,480.54,False
9ce484134ec95ef2875a837bb74fe182,2026-08-25T02:02:08.556589+00:00,pix,127.29,False
42a5a200b1ce378e3e9afa06a135978a,2026-08-25T02:02:07.907700+00:00,site_latency,791.85,False
8cbb9d4beeed82ab501c2a4e90562f90,2026-08-25T02:02:08.645605+00:00,api_generic,54.25,False
74824437a17d7f9f3fbcbfa54e28bca8,2026-08-25T02:02:08.271765+00:00,checkout,434.21,False
5ea0fa9cf2115a35be710c0a6bcb5b95,2026-08-25T02:02:08.536288+00:00,site_latency,171.26,False
792a4b32000500c3a8d68377b67c626f,2026-08-25T02:02:08.579763+00:00,pix,141.72,False
6812b0f98fa831b34a4cc61f0ff85122,2026-08-25T02:02:08.561028+00:00,api_generic,192.13,False
5fa3b87682f6f5856fb141c334a6d2af,2026-08-25T02:02:08.581239+00:00,site_latency,186.94,False
e2eb0d2d4c591a9385fecf998dd10ffb,2026-08-25T02:02:07.998287+00:00,site_latency,788.37,False
d602a6a7f85c780b92604ca366645d9e,2026-08-25T02:02:08.619163+00:00,pix,169.9,False
5b7190efa383890c5f15a8a54042bf2f,2026-08-25T02:02:08.325417+00:00,site_latency,465.67,False
92d7348533bf1538cc50ae95c7e3b1e5,2026-08-25T02:02:08.750754+00:00,api_generic,61.99,False
30eb1d01c0beb41ecc9729fe4716f53b,2026-08-25T02:02:08.577288+00:00,checkout,279.91,False
cb263cc5605922be6c1a7d1a7bdf7242,2026-08-25T02:02:08.491462+00:00,site_latency,367.06,False
cd589e050d6ac320c979ffdd81b5f88a,2026-08-25T02:02:08.794430+00:00,api_generic,66.45,False
795c09ed43a45b8fa88a006a5e9afd3c,2026-08-25T02:02:08.746930+00:00,site_latency,118.44,False
39177821aa1d4f13bd8716a07f1b68b7,2026-08-25T02:02:08.559484+00:00,site_latency,307.16,False
5081c08cba9763d9f0d157216e35af89,2026-08-25T02:02:08.694655+00:00,pix,174.41,False
8d8261280dec553718c7e0fc15063109,2026-08-25T02:02:08.748321+00:00,site_latency,120.99,False
469deaabcb57ba9d5601c99d15716c83,2026-08-25T02:02:08.754654+00:00,site_latency,117.59,False
a5c618a93c6c0984f5de3e7033ee1301,2026-08-25T02:02:08.452073+00:00,site_latency,449.47,False
9f842574141307e0200b4d11eb6bbd64,2026-08-25T02:02:08.846139+00:00,api_generic,55.67,False
be20b4b78836f1b40ffd342155e0f77e,2026-08-25T02:02:08.746365+00:00,pix,194.41,False
be7e7d94c110c992926693b26930c14e,2026-08-25T02:02:08.751604+00:00,checkout,222.71,False
b6a17bb44e47c9ad830e32544ff9aa4e,2026-08-25T02:02:08.870982+00:00,site_latency,104.97,False
12d742aea579f31d901f664620fa9591,2026-08-25T02:02:08.855168+00:00,site_latency,137.01,False
2702557509947635d02b8693cc342c57,2026-08-25T02:02:08.879800+00:00,api_generic,118.03,False
04636aae1f7ab8be62d8ec185a387203,2026-08-25T02:02:08.584874+00:00,api_generic,446.38,False
09ea1b940df6ce6ef35255c5013afdaf,2026-08-25T02:02:08.951047+00:00,pix,82.45,False
c134f35a5d0bff45f72454aedb07a57d,2026-08-25T02:02:08.669007+00:00,site_latency,381.17,False
74d43376fd895b5a7875a4bedfd12d42,2026-08-25T02:02:08.942056+00:00,site_latency,110.53,False
e448efb19ee73c6fca7549af133f3bf3,2026-08-25T02:02:08.977256+00:00,api_generic,78.55,False
238ab744deab4e07ffc48298ee94da7d,2026-08-25T02:02:08.987533+00:00,site_latency,85.64,False
45c33fe9e5d899fa23990753ae50509a,2026-08-25T02:02:08.977786+00:00,pix,103.01,False
0eeab7b71f5430afd7dd37b19fcb25ab,2026-08-25T02:02:08.959456+00:00,site_latency,134.97,False
41402dab19c5bc2d8dc645304435c9d4,2026-08-25T02:02:09.036562+00:00,pix,65.42,False
1c4a9463563735e320f4516459f55d18,2026-08-25T02:02:08.746591+00:00,checkout,359.45,False
60f4a6c9aefbc9823c78efb73c44c061,2026-08-25T02:02:08.987795+00:00,checkout,139.94,False
18214c495dc34c5949b7c1db98ab0001,2026-08-25T02:02:08.752887+00:00,checkout,385.48,False
b9efe011b36065913904a19ce113c2f4,2026-08-25T02:02:09.078297+00:00,site_latency,60.28,False
522d3bccdf4d0a2715115dc4df8fb1ab,2026-08-25T02:02:08.062964+00:00,checkout,1114.73,False
123d7a1ddc91ec2e9be379347a1c0935,2026-08-25T02:02:09.151850+00:00,api_generic,34.57,False
0cc728aece7e533f1c0b7548e1a90a4b,2026-08-25T02:02:08.639801+00:00,checkout,552.65,False
bc9c5878ac83c9fe2f54daf240f89c24,2026-08-25T02:02:08.938251+00:00,checkout,257.55,False
3418150973d8d01d71c436b67f7a710a,2026-08-25T02:02:08.781139+00:00,site_latency,414.85,False
83aa06ec9f1a2dfeaf5f5e1124fe8483,2026-08-25T02:02:08.411412+00:00,pix,788.84,False
388483c32df8c6b40b3533bfc0df6d62,2026-08-25T02:02:08.267073+00:00,api_generic,934.59,False
27d202fbdda23ca5e061764ff8e28cba,2026-08-25T02:02:08.749224+00:00,site_latency,454.26,False
dc45663efa727a1a5e288a9d6fa65054,2026-08-25T02:02:09.159535+00:00,site_latency,69.75,False
f71a8e0d56bc9a38ecc0f8d698a4221e,2026-08-25T02:02:08.793704+00:00,site_latency,460.26,False
3fc469b2c4c7bc3d1d8358f9e51bf108,2026-08-25T02:02:09.092767+00:00,site_latency,163.06,False
a5dcfaa0c7e93dc866b2ee0f7fea78d0,2026-08-25T02:02:09.201577+00:00,api_generic,62.46,False
01e6bb5eae229307d15b3ba008757773,2026-08-25T02:02:09.057799+00:00,checkout,209.58,False
29d1d03dca7f8742e2b43b9048fb25ef,2026-08-25T02:02:09.202970+00:00,api_generic,74.41,False
8031725a6f0855408acdede82f62696d,2026-08-25T02:02:09.209901+00:00,api_generic,79.37,False
a4c18ea2eb75721abd784f4ed223a20e,2026-08-25T02:02:09.273590+00:00,api_generic,32.71,False
8af5b12669b8fcbc77796f59929a2319,2026-08-25T02:02:09.088771+00:00,checkout,250.41,False
5e2ae55bb5ccfefde75d6d909494ed1d,2026-08-25T02:02:09.059546+00:00,site_latency,282.84,False
ac1e9514422da5b3f734f0a642dc7baa,2026-08-25T02:02:09.130324+00:00,site_latency,250.81,False
de1a7d043bced7c31c0b3a45a9ee246e,2026-08-25T02:02:09.270652+00:00,api_generic,119.5,False
7cdf3fc8547018d4ff66286de851199a,2026-08-25T02:02:09.313368+00:00,api_generic,79.86,False
67ec34f60852a266377c3d39c3abd2a1,2026-08-25T02:02:09.344102+00:00,pix,52.94,False
2137d7e3ade7e2160b511bb966f3c4cd,2026-08-25T02:02:09.270410+00:00,api_generic,130.28,False
505a69e71284a90eeba62cdc3b02c796,2026-08-25T02:02:09.181833+00:00,pix,225.32,False
92584354fc5497b15c82e9b9dc6f5c6c,2026-08-25T02:02:04.685581+00:00,checkout,4739.6,False
ffa1cc1f3211bcb6d04ca7a6173bba1d,2026-08-25T02:02:09.328407+00:00,api_generic,118.08,False
619a055c5f884e8bf60ab97324445d32,2026-08-25T02:02:09.019706+00:00,checkout,435.44,False
4aa0776b15dcb02343b2d1eb78cb326d,2026-08-25T02:02:08.891537+00:00,checkout,565.71,False
67cde5ac438070ae769797d51450a2c3,2026-08-25T02:02:09.172810+00:00,site_latency,289.0,False
cdfa272f0a893e7fbaf727a38531bd33,2026-08-25T02:02:09.346442+00:00,site_latency,119.46,False
0cf78d07e1db3adbfb2291bd262c73ca,2026-08-25T02:02:09.359116+00:00,api_generic,161.27,False
8b3e10b2aaeb97cf717b65ef3a1e2691,2026-08-25T02:02:09.019204+00:00,checkout,515.91,False
54d0a1a7d76c062076ab7f2ef4c6d0a9,2026-08-25T02:02:09.321730+00:00,checkout,224.84,False
1c0d9e1149c811f8f3555d3187ea2750,2026-08-25T02:02:09.282902+00:00,site_latency,287.65,False
e9cff8e243d59480f36cc113eaf502c1,2026-08-25T02:02:09.453210+00:00,site_latency,120.48,False
2b6e38bde798dbef106fab7f97ac020c,2026-08-25T02:02:09.485917+00:00,api_generic,90.69,False
930a8ee0403473e196cc68ce3812a63e,2026-08-25T02:02:09.271229+00:00,site_latency,308.02,False
d2b2e161a08e61f2e58ed6a2e8e804cf,2026-08-25T02:02:09.456903+00:00,pix,127.63,False
1b5ced1734df67e7184fc1179e130e34,2026-08-25T02:02:09.296728+00:00,site_latency,291.57,False
d477d38679c6fce0c38f6875328c74ef,2026-08-25T02:02:09.536389+00:00,api_generic,64.45,False
46a5d9c3188efadcfa717ae8f3cb5e70,2026-08-25T02:02:09.361364+00:00,site_latency,264.12,False
80a0add2ee42e36cefe17dd0193ce10b,2026-08-25T02:02:08.986466+00:00,checkout,655.2,False
9cea79d521848c5aba7ec1169271116d,2026-08-25T02:02:09.448024+00:00,site_latency,196.18,False
69d1f99f7a60c56efb6b9d40802b0d03,2026-08-25T02:02:09.592119+00:00,api_generic,57.78,False
8d2adee686e559fc3a9f1b7e19972419,2026-08-25T02:02:09.493167+00:00,pix,157.01,False
2be02819a72492bca6c1a1b94dca41a5,2026-08-25T02:02:09.427185+00:00,site_latency,243.7,False
68b769428f516cabb5b0eddd9cef7c6a,2026-08-25T02:02:09.515819+00:00,site_latency,156.45,False
de999460cf116a235f534f2a21ed4c7c,2026-08-25T02:02:09.599269+00:00,site_latency,75.92,False
c45693f91189c7713c2141e1363e1f58,2026-08-25T02:02:09.582541+00:00,api_generic,96.48,False
e093c317d19571b1a1d996baf91996e1,2026-08-25T02:02:09.637035+00:00,api_generic,55.75,False
45b0b2e58294b86bf2d573d674004368,2026-08-25T02:02:09.661664+00:00,pix,82.26,False
cc4d2f0011711fc4bdf907f5f726f0e9,2026-08-25T02:02:09.652700+00:00,api_generic,103.12,False
be904b612fa0171492383b164dda38f8,2026-08-25T02:02:09.668570+00:00,site_latency,97.72,False
b9dd15e0219b4515b4c2bb805f505afd,2026-08-25T02:02:09.544471+00:00,site_latency,229.57,False
bb122bc75e80268fdb4600de40a71daa,2026-08-25T02:02:09.572724+00:00,checkout,220.11,False
693307969e2930037d53de751df5dd25,2026-08-25T02:02:09.512177+00:00,site_latency,282.24,False
52afb2770899d044c81c6df90c582e04,2026-08-25T02:02:09.630128+00:00,site_latency,166.07,False
34099fc6fa9f9e6e0a290be11efd610d,2026-08-25T02:02:09.140624+00:00,checkout,665.45,True
b6856de5d6cd0996c60c30ed3d5762be,2026-08-25T02:02:09.670552+00:00,site_latency,139.97,False
8eb8c15ddf73e5a1bef303f0044c6033,2026-08-25T02:02:09.661157+00:00,api_generic,157.86,False
ff2ca52b3bb69254cf36fb79fea27825,2026-08-25T02:02:09.680809+00:00,pix,150.37,False
9887bcbf0896f5c5c3344243bb6b5f33,2026-08-25T02:02:09.370152+00:00,checkout,464.46,False
14edfc0e3e31315b704ec0962b43f043,2026-08-25T02:02:09.618723+00:00,site_latency,230.61,False
b8ea45f068f9daaec8f911779727a8bf,2026-08-25T02:02:09.736266+00:00,checkout,141.08,False
e6706dce951e1985d2e62c2ff91252bf,2026-08-25T02:02:09.625431+00:00,checkout,314.92,False
820208087f90b3cbd52667cdc92906fd,2026-08-25T02:02:09.857363+00:00,api_generic,103.91,False
a57c6978410883ea963cfe7aa1da48e0,2026-08-25T02:02:09.875742+00:00,api_generic,87.87,True
94ae6057d4e038ddf4746f11f4dcf81d,2026-08-25T02:02:09.903905+00:00,pix,76.7,False
14291eab97cf3227da2e5580daec0e5e,2026-08-25T02:02:09.825307+00:00,site_latency,168.68,False
d43ad69dd08422d915f5a23001338a5f,2026-08-25T02:02:09.917803+00:00,api_generic,107.11,False
ba28dd92cb62095f5410afedf0aac785,2026-08-25T02:02:09.566477+00:00,checkout,459.95,False
7a639e945db2e2a28775d01fef063884,2026-08-25T02:02:09.941930+00:00,site_latency,90.88,False
47a56b5c3aedc156e8ba53bc7c8a7a4d,2026-08-25T02:02:09.827521+00:00,site_latency,237.38,False
7d41d56f43e5875b08ed746cf8d0fdfa,2026-08-25T02:02:09.745450+00:00,checkout,321.15,False
49ca601152083c0172936f657734960f,2026-08-25T02:02:09.957109+00:00,site_latency,110.75,False
03b2ed3f5089ea8e0a40f1bca31fc5aa,2026-08-25T02:02:10.020410+00:00,api_generic,71.32,False
7642ef632c2b36c4776886433572e371,2026-08-25T02:02:10.034463+00:00,api_generic,57.48,False
974984ffba421035bb0033f906f9d376,2026-08-25T02:02:10.024693+00:00,api_generic,69.11,False
6668033fb759c4476424dc548bbed517,2026-08-25T02:02:10.029385+00:00,api_generic,80.24,False
97d503112085efa74d8addd96643946a,2026-08-25T02:02:09.996095+00:00,pix,119.51,False
770c17783b176408b99078c883d3bc30,2026-08-25T02:02:09.810480+00:00,checkout,306.94,False
4944b6e0d89a59833763a0ce55c0c226,2026-08-25T02:02:10.028152+00:00,api_generic,102.87,False
1e0f315092d82d3b232650e65ce802ae,2026-08-25T02:02:10.024882+00:00,api_generic,114.59,False
aa4c2aa017320c4ee9290e4380d784d7,2026-08-25T02:02:10.090782+00:00,api_generic,59.24,False
f959b4be388d676dc5a59a257d2cec12,2026-08-25T02:02:09.967766+00:00,api_generic,193.49,False
74a2da1f878ef8e3946d0516efb2260e,2026-08-25T02:02:10.048169+00:00,site_latency,113.34,False
f802fd7eaa07598f12636fccd9f225fa,2026-08-25T02:02:10.086867+00:00,pix,90.82,False
edf6c3b7670466043634a5762c65696d,2026-08-25T02:02:09.851730+00:00,checkout,337.43,False
8f4445e07431f0e0be6014249eb55fb9,2026-08-25T02:02:10.153719+00:00,site_latency,85.29,False
3f8d0c92db6e664fd659813b47924cac,2026-08-25T02:02:10.124055+00:00,site_latency,132.22,False
c3b0ef546551af39a654c871c4e37b60,2026-08-25T02:02:09.980533+00:00,checkout,278.26,False
607db0b3f9b4434482162b6eb92e346c,2026-08-25T02:02:10.092621+00:00,checkout,183.6,False
d539ab548d408ef2d0a180842b217d89,2026-08-25T02:02:10.197595+00:00,api_generic,107.03,False
2e484634fe66314378cf9c5634cf5134,2026-08-25T02:02:09.988843+00:00,site_latency,328.93,False
fbbb837e5e67b981416e8228519cf7d0,2026-08-25T02:02:10.211331+00:00,site_latency,107.79,False
1a84d20416277664c612e630d1a24524,2026-08-25T02:02:10.032248+00:00,site_latency,289.7,False
7bcce009adeb30c4cb777eb415c43f36,2026-08-25T02:02:10.219929+00:00,site_latency,105.34,False
9e8792bbb99a3cc896c28e8900f0f26d,2026-08-25T02:02:10.124642+00:00,pix,217.81,False
dc6ad8a73f2c00f87eac54c4304735ae,2026-08-25T02:02:09.888180+00:00,checkout,460.38,False
1f311dd7eb369bfcdbf207f0b6c89059,2026-08-25T02:02:10.294744+00:00,api_generic,61.16,False
a79a23ce112e14bc7a4763434ee5e823,2026-08-25T02:02:10.191037+00:00,pix,174.31,False
b551e12f9f23308260dd0f2ab02e46ce,2026-08-25T02:02:10.299947+00:00,api_generic,83.99,False
f6dd6a496525a912b1ea7dcd3c4c3587,2026-08-25T02:02:09.938959+00:00,checkout,462.31,False
cd8f69df99c5a31fff51b460dbe32362,2026-08-25T02:02:10.316119+00:00,api_generic,89.64,False
cbfbebddff8d9fea5a4e6940eb050c46,2026-08-25T02:02:10.328611+00:00,pix,92.25,False
d5c7979a1b89227503cad341acd6a29a,2026-08-25T02:02:10.319083+00:00,site_latency,122.28,False
22e2c57aeccc17c29f194b5eb49c4250,2026-08-25T02:02:10.330353+00:00,site_latency,112.97,False
e51ec216dc78e386f0429d3a16c0b927,2026-08-25T02:02:10.395985+00:00,site_latency,68.46,False
706502d34b123efea958b87a56e19d5c,2026-08-25T02:02:10.398922+00:00,api_generic,92.79,False
591916aa7cd914b2bee992b93d6f3a02,2026-08-25T02:02:10.284891+00:00,api_generic,232.32,False
a8e7f1b81cf4aefdc7aa33471ae6a00c,2026-08-25T02:02:10.197130+00:00,checkout,337.07,False
d7ae67bcc84d00da17017dd37562b624,2026-08-25T02:02:10.240309+00:00,site_latency,305.44,False
31767a638f23ed1df22630266f0cfb3f,2026-08-25T02:02:10.466898+00:00,site_latency,91.95,False
640e30a5dac669afdb7952852b634880,2026-08-25T02:02:10.443942+00:00,site_latency,116.3,False
f6d22fe99f032168244c53a229edf043,2026-08-25T02:02:10.419799+00:00,site_latency,140.8,False
d993ba8e82ba5a33d0a8d857d72a4244,2026-08-25T02:02:10.466365+00:00,pix,101.34,False
246c624382c9b1561149dc6763f68432,2026-08-25T02:02:09.922278+00:00,pix,645.95,False
345cda83bbff46f4e83e2dd9d6a7e38f,2026-08-25T02:02:10.287570+00:00,checkout,304.85,False
c01c4321f449d267870f205813bec88a,2026-08-25T02:02:10.521298+00:00,api_generic,73.12,False
003a942ea699e5f51ffb4d39c7729c20,2026-08-25T02:02:10.508110+00:00,site_latency,86.66,False
83fc336017f48a5f4ffa4bb4af91c302,2026-08-25T02:02:10.451253+00:00,pix,155.14,False
e1e758aa9d99f304819f5f3c6b5e1244,2026-08-25T02:02:10.277564+00:00,checkout,341.55,False
97d7c22c24c66cf8a26801af8670dd04,2026-08-25T02:02:10.366999+00:00,checkout,294.05,False
007ee1de9f4358b476d3d33ea3c853a8,2026-08-25T02:02:10.616349+00:00,api_generic,54.43,False
0176d67dc7a4f2c15c989cc666bfc4d4,2026-08-25T02:02:10.408337+00:00,checkout,262.74,False
2f3dc0d47e03307480c3dc3d467ca829,2026-08-25T02:02:10.579358+00:00,api_generic,101.61,False
5ea1a4c8c15558562c505bfde55f2e92,2026-08-25T02:02:10.650695+00:00,api_generic,49.33,False
ac51506f0052773d0686099c892229a9,2026-08-25T02:02:10.608294+00:00,pix,95.83,False
82a681b57c38201b79227a8198fbeff6,2026-08-25T02:02:10.624048+00:00,pix,89.61,False
ce617eb2d3a6c5b50e5abefdb26281b4,2026-08-25T02:02:10.634293+00:00,api_generic,97.7,False
86fab3c64423100c47106e99eda6c617,2026-08-25T02:02:10.592109+00:00,site_latency,141.42,False
3a8f8ce8951ade2db03184d520265b47,2026-08-25T02:02:10.620737+00:00,pix,118.92,False
9aa21f8a46d05e6193fc3e436db7a051,2026-08-25T02:02:10.242857+00:00,site_latency,503.39,False
469e0773808a6c90dd738362109d925b,2026-08-25T02:02:10.676154+00:00,api_generic,76.17,False
12fc7ce8bd24a1cc4af50bf46d944915,2026-08-25T02:02:09.963268+00:00,site_latency,812.94,False
39c9e40ffad142eb83021dec68b3eefa,2026-08-25T02:02:10.684574+00:00,site_latency,103.71,False
1f25aaedb703f286d19f7964825c9b23,2026-08-25T02:02:10.687656+00:00,pix,102.58,False
509391442dc74d95a41c6933754cdf71,2026-08-25T02:02:10.662091+00:00,site_latency,141.91,False
499e9f97605a85aa5c48407a9ad3193b,2026-08-25T02:02:10.733231+00:00,api_generic,75.39,False
a4e480d34b1c1e6faafb11001a5b9a59,2026-08-25T02:02:10.513825+00:00,site_latency,299.89,False
a8b98a17ccec7d16b28091c5aa8ef43f,2026-08-25T02:02:10.422425+00:00,site_latency,401.69,False
aaa3c5121d8a74a680deb48907eb3ea0,2026-08-25T02:02:10.607165+00:00,site_latency,235.19,False
f90c8dee5064ae9d2738159dceface44,2026-08-25T02:02:10.810649+00:00,api_generic,88.91,False
c69e8db6f6ce3a6214fca9b0f30783a9,2026-08-25T02:02:10.843285+00:00,api_generic,58.66,False
6b9b1bf2b0f780399e1a94cf53fcddfc,2026-08-25T02:02:10.652327+00:00,site_latency,259.02,False
86d63a1244f0f8cb44882ff0da68f051,2026-08-25T02:02:10.730819+00:00,site_latency,182.12,False
e06d90655fd9a67df025fd3ba1760108,2026-08-25T02:02:10.744634+00:00,checkout,195.12,False
056fe638ed3c364e51b7adec1385afe5,2026-08-25T02:02:10.914484+00:00,api_generic,33.83,False
583f6d172c181dfc6cfe220403ebf2ce,2026-08-25T02:02:10.924005+00:00,api_generic,38.75,False
66e26ce2c7d2b0041ac50ebc2232228b,2026-08-25T02:02:10.900282+00:00,pix,66.15,False
34e1d7cfe0189ffd9bf0395842258522,2026-08-25T02:02:10.916667+00:00,api_generic,61.46,False
9942e404eb39a90f62c994ec2ba716d1,2026-08-25T02:02:10.957158+00:00,api_generic,48.4,False
163c486fca04286a8cfe3e1ac1e778be,2026-08-25T02:02:10.916267+00:00,site_latency,93.47,False
887175ce7c1dcdff9a3a7b99704c7b7d,2026-08-25T02:02:10.927018+00:00,api_generic,104.19,False
b069cf141d6b875388c04bf085cde8e6,2026-08-25T02:02:10.596987+00:00,site_latency,478.24,False
9f00a10613330de47d870b6f17b3f738,2026-08-25T02:02:10.820761+00:00,checkout,254.78,False
f2970c8f14ff9018ec5e3b5b5d853a29,2026-08-25T02:02:11.061800+00:00,api_generic,52.38,False
fdaf034d2a5de5d71b6345123e4b3908,2026-08-25T02:02:10.983396+00:00,pix,135.16,False
3abfbeca2e587f6674c24a36cb16f103,2026-08-25T02:02:11.018039+00:00,pix,109.77,False
0f7b4dd48327c4ae63c07dc766fbdd9e,2026-08-25T02:02:11.009367+00:00,pix,131.57,False
ad60fd313a730f00de11852374a0454d,2026-08-25T02:02:10.858162+00:00,checkout,284.25,False
6bb2617a7d76ec6daa9010fca7c13338,2026-08-25T02:02:11.079061+00:00,pix,103.14,False
c925dcfe41758fecd54b43618bb85d4d,2026-08-25T02:02:11.102623+00:00,api_generic,86.19,False
8ba33572a5d441685f417c3eadf1eb99,2026-08-25T02:02:11.139324+00:00,site_latency,77.91,False
7eb76307e536859c440d40fe671c7157,2026-08-25T02:02:11.018920+00:00,site_latency,215.25,False
40075f5897511a1bad868e9df1942744,2026-08-25T02:02:11.136583+00:00,site_latency,105.76,False
dc0e766c92709fdaa902e4cf9b3769a5,2026-08-25T02:02:11.096375+00:00,site_latency,164.85,False
2a6f7901554df8c06806dae8f14262ef,2026-08-25T02:02:11.129343+00:00,api_generic,136.85,False
0b3f196b861412ea01e2fb0b17026eb2,2026-08-25T02:02:11.144839+00:00,api_generic,123.78,False
798ab59441de7b764ec04179abf86cdd,2026-08-25T02:02:10.949639+00:00,checkout,338.8,False
431e54ceefa811b51ab5c68b97445e27,2026-08-25T02:02:11.207676+00:00,site_latency,97.4,False
2945ac282a41292411ab1181cd247eed,2026-08-25T02:02:11.052644+00:00,site_latency,279.5,False
a3111c40b4b7c73848c2d0b652dc4732,2026-08-25T02:02:11.219268+00:00,site_latency,117.54,False
0397609505af7e1197df9af18b198c23,2026-08-25T02:02:10.918863+00:00,site_latency,419.47,False
4a82e1b6a64a1b3de91cb4742d07aca5,2026-08-25T02:02:11.138101+00:00,checkout,206.05,False
bcda1422094e46853a5c16fc1e40a5b2,2026-08-25T02:02:11.275844+00:00,api_generic,73.89,False
2f26c89f7ec452d50320f49360a9bf49,2026-08-25T02:02:10.557684+00:00,pix,797.07,False
91b0508ea0baf265e6e01e04dfd46561,2026-08-25T02:02:11.307740+00:00,api_generic,58.53,False
1123c3dedeada299bfbb41cb0e9c6c5d,2026-08-25T02:02:11.307018+00:00,api_generic,84.87,False
1035c8934f0c15abc21292fdacb013df,2026-08-25T02:02:11.225528+00:00,site_latency,181.74,False
85cab7a56230021dfdc59682fa95432f,2026-08-25T02:02:11.263808+00:00,site_latency,160.68,False
3d5fc6fa1684b972ce03931e6f8dd8a1,2026-08-25T02:02:11.031163+00:00,checkout,401.6,False
69caa98c87ef454f38270c3a06830d94,2026-08-25T02:02:11.298055+00:00,pix,143.54,False
db83107c9a62d43c50bc6118d621fd21,2026-08-25T02:02:11.284633+00:00,checkout,172.78,False
4e5d7b4c225f6de848b974b628c66070,2026-08-25T02:02:11.407229+00:00,pix,77.77,False
a0ddf1ba756050e445188cae87b3e50c,2026-08-25T02:02:10.735797+00:00,checkout,756.45,False
1bdec2395446a0cc259b2ee3339d0af2,2026-08-25T02:02:11.290476+00:00,checkout,204.99,False
4f6b2935f5c1592b5a9586118f7c6f05,2026-08-25T02:02:11.338062+00:00,site_latency,164.09,False
e6198efe50bce5295bcf94c96105e403,2026-08-25T02:02:11.405752+00:00,site_latency,112.9,False
ee1bc812ff3344c2f3406f759bc912b8,2026-08-25T02:02:11.186640+00:00,site_latency,332.54,True
f4049d07326be82b42c1a055dfeddb10,2026-08-25T02:02:11.411306+00:00,api_generic,121.5,False
ab056f7e48f4f6a3495a5ac159dcc004,2026-08-25T02:02:11.453764+00:00,pix,102.97,False
b432b7bbb758f5c55ab90e08dca8e7d2,2026-08-25T02:02:11.363796+00:00,checkout,206.03,False
68ed9f91c89a0061fc81e37fde6605d3,2026-08-25T02:02:11.436532+00:00,site_latency,136.03,False
ceadb129082bcf2d53d7ddbdfd333290,2026-08-25T02:02:11.342142+00:00,checkout,230.68,False
59ac40d32987a2326b93cd83bae69c43,2026-08-25T02:02:11.291698+00:00,site_latency,305.98,False
76bbd1afd48f99644508de25c6fe635e,2026-08-25T02:02:11.497365+00:00,pix,112.22,False
2390f0799d2db014c83ec07376a944c8,2026-08-25T02:02:11.515220+00:00,site_latency,130.76,False
3c940c2433b1e1f5b29fab99645a78e5,2026-08-25T02:02:11.575636+00:00,api_generic,81.87,False
f227f342293a22029c4695e424a3b297,2026-08-25T02:02:11.557321+00:00,api_generic,100.39,False
f6c03898a55d1313844fad31bd92f5b7,2026-08-25T02:02:11.498179+00:00,site_latency,174.96,False
ade600e3c8c4079febf986efd0f734a0,2026-08-25T02:02:11.598966+00:00,pix,86.29,False
dea65e651068f4ead2ca8d5121d14b1b,2026-08-25T02:02:11.645939+00:00,api_generic,43.79,False
2fa2829edb02f536abe23085ef6ccb31,2026-08-25T02:02:11.569589+00:00,site_latency,121.85,False
a73082812ceaf63dbe25718028bf8ab6,2026-08-25T02:02:11.503641+00:00,pix,193.84,False
47fb891a8debf539ddb480bb23bcc8df,2026-08-25T02:02:11.350977+00:00,site_latency,349.96,False
86bbbd1f8953581423f1b2fb3c44d030,2026-08-25T02:02:11.522279+00:00,site_latency,186.78,False
a691fbbf486d7f9e17cbc28e3eee1b65,2026-08-25T02:02:11.494099+00:00,site_latency,233.65,False
64a78bd78491a2df7ef306d59b1d36eb,2026-08-25T02:02:11.686552+00:00,api_generic,48.42,False
8ad2873406e92c43e68308de9dc585da,2026-08-25T02:02:11.571168+00:00,site_latency,169.58,False
96db52d517896b7ebc74b1cce923396f,2026-08-25T02:02:11.521799+00:00,site_latency,231.2,False
6d779b16416b7b6fd1cf31584a467f0c,2026-08-25T02:02:11.534194+00:00,checkout,222.5,False
c0f104732482bf53113e55e950465810,2026-08-25T02:02:11.318919+00:00,checkout,465.06,False
bde54b77d65a64a4882b8d1e0b2d6d36,2026-08-25T02:02:11.557473+00:00,site_latency,230.93,False
486b87670d4fe5e255e3678e8cdf20f1,2026-08-25T02:02:11.694301+00:00,site_latency,99.19,False
1aa6a1ac972b57f6a8ea876897d68fb3,2026-08-25T02:02:11.742692+00:00,api_generic,54.91,False
0d46bf7b8ccaa1348c979787444df46a,2026-08-25T02:02:11.661242+00:00,pix,140.69,False
d3b334793ee40dd3cf3160a464f2cb62,2026-08-25T02:02:11.663443+00:00,api_generic,153.23,False
ecaa4d74c9c6cf2fa647fead7b2ec2b4,2026-08-25T02:02:11.775474+00:00,api_generic,65.0,False
8b0f1798923b0805c2fb3e128ba36349,2026-08-25T02:02:11.744828+00:00,api_generic,115.22,False
2a23066e33cc8be9c4560552bd5dd5d3,2026-08-25T02:02:11.756654+00:00,site_latency,109.23,False
62567b6f5054ac38fb4a773767e45adb,2026-08-25T02:02:11.577365+00:00,checkout,300.1,False
c496ccd8e07ad2d41bd15654b3922d97,2026-08-25T02:02:11.730255+00:00,site_latency,152.41,False
76e57e4558ec37b1ed4e9ef243cd361d,2026-08-25T02:02:11.789427+00:00,pix,98.68,False
aa0468dfb4c47fbfa781533149804988,2026-08-25T02:02:11.566836+00:00,checkout,334.12,False
8529ca2eecab46fa5664cbe99553610e,2026-08-25T02:02:11.799190+00:00,site_latency,123.51,False
93ed7aac181b395fcabd196af2e2433c,2026-08-25T02:02:11.774760+00:00,site_latency,156.43,False
779bba1b80b3b9a781e38e0b4d844146,2026-08-25T02:02:11.843749+00:00,pix,90.02,False
e8a639300c0859087b575a05c5fc41d7,2026-08-25T02:02:11.799732+00:00,checkout,146.86,False
8941cf01dd92c2cda54050a21bae9db5,2026-08-25T02:02:11.624966+00:00,checkout,348.3,False
6d489064652887b0e72b06c732ac2cc3,2026-08-25T02:02:11.683055+00:00,site_latency,316.81,False
cade5578bcbef8700a335d23979c5f67,2026-08-25T02:02:11.935034+00:00,pix,68.22,False
130110355a31f6134224bbfd279f1d18,2026-08-25T02:02:11.842400+00:00,site_latency,171.84,False
ab11d01ef7e28405fc0490e51de6f7f5,2026-08-25T02:02:11.907599+00:00,api_generic,106.9,False
28cde056fe82facc42099fe2365b812d,2026-08-25T02:02:11.908581+00:00,pix,121.88,False
53362e6355cdebfb177e22a8793405aa,2026-08-25T02:02:11.902301+00:00,site_latency,136.28,False
4acda8888451681b359963ddbc80a86b,2026-08-25T02:02:11.781049+00:00,checkout,267.82,False
ce8fe2b7ea114346403f4b3d15abcf91,2026-08-25T02:02:11.692078+00:00,api_generic,367.95,False
a0a554c1013a7ff30b76e4e4e01b34b4,2026-08-25T02:02:11.981308+00:00,api_generic,90.43,False
bde42f0474e8992044f0a140cabc3fa9,2026-08-25T02:02:11.843226+00:00,checkout,230.74,False
1d9740913f5f8488869556a410009626,2026-08-25T02:02:11.900928+00:00,site_latency,177.86,False
4eab3a8fd40fc2e77a9c3f6c5e4d7973,2026-08-25T02:02:11.638467+00:00,checkout,483.47,False
842dad983a3517b8b2b320b4ed1ca08f,2026-08-25T02:02:11.938192+00:00,api_generic,189.67,True
a946406d8470b2e11057e9d9c991367b,2026-08-25T02:02:11.982316+00:00,checkout,161.69,False
46941fc7bb87bc3195d6d9689da1d125,2026-08-25T02:02:11.821162+00:00,site_latency,323.29,False
1aec963974f06856d7f96a52b5a27122,2026-08-25T02:02:11.820687+00:00,site_latency,338.35,False
7004a568e7292abb26fa566cdc97af8c,2026-08-25T02:02:12.026042+00:00,pix,133.43,False
393d7014e51a2d799992b7e5a893628a,2026-08-25T02:02:12.081507+00:00,site_latency,90.26,False
f5533e9b950684119ed306efc33abb78,2026-08-25T02:02:12.032629+00:00,api_generic,149.2,False
f4d836f4e63ced250490896d218a1d73,2026-08-25T02:02:12.039521+00:00,site_latency,163.64,False
c2706bcf4777432cee1386aadd66502b,2026-08-25T02:02:12.074444+00:00,site_latency,130.37,False
2cbd64354fc4a13ad60d67bfeb5fbf2d,2026-08-25T02:02:11.985390+00:00,site_latency,234.32,False
267f4c86f888e164e29d43cf65c54c68,2026-08-25T02:02:11.941311+00:00,api_generic,306.76,True
0b7e4cfb4664841c4b08a5a4abfc5f2b,2026-08-25T02:02:12.214304+00:00,api_generic,37.06,False
cf699572dbcfc1255fc1ef56b233ef1b,2026-08-25T02:02:12.140922+00:00,pix,116.26,False
a8de97c5a309d35789bc2a880927fb48,2026-08-25T02:02:12.171493+00:00,pix,87.09,False
61e76f310b16843bcf6c0d8371e59686,2026-08-25T02:02:12.102990+00:00,checkout,160.7,False
ee1ba991fade4442e652297a0620df75,2026-08-25T02:02:12.166136+00:00,site_latency,98.37,False
20baf5b1e7e873d82d8484de1a571109,2026-08-25T02:02:12.061236+00:00,checkout,211.41,False
a375573aeabd2c87284d2efdc41f6e6e,2026-08-25T02:02:12.025648+00:00,checkout,248.96,False
f25a75351288804f89f28df6eac0563a,2026-08-25T02:02:12.091945+00:00,api_generic,183.96,False
db37e77317f6c9f48661e6693f4fef8e,2026-08-25T02:02:12.135234+00:00,checkout,142.81,False
70691d29aad45983edb9d528cef262b5,2026-08-25T02:02:12.214123+00:00,api_generic,83.04,False
fb2bdf986620dce8f512f90acf940937,2026-08-25T02:02:12.085054+00:00,checkout,233.66,False
e6234dc6756039529d635e5391224e2a,2026-08-25T02:02:12.158699+00:00,pix,161.54,False
b79215d57a8f68304f79561b5947e1d5,2026-08-25T02:02:12.175356+00:00,pix,152.01,True
98d30a2072f48c0b18ce3005939c03a3,2026-08-25T02:02:12.179508+00:00,pix,165.18,False
8ca262c33d0fbfe8c8b6705e66d2cf0f,2026-08-25T02:02:12.247821+00:00,site_latency,99.57,False
c5dd54820f2dbeca23034bf2c74ba835,2026-08-25T02:02:12.221202+00:00,site_latency,127.51,False
e53d3b8bdb59d70c9382f765f8d8c7be,2026-08-25T02:02:12.264365+00:00,api_generic,103.03,False
733191b9b4b00595f1f2abd7c67b7d9b,2026-08-25T02:02:12.226265+00:00,checkout,147.58,False
f5402555dae4771af4e809995234cf3f,2026-08-25T02:02:12.257143+00:00,api_generic,116.98,False
f8540c816085c66c71d0338274142554,2026-08-25T02:02:12.298489+00:00,api_generic,96.17,False
35562e0e286c6b963278678494d28bc7,2026-08-25T02:02:12.158815+00:00,site_latency,262.17,False
d9b1bb67eb082462d7e866398be4feb0,2026-08-25T02:02:12.140723+00:00,checkout,286.96,False
ae12312db65955d72c608ba081d8e81b,2026-08-25T02:02:12.170809+00:00,checkout,265.34,False
9b15ef1109b75b36db742a74de8f7c1c,2026-08-25T02:02:12.261096+00:00,api_generic,195.99,False
b89659db17078168b0aa2422b60d595e,2026-08-25T02:02:12.297127+00:00,site_latency,162.4,False
a01b65bc41154eb6cd57ad7c0fe5b24c,2026-08-25T02:02:12.351149+00:00,api_generic,113.37,False
bc0f67b153f3d110220f2a8c9548c320,2026-08-25T02:02:12.440267+00:00,api_generic,47.51,False
86492f95e797beac5b61c2531ebefb9f,2026-08-25T02:02:12.448020+00:00,api_generic,57.07,False
9437502947944dc164bcc38c7a000e77,2026-08-25T02:02:12.365630+00:00,api_generic,160.97,False
0c53d62b1dc64cca68d6cf64aee361cf,2026-08-25T02:02:12.252879+00:00,site_latency,275.02,False
333de0ca6a79a2ca27ab1f3efc06f73d,2026-08-25T02:02:12.323131+00:00,site_latency,209.79,False
d84ac2dc4cb28cbc5ef9b049f2cf614e,2026-08-25T02:02:12.440788+00:00,pix,92.62,False
74cc005b3807d56758c4a526bc89064f,2026-08-25T02:02:12.071602+00:00,checkout,466.99,False
bddc8ea4ab808867ab28253129fb862a,2026-08-25T02:02:12.422616+00:00,site_latency,137.94,False
c346721135ee8decf7cbc2d58f6820a1,2026-08-25T02:02:12.409921+00:00,site_latency,155.83,False
aaeb16563d6f533228167da306326f13,2026-08-25T02:02:12.333596+00:00,site_latency,238.27,False
97fde3b3193a0fc00f0f657a61f9d50d,2026-08-25T02:02:12.183819+00:00,checkout,393.34,False
cdb57cf22fb7a9a5eb0cb3ce12a297ca,2026-08-25T02:02:11.786532+00:00,api_generic,801.41,True
d0105b4d99489b6ae32402141d3aab2f,2026-08-25T02:02:12.586617+00:00,pix,49.91,False
993d8a424e653dac9ac24550d428a95a,2026-08-25T02:02:12.557205+00:00,pix,79.57,False
d57135e36f00b872a6bf7f4f94b2985e,2026-08-25T02:02:12.468771+00:00,site_latency,183.64,False
0d81455cddc974a239e21af09201481d,2026-08-25T02:02:12.592100+00:00,api_generic,70.57,False
0c5ec4a25ddb995b1dab80337213e008,2026-08-25T02:02:12.607858+00:00,api_generic,59.94,False
3a77d971d3a47eb877df79951d9f33b8,2026-08-25T02:02:12.574610+00:00,pix,139.54,False
2efaed4c535924749afbef690c61e4e0,2026-08-25T02:02:12.611761+00:00,site_latency,102.58,False
b7a9d62324b4a2bff430a31c4984b7b8,2026-08-25T02:02:12.634074+00:00,pix,113.73,False
1bc61ee78525701925791f65e09f6393,2026-08-25T02:02:12.578066+00:00,api_generic,197.28,False
5d636d26aa2968787116f2bed99b45ac,2026-08-25T02:02:12.626149+00:00,checkout,154.35,False
a5e591f4a4b67861dddb79ffabc12132,2026-08-25T02:02:12.318679+00:00,checkout,467.05,False
a7f39d2c05a81415dccd4a5a086af84b,2026-08-25T02:02:12.731241+00:00,api_generic,55.78,False
91875482d8fb1e9aee3e7f50be536c11,2026-08-25T02:02:12.612305+00:00,api_generic,174.91,False
914d16669f9d1a69e7378b39ec4d65b0,2026-08-25T02:02:12.601725+00:00,pix,201.89,False
6d2562a67b4904a3e375c2ddbee27877,2026-08-25T02:02:12.653660+00:00,pix,162.89,False
75b70963c9c2c3d203a86dee802c44d6,2026-08-25T02:02:12.761995+00:00,api_generic,102.1,False
3007443acc759a68014f4925084e4456,2026-08-25T02:02:12.721183+00:00,site_latency,155.72,False
20ba949636b63cfcef8dcced15bee87a,2026-08-25T02:02:12.785456+00:00,site_latency,98.91,False
be824797581e55089eaa2ab3a0e2186f,2026-08-25T02:02:12.667412+00:00,checkout,223.94,False
6a8986009a3566f257fb08d56bc670d5,2026-08-25T02:02:12.464865+00:00,site_latency,435.35,False
b02f65e0e12df53c48487e8dc1e38358,2026-08-25T02:02:12.665088+00:00,site_latency,235.65,False
73107311f37899a8974e08b1cadd2311,2026-08-25T02:02:12.877277+00:00,api_generic,42.3,False
811d31c9e4ec15ce528d5ddf2c6b69b2,2026-08-25T02:02:12.839892+00:00,site_latency,108.86,False
7c04a6da5a0ba57d45728b84afaaa6ad,2026-08-25T02:02:12.835454+00:00,api_generic,146.86,False
70099f44f071b48deb2c4b9b5f372697,2026-08-25T02:02:12.752954+00:00,site_latency,248.49,False
6e2c9af438b396214916e5b011947931,2026-08-25T02:02:12.904149+00:00,api_generic,98.93,False
9beeee5e5b9056e2d4556271f7348d9e,2026-08-25T02:02:12.818194+00:00,site_latency,190.69,False
1f88a914257648f36ba50104eec10ad2,2026-08-25T02:02:12.732122+00:00,site_latency,277.17,False
f421b3940350f7437f90434ae417e696,2026-08-25T02:02:12.843627+00:00,checkout,188.82,False
9905e979382fcc84f17b22f03d0b1699,2026-08-25T02:02:13.015956+00:00,api_generic,38.92,False
6be2a8d438cfaec65f7fe53c7917a11f,2026-08-25T02:02:12.834234+00:00,site_latency,226.45,False
34e405088fc631970523582f0136ee8b,2026-08-25T02:02:12.994311+00:00,api_generic,69.73,False
f7b9b2beb6ee10ab51369008ae26ef40,2026-08-25T02:02:12.868942+00:00,checkout,196.57,False
6628cdaf333ba1de8638f551dedf5b24,2026-08-25T02:02:12.903753+00:00,site_latency,172.84,False
cf1e52f2b163497a7916c56efff64e70,2026-08-25T02:02:12.957659+00:00,api_generic,120.79,False
1eac90e5c42992425ca3e777f71cd12f,2026-08-25T02:02:12.893994+00:00,site_latency,210.02,False
2b20190579c0845904584b887d78f485,2026-08-25T02:02:12.858379+00:00,site_latency,253.78,False
7df3b90a710b8c6308196e628a299767,2026-08-25T02:02:12.905076+00:00,api_generic,246.41,False
cfacea715d09e8d17125de149a1af19e,2026-08-25T02:02:13.030785+00:00,api_generic,123.12,False
5b68e048787df16cc916f9397d9b9343,2026-08-25T02:02:13.078413+00:00,api_generic,75.69,False
626282d5ebbcf4eaed1942da03df113a,2026-08-25T02:02:12.095539+00:00,site_latency,1079.13,False
61d0f85f78400c5e0b2e01e0a955dd13,2026-08-25T02:02:13.069263+00:00,pix,106.2,False
6dbbb939d866414066fb80c7600a05e9,2026-08-25T02:02:13.073445+00:00,api_generic,109.82,False
4de406ffcca886b4dd8f51753c7bbeae,2026-08-25T02:02:13.120124+00:00,pix,67.05,False
7a0a024063d13c1a23213a37015867b2,2026-08-25T02:02:12.957515+00:00,checkout,231.87,False
1a0dd6ba54382174f0c064b718108ee3,2026-08-25T02:02:13.101603+00:00,api_generic,90.27,False
10b5b447e20c28a1130a909042d1ce36,2026-08-25T02:02:13.082010+00:00,api_generic,117.7,False
90a76256a22d9b12df3ba3b9c0b04cb7,2026-08-25T02:02:12.764137+00:00,checkout,463.13,False
7f4eee193d53316354ee93b6859d132e,2026-08-25T02:02:13.155081+00:00,api_generic,102.87,False
c474a0f6890d66c0dd45bc5d0b2e1918,2026-08-25T02:02:13.021456+00:00,api_generic,251.05,False
0009cc07fe9694433a10a4d3bbf3c1ad,2026-08-25T02:02:13.037911+00:00,site_latency,238.64,False
1be705d7bf9bcb913ac3039c82c7221f,2026-08-25T02:02:12.715491+00:00,checkout,570.45,False
3ad34f5b46d2c0691fe77c454f67e324,2026-08-25T02:02:13.264000+00:00,api_generic,47.3,False
712dfb6951ff00c678ea10447524c014,2026-08-25T02:02:12.983473+00:00,checkout,333.92,False
065b484041d61233a6fd2cb3d2d6615a,2026-08-25T02:02:13.145555+00:00,pix,180.04,False
2e4d7086e30829c35fcdb642ec4f52ed,2026-08-25T02:02:13.075170+00:00,checkout,250.72,False
b7856fc8359302749aeab3f71ea4a382,2026-08-25T02:02:13.243478+00:00,checkout,87.29,False
23b0e4dcd68e4f3b59f0b15602f2b27c,2026-08-25T02:02:13.224632+00:00,api_generic,117.51,False
4852383e3f6031200e4956315a620d6e,2026-08-25T02:02:13.129660+00:00,checkout,226.0,False
013d8eb6f4924a95adff0f59cf0fd145,2026-08-25T02:02:13.080791+00:00,site_latency,281.92,False
65e47ddc8a081610976d7a7c4aac5e19,2026-08-25T02:02:13.243023+00:00,api_generic,121.2,False
c40a7f138a241c653ef5b7131497fb18,2026-08-25T02:02:13.220005+00:00,site_latency,148.47,False
592ec392460ae60f343b15415f0b7fd6,2026-08-25T02:02:12.876639+00:00,checkout,505.55,False
eb3a97e55c8ff19e9a36236cac101fd9,2026-08-25T02:02:13.315395+00:00,api_generic,111.39,False
cdd4955d0d44417f5ecb5583d6b26a3e,2026-08-25T02:02:13.339981+00:00,api_generic,100.67,False
0a91654e2c8baae5d384d41dd7d46197,2026-08-25T02:02:13.246149+00:00,api_generic,204.85,False
600ce254b712d87e2001389f642f8b0a,2026-08-25T02:02:13.218568+00:00,site_latency,237.44,False
b12fab0b2c57c80bdd8425251b013292,2026-08-25T02:02:13.159877+00:00,checkout,296.4,False
40a2609fd34ec03001ce79b2f7bc7ef1,2026-08-25T02:02:13.230906+00:00,site_latency,229.17,False
50563452567827cda2409999465588b6,2026-08-25T02:02:13.406029+00:00,api_generic,55.29,False
021d7d8923d160111366abdf81769a20,2026-08-25T02:02:13.287242+00:00,api_generic,186.33,False
b67875e81219459b4f201bf3992c56c4,2026-08-25T02:02:13.431418+00:00,site_latency,67.69,False
b24e3d869660a8929948bc9820597be2,2026-08-25T02:02:13.281332+00:00,checkout,219.19,False
81bd994f21994a1daad76533025cb2a0,2026-08-25T02:02:13.426572+00:00,site_latency,84.68,False
9114831258c29f159b0e048689e61562,2026-08-25T02:02:13.449828+00:00,api_generic,72.46,False
2941cf1e0f0ee1688a39ab7235506bae,2026-08-25T02:02:12.909104+00:00,checkout,614.6,False
d72725e82fa00842ccab58789969c80f,2026-08-25T02:02:13.160060+00:00,checkout,370.89,False
7baf01e56498967b1e7aa79c66558174,2026-08-25T02:02:13.165497+00:00,checkout,376.57,False
20eff4c201fc67d695fcd95162158610,2026-08-25T02:02:13.449353+00:00,site_latency,108.02,False
e551bfac4e1fb29bb5aacf7648785fee,2026-08-25T02:02:13.397647+00:00,site_latency,166.43,False
ffc35bbd1a25a2237f6682985342a556,2026-08-25T02:02:13.451405+00:00,pix,139.53,False
e38ddc66b5b9cdccf86ae36338e33fd7,2026-08-25T02:02:13.390680+00:00,checkout,225.14,False
1d4ecf412bd11ce7b4dbb29bf7e1f1f3,2026-08-25T02:02:13.217093+00:00,site_latency,408.22,False
45482fba4984e7cf226c2a929974ffa4,2026-08-25T02:02:13.428773+00:00,site_latency,208.61,False
a7db303c83fde66caa6f6c84c47d95d5,2026-08-25T02:02:13.572463+00:00,api_generic,80.64,False
45af16b08748c0c57393c672acb27dcf,2026-08-25T02:02:13.627494+00:00,api_generic,42.46,False
834c9065733d18d10df7fd2b8633d657,2026-08-25T02:02:13.560031+00:00,pix,131.18,False
98a4d6ea7e7a4e565081a7d3ee4eb659,2026-08-25T02:02:13.592538+00:00,api_generic,144.47,False
99d872b5839eb185d3ab87340a6eee1c,2026-08-25T02:02:13.611349+00:00,site_latency,130.34,False
a47987e11fada09731a2350792279b8c,2026-08-25T02:02:13.168645+00:00,site_latency,579.23,False
cc7e846bd63560639748ed7cdca64718,2026-08-25T02:02:13.471836+00:00,site_latency,276.22,False
71a0505f0626a5dfc2869201501e99e5,2026-08-25T02:02:13.699013+00:00,api_generic,49.56,False
5ec043d92bbae12b460faaff0207d04d,2026-08-25T02:02:13.400302+00:00,site_latency,348.7,False
ce78f0ad06bea8f5173eec0dba2bbd86,2026-08-25T02:02:13.706898+00:00,pix,98.07,False
1d483b32193f337f44fc1860627a9c7e,2026-08-25T02:02:13.651351+00:00,api_generic,160.22,False
97128334da15b04a14a34041748efd50,2026-08-25T02:02:13.501660+00:00,site_latency,326.93,False
e07dbe0f55ebcae8dc28ced38899cf42,2026-08-25T02:02:13.428887+00:00,checkout,410.35,False
9dd7dadf568c4596fc94fc9c855645b5,2026-08-25T02:02:13.494839+00:00,checkout,344.99,False
e2ea86e5d612cdd4fa1be5fb523493f2,2026-08-25T02:02:13.580272+00:00,checkout,289.49,False
ab039878ce6d08e0fa89a8ac48445727,2026-08-25T02:02:13.732723+00:00,pix,147.34,False
ad24b4213ba2009780a0c89391dfa524,2026-08-25T02:02:13.728225+00:00,pix,165.02,False
887323f33ffaa7906140ae0334843e24,2026-08-25T02:02:13.452267+00:00,checkout,477.91,False
2354de5e16ae238b6aa97afc84eb807f,2026-08-25T02:02:13.730417+00:00,pix,245.76,False
5ae4ed1e49b6c97ef7aa14811b8039ee,2026-08-25T02:02:13.672422+00:00,site_latency,315.87,False
b923234d8cf82624630cd8dbe2d0d25a,2026-08-25T02:02:13.888710+00:00,pix,109.53,False
e12324eec2449c39fd72ae16aab5bc18,2026-08-25T02:02:13.483838+00:00,checkout,519.1,False
d580e726778b8a123c413aebf2157e19,2026-08-25T02:02:13.861836+00:00,site_latency,144.89,False
4b2f3acd9a8dc5535a83339d2de03a55,2026-08-25T02:02:13.740209+00:00,checkout,267.98,False
413a8011a10db90f61290a79204a07bd,2026-08-25T02:02:13.894507+00:00,site_latency,120.07,False
7815bc7f92a2d2247607d598a21226de,2026-08-25T02:02:13.963206+00:00,api_generic,57.8,False
14348475e0a332f7de131199d7deb03b,2026-08-25T02:02:13.763870+00:00,checkout,268.3,False
87dde25abcaa7ecd82a675f46f8a9e81,2026-08-25T02:02:13.824179+00:00,checkout,236.34,False
d0658db90a5e16780992e3da8f7a5bb0,2026-08-25T02:02:13.866244+00:00,checkout,206.87,False
576b44c5d1dc7765dcc6810c81bc5ad9,2026-08-25T02:02:14.014103+00:00,site_latency,68.45,False
513f93448f29c9d2d4b309d241bac798,2026-08-25T02:02:13.316185+00:00,checkout,791.07,False
2bc907b0ae5eba6e5ec4d469930c8c50,2026-08-25T02:02:14.073072+00:00,api_generic,68.33,False
fee339078b9f92b32dc3182eea32d5b9,2026-08-25T02:02:14.014274+00:00,api_generic,129.64,False
e02e8eb37bcd82adcf65cc1bedbba260,2026-08-25T02:02:13.871332+00:00,site_latency,282.59,False
836709ae3cb92a0f1efa458809570cf0,2026-08-25T02:02:13.902618+00:00,site_latency,264.89,False
21a8d94fec5307e4aaa72b0c30823eff,2026-08-25T02:02:13.793529+00:00,checkout,417.06,False
f16815fcea13c7a39ae805f684892329,2026-08-25T02:02:14.115040+00:00,api_generic,98.77,False
5b5dc98c3043c6eda7a4495a994cb1b4,2026-08-25T02:02:14.143867+00:00,api_generic,77.4,False
ff3f3721452c3426784ffe4c203c3b2e,2026-08-25T02:02:14.110367+00:00,pix,115.96,False
5580559441ad7b140a85bb34c7fc6b9b,2026-08-25T02:02:13.898335+00:00,checkout,333.82,False
bdd0162c04d096f08b9d22032febbe38,2026-08-25T02:02:14.103897+00:00,pix,135.92,False
f3031a5fc1f733ee5ce3c280fc7441a9,2026-08-25T02:02:14.134683+00:00,api_generic,105.57,False
f6e1cc8f42540d3eecf56a992edc7cf9,2026-08-25T02:02:14.153885+00:00,pix,96.51,False
44e16f74f80c9a415060fe7eb04ece24,2026-08-25T02:02:13.974641+00:00,checkout,299.64,False
483f7f12d93646feeae269b169c5b203,2026-08-25T02:02:14.209094+00:00,api_generic,66.68,False
f262ae04a1c9b9ee0e46004bdd00713f,2026-08-25T02:02:14.111635+00:00,api_generic,175.45,False
9ba3494444207f76a8737666a1570ea1,2026-08-25T02:02:14.062187+00:00,checkout,227.39,False
a25144ec2b9add6942b21e506a457367,2026-08-25T02:02:14.228957+00:00,api_generic,62.18,False
564cf7434e55bf36268ecc8ee8aa5d11,2026-08-25T02:02:13.823383+00:00,checkout,475.14,False
f45c8c4e47548db2417a4c1d13171621,2026-08-25T02:02:14.207834+00:00,api_generic,95.14,False
48fab6163f142c42bde57f504541b3c3,2026-08-25T02:02:14.275191+00:00,api_generic,55.84,False
24f0c565fb86ec75e78547b36f0c7aac,2026-08-25T02:02:14.218978+00:00,api_generic,124.97,False
d537cab0745e6b3bbeea124069944b76,2026-08-25T02:02:14.196465+00:00,api_generic,152.43,False
d972f3e707308c4fa27ee060b1a04a43,2026-08-25T02:02:14.032096+00:00,checkout,332.09,False
526089e4d42b2a7ee4d0f7b39ab978a6,2026-08-25T02:02:13.979599+00:00,site_latency,402.43,False
403a903313e4b0c5b8c0e2533db23586,2026-08-25T02:02:14.240216+00:00,site_latency,153.09,False
0f2a77f02e97e36c002266516ab22625,2026-08-25T02:02:14.275314+00:00,site_latency,119.97,False
1931d4c2f00f52ceaaf43e4763eb21e0,2026-08-25T02:02:14.348864+00:00,api_generic,48.0,False
b81941a2fb9e901885b298fbf5420437,2026-08-25T02:02:14.296846+00:00,api_generic,102.88,False
843ed6f781587f7743009244295d7440,2026-08-25T02:02:14.140074+00:00,site_latency,271.21,False
c32a452dcf955725210b89992bf5ab0e,2026-08-25T02:02:14.024582+00:00,checkout,409.13,False
6daa1d740f2407a1d2304af2cd5c4738,2026-08-25T02:02:14.064534+00:00,site_latency,372.17,False
cc4d0b74270ec74de759aeaf16ad5aba,2026-08-25T02:02:14.298491+00:00,pix,145.43,False
6b6a4889fb18af2b4a453eb839e46ff8,2026-08-25T02:02:14.341637+00:00,site_latency,118.38,False
9dd3fce86e5e460f30034c2987066bfb,2026-08-25T02:02:13.701704+00:00,site_latency,782.67,False
b5fb5d5c11e3ab1ec19d07f8577a1b18,2026-08-25T02:02:14.401592+00:00,pix,90.0,False
667af8ade498828da29f53c04f9ea216,2026-08-25T02:02:14.450008+00:00,site_latency,44.34,False
d900b53b7a62aff7c1bcb1cd60393816,2026-08-25T02:02:14.406845+00:00,api_generic,90.8,False
9dc41d39e4708c5d04fa191aef2d8e88,2026-08-25T02:02:14.391325+00:00,api_generic,107.21,False
a5cb93ba651cb559d7a18afaed237da3,2026-08-25T02:02:14.142616+00:00,site_latency,358.58,False
d4dbf3f8e7f44cbbb6877898e44c0a66,2026-08-25T02:02:14.413799+00:00,site_latency,88.41,False
b5b8fa27c91a98a0295d8ea9b02e8905,2026-08-25T02:02:14.251969+00:00,site_latency,269.79,False
95a1335cb59b68377a974f39e0776d30,2026-08-25T02:02:14.423979+00:00,checkout,141.95,False
72c00a5f8002a8fafda14c48f8605943,2026-08-25T02:02:14.533069+00:00,api_generic,76.36,False
2b8da39e51585fdfbd5b02eb897d304c,2026-08-25T02:02:14.535203+00:00,site_latency,97.12,False
8a7ff9b182a80cd568ebfd8ee749f1d2,2026-08-25T02:02:14.582796+00:00,api_generic,67.99,False
6c3d879e5c23e93878e5438b0f99b7ee,2026-08-25T02:02:14.507501+00:00,checkout,145.81,False
461456b394c0e50d07132840837e7728,2026-08-25T02:02:14.451434+00:00,checkout,208.8,False
8b46b4cd5f06e5717c98dba7b37ad579,2026-08-25T02:02:14.334347+00:00,site_latency,331.02,False
5d62db6e66837c71b230eca5c621ac6d,2026-08-25T02:02:14.586637+00:00,pix,80.38,False
909721d261a3bc314b161895d6ef5843,2026-08-25T02:02:14.149040+00:00,checkout,532.56,False
57d25aa4c1ae7e460403c44a5bada635,2026-08-25T02:02:14.553957+00:00,site_latency,158.06,False
a85c8071c7d1d4c76b433cfa86a92d01,2026-08-25T02:02:14.502143+00:00,site_latency,213.57,False
0ae44d49cb5c66901fc8b8b6945f20e9,2026-08-25T02:02:14.449255+00:00,site_latency,319.45,False
1d9ed65e23d673b1275a8dfb3474bafb,2026-08-25T02:02:14.692219+00:00,api_generic,80.06,False
4bd7d62cd4fbb8c3c3c4a377d10ccb09,2026-08-25T02:02:14.718525+00:00,api_generic,69.88,False
d9ed29b4a235596922c18979400d2223,2026-08-25T02:02:14.541502+00:00,site_latency,248.81,False
5fed1c32d0b739ea7cc833704487c6c7,2026-08-25T02:02:14.706589+00:00,api_generic,91.8,False
f73511c1f982aee52bccfece82579773,2026-08-25T02:02:14.623512+00:00,site_latency,187.6,False
3840d375f7fd948199eb47ac9ca72dd9,2026-08-25T02:02:14.769697+00:00,api_generic,56.45,False
77964822f6848c87ba89b727169af5df,2026-08-25T02:02:14.695679+00:00,site_latency,131.71,False
f5bdf66896f471dcc1f6d23f76f3189e,2026-08-25T02:02:14.503250+00:00,checkout,324.39,False
ee17858a09cb8838b5382e8abf8bf819,2026-08-25T02:02:14.729661+00:00,api_generic,103.86,False
63d3aab8c48732e11cee3109c8079532,2026-08-25T02:02:14.544834+00:00,checkout,308.0,False
50df6db231cc779ba830ea04004faecf,2026-08-25T02:02:14.837247+00:00,pix,66.69,False
5a3a04c2ae40ceceaa74f086b107f57c,2026-08-25T02:02:14.534018+00:00,checkout,402.9,False
01b6002c331895249ac1dbc2928c98ab,2026-08-25T02:02:14.859645+00:00,api_generic,84.22,False
17d4e8ade7e47d1cf0e26bfbfd838b43,2026-08-25T02:02:14.635286+00:00,site_latency,316.64,False
92e48509ac8e79975c2ec0c1b0ff7ca8,2026-08-25T02:02:14.668833+00:00,site_latency,295.52,False
cebda19564b50f5951c06d29f288cd04,2026-08-25T02:02:14.848851+00:00,site_latency,123.86,False
3749eb724910e9fbe435026cb51487a0,2026-08-25T02:02:14.814369+00:00,pix,163.81,False
8dbd8c9ce6a6475d3889b21a5123fe47,2026-08-25T02:02:14.884778+00:00,pix,105.32,False
da35bc5174c967383de207044620d7a3,2026-08-25T02:02:14.938226+00:00,api_generic,52.09,False
c583ad632bf268f84f023efbadeeca37,2026-08-25T02:02:14.918214+00:00,api_generic,87.15,False
ea4d01e3900458d9a8d68dac546aeae5,2026-08-25T02:02:14.956805+00:00,api_generic,58.35,False
483c8793e953901cedaa25478bd78296,2026-08-25T02:02:14.897748+00:00,pix,122.22,False
92fe53799aa07ad1e4d06cb646a9da4d,2026-08-25T02:02:14.968130+00:00,site_latency,74.7,False
9495c9ced4c41f0e5808f3feb810e654,2026-08-25T02:02:14.972667+00:00,site_latency,130.59,False
f2f4d3b20079a2b2b65603f8016b6aa3,2026-08-25T02:02:14.766334+00:00,site_latency,341.59,False
c2877e72b246de83706e980ca068cd75,2026-08-25T02:02:14.993966+00:00,api_generic,117.35,False
35c6edeed41e6401d1a128351d61bea0,2026-08-25T02:02:14.964902+00:00,pix,162.8,False
d614bf931ff223e7cf19987f67bf3ff3,2026-08-25T02:02:14.975984+00:00,api_generic,164.25,False
73a3ba87493c85a969016fa0b5561355,2026-08-25T02:02:14.822513+00:00,checkout,327.87,False
931765265819ec296f1053a39414082d,2026-08-25T02:02:15.046165+00:00,api_generic,112.4,False
d60c8fa058a54c632413ab8ddfd8a9c1,2026-08-25T02:02:15.019608+00:00,site_latency,145.38,False
c9a3f8379d04ea8ff15e94cf19cb0641,2026-08-25T02:02:14.540342+00:00,api_generic,650.05,False
06d356ec22010eccfb506cd2f8666f86,2026-08-25T02:02:15.065055+00:00,pix,129.53,False
725ac775cc2ffe510a264f6dbceec1ed,2026-08-25T02:02:14.925682+00:00,checkout,296.69,False
3253be48dcb8c214168e304d379a72fa,2026-08-25T02:02:15.123580+00:00,pix,100.07,False
e2b11f18980ccd32e86c88cb985cdf55,2026-08-25T02:02:14.881699+00:00,checkout,343.4,False
39120a0ed116c5f12b10a484b64e8fbc,2026-08-25T02:02:15.063657+00:00,checkout,179.54,False
9c60e189c5fb095c4c5898c5b95f441e,2026-08-25T02:02:15.081246+00:00,api_generic,165.6,False
266108afa54c90cd66cb8fd647b02fc8,2026-08-25T02:02:15.190000+00:00,site_latency,58.11,False
36fdbb3f1c8229965ea4557a21b59f99,2026-08-25T02:02:15.128808+00:00,site_latency,120.71,False
37427a0350c5e089b59981db0ce4c167,2026-08-25T02:02:15.062335+00:00,site_latency,205.08,False
ae0d9b04d6e6ebc665a61b2ae8fb2925,2026-08-25T02:02:15.176842+00:00,site_latency,115.39,False
2e3539959ae5269274831472918bdb86,2026-08-25T02:02:15.136965+00:00,api_generic,167.06,False
ee3f5d9f4c377d3c53a4e013580989f1,2026-08-25T02:02:15.123362+00:00,checkout,190.38,False
632d98261f524d97715a8a44868426a9,2026-08-25T02:02:15.221210+00:00,site_latency,97.51,False
12d80cf144ae695d0623c32fe3ecf7b6,2026-08-25T02:02:15.281128+00:00,api_generic,65.09,False
4b28ae73ac8fa6a06f6a5d1609734b35,2026-08-25T02:02:15.142189+00:00,site_latency,204.25,False
6859636321e0e9a0df58806bd5c1d0fd,2026-08-25T02:02:15.310806+00:00,api_generic,40.76,False
245e14398e59aab19c0f6b1840efe8d5,2026-08-25T02:02:15.197498+00:00,site_latency,154.34,False
c13321911c06458fc17f3708c1d13153,2026-08-25T02:02:12.728556+00:00,checkout,2636.74,False
16d4f3dad9cb68c34ec8b34dcdc91a72,2026-08-25T02:02:15.167959+00:00,site_latency,202.91,False
c4272628cde8046b57c8ffd27693bd1f,2026-08-25T02:02:15.277517+00:00,checkout,117.29,False
f73cd5c591548659ed50c16d1dfda15a,2026-08-25T02:02:15.273952+00:00,site_latency,130.34,False
28bc77f17f7266de3c757163ef02d42b,2026-08-25T02:02:15.178438+00:00,site_latency,237.46,False
3da641e9b00bfa8beda299cf1b465301,2026-08-25T02:02:15.278415+00:00,site_latency,157.82,False
2511be52db7304233aaeb6d0ebe4f894,2026-08-25T02:02:15.317404+00:00,site_latency,119.19,False
8a9cb108f11bb3bfab6a249ec5d0c783,2026-08-25T02:02:15.159187+00:00,site_latency,292.26,False
1b130d00ee1ec0ad5dfeb8704cde2e7c,2026-08-25T02:02:15.293414+00:00,site_latency,160.14,False
a73300152121a7f1458d1f7a56838b34,2026-08-25T02:02:15.246307+00:00,pix,220.64,False
1ba60824a963465fb7927f9c1414dc28,2026-08-25T02:02:15.244725+00:00,site_latency,230.23,False
17ef6d4e3e9466dad191209088456a19,2026-08-25T02:02:15.269473+00:00,pix,206.1,False
8f5d900ed8267bd7c001773e2d820347,2026-08-25T02:02:15.404241+00:00,api_generic,71.49,False
88069b217d45359a756d78e58368db8c,2026-08-25T02:02:15.309478+00:00,site_latency,168.33,False
05b8883ea7a3b1a13c979617e19dc005,2026-08-25T02:02:15.267142+00:00,site_latency,256.76,False
ca0e0a2bbedd10a39afe8a63b0bc5607,2026-08-25T02:02:15.055895+00:00,site_latency,468.43,False
6b5668582a238d79e89b7b42451fdeeb,2026-08-25T02:02:15.153735+00:00,checkout,376.31,False
d0cb6cb3d39f528fc63324015cae45fb,2026-08-25T02:02:15.296874+00:00,site_latency,245.03,False
7e0c2e3c54dea43af824c55fbab9a769,2026-08-25T02:02:15.520262+00:00,api_generic,36.39,False
9eca93d7b6580a3249509b390e4d9443,2026-08-25T02:02:15.447593+00:00,api_generic,130.2,False
fcd135d7bfe638fcb0358967d3040231,2026-08-25T02:02:15.523864+00:00,api_generic,57.38,False
a7c1adc3022a4193f5f91deb94e33b61,2026-08-25T02:02:15.302520+00:00,pix,294.03,False
ef50a0aa02ec9851c212e918026abdd9,2026-08-25T02:02:14.894786+00:00,site_latency,743.98,False
24716de3fd6533010bc4e354237a26db,2026-08-25T02:02:15.519788+00:00,site_latency,119.28,False
11c4c61c300e1464800a4910a2317cc9,2026-08-25T02:02:15.313703+00:00,site_latency,338.11,False
b86130c729018f1bca9cc2ec8eb63213,2026-08-25T02:02:14.993716+00:00,checkout,704.11,False
d22a5a00c447fea7abd3ac92077193f8,2026-08-25T02:02:14.851659+00:00,api_generic,852.07,False
54508f4468618b20be920c3394f53f82,2026-08-25T02:02:15.579784+00:00,api_generic,129.44,False
7d9880c634c1a15f39019b8dcbd52169,2026-08-25T02:02:15.129358+00:00,checkout,591.01,False
06aa3a775afac7a98066007e8642b941,2026-08-25T02:02:15.490860+00:00,checkout,235.82,False
787ebc0736e59cca9e29491c1037ee06,2026-08-25T02:02:15.358506+00:00,site_latency,375.56,False
680751f5ff31b48f41a50f975b3766da,2026-08-25T02:02:15.421267+00:00,checkout,315.07,False
7915c2091f3e00ecbe92c6ee329e7226,2026-08-25T02:02:15.643839+00:00,api_generic,124.39,False
315a0be7119b4ef04089c58d2e8eba66,2026-08-25T02:02:15.683121+00:00,site_latency,116.78,False
4783a7fd75a2d586dfe14ededb1668c8,2026-08-25T02:02:15.697791+00:00,api_generic,104.19,False
69d49f60784c4ade1a15fc4048eb03ed,2026-08-25T02:02:15.660716+00:00,pix,146.57,False
b2dd70c588b48569f935d42da29aacd5,2026-08-25T02:02:15.751661+00:00,api_generic,81.36,False
073f683c4f2acd88a6e0906277bc179d,2026-08-25T02:02:15.603122+00:00,site_latency,233.71,False
089325ec6056ae0d1e439d551e9959e6,2026-08-25T02:02:15.804158+00:00,api_generic,45.28,False
487c15f1124fecf03f04e9448b9ff758,2026-08-25T02:02:15.756575+00:00,api_generic,102.4,False
0ef33f36890b3627597df676a4de2e61,2026-08-25T02:02:15.812476+00:00,api_generic,54.62,False
783615627f9104e7b820ccb601da64d8,2026-08-25T02:02:15.733413+00:00,site_latency,146.38,False
9ce6f840a130d66608741afc530bfeb4,2026-08-25T02:02:15.705049+00:00,pix,189.72,False
5e246516457dfd3003a03bcba5cd6362,2026-08-25T02:02:15.730440+00:00,pix,165.67,False
41788f144e001e8c890e64c992305a09,2026-08-25T02:02:15.852990+00:00,api_generic,48.08,False
64c0d34e5c970a366025dec9a3d719f0,2026-08-25T02:02:15.800794+00:00,api_generic,112.62,False
7227a98ab05d068f570458d3dcefc7d9,2026-08-25T02:02:15.842092+00:00,api_generic,95.2,False
165749640e214bd5d7f18016b1c6939a,2026-08-25T02:02:15.791909+00:00,checkout,157.22,False
fc9d41acc5a6094045e17c4cf718c3aa,2026-08-25T02:02:15.721576+00:00,site_latency,232.24,False
a266088f56a5d9368aad412e8129a4aa,2026-08-25T02:02:15.864897+00:00,site_latency,92.21,False
4831497f7a46fb040551084bc1b3530b,2026-08-25T02:02:15.878730+00:00,api_generic,87.34,False
ecaa765c7d8f65e5f7dc86285c80c90b,2026-08-25T02:02:15.699141+00:00,checkout,285.36,False
ce68b3760f172cf53370d724313de336,2026-08-25T02:02:15.897498+00:00,api_generic,95.64,False
3a501815eeb078e516c815064d86a52a,2026-08-25T02:02:15.916964+00:00,pix,101.02,False
29d9b6b071b137274c798c7914d5db76,2026-08-25T02:02:15.888564+00:00,site_latency,147.11,False
d8682fd8263b76131e6a6e36916af86a,2026-08-25T02:02:15.868338+00:00,site_latency,169.24,False
8cf9a593e1ca3a5b410e6ccfbd95460a,2026-08-25T02:02:16.000029+00:00,site_latency,59.34,False
8f2a6a5042d4ed8bbd0a183ee5f19071,2026-08-25T02:02:15.998572+00:00,site_latency,61.05,False
4c632519f2c9b467b2ff01f331c5928c,2026-08-25T02:02:15.996970+00:00,api_generic,66.7,False
281eb10ba6ce35273ba505862f5482f1,2026-08-25T02:02:16.011206+00:00,api_generic,57.83,False
65a6de284f4a912ed7b5aa83e02882ce,2026-08-25T02:02:15.960527+00:00,api_generic,113.21,False
6f11090af784c1b8d1705ec218b55aad,2026-08-25T02:02:15.480154+00:00,checkout,595.09,False
a75e2f6ece88af9fdb21e3fade7fb042,2026-08-25T02:02:16.037324+00:00,api_generic,60.25,False
03cf798fe9ccd967f7381474e1e3c1df,2026-08-25T02:02:15.808589+00:00,site_latency,291.38,False
6bc72ce05de05b56da75fded14a95e2a,2026-08-25T02:02:15.717153+00:00,checkout,385.47,False
06262e9baadccc0b2c35e008135814b6,2026-08-25T02:02:15.860246+00:00,checkout,245.01,False
e5e53e62b6fef72dc319b26825cbd24f,2026-08-25T02:02:16.015800+00:00,pix,95.04,False
f5e28c84328cbd865b86ca662f58d329,2026-08-25T02:02:15.925221+00:00,site_latency,223.18,False
6ec8055a7e651b216de6c572ab495a71,2026-08-25T02:02:16.058191+00:00,site_latency,106.12,False
1e8f2ebd03fbad59e3f73d2e71e5d7f8,2026-08-25T02:02:16.086744+00:00,site_latency,87.02,False
370827a819baef98be1358ee40ae1bb2,2026-08-25T02:02:16.085580+00:00,api_generic,88.67,False
84420d44d5d35fec3598565e8bf6a420,2026-08-25T02:02:15.584470+00:00,checkout,601.08,False
790912927c278517c20e73949630bfae,2026-08-25T02:02:15.849403+00:00,site_latency,345.3,False
d00104f2e785109a4d6ebf3fb5352de6,2026-08-25T02:02:16.082504+00:00,pix,138.72,False
6039db1cf37968ec8214b93eb907ebac,2026-08-25T02:02:16.130836+00:00,api_generic,114.82,False
e48adeb12b5f935054b3b4cab1aef832,2026-08-25T02:02:16.188753+00:00,api_generic,65.0,False
34876d633c001d4b97f49a323fa50a8f,2026-08-25T02:02:16.099874+00:00,api_generic,178.74,False
a41777db5c3e4849fbfb167ba483679a,2026-08-25T02:02:16.181614+00:00,site_latency,128.75,False
137a6f8e01f1918b0d8286489b4c1e3a,2026-08-25T02:02:16.185076+00:00,site_latency,139.76,True
c4b64fe69ca64ba449b53e2c1fb309e5,2026-08-25T02:02:16.223296+00:00,pix,127.79,False
c189b181e61fc092362759fdc7794ee5,2026-08-25T02:02:16.177490+00:00,checkout,176.55,False
c6065da6365125f1ff7f2a1fe7794a99,2026-08-25T02:02:16.126177+00:00,site_latency,235.53,False
6abb5119d1e69b4a773c90f9a09bd82e,2026-08-25T02:02:16.113617+00:00,site_latency,248.44,False
7aec770a5c9d676e2a389fb0fbecdbb6,2026-08-25T02:02:16.184566+00:00,checkout,194.24,False
15d8c31a6b2108bde79c575864494eab,2026-08-25T02:02:16.364539+00:00,api_generic,41.09,False
357301511d0f0e2b89da451db2fd1386,2026-08-25T02:02:15.971820+00:00,checkout,437.2,False
aa9aa576fee2ff3b4ae92734ac13cbb3,2026-08-25T02:02:15.889258+00:00,checkout,539.12,False
3a481435dcd8dfee137fc3bca1ade4b1,2026-08-25T02:02:16.300282+00:00,site_latency,137.53,False
3d1b70f05b10a885b5e0c8442ddbdc64,2026-08-25T02:02:16.353604+00:00,api_generic,98.57,False
29b83a7d9dc3a93a0c2b806fe4c3c6e4,2026-08-25T02:02:16.057635+00:00,checkout,402.96,True
65e4a885f947628b82204e5929e8e0b7,2026-08-25T02:02:16.257575+00:00,checkout,214.94,False
07bb279ad9cf765fcb6204d3fbe92a99,2026-08-25T02:02:16.368867+00:00,api_generic,127.3,False
845c7d265c03347d2979e959ba6ebd0b,2026-08-25T02:02:16.443091+00:00,api_generic,60.87,False
d81752ce0fad2a7475d02600c4a4753f,2026-08-25T02:02:16.347828+00:00,site_latency,159.73,False
12af9e868a60e75bb3faba502e14fd4a,2026-08-25T02:02:16.462011+00:00,api_generic,64.77,False
aebcedb4a1474cf1b4e72da81cf47bb2,2026-08-25T02:02:16.410939+00:00,api_generic,121.8,False
8353f48d5d016abe08ebca3f75682fb7,2026-08-25T02:02:16.456478+00:00,api_generic,78.98,False
bd3ed96984f247b498d80464f8326f81,2026-08-25T02:02:16.441550+00:00,api_generic,126.67,False
ac671de6c1ffd39786eb70510425c3b2,2026-08-25T02:02:16.198881+00:00,site_latency,377.92,False
c57bd6f46c7cf5befe51925ce18f6477,2026-08-25T02:02:16.424563+00:00,site_latency,168.55,False
f6221d76e142edce13865b4942f557ce,2026-08-25T02:02:16.339812+00:00,checkout,256.15,False
fc17511ddda8fd6846afb238a812d3c8,2026-08-25T02:02:16.477720+00:00,api_generic,126.88,False
8efe59892b260d5790e1008e4b7b6042,2026-08-25T02:02:16.293928+00:00,checkout,318.64,False
0cf64def474a56b7a25133a89a28a6f2,2026-08-25T02:02:16.569184+00:00,api_generic,48.35,False
d88d65a8dc6708df98b1c616d1480680,2026-08-25T02:02:16.519010+00:00,pix,118.69,False
7c6b1ad2cfe6e73ab3f7c7276d1f224f,2026-08-25T02:02:15.096829+00:00,site_latency,1564.42,False
c72e1f99aae354303ee31d6fb4428c08,2026-08-25T02:02:16.614141+00:00,api_generic,57.35,False
b72223b7ab1c803390d42a0f0d57f0e3,2026-08-25T02:02:16.588309+00:00,site_latency,92.87,False
b524797aee2727c33c472440690284f6,2026-08-25T02:02:16.637537+00:00,api_generic,49.77,False
6594c3d66bad6ab9c76d98238b192e3d,2026-08-25T02:02:16.659805+00:00,api_generic,38.32,False
a18295610af57b2dee80f1ed117d0177,2026-08-25T02:02:16.507513+00:00,site_latency,191.89,False
241769ac52850151b4689c1d2dd49cfc,2026-08-25T02:02:16.569313+00:00,site_latency,137.14,False
d6e6fefde14f28aa14cf7f14c68327da,2026-08-25T02:02:16.579333+00:00,checkout,149.33,False
cc65e1e1277f45b5ee98041d7a114c46,2026-08-25T02:02:16.732450+00:00,api_generic,28.45,False
119734fd25144fc9f061b8317e2a556d,2026-08-25T02:02:16.678390+00:00,api_generic,92.57,False
ae0e0ac576b427c83d579390ff2d2389,2026-08-25T02:02:16.262786+00:00,checkout,508.72,False
f41bfd8cf05d921d6a369e1a4007a2a9,2026-08-25T02:02:16.579614+00:00,site_latency,208.47,False
b3bdb1d3f1cf94b65af8e0ce84ed52f8,2026-08-25T02:02:16.484026+00:00,checkout,307.67,False
e1e87ebc8046e55025aae5673cffbe4c,2026-08-25T02:02:16.637657+00:00,pix,161.8,False
2f8aab6cf2e712f9729e78e6d93ddac2,2026-08-25T02:02:16.497703+00:00,api_generic,320.89,True
05d0a5524dd0e46362a2104a2f808150,2026-08-25T02:02:16.701400+00:00,api_generic,138.03,False
4cebc5bdcd63d28e33998ff9d3a0e2fe,2026-08-25T02:02:16.778555+00:00,site_latency,67.58,False
34fe860f445c67ca209777a769409289,2026-08-25T02:02:16.817145+00:00,pix,40.34,False
bd935b1bbd619020017696d515efb55f,2026-08-25T02:02:16.810274+00:00,api_generic,60.82,False
e23da2886dd5e1ef20b8c1cdf8b3db13,2026-08-25T02:02:16.776543+00:00,pix,94.77,False
99149b804dc49617c576108960425dbf,2026-08-25T02:02:16.666890+00:00,site_latency,217.19,False
21dfc0048d08c1524b4a076606e4d39d,2026-08-25T02:02:16.463318+00:00,checkout,422.4,False
5b0e6050920a993dee299fb82e7a596a,2026-08-25T02:02:16.778260+00:00,site_latency,129.78,False
3cce02a3c9b287128836f2792e70c06a,2026-08-25T02:02:16.820179+00:00,api_generic,96.58,False
4375e1ca2bc6c10752acd411e41e27ad,2026-08-25T02:02:16.776390+00:00,site_latency,141.39,False
4b2b57397924d6a11205fd9a30a63a8a,2026-08-25T02:02:16.719686+00:00,site_latency,233.4,False
764b59b9fe10f56ef3a106835990853a,2026-08-25T02:02:16.737828+00:00,pix,232.21,False
b54f9fbc382a1dd2baa11535f2ed9a32,2026-08-25T02:02:16.880888+00:00,pix,122.74,False
7b8fc6b7165f253b1e70dd19a7d504dc,2026-08-25T02:02:16.787814+00:00,site_latency,216.1,False
c9339569722d87bbc2720cd474276ad4,2026-08-25T02:02:16.757180+00:00,api_generic,266.99,False
f324df6bf9e5c8f9e7d887990a016331,2026-08-25T02:02:16.677016+00:00,checkout,363.5,False
a2b98b022ef93c6c22d6ccb36f208a49,2026-08-25T02:02:16.948585+00:00,pix,97.49,False
e984593238e83be1a727a0b893433aa9,2026-08-25T02:02:16.813478+00:00,site_latency,252.94,False
d60735124a09ef3c965ccd67b55b082c,2026-08-25T02:02:16.910301+00:00,site_latency,166.43,False
b1f8db305abc55c7255937d68760e5c6,2026-08-25T02:02:16.792761+00:00,site_latency,285.32,False
2fad73f6563d6a5369a7ee9fedb97474,2026-08-25T02:02:16.982604+00:00,api_generic,116.75,False
b10cfcdff9eaa35d02604acfe566f28e,2026-08-25T02:02:17.047435+00:00,pix,82.8,False
d147277d59358ebce8030ce087523d0d,2026-08-25T02:02:16.781806+00:00,checkout,363.17,False
f0c412b568e59d5fd04de9bdc602a0f1,2026-08-25T02:02:17.027685+00:00,site_latency,120.75,False
7201e0e9983ce70d42b98bb748076d46,2026-08-25T02:02:17.078492+00:00,api_generic,71.72,False
eece04447b7f649addac8fab8731811f,2026-08-25T02:02:17.056122+00:00,api_generic,133.51,False
4f65e5845e5340fa8d644f4483050e73,2026-08-25T02:02:17.029268+00:00,checkout,185.75,False
77a3af86b23db85a946cbd5c773d35e0,2026-08-25T02:02:17.125191+00:00,pix,110.18,False
5190256426971c41bf312e0481dd7db0,2026-08-25T02:02:17.028162+00:00,site_latency,218.86,False
9dacdd9c86e8a4fe5fb6610cafd1bd0a,2026-08-25T02:02:16.062097+00:00,pix,1221.95,False
3088c36e670577eff81324dd5063bc7b,2026-08-25T02:02:17.259841+00:00,api_generic,65.8,False
dbda079aa4ab1874c4505fb2a47319d4,2026-08-25T02:02:17.212960+00:00,site_latency,114.09,False
fd61fcb38aee9988c6b98b46cd848249,2026-08-25T02:02:17.273275+00:00,pix,58.87,False
141952b4e85315633b928c73d8cf35a1,2026-08-25T02:02:17.188313+00:00,site_latency,158.65,False
1bd4c1e99142d15d92156765bd22d0d8,2026-08-25T02:02:17.310757+00:00,pix,36.47,False
f99c0f6ce0d36d3a2df47d71d630f1db,2026-08-25T02:02:16.654681+00:00,checkout,693.92,False
d8a4afe468c74cfa787718d71dc46eb3,2026-08-25T02:02:17.265509+00:00,pix,101.1,False
3025171cb9636a8345efad0e9b1ca635,2026-08-25T02:02:17.190613+00:00,site_latency,179.58,False
e52f73afa8ce607f29bf50c5fcab1cad,2026-08-25T02:02:17.209923+00:00,api_generic,160.56,False
a6ce8de7722dcbd0714a7e13d9e716e9,2026-08-25T02:02:16.958341+00:00,checkout,439.38,False
a4f7cb958a5c3f6da5121811b8bf03fd,2026-08-25T02:02:17.253578+00:00,api_generic,157.0,False
b1f4bae153cf41a1d2cb939cf403977b,2026-08-25T02:02:17.102620+00:00,checkout,321.01,False
dcddbcceeff0bb6d9322d23ee6b2463a,2026-08-25T02:02:17.328265+00:00,pix,113.04,False
3e3a66773ac362811f972a0c623007e3,2026-08-25T02:02:17.106658+00:00,checkout,346.86,False
cc3c2e186de63cea23b57680e5932557,2026-08-25T02:02:17.304633+00:00,api_generic,154.06,False
83502ee810d3098ed2dd46da91b7f753,2026-08-25T02:02:17.374741+00:00,api_generic,98.29,False
28c2c2f165d8a1030965d732d07f2332,2026-08-25T02:02:17.343956+00:00,site_latency,159.27,False
327d8c3ca0381a7bb8022bb3a2714198,2026-08-25T02:02:17.035245+00:00,checkout,472.44,False
8793833650e6fb721ced5e4dd74bd1ac,2026-08-25T02:02:17.448759+00:00,pix,61.24,False
421123a008cbcf0cd0740b93be649eb7,2026-08-25T02:02:17.385339+00:00,api_generic,127.14,False
a6a77ec54f8425a3025b73d4e25b2448,2026-08-25T02:02:17.217596+00:00,site_latency,309.86,False
6e2c32279477d43b53917b055bb0b791,2026-08-25T02:02:17.481187+00:00,pix,57.0,False
b84517fb9bc0f0f643ee17bf7ab6c3cd,2026-08-25T02:02:17.333103+00:00,site_latency,213.86,False
85a74706940c2155684558edfe4415f6,2026-08-25T02:02:17.319214+00:00,checkout,232.99,False
eed4e2ecf4798f656f12e8a06af5ca62,2026-08-25T02:02:17.400512+00:00,site_latency,154.8,False
a58b26ce16887052d4973b1cbffd51c1,2026-08-25T02:02:17.385959+00:00,pix,172.49,False
a10287aeacb9ff2935901bf29a3744e5,2026-08-25T02:02:17.213230+00:00,site_latency,346.58,False
152c99fc80a6c3ad9a68766b5804b3eb,2026-08-25T02:02:17.303139+00:00,checkout,258.42,False
2f99da27d851abb173f63c39dc329e54,2026-08-25T02:02:17.311277+00:00,site_latency,255.44,False
0ecba10fe91066c860e9ab817878f3a1,2026-08-25T02:02:16.841974+00:00,checkout,730.29,False
11ee143b9b6a6a4371226d8764434d35,2026-08-25T02:02:17.453488+00:00,site_latency,165.61,False
a0379aa11883e778216d1e709ee3dffd,2026-08-25T02:02:17.307753+00:00,checkout,313.13,False
77ebacebd3c09def8896d41ac6b989c4,2026-08-25T02:02:17.566644+00:00,api_generic,54.64,False
56c6fd1fc127014353e4078368d5e83d,2026-08-25T02:02:17.558402+00:00,api_generic,65.98,False
c58a96eefa9c2a3186d2efb4bddb43bb,2026-08-25T02:02:17.146272+00:00,checkout,492.35,False
51d4ed2f37bee14b75beae787d833466,2026-08-25T02:02:17.563464+00:00,api_generic,88.19,False
6c00351a66c9acfa5f1cd93fe40c0817,2026-08-25T02:02:17.476303+00:00,api_generic,186.61,False
38b62eaec0d902b7e1684ded51ddd65d,2026-08-25T02:02:17.507636+00:00,site_latency,156.11,False
b5265c85869dbb04ac7d07f1d60e14a8,2026-08-25T02:02:17.200740+00:00,checkout,470.69,False
7019c3dc00c6fc3323286fab9b0bd706,2026-08-25T02:02:17.629384+00:00,site_latency,69.55,False
2471ab7b4bcc9e6852a420d15966f3f9,2026-08-25T02:02:17.332105+00:00,checkout,382.47,False
05350a251a8b0e05ad439b9317fbbb21,2026-08-25T02:02:17.625573+00:00,api_generic,99.72,False
b595cca3d1fb86d357e0c76aebfc74c8,2026-08-25T02:02:17.335713+00:00,site_latency,399.32,False
1457fe136ec09c591b6e444a2cba0104,2026-08-25T02:02:17.602106+00:00,checkout,139.72,False
bfa61e3a5797c17fd93fd125495d6659,2026-08-25T02:02:17.622908+00:00,api_generic,124.45,False
05e33eaeed9fc58a91fbe3b58d7bd75e,2026-08-25T02:02:17.660261+00:00,api_generic,87.3,False
60494e3e60e1e647f92af31b71198cc1,2026-08-25T02:02:17.517101+00:00,api_generic,230.89,False
972f8e63640673570f62748f220cef1e,2026-08-25T02:02:17.395977+00:00,site_latency,357.84,True
5b4a4e3799fba97d82c85df8553931ba,2026-08-25T02:02:17.711221+00:00,api_generic,45.24,False
5e07fae5c769693aa4cbb7928af8867a,2026-08-25T02:02:17.592658+00:00,site_latency,179.78,False
ff0b170b75a217b1d2f4af5e18dd62fb,2026-08-25T02:02:17.352138+00:00,checkout,452.1,False
be9b2eea7cb52bfca4c23b162a685330,2026-08-25T02:02:17.519809+00:00,checkout,289.85,False
21831dc8cf8257ba8dc8d411f4c5b117,2026-08-25T02:02:16.571615+00:00,checkout,1241.49,False
384c728666f1e94b8018be19a75814ee,2026-08-25T02:02:17.743500+00:00,pix,71.21,False
333125afbe7ba4b1a17363d01af9aa22,2026-08-25T02:02:17.831681+00:00,api_generic,60.58,False
1a62d8d8401ef18e838a8a60363cd549,2026-08-25T02:02:17.555074+00:00,checkout,337.42,False
8617634e7b231fc512b6bd09952c6e17,2026-08-25T02:02:17.624348+00:00,site_latency,272.61,False
4ae875c6da482e615ae10cf5f13e5964,2026-08-25T02:02:17.721136+00:00,site_latency,178.89,False
1026f4fa56cc49be92a4816a2c461427,2026-08-25T02:02:17.784243+00:00,api_generic,121.74,False
52d0234ae3cf2985f85169bd3eda3fff,2026-08-25T02:02:17.792505+00:00,api_generic,128.28,False
c3223b2d74546d988958e5fa45c65ef5,2026-08-25T02:02:17.834310+00:00,api_generic,90.85,False
fe2ed3fba5515bc13c57de78af97a98a,2026-08-25T02:02:17.470287+00:00,site_latency,466.53,False
aaed731a55d1dfc4372945f57aab8241,2026-08-25T02:02:17.862698+00:00,pix,75.46,False
90eae5f847389a74abc3de5fbc4089fc,2026-08-25T02:02:17.903515+00:00,api_generic,42.43,False
7dc54ed248d5ae7ba91af4aac24ba3d5,2026-08-25T02:02:17.808865+00:00,api_generic,152.27,False
d41672e88a311243b32863d19cc7e2fa,2026-08-25T02:02:17.716082+00:00,site_latency,250.74,False
65bd84c035737fbc74287095d109fd64,2026-08-25T02:02:17.915640+00:00,api_generic,61.74,False
426b0bd64c896c03c20698c42d53070c,2026-08-25T02:02:17.808650+00:00,site_latency,168.89,False
d21493cc19459f92efe3ccfd4bf68823,2026-08-25T02:02:17.725646+00:00,site_latency,287.43,False
e186f9722cfed7ebc48c514f2110caab,2026-08-25T02:02:17.801486+00:00,site_latency,224.07,False
1288d9aa5912a2db84eb6594575a1a78,2026-08-25T02:02:17.943790+00:00,api_generic,134.57,False
1a551b69103c8ded4f221e5626e914ae,2026-08-25T02:02:17.961094+00:00,api_generic,126.85,False
45784642284b81d75ebc598a8055b122,2026-08-25T02:02:17.968166+00:00,pix,132.09,False
468e53f7b26b6ae997216d67e4339dac,2026-08-25T02:02:17.915465+00:00,site_latency,187.58,False
560563f4433e8b44c4082bf10f51c449,2026-08-25T02:02:18.047304+00:00,api_generic,106.95,False
4968c181ddbfc7601aca48dba8543b78,2026-08-25T02:02:18.054748+00:00,site_latency,116.61,False
2eeacab26b545fa3535480753d4ceab3,2026-08-25T02:02:17.778471+00:00,checkout,410.29,False
d61531fdf6b488a23f16f5e407f67170,2026-08-25T02:02:18.163478+00:00,pix,48.17,False
a9b1742d0d43f6a771c1b10f9415dbd0,2026-08-25T02:02:17.956332+00:00,pix,259.6,False
67a5ff1db08ea015ef52ef3f0c7ceee4,2026-08-25T02:02:18.025507+00:00,api_generic,194.86,False
53130ded121c2315ddc92791f0762c38,2026-08-25T02:02:18.193234+00:00,api_generic,56.98,False
50f26ed40b51eaeb65807023f70e6a0d,2026-08-25T02:02:17.899995+00:00,checkout,370.13,False
50f15cd3a03977565d416226cf792550,2026-08-25T02:02:18.166490+00:00,site_latency,114.07,False
34e5376b4a09015e65758d588c209a33,2026-08-25T02:02:18.224288+00:00,api_generic,75.18,False
c7192fd230534d51ab899ea52d45a0cd,2026-08-25T02:02:18.304873+00:00,api_generic,50.34,False
2812fbfa355358001a3671473501ea0d,2026-08-25T02:02:18.184273+00:00,api_generic,171.44,False
0e0c671a5feec9a1d45a36144aba11fc,2026-08-25T02:02:18.128926+00:00,checkout,236.42,False
6993e6fd81a8d93577fb0102b82161db,2026-08-25T02:02:18.046061+00:00,checkout,340.64,False
43fc8f084555647ebc2e98c3f47c1af0,2026-08-25T02:02:18.162550+00:00,site_latency,237.77,False
3f722c85456aad740abbb55619604941,2026-08-25T02:02:18.315871+00:00,api_generic,93.77,False
12d0561bc650b9067220b984e9ad89cb,2026-08-25T02:02:18.367437+00:00,api_generic,51.19,False
c1ebde7bd8f44b300ac2f1cce66a5c6c,2026-08-25T02:02:18.082821+00:00,checkout,359.77,False
5976accf0f31b65aeab032f124321e3c,2026-08-25T02:02:17.807408+00:00,api_generic,640.84,False
26af9931189aa33b9bbd32c18ef1a31d,2026-08-25T02:02:18.160999+00:00,site_latency,300.12,False
382b1c656c3f6e97c6e64251e979bb12,2026-08-25T02:02:17.884243+00:00,api_generic,579.04,False
93afcf253f8eee5eebcedfe7615005f0,2026-08-25T02:02:18.423829+00:00,site_latency,53.26,False
143e33709af4f961f729e44c6e751c28,2026-08-25T02:02:18.165209+00:00,checkout,325.56,False
4eb2c9f6e5ebfd43b68ece936b5f1d55,2026-08-25T02:02:18.266942+00:00,site_latency,244.39,False
a411a7f2e028e36bb14922476fe7fef2,2026-08-25T02:02:18.292113+00:00,api_generic,219.46,False
71c5beed433dd4e83379d99f6ec39012,2026-08-25T02:02:18.388196+00:00,site_latency,128.02,False
4dd33df6554e832c179aad87fbece57d,2026-08-25T02:02:18.464457+00:00,api_generic,57.88,False
02c1148f2208fa1f8b5ce2f34032b7b7,2026-08-25T02:02:18.024935+00:00,checkout,497.6,False
e46085eeb6d4e6135d9b7742196e178d,2026-08-25T02:02:18.323036+00:00,site_latency,200.22,False
7cad6efdd095f2434a03c17cfa240b84,2026-08-25T02:02:18.335506+00:00,pix,192.27,False
945dad9887605dbe602b1f6beb98eb96,2026-08-25T02:02:18.398033+00:00,site_latency,135.42,False
2fff0cf373acc05f40fed3fcde2043f2,2026-08-25T02:02:18.307882+00:00,site_latency,241.41,False
682e563bfa94e061da48ccf27d716670,2026-08-25T02:02:18.409072+00:00,api_generic,144.13,False
1c8b37408b382bfff3548413da6aaa43,2026-08-25T02:02:18.458427+00:00,site_latency,96.44,False
afe71a69e8c8088f9b33c2484b02c4de,2026-08-25T02:02:18.459350+00:00,api_generic,112.98,False
578997711bc5ad73fb229593b9f4f6dc,2026-08-25T02:02:18.537522+00:00,site_latency,85.09,False
da539c32303703be85cabb5b02195101,2026-08-25T02:02:18.132728+00:00,checkout,495.86,False
9a963d90159159dac1cf2dffa6fe9d35,2026-08-25T02:02:18.547190+00:00,site_latency,99.44,False
8d82b1f9853bc863ee6037aa9ac80955,2026-08-25T02:02:17.979402+00:00,checkout,675.57,False
1afc497d213151de03af40a1c83b9aae,2026-08-25T02:02:18.512830+00:00,site_latency,142.96,False
34fae3579c39942b5d40213a81209020,2026-08-25T02:02:18.375767+00:00,checkout,287.55,False
62fc7a645c19a074632813dcca38c43e,2026-08-25T02:02:18.555984+00:00,pix,126.46,False
74489b1c98fb8184bbe21a5daaa17066,2026-08-25T02:02:18.514892+00:00,site_latency,183.02,False
fbd21704db64e783e7b5041b2540fc09,2026-08-25T02:02:18.368881+00:00,site_latency,350.2,False
d5ec65c897681c9bce619dadf88cbc77,2026-08-25T02:02:18.479865+00:00,checkout,240.52,False
21cf5034006f06be54a45bca053d8a68,2026-08-25T02:02:18.374899+00:00,site_latency,352.0,False
af7ea487157c79ce66538f363fd431ec,2026-08-25T02:02:18.364115+00:00,site_latency,400.24,False
dd7b91bc6fe7b98ce77e5e783a61679d,2026-08-25T02:02:18.657749+00:00,site_latency,109.95,False
fb059094bc59424233337a01ae26e92d,2026-08-25T02:02:18.236819+00:00,checkout,563.23,False
d2c070d3e40467937c3ce9db7dd1722d,2026-08-25T02:02:18.680184+00:00,pix,122.54,False
f1ad475f4415b2c6dab0e588c7adc8ed,2026-08-25T02:02:18.725160+00:00,api_generic,89.15,False
a74c8a35fb1b0058b9e7d18b2a12803e,2026-08-25T02:02:18.756626+00:00,api_generic,79.07,False
47773245ceb3f075ceb377d5baaad543,2026-08-25T02:02:18.557924+00:00,checkout,278.08,False
b7f85a0a0e275297f4c410b703adc932,2026-08-25T02:02:18.684094+00:00,pix,154.94,False
3f622bc1b524f09ec7c1acd260f01f76,2026-08-25T02:02:18.740269+00:00,pix,101.67,False
0a6ce76001f2e4e61fb8531ef1ccadba,2026-08-25T02:02:18.635768+00:00,pix,211.32,False
c90787f427ca776ab65391ca0ee56b92,2026-08-25T02:02:18.656995+00:00,pix,190.71,False
3e78fbd5cba59c7410649271e1d549e4,2026-08-25T02:02:18.489348+00:00,site_latency,361.82,False
77204422b5a83edb41df052c284ba44a,2026-08-25T02:02:18.696537+00:00,site_latency,175.29,False
056b67045af5e51f07b4df1baded883a,2026-08-25T02:02:18.777478+00:00,pix,95.7,False
36e096992f2112aa858c4de27c0029a8,2026-08-25T02:02:18.792869+00:00,api_generic,90.08,False
fae71d174ed10181c54e83b6924511db,2026-08-25T02:02:18.604430+00:00,site_latency,287.53,False
cc62ae34c11f11f03c8328e4fd00fdbe,2026-08-25T02:02:18.656155+00:00,site_latency,251.78,False
71267cf460cfbddcd34813a77d395545,2026-08-25T02:02:18.791123+00:00,site_latency,128.43,False
ee6ae977dd52b7c0448b5878c905c4c2,2026-08-25T02:02:18.611086+00:00,checkout,316.2,False
0b92c48cd5edd9f0ede286d231ae5b75,2026-08-25T02:02:18.634383+00:00,site_latency,307.0,False
f16d40a0309893757ad8fe4ee42d6bf9,2026-08-25T02:02:18.901082+00:00,api_generic,50.84,False
db9462f22307cd1b5f42de8c6a2689bf,2026-08-25T02:02:18.803849+00:00,checkout,154.46,False
598806d5036c21ebf18e7d76049ea1ea,2026-08-25T02:02:18.617119+00:00,checkout,352.91,False
d47def6fa948ad4b033abfcdec1d7da1,2026-08-25T02:02:18.838725+00:00,pix,132.03,False
3f87f6ace3ffd5c65819a48da0606600,2026-08-25T02:02:18.147732+00:00,checkout,827.09,False
51a3c28d7148efada932f4f6a627ed43,2026-08-25T02:02:18.899458+00:00,api_generic,75.65,False
98be3996a26c302eb64d9641399c4ec3,2026-08-25T02:02:18.942680+00:00,api_generic,39.75,False
90e613a485d85506d107ac8399dae578,2026-08-25T02:02:18.809724+00:00,site_latency,192.98,False
090aedf65daa778e3e8563c9634b74c7,2026-08-25T02:02:18.856045+00:00,api_generic,149.21,False
1cafcce4c89759d713b05516f24e0330,2026-08-25T02:02:18.894201+00:00,api_generic,124.91,False
5a74cf612cda6c77063044f47c181687,2026-08-25T02:02:18.977547+00:00,api_generic,81.8,False
e63d860228976b752dd56538d08351aa,2026-08-25T02:02:18.977902+00:00,api_generic,90.6,False
30bfd7f2dc0a10737c9074c3a70e8312,2026-08-25T02:02:18.811339+00:00,checkout,273.2,False
90a82050500c6d9c4b6a249f1085e2a5,2026-08-25T02:02:18.903478+00:00,pix,188.46,False
064344d543852e12793961ad325b74d8,2026-08-25T02:02:18.688202+00:00,site_latency,414.92,False
1dce04764ee48a22b465ed2c75363dac,2026-08-25T02:02:18.986721+00:00,site_latency,146.58,False
b8dd5b375d12e8f06963113a7174b147,2026-08-25T02:02:18.991923+00:00,site_latency,144.01,False
5f07ef3bef3d82d0be76775f39de7536,2026-08-25T02:02:18.623863+00:00,checkout,529.65,False
902aa1e6de8b040aa2275a8b4f9b257b,2026-08-25T02:02:18.999795+00:00,pix,155.65,False
91f7813f1c4d3fabe2c537560ac0c0f6,2026-08-25T02:02:18.989568+00:00,site_latency,169.01,False
ea15f314fca685d22e570536aa01af87,2026-08-25T02:02:18.870265+00:00,checkout,293.61,False
4745bd62c49fbf0db60f59868d37d0cf,2026-08-25T02:02:19.063712+00:00,site_latency,106.41,False
033867eaaddcdf3072ad0e34da6f3926,2026-08-25T02:02:18.677290+00:00,site_latency,517.36,False
22179925ff246ec9d0c8042d8b23a2e5,2026-08-25T02:02:18.324597+00:00,site_latency,876.93,False
7bccc19506641aadd05fef20df0cf0b9,2026-08-25T02:02:18.570634+00:00,checkout,634.5,False
eac1dd39dbdd2bc263501966b715344e,2026-08-25T02:02:18.831308+00:00,site_latency,377.19,False
4cbbe8061a55897e34e9483182e4af23,2026-08-25T02:02:18.895666+00:00,checkout,313.1,False
70aaaaa90592053030f6a6363002c515,2026-08-25T02:02:19.159230+00:00,api_generic,54.59,False
0c741e0cfd8bce10c385bcc4729a7dfd,2026-08-25T02:02:19.028912+00:00,api_generic,185.23,False
3725b3310399321147bb68795c689b8c,2026-08-25T02:02:19.058887+00:00,site_latency,158.52,False
411f74d2ec173634d29570e1e91a024a,2026-08-25T02:02:19.159956+00:00,api_generic,100.57,False
d567aceb3c24b576c68dff6063ac6c66,2026-08-25T02:02:19.022027+00:00,pix,248.38,False
a57858a2b6a2dc87ab7fc22a6a5829b8,2026-08-25T02:02:18.760102+00:00,checkout,513.36,False
8d6f1c3c532337ff92a5cf10a82ef451,2026-08-25T02:02:19.096294+00:00,site_latency,178.5,False
c5cdcaee0a8b1f303e3b8e0118ff8e8b,2026-08-25T02:02:19.035725+00:00,pix,241.43,False
a12ca0bc34bab76d2bf1839f2717789d,2026-08-25T02:02:19.158529+00:00,pix,128.84,False
dc3edec27917f42a3c2c660bf81aa1eb,2026-08-25T02:02:19.306201+00:00,api_generic,37.19,False
5da40bbce99923b8234cac3166402176,2026-08-25T02:02:19.172235+00:00,pix,178.33,False
f01a2aee0c4243ecd88cae6c91bf1937,2026-08-25T02:02:19.216014+00:00,pix,164.87,False
49ac6a62be2a4eaffbd5e8c9a25f6a56,2026-08-25T02:02:19.152534+00:00,site_latency,230.92,False
f3138203509319b7fc15e2d83daf84bb,2026-08-25T02:02:19.227866+00:00,site_latency,171.86,False
f96233f8c8c4021c33e2ba7af0c779da,2026-08-25T02:02:19.257811+00:00,api_generic,150.85,False
a1e53bd32a22cd813f02afd9bc155298,2026-08-25T02:02:19.284105+00:00,site_latency,137.27,False
a31e366a1d6b9c19ef03ad37114d97e8,2026-08-25T02:02:19.106821+00:00,site_latency,328.45,False
2948e11d1e55e90f84d691cace8f1c11,2026-08-25T02:02:19.286686+00:00,site_latency,184.65,False
9f7503e80556ff3d7a7055dd893a36b1,2026-08-25T02:02:19.401525+00:00,api_generic,70.01,False
f01305eea251bda0e7aa4ff4cf3def15,2026-08-25T02:02:19.411656+00:00,api_generic,94.55,False
65ca2e3b19eaf088946f957581d18d00,2026-08-25T02:02:19.492905+00:00,api_generic,54.52,False
4e53cd3e7c8420b3a7bda930a7954547,2026-08-25T02:02:19.293135+00:00,checkout,263.69,False
8f15f5992f1905bce2c4080841eb7761,2026-08-25T02:02:19.208461+00:00,checkout,348.62,False
8d749551d401816177ad8548faf3dc13,2026-08-25T02:02:19.478198+00:00,pix,82.88,False
2fe437b1a87bb52869d305ef3424a45f,2026-08-25T02:02:19.373697+00:00,checkout,198.73,False
a93ac0839c30e2ef258433cf6037158f,2026-08-25T02:02:19.125064+00:00,site_latency,452.19,False
3788bea44a66b0872468f0204d43c7db,2026-08-25T02:02:19.513398+00:00,api_generic,71.04,False
8aa18739f299eb7dff422ce23ad7aa5b,2026-08-25T02:02:19.382283+00:00,site_latency,204.41,False
4fa1de3a8a9e4c2df06b486cd707cc6b,2026-08-25T02:02:19.444488+00:00,api_generic,142.43,False
7fc80ca296b6b9d23358783c418abeef,2026-08-25T02:02:19.528518+00:00,api_generic,61.24,False
22cf5fc23433cd88e4f9fdcd0f91f938,2026-08-25T02:02:19.436639+00:00,site_latency,158.7,False
f9cdd3212339ef039c3d636049115e2b,2026-08-25T02:02:19.515751+00:00,site_latency,87.13,False
54096242c471402a2c4474dd4834d9e8,2026-08-25T02:02:19.479980+00:00,checkout,139.09,False
45fa9b9a33325553868b557e8c85627f,2026-08-25T02:02:19.406748+00:00,site_latency,222.47,False
8c11ce888d83a388074562bb36134316,2026-08-25T02:02:19.543489+00:00,site_latency,105.74,False
939777af84065173c730f7aa7974e500,2026-08-25T02:02:19.602328+00:00,api_generic,54.25,False
5fd60d5d35a17c730403de7b34a700f0,2026-08-25T02:02:19.548963+00:00,site_latency,112.65,False
751022793167fbbf2dfba31072eb4488,2026-08-25T02:02:19.592328+00:00,pix,72.1,False
6a641f2969c527369731aa0dde20fe16,2026-08-25T02:02:19.507611+00:00,site_latency,163.92,False
d4cfb9cef9f097335f541e07e686e1b8,2026-08-25T02:02:19.620578+00:00,api_generic,63.27,False
82d34dbb0b5921ae26ff08967826eca6,2026-08-25T02:02:19.625001+00:00,site_latency,119.16,False
bb5b2c2d940aa5c781c2b0c63fd2f7d7,2026-08-25T02:02:19.472918+00:00,pix,276.05,False
c434dbc62499a1644ac80a5eaf53e63c,2026-08-25T02:02:19.384715+00:00,checkout,386.67,False
1d9b3f6da927a3a01d3a19d1085eb285,2026-08-25T02:02:19.637053+00:00,pix,140.74,False
7c4b774f89152a542e9fe7001b9ae0fd,2026-08-25T02:02:19.718429+00:00,api_generic,76.18,False
9ef0779644b75c8efcc85276459b1a90,2026-08-25T02:02:19.678331+00:00,site_latency,123.47,False
cb73a1f25854a6bffde11b5ffd64f1c0,2026-08-25T02:02:19.688144+00:00,site_latency,128.62,False
ad435e46b976347d49d420750c0ed2c6,2026-08-25T02:02:19.713579+00:00,site_latency,104.53,False
25bca6ca4dc750c09b3f4474d4b915d8,2026-08-25T02:02:19.752501+00:00,api_generic,71.31,False
0c5bff348eec52016a28fe8e3024a6a1,2026-08-25T02:02:19.562332+00:00,site_latency,278.27,False
51f4879a8330115b13387aead725dac3,2026-08-25T02:02:19.638343+00:00,pix,203.61,False
3bae157439cba32ccd0090f37829eee0,2026-08-25T02:02:19.435679+00:00,checkout,424.98,False
b81835d3e7e56eb2c9839a63cfb5828e,2026-08-25T02:02:19.833583+00:00,api_generic,41.66,False
ed357208d935bb10f36ed7d36e92943a,2026-08-25T02:02:19.337527+00:00,checkout,558.35,False
96633e96e3e62a2bba4b22f1612d089b,2026-08-25T02:02:19.698127+00:00,checkout,215.61,False
874915e67f4a953cdbaad54aa3bf2520,2026-08-25T02:02:18.555751+00:00,checkout,1377.8,False
549b2a8d966dcbbf8ac04c435fc27f30,2026-08-25T02:02:19.651936+00:00,checkout,282.3,False
d272f7a0fe9c5ae1119e6072211dd772,2026-08-25T02:02:19.833108+00:00,api_generic,101.76,False
8fdf9dbee0fde0a05e55affdfbc35ac5,2026-08-25T02:02:19.804294+00:00,checkout,177.85,False
5fe29a31ff433e6f19b23304023b6c79,2026-08-25T02:02:19.749886+00:00,pix,232.62,False
1545410dc889073cc59e520cf0e6dd9f,2026-08-25T02:02:19.681212+00:00,checkout,302.89,False
05b517759046f94fbd71bdb596d9759a,2026-08-25T02:02:17.968864+00:00,checkout,2017.25,False
0e268044dd38c5c88634a6ea8f8cfe99,2026-08-25T02:02:19.861024+00:00,site_latency,125.55,False
3602cd0a5fa94b0b627afb7e6730f646,2026-08-25T02:02:19.919483+00:00,api_generic,82.56,False
8881daa3d3a2ad5997a7c92aef577f02,2026-08-25T02:02:19.774200+00:00,site_latency,235.59,False
f2cd77dd9707eba850079312cb8d664a,2026-08-25T02:02:19.932944+00:00,api_generic,78.17,False
e0b62eb1e498a5736e85eaf2e27f65a0,2026-08-25T02:02:19.940162+00:00,api_generic,99.32,False
c206da2e937149fb286016de88c86e60,2026-08-25T02:02:20.004267+00:00,api_generic,69.97,False
8b0f87b44459236aaabef9572c919fea,2026-08-25T02:02:19.941299+00:00,checkout,133.29,False
fed655ccbe61e6b8f316270d799bd038,2026-08-25T02:02:19.851167+00:00,checkout,226.79,False
a76a572c74d13ff2d8ebbb53762a1fc9,2026-08-25T02:02:20.012442+00:00,pix,65.76,False
feb8907cca1013b5313618c485d5619a,2026-08-25T02:02:20.012590+00:00,api_generic,66.98,False
feb73eaaf57cba1dc9ed74800f80cf32,2026-08-25T02:02:19.986489+00:00,api_generic,96.7,False
40606118bcb7013f815ceef0ac2791d6,2026-08-25T02:02:19.925951+00:00,api_generic,189.25,True
cfbcffea6984487ed01255483f431824,2026-08-25T02:02:19.993408+00:00,api_generic,137.04,False
26d097c2cdaf3cfe3562b4cdefc0661f,2026-08-25T02:02:20.030770+00:00,site_latency,103.67,False
4fdc336cb57fdad8995aecd548a0ce8a,2026-08-25T02:02:20.067050+00:00,api_generic,75.56,False
f27260ab9575b8cf738d7ddbfd7225c2,2026-08-25T02:02:20.082530+00:00,site_latency,75.92,False
aa700748bcdbf100f8a4140ca14d7c0e,2026-08-25T02:02:20.083153+00:00,pix,76.55,False
28318fa724ed50452887b93816558e33,2026-08-25T02:02:19.839138+00:00,site_latency,324.78,False
535b782bfa3234d90a14dd4aca72c5bc,2026-08-25T02:02:20.157308+00:00,api_generic,46.05,False
2bc07b179f113705b7a64c2da6bbae57,2026-08-25T02:02:20.022112+00:00,site_latency,185.04,False
13d05b84fdd40ca6459b9c5694a210dd,2026-08-25T02:02:20.042340+00:00,checkout,215.31,False
643c71e5554a8b08cd650020573e9d5f,2026-08-25T02:02:20.193197+00:00,api_generic,77.22,False
2284693183e2af2321881113b529cbe4,2026-08-25T02:02:19.650803+00:00,checkout,699.39,False
1af015175205531cafc627ddfb589202,2026-08-25T02:02:20.285828+00:00,api_generic,66.54,False
860450fb62d09fc51dc0aa33f49c4893,2026-08-25T02:02:20.027631+00:00,site_latency,344.47,False
6c8e2f927d944b41c0f8f4e0ee8de01a,2026-08-25T02:02:20.261945+00:00,site_latency,111.97,False
2f3d75685fd1faadd5a24f449982a4f0,2026-08-25T02:02:20.167218+00:00,pix,209.21,False
8edd1e1f5321dbaac0f8474d225c04fb,2026-08-25T02:02:20.299319+00:00,site_latency,95.66,False
3eea79e176dab6735fee518c3f021e71,2026-08-25T02:02:20.076265+00:00,site_latency,322.61,False
2dd7159ede4d51a340b71a3a47dfa0e2,2026-08-25T02:02:20.220413+00:00,site_latency,193.02,False
e322a53ebd93b47965c37e6c7468c556,2026-08-25T02:02:20.004485+00:00,site_latency,416.46,False
f690cb1b64808b3300a02cfff000a75d,2026-08-25T02:02:20.042592+00:00,site_latency,384.74,False
671e0e267315660fd263506dc9928e98,2026-08-25T02:02:19.456648+00:00,checkout,971.95,False
bfcb22af87cb242438d9207778112b44,2026-08-25T02:02:20.021498+00:00,checkout,420.54,False
9e99839c0898937b33bb1fd27408abb0,2026-08-25T02:02:20.392819+00:00,site_latency,59.0,False
40eae71589c30e7523377c548053db63,2026-08-25T02:02:19.906574+00:00,pix,553.15,False
829386410353763f7ce89c710f362148,2026-08-25T02:02:20.320142+00:00,api_generic,179.94,False
66ac6a13b9f5d8aa9560fa9b1ba0fcde,2026-08-25T02:02:20.222040+00:00,site_latency,279.57,False
04de8b986c58603269f9c4b2191314f6,2026-08-25T02:02:20.477095+00:00,api_generic,41.28,False
ad1066bc0d11e4b272571ac818955c86,2026-08-25T02:02:20.368224+00:00,site_latency,153.14,False
51a5205624fecbaef4340b26a10dbb23,2026-08-25T02:02:20.173084+00:00,checkout,354.06,False
ade3131e7a2123f48167d9eaf8bd1689,2026-08-25T02:02:20.369821+00:00,api_generic,159.79,False
3283d08402b0a0b383f234f2f6c72e84,2026-08-25T02:02:20.201930+00:00,checkout,328.74,False
f19638fc967a9eacf5eb868888f07894,2026-08-25T02:02:20.362008+00:00,site_latency,175.93,False
af2f1138897f7f58db526b727ce40e77,2026-08-25T02:02:20.456015+00:00,pix,84.63,False
13b399487c5cc724c91b5dbbeee8ed5f,2026-08-25T02:02:20.401841+00:00,api_generic,148.07,False
8fd2b42b49ed8eb616e68743bbc938a0,2026-08-25T02:02:20.175436+00:00,site_latency,379.99,False
85224a6749a543dfc59b64ed8f1c381f,2026-08-25T02:02:20.302909+00:00,checkout,259.29,False
b07f02e48ab466f8672790b4c17dde1b,2026-08-25T02:02:20.013741+00:00,checkout,558.8,False
4b746c04bdabd7375f2e9b60b830c67c,2026-08-25T02:02:20.318157+00:00,checkout,260.03,False
7bec918d2997120409121815166d91f0,2026-08-25T02:02:20.489251+00:00,api_generic,89.58,False
34e55291338b9c677c627535b18bb4ef,2026-08-25T02:02:20.273164+00:00,site_latency,306.95,False
3c4ffef835acbe086c90a646e4131338,2026-08-25T02:02:19.807707+00:00,site_latency,782.33,False
11e9b60867f0cd8ea670f43c501db7a4,2026-08-25T02:02:20.557109+00:00,api_generic,33.7,False
3f80e69136e777b258f5a2ad5e032fa8,2026-08-25T02:02:20.508408+00:00,pix,88.18,False
19b1cf5b222909c2d2d704cf2d13097b,2026-08-25T02:02:20.514703+00:00,site_latency,89.38,False
79cf8b267c8d66ad8a60e7f40b0a97a9,2026-08-25T02:02:20.384094+00:00,checkout,243.49,False
8f23d9b6e3c82ba7be79757a8f8b8334,2026-08-25T02:02:20.256983+00:00,site_latency,418.29,False
5c53f7917a702f3f78fd08332912683a,2026-08-25T02:02:20.569550+00:00,api_generic,113.63,False
e709c667dbffd5daf8a2a91606b49713,2026-08-25T02:02:20.614888+00:00,pix,80.43,False
eef5a88a6128bb110f3cb39ac3769af5,2026-08-25T02:02:20.613574+00:00,pix,85.41,False
525f71cef2374b519253eb44b66ab3f3,2026-08-25T02:02:20.328205+00:00,checkout,392.05,False
04050f3b62268e6e74e45f0d31f5b2e3,2026-08-25T02:02:20.605302+00:00,pix,118.75,False
0c8cdd3aeac197698f86c0b427705048,2026-08-25T02:02:20.288210+00:00,checkout,444.86,False
4e6c4e2d5db8bcd325522b23135d0a84,2026-08-25T02:02:20.423566+00:00,checkout,344.14,False
3c4667eeba0305b5da0f0dd89d507801,2026-08-25T02:02:20.678962+00:00,pix,99.76,False
ccc51ea8dd82f472d3a5a6a9cccb585e,2026-08-25T02:02:20.635110+00:00,site_latency,149.58,False
f7765a74263ab455f6e645ab9ea2434d,2026-08-25T02:02:20.641424+00:00,pix,149.44,False
0dc7e316fb6153f010268b193f7ae9da,2026-08-25T02:02:20.721784+00:00,api_generic,72.0,False
ca06855d9d59c4e50a5a0692ec377ab0,2026-08-25T02:02:20.578149+00:00,site_latency,223.83,False
23038e3da444e58bc7d5dc743650e511,2026-08-25T02:02:20.703403+00:00,api_generic,103.17,False
5225fa91017a377770dde3c86a54690c,2026-08-25T02:02:20.439783+00:00,checkout,386.02,False
ccf4599937bf3e8190417a92362f7518,2026-08-25T02:02:20.744548+00:00,site_latency,94.64,False
7ce4cb7c166f41d82cb4403c47bfc9fe,2026-08-25T02:02:20.574652+00:00,site_latency,269.14,False
fd481a8b6248fba484863ce3833b408e,2026-08-25T02:02:20.647287+00:00,site_latency,214.9,False
c3a6ffd30b45354526c6d4447d9bf58e,2026-08-25T02:02:20.780005+00:00,api_generic,86.65,False
a6a7d6b9f07192eba76c36ea59acfc1a,2026-08-25T02:02:20.660280+00:00,site_latency,215.8,False
84b8e831e15c038a567efd9de7cf8e7b,2026-08-25T02:02:20.876040+00:00,api_generic,19.97,False
7af9c5bdfb664f17396b4fbdebeb7724,2026-08-25T02:02:20.792142+00:00,api_generic,108.35,False
aaab74602afa380af8fef3f646562d9d,2026-08-25T02:02:20.849955+00:00,site_latency,76.0,False
3c182283d4dd95c330374009e9ad2448,2026-08-25T02:02:20.568418+00:00,site_latency,370.72,False
a2e7e01247c00898e881dc2d15deb76a,2026-08-25T02:02:20.724015+00:00,checkout,221.06,False
171efebc391ab8663f5c148703e97fc3,2026-08-25T02:02:20.752036+00:00,site_latency,201.54,False
46e82b3c615a850207eeb6a72580dea4,2026-08-25T02:02:20.759133+00:00,site_latency,199.03,False
502c8a9dd6ebff73390004e9bfaee108,2026-08-25T02:02:20.870035+00:00,api_generic,88.45,False
bf44dd4bd7fa37465af4f597e9a41ae7,2026-08-25T02:02:20.835214+00:00,pix,129.96,False
7872acf223151a5b4ca61401ec1ca466,2026-08-25T02:02:20.733037+00:00,site_latency,240.0,False
b42d631926159fe4a1aff57369b46700,2026-08-25T02:02:20.817026+00:00,site_latency,156.49,False
6c05c5a2540bef5da6079f5bf83dc9f0,2026-08-25T02:02:20.804390+00:00,pix,174.14,False
38a67d2e82c33fb1cdf7bb8282b77e7b,2026-08-25T02:02:20.616106+00:00,site_latency,362.61,False
7ef95f2c193b8c9d509e45ba5f60d664,2026-08-25T02:02:20.501580+00:00,site_latency,490.74,False
e4b3c5fed4a7828055d6d7ec1d06e525,2026-08-25T02:02:20.845188+00:00,pix,160.44,False
f1a89813053f7d47801811eb85cfc695,2026-08-25T02:02:20.951209+00:00,pix,79.16,False
5d921bcb0918745aab61de274b5ea1f0,2026-08-25T02:02:20.803458+00:00,site_latency,228.93,False
3e36aa1dfaa0d9b0f438aa2f41f2cfb5,2026-08-25T02:02:20.822171+00:00,checkout,212.57,False
4a636b79ee49c6edff04e0eda1d59187,2026-08-25T02:02:20.855587+00:00,site_latency,179.36,False
60ee188ab4ec84bc3e0c23093f5ae2df,2026-08-25T02:02:20.991263+00:00,api_generic,43.85,False
e12367e628be4d825d8e6f17286cd003,2026-08-25T02:02:20.973001+00:00,api_generic,76.15,False
56c059bb908bf51df6abe540b5df7ba3,2026-08-25T02:02:20.971719+00:00,api_generic,80.73,False
9fb6d6fefeb5e262bed28ea4d06cef85,2026-08-25T02:02:20.989560+00:00,pix,82.07,False
30134e8d66121b23434e057e764f5e4e,2026-08-25T02:02:20.628917+00:00,checkout,488.35,False
9658be670998f7b2f7310ffb31dba049,2026-08-25T02:02:20.843757+00:00,site_latency,276.82,False
05ccb4afc90b80e7a1bb63f4b9dc86b7,2026-08-25T02:02:20.820513+00:00,checkout,345.46,False
b8fcc6c45b32dc044354d4db096ce7ad,2026-08-25T02:02:20.909523+00:00,checkout,257.78,False
e862212d3fb5359cff39be3349c547ce,2026-08-25T02:02:21.132653+00:00,api_generic,39.95,False
bf20cf7e0f65dc75831148def06cff43,2026-08-25T02:02:21.029070+00:00,site_latency,144.55,False
b3e7e6bacd8ee97dbb55f18075a67d48,2026-08-25T02:02:21.060828+00:00,site_latency,114.7,False
ddfd8db24ecd559c602a9dbbefc57b17,2026-08-25T02:02:21.040171+00:00,checkout,139.28,False
70c2e2fdfa1fd36af2132ad52a8030fd,2026-08-25T02:02:21.026039+00:00,pix,154.58,False
671cc8f38e5cb75d37a3a4c271e252c1,2026-08-25T02:02:21.102058+00:00,api_generic,94.08,False
00c9605f28c13802c1b4961a7a996e27,2026-08-25T02:02:20.911272+00:00,site_latency,334.4,False
78ba6733ee8c06bd477a6730a8693a19,2026-08-25T02:02:20.964298+00:00,site_latency,281.66,False
0e0db00631b62ac86166bd86e644bd70,2026-08-25T02:02:21.189371+00:00,api_generic,62.9,False
a16baf6b56297e07acab3927f3803063,2026-08-25T02:02:21.173175+00:00,api_generic,112.0,False
0d1a3c434e883cd7616c0519f8e0e2ab,2026-08-25T02:02:21.054591+00:00,checkout,232.2,False
1499cfa8d65b5583ab71ead37ea0b36b,2026-08-25T02:02:21.173268+00:00,site_latency,124.72,False
1cad651aa0733a4b99a0615b253a7538,2026-08-25T02:02:21.260621+00:00,api_generic,38.5,False
3527b6528d66b4d02cf62e9fd92bd5e3,2026-08-25T02:02:21.173361+00:00,api_generic,145.92,False
54cd54a72dea438627387b5f0437c7c2,2026-08-25T02:02:21.183154+00:00,api_generic,149.76,False
d790bdf7e72e5e0f498f7aaab072d3b9,2026-08-25T02:02:21.226433+00:00,api_generic,124.21,False
00215e7fac1ccecd3d4a61fc364a4ce9,2026-08-25T02:02:21.148285+00:00,pix,204.28,False
42d76e7d4fe0deb515c9e2766ca3003e,2026-08-25T02:02:21.168106+00:00,site_latency,186.16,False
bce017aa39f3ffcaaf39154a88ba2e9a,2026-08-25T02:02:21.192860+00:00,api_generic,178.91,False
c7b1d8c1b7516d40924292d4a0495e8c,2026-08-25T02:02:21.299982+00:00,site_latency,85.46,False
527a8fd335509a5348c1ffb5803c1f85,2026-08-25T02:02:21.210597+00:00,site_latency,180.52,False
7066738bc77e465db2efa90cffa01d9f,2026-08-25T02:02:21.303327+00:00,api_generic,123.16,False
03de5078bfa10b4701589c7680b886ea,2026-08-25T02:02:21.100720+00:00,checkout,353.59,False
8b46f97177c618ea49eb90ac154caa89,2026-08-25T02:02:20.981601+00:00,site_latency,500.1,False
ae96eb1790f3a70af906721f7d21bd5b,2026-08-25T02:02:21.459429+00:00,api_generic,58.73,False
f42249cada3ba87212b3e6d54f052862,2026-08-25T02:02:21.344534+00:00,site_latency,177.36,False
e87b0ec16d9678586b6b753d67deb5e8,2026-08-25T02:02:21.159775+00:00,checkout,362.32,False
0ce79105f42acbda68783d1c190726c6,2026-08-25T02:02:21.371075+00:00,api_generic,156.73,False
1afde38531531de3603f26b4c0051cca,2026-08-25T02:02:21.367332+00:00,site_latency,172.63,False
1d879679526d2ef9ac1244d6619de175,2026-08-25T02:02:21.451209+00:00,api_generic,92.3,False
b9692b07ae17cce50a93ada07514d024,2026-08-25T02:02:21.359305+00:00,api_generic,185.67,False
2bdf9a1bba0a1da1c35b40098cb3a5b6,2026-08-25T02:02:21.455701+00:00,site_latency,103.48,False
98c36c65ff8ce5bd68cd7e7ed7658c00,2026-08-25T02:02:21.168612+00:00,checkout,390.8,False
6f5221d5d54ec5b558ba94891cd83224,2026-08-25T02:02:21.280039+00:00,site_latency,284.97,False
fc1c64af8fa2ef9c71b8447891d74573,2026-08-25T02:02:21.459600+00:00,site_latency,123.19,False
98d70a1cdb158e617078f92bbdbcd616,2026-08-25T02:02:21.564948+00:00,site_latency,92.72,False
807ccc65cc6b957260c7dd644fb7c3bb,2026-08-25T02:02:21.461101+00:00,pix,206.99,False
2589e5c175f87b8cdeb63efccbe17fe5,2026-08-25T02:02:21.538399+00:00,site_latency,131.39,False
bb2d14ffd97b6ba647e642be0412e02c,2026-08-25T02:02:21.437197+00:00,checkout,237.7,False
04eac92690c3e9f111cc17e3af99e4b3,2026-08-25T02:02:21.603987+00:00,api_generic,80.13,False
72bf7b20d65f068803fe50056413545e,2026-08-25T02:02:21.629277+00:00,pix,94.79,False
441058adcdefb217a3b055cf468892f7,2026-08-25T02:02:21.502265+00:00,site_latency,225.16,False
d395611899bdfca9b162df1d7549f72d,2026-08-25T02:02:21.351922+00:00,checkout,377.17,False
7a8b6abe74fb8baed5beef17d2fa717e,2026-08-25T02:02:21.708148+00:00,api_generic,98.99,False
e92134ae556df4547d649db0021c09f1,2026-08-25T02:02:21.577384+00:00,pix,230.64,False
3f1458965c5d6d2291680a6a31971710,2026-08-25T02:02:21.725579+00:00,pix,110.92,False
36fec59b1bf4fb5c42161c2b8c26b57c,2026-08-25T02:02:21.460918+00:00,site_latency,376.12,False
0f881690c1222c5d9f31cef37f1053ea,2026-08-25T02:02:21.615817+00:00,site_latency,234.38,False
c6a95706639b3c0f05e69b13bbc4cec4,2026-08-25T02:02:21.703144+00:00,pix,167.4,False
ee9aecb89d6a69a71438e64a6721a477,2026-08-25T02:02:21.215777+00:00,checkout,655.12,False
e5970b75883e7ca484a8def2288c7656,2026-08-25T02:02:21.542329+00:00,site_latency,346.39,False
0e297afb88d1debe52819e08d2e5b6b0,2026-08-25T02:02:21.796285+00:00,pix,109.42,False
f7f7b5820ef3efae9391760c6c096ecf,2026-08-25T02:02:21.729035+00:00,site_latency,181.47,False
d4f67b830f1b15a68869c33a72021101,2026-08-25T02:02:21.855682+00:00,api_generic,56.97,False
2a1ca54bc9a116b3dcca125d68f51cf6,2026-08-25T02:02:21.855465+00:00,api_generic,79.35,False
a7c248eac45d3d4c334188e42dc2dcaa,2026-08-25T02:02:21.745108+00:00,pix,194.14,False
affeb49c10a33943d093f3b7a6645160,2026-08-25T02:02:21.866626+00:00,pix,78.11,False
573bf9ceef2f8491213ede56be9d2f9b,2026-08-25T02:02:21.704380+00:00,site_latency,260.51,False
21e85233d7bea9d3874fd54749226a06,2026-08-25T02:02:21.809759+00:00,checkout,169.93,False
eac9f089ac0ea36b850f7b54974ea3a1,2026-08-25T02:02:21.824056+00:00,checkout,198.54,False
07f45d2c6a57a0fa2800e291eeb23d49,2026-08-25T02:02:21.946940+00:00,pix,85.03,False
b41980248e8c30d3444a125a92e738c8,2026-08-25T02:02:21.939196+00:00,api_generic,103.87,False
bc8aa5c51919a4eee8ea25ca06cb01bf,2026-08-25T02:02:21.934762+00:00,pix,111.27,False
e904b55b969eb509dbad158025d340b3,2026-08-25T02:02:21.968930+00:00,api_generic,78.02,False
14cda0fc2b3a5d985449d6e0cd7f1c1a,2026-08-25T02:02:21.848988+00:00,site_latency,198.52,False
259fb19759920f0d3b38fa7b78cc201b,2026-08-25T02:02:21.563135+00:00,site_latency,487.93,False
b4ac8f9525513c877502b45267de04f1,2026-08-25T02:02:21.838661+00:00,site_latency,213.99,False
57d7fc5d33fb295caa6e3561e21c8586,2026-08-25T02:02:21.921485+00:00,site_latency,135.12,False
4dce91b2146d7a1d0a4fde8059271f83,2026-08-25T02:02:21.970540+00:00,site_latency,86.26,False
e89c73d9f04a98107be23a6b47b5a9fb,2026-08-25T02:02:21.962788+00:00,api_generic,101.39,False
8d2c69f54de320eb2720a86f4b84d059,2026-08-25T02:02:21.988681+00:00,site_latency,97.24,False
80e86b241d0042323add40a504a4bafe,2026-08-25T02:02:21.820373+00:00,checkout,271.23,False
1fb9c49cfae6e4a0658c42753196d594,2026-08-25T02:02:21.965957+00:00,pix,137.65,False
79c12e265bede9e9a0d0eb40d77d6315,2026-08-25T02:02:21.925522+00:00,api_generic,193.14,True
7b17d4f31dbedb11373f95f22e23624d,2026-08-25T02:02:21.811684+00:00,site_latency,314.65,False
8b5059b278990c1db99c76d7b984e9cd,2026-08-25T02:02:22.064871+00:00,api_generic,65.94,False
76512c369f4d6e37f58ec12ddb9b2d90,2026-08-25T02:02:22.060095+00:00,site_latency,77.14,False
d6e08edf71a621697d36b42181d0e768,2026-08-25T02:02:22.064773+00:00,api_generic,74.47,False
2a046e6098a497d7ac86f40e869d03f7,2026-08-25T02:02:22.066845+00:00,api_generic,94.7,False
2f7767704a4d744d6b40506e45bc8587,2026-08-25T02:02:21.999160+00:00,api_generic,172.11,False
7d9a38012167d9136530f137c2b7c9dc,2026-08-25T02:02:22.000145+00:00,checkout,184.09,False
11631e344d480a87de14d2a407d0f33a,2026-08-25T02:02:21.942856+00:00,site_latency,246.1,False
214535128278ccfca8572d0885489cb1,2026-08-25T02:02:21.740729+00:00,checkout,462.1,False
0f0b8d08ed8ecb6673119ee5ca5eca08,2026-08-25T02:02:21.928828+00:00,site_latency,278.62,False
61ff9db31019ea6304dfd9ac7220e848,2026-08-25T02:02:22.060863+00:00,api_generic,149.96,False
14063d27400931cd282139a7e30af709,2026-08-25T02:02:22.132667+00:00,api_generic,89.41,False
7a5ee04de2e799b538f60e16f99e84e8,2026-08-25T02:02:21.989430+00:00,site_latency,233.14,False
7de723b93472508447c7eca00fc68097,2026-08-25T02:02:21.903010+00:00,checkout,334.64,False
beb3ca98673376b4c62d402497bd7e16,2026-08-25T02:02:22.068285+00:00,site_latency,169.94,False
2049127daff3aefe845a60c972e50428,2026-08-25T02:02:22.190322+00:00,api_generic,55.76,False
d3b5de4d820391dda1a1e9fc2c372b17,2026-08-25T02:02:22.133163+00:00,pix,128.33,False
ef8f9ea95192cb3f5b45b3d95260148d,2026-08-25T02:02:22.141062+00:00,api_generic,137.8,False
05ed6bc890ce0989265d65ec6bb6df8d,2026-08-25T02:02:22.013093+00:00,site_latency,295.87,False
c4d7bf38eb16859496c4bb37396d22e1,2026-08-25T02:02:21.929231+00:00,site_latency,388.07,False
18fb99b8398fb691f878fc0f8f884223,2026-08-25T02:02:21.972991+00:00,site_latency,345.69,False
a1909521dbf7a9cc50fe339d4156c42c,2026-08-25T02:02:22.134962+00:00,pix,187.06,False
f8a22397f6690a172a84d1689a1c68df,2026-08-25T02:02:22.196046+00:00,pix,138.89,False
2d8b24451bbe1c8c8328921cd2cac08c,2026-08-25T02:02:22.215866+00:00,site_latency,123.35,False
ec223f9ddbeaace36c622ee70071bd1f,2026-08-25T02:02:22.136703+00:00,api_generic,212.3,True
3b03dbe0223d4956dce6fdb7bf27421c,2026-08-25T02:02:22.260031+00:00,api_generic,93.76,False
fdd5715a7d8de3ffe3dafaba0aa2f9ba,2026-08-25T02:02:22.252092+00:00,site_latency,111.36,False
32af88cae932b674c94923758873361b,2026-08-25T02:02:22.332473+00:00,api_generic,39.25,False
c7d5ea3b19de085585f8e581073888be,2026-08-25T02:02:22.285125+00:00,site_latency,100.65,False
b0f241a65aa4c969ad49680b5f7364e5,2026-08-25T02:02:22.310252+00:00,site_latency,85.08,False
b9f15cf75e4d1dee8a463f4000c6de4d,2026-08-25T02:02:22.024086+00:00,checkout,390.8,False
a482b5522a65a8dbbf23aec5a7e11708,2026-08-25T02:02:22.154016+00:00,site_latency,271.4,False
4283f93d3b42da65fa443ee2133f835b,2026-08-25T02:02:22.400015+00:00,site_latency,47.08,False
e0e34cda9e4644eb2954fad13e7595ee,2026-08-25T02:02:22.295832+00:00,site_latency,153.53,False
38ceff42019b905f1029ceff87ed8b1d,2026-08-25T02:02:22.417531+00:00,api_generic,46.2,False
8bb24c9fe0865c444d3ec97f37ff9332,2026-08-25T02:02:22.453377+00:00,api_generic,45.38,False
ddd1be48bd42e508eb0dece202f997c5,2026-08-25T02:02:21.807781+00:00,site_latency,740.74,False
4461785e3e59153daf3fcbf7122727d0,2026-08-25T02:02:22.303458+00:00,site_latency,260.2,False
f0d850f14dee1f6a31a09a9311080e83,2026-08-25T02:02:22.478681+00:00,api_generic,97.31,False
68ec16de8596371c04cb35ab4c04f40e,2026-08-25T02:02:22.399430+00:00,checkout,181.65,False
7e5b87ff4e189632f9577e2ff13d3baa,2026-08-25T02:02:22.523680+00:00,api_generic,80.83,False
ab9c4ab5efbaed83f5fb334231b969a9,2026-08-25T02:02:22.445063+00:00,site_latency,166.12,False
ce112e96251a660832a6fc00fa234f9f,2026-08-25T02:02:22.250130+00:00,checkout,377.96,False
4949fa15d6c1c0c2d67e12bdbf4d8d28,2026-08-25T02:02:22.524523+00:00,site_latency,132.18,False
27f0493eadf6424a847a0c7492fd47e3,2026-08-25T02:02:22.585172+00:00,pix,78.81,False
0f64dc2c4db27120685ee37ebf375550,2026-08-25T02:02:22.323695+00:00,site_latency,367.26,False
f9e7a76c789df1c980cfbcf2ad5d7118,2026-08-25T02:02:22.501753+00:00,checkout,204.71,False
c2a89858fa34c1e7d81465f8ea1878b3,2026-08-25T02:02:22.649691+00:00,pix,90.52,False
8f236f7d0ca6be50a89a86cc73535d29,2026-08-25T02:02:22.665905+00:00,site_latency,86.02,False
0ea44d1edf4de51dfd044802b818351b,2026-08-25T02:02:22.696405+00:00,api_generic,67.46,False
efc128161f6c8a84d8662c73ad269b5a,2026-08-25T02:02:22.653522+00:00,site_latency,158.86,False
45b68823a03ab8b4fadda0bf43d8d018,2026-08-25T02:02:22.643377+00:00,site_latency,185.05,False
3b8298aeb075d1a238b9c11b75dd3fa2,2026-08-25T02:02:22.631663+00:00,site_latency,200.24,False
253ae6e8a978ba42dabedc7f9650c772,2026-08-25T02:02:22.607492+00:00,site_latency,238.11,False
3e719364b8e14e29a491cad48ffeb6d5,2026-08-25T02:02:22.739469+00:00,site_latency,113.44,False
955bc0e16f97041485d25557554c2bb4,2026-08-25T02:02:22.608843+00:00,checkout,259.85,False
f12c18b9019d7569bcd7bb8b22238e5e,2026-08-25T02:02:22.777338+00:00,site_latency,91.99,False
e2d7b666b8a9f9797b61cb56f92e4b79,2026-08-25T02:02:22.775542+00:00,api_generic,101.43,False
f3efb14689060cfae20ce6490fe28f33,2026-08-25T02:02:22.674915+00:00,checkout,235.83,False
ba2988b58ad4f4540be2c34db743a1ae,2026-08-25T02:02:22.845568+00:00,api_generic,96.62,False
979c08e1439321c79d4596cab5dbd5d1,2026-08-25T02:02:22.795993+00:00,site_latency,150.04,False
74b6aaede1d85ea58bc575c192a15483,2026-08-25T02:02:22.742616+00:00,site_latency,206.64,False
043ee48aa0fdf2edb186bd5f3ef60ccd,2026-08-25T02:02:22.509079+00:00,checkout,444.42,False
58db512761e142e1194989b57d612dcc,2026-08-25T02:02:22.612972+00:00,site_latency,344.99,False
8cae0fd674325b8c3babca03f13ca264,2026-08-25T02:02:22.580805+00:00,site_latency,379.39,False
915779e36198fcdb7d242113c02f630e,2026-08-25T02:02:22.666867+00:00,site_latency,314.15,False
73bc067e02a826198ab431ef104b1abc,2026-08-25T02:02:22.810184+00:00,api_generic,172.75,False
40cf663bc43b9cf00da508b5abe129dc,2026-08-25T02:02:22.871900+00:00,site_latency,119.25,False
304baa72c40754fb42221b6e9442aba9,2026-08-25T02:02:22.942797+00:00,api_generic,62.84,False
b788f034fa427fac14ffe86894826965,2026-08-25T02:02:22.887968+00:00,site_latency,121.29,False
a846a4448d9544dcedde71398723a3a3,2026-08-25T02:02:22.884817+00:00,site_latency,160.8,False
c03b7365d2739b59dea1dc2ef36760f1,2026-08-25T02:02:22.963937+00:00,site_latency,134.97,False
dfa9733b7d00035742b06e638486717e,2026-08-25T02:02:22.929060+00:00,site_latency,171.51,False
5fa71b9cefc41f3af987b1af6445b910,2026-08-25T02:02:22.982420+00:00,pix,128.45,False
45f76ad35656dd1343e23cbb28298351,2026-08-25T02:02:23.046914+00:00,pix,77.93,False
d0bfac6012d308276f1337356e9ddd74,2026-08-25T02:02:23.103655+00:00,api_generic,69.01,False
7a8c216a0f3c63207cbe8ab4a684eee2,2026-08-25T02:02:23.136894+00:00,api_generic,52.23,False
d337fc72251379c8875b0109607105e8,2026-08-25T02:02:22.350797+00:00,api_generic,842.84,False
3e38393b03fe9677921d83232554b89a,2026-08-25T02:02:21.428011+00:00,site_latency,1774.28,False
ce986aa51dad8a19d237ea612d43c2c6,2026-08-25T02:02:23.080417+00:00,api_generic,123.61,False
c78261e3aad72b7936117ad4ac23b53d,2026-08-25T02:02:23.203606+00:00,api_generic,22.94,False
6d4f9aa7417f65d83730d6a88cc90180,2026-08-25T02:02:23.177586+00:00,checkout,115.89,False
3f12ddb6024f4af7518cb1554fef38de,2026-08-25T02:02:23.204415+00:00,pix,89.32,False
363cf8c29d9d483f28b0301750705efe,2026-08-25T02:02:23.193604+00:00,site_latency,105.09,False
0699aeba05f366d58c4f643f78d82e94,2026-08-25T02:02:23.247124+00:00,api_generic,60.56,False
e4f9eb7c7f10ba4b89e1c15f78d7877b,2026-08-25T02:02:23.282953+00:00,api_generic,37.46,False
b24c7ec99b827f1e07e3d758c2ca2ae0,2026-08-25T02:02:23.152457+00:00,pix,172.35,False
4431897ee60ce0c2c5cdcc568f203039,2026-08-25T02:02:23.037101+00:00,site_latency,290.53,False
b48bfa960a826ddacd8dbf66e74bb612,2026-08-25T02:02:23.265962+00:00,api_generic,66.0,False
b97f65f69b0613b4db7833466e8bbdab,2026-08-25T02:02:23.247640+00:00,api_generic,91.79,False
d6ff0b021d4cf39184e7b7dee485996f,2026-08-25T02:02:23.288799+00:00,api_generic,63.15,False
13fad8a7acc8003c24dca0114079aa8b,2026-08-25T02:02:22.950817+00:00,checkout,420.21,False
60dad263bfe3e23915c9df31590314ea,2026-08-25T02:02:23.007262+00:00,checkout,375.33,False
fe85329832897385d3efdde5bbbf040e,2026-08-25T02:02:23.273313+00:00,api_generic,116.88,False
f601bf0a658f90c2a381d0c5c161b96e,2026-08-25T02:02:23.094994+00:00,checkout,303.74,False
e0027fcd5bbf971756ab75868b690cb3,2026-08-25T02:02:23.324312+00:00,api_generic,84.97,False
8ce80265b8dcdcfe8f5a0ef5c114158b,2026-08-25T02:02:23.317299+00:00,site_latency,94.45,False
ca081b3c6958dbce193a19ca00f21520,2026-08-25T02:02:22.702281+00:00,checkout,710.8,True
a959dba7053715f1e9b21269cb49ba0b,2026-08-25T02:02:23.206994+00:00,api_generic,212.79,False
df5aef8c630862fd135f528ab5f967d6,2026-08-25T02:02:23.173936+00:00,site_latency,274.9,False
51e9a5ba809dd0d679645b7a500a9c44,2026-08-25T02:02:22.133933+00:00,checkout,1316.75,False
8139041f1aa8e7b92bd664ec29b28f49,2026-08-25T02:02:23.384277+00:00,api_generic,66.63,False
6e7d21c9969de2fd377dc73c4e2e5243,2026-08-25T02:02:23.276538+00:00,site_latency,217.14,False
2ef6bf258cd729de945b7bd261b78941,2026-08-25T02:02:23.098552+00:00,site_latency,399.27,False
89ba6d11d6575a23691afea01a16bc48,2026-08-25T02:02:22.923400+00:00,pix,580.73,False
69dd5c97d27330cf6d5e866b7abe31db,2026-08-25T02:02:23.372638+00:00,pix,134.86,False
8f695cc2821c025d6937b836c8ecebbc,2026-08-25T02:02:23.468410+00:00,api_generic,41.08,False
a117da34e6daba5930de2d972c34b3ce,2026-08-25T02:02:23.401681+00:00,api_generic,108.98,False
0e0388ca0cf6eac8a76c8eed49e14817,2026-08-25T02:02:23.296705+00:00,checkout,227.86,False
7f20f00a32680a1a24a62150bbe93a9a,2026-08-25T02:02:23.328885+00:00,api_generic,199.85,False
1ba0039bf5359cebd71404ca07911c03,2026-08-25T02:02:23.487972+00:00,api_generic,62.76,False
b10871f796b778695f7bb9dbab019e18,2026-08-25T02:02:23.460335+00:00,site_latency,95.13,False
2631845cb66cfddbb9424e27bc005d66,2026-08-25T02:02:23.454491+00:00,api_generic,107.47,False
26126058188d969d5f5c7d0304da2c5c,2026-08-25T02:02:23.324068+00:00,checkout,245.59,False
8880b558bec742327494ae442f8450ca,2026-08-25T02:02:23.477754+00:00,pix,102.04,False
3c8ed672a9ee832523028e98b9149f79,2026-08-25T02:02:23.454040+00:00,api_generic,126.05,False
fc04c72fdcbefa5ae765eb3c6ab15692,2026-08-25T02:02:23.564497+00:00,api_generic,25.55,False
27644c82bbf46f93ec7ee621eb34a4bf,2026-08-25T02:02:23.400344+00:00,checkout,201.21,False
513760e462d75488596269aede494b61,2026-08-25T02:02:23.423959+00:00,site_latency,191.13,False
e0c342a2831d7d6b7a321370255c230c,2026-08-25T02:02:23.498519+00:00,pix,120.3,False
1560090391d44093eb80d947739bb67d,2026-08-25T02:02:23.549386+00:00,pix,74.86,False
bfcc80106b9c7104cc9e8a7608e4cb81,2026-08-25T02:02:23.084983+00:00,checkout,546.26,False
06d1377efefc12237ce99362e8d06b3d,2026-08-25T02:02:23.403824+00:00,pix,232.83,False
35ba5bc4c53455cfeb60792d2b52d4fa,2026-08-25T02:02:23.513522+00:00,site_latency,138.44,False
4b1c3b2f1c66d927bb9f383fa66086ed,2026-08-25T02:02:23.616829+00:00,api_generic,49.97,False
ef9923e2d49d31deb702292aeb09bb19,2026-08-25T02:02:23.410592+00:00,site_latency,260.75,False
57a6e5cbc83f94392e26001aea52c981,2026-08-25T02:02:23.397119+00:00,checkout,276.67,False
ae144e9a5e0211ed76be5441d54f0483,2026-08-25T02:02:23.571702+00:00,pix,109.98,False
f554f4e3a89dd90e00c0a150642de6af,2026-08-25T02:02:23.449416+00:00,site_latency,262.76,False
57ca6bd58d4a821fa77d51200d579795,2026-08-25T02:02:23.604389+00:00,pix,125.41,False
08f8b3cbe3cbe9cad1dfbbaf72a9b349,2026-08-25T02:02:23.621429+00:00,site_latency,135.65,False
1b3f0b1ef8619134df54feb70c53933b,2026-08-25T02:02:23.553268+00:00,site_latency,206.12,False
3055fd5e896cd55e31e4935df3447990,2026-08-25T02:02:23.628789+00:00,site_latency,143.9,False
c099067d0de1ed3da3a51c5f66a0cf67,2026-08-25T02:02:23.327295+00:00,site_latency,449.63,False
c6ec2c39470ae762f15ac7df46445eeb,2026-08-25T02:02:23.505601+00:00,checkout,273.82,False
d03a0f5d75c0df7f020466eaba265132,2026-08-25T02:02:23.682530+00:00,pix,97.18,False
5c89c1d2d73d7a1fa5fb89b03b8c0c3b,2026-08-25T02:02:23.675874+00:00,api_generic,105.76,False
e0800978b6514a0087190bd348588218,2026-08-25T02:02:23.739546+00:00,api_generic,57.74,False
0f23015068788c0f6d1a5b3692044d2a,2026-08-25T02:02:23.291305+00:00,site_latency,511.42,False
ce42b7a467ee8d9675fa130fac12b2e7,2026-08-25T02:02:23.675685+00:00,api_generic,149.04,False
5e9f6262c81dfe4f6ca6f0f0798410b8,2026-08-25T02:02:23.729523+00:00,site_latency,96.9,False
85b007dfa1af55f6a4cf1d8b73dc9f11,2026-08-25T02:02:23.605188+00:00,api_generic,221.58,True
b7e4dd62de059df0d10f98e4c62e937f,2026-08-25T02:02:23.694848+00:00,api_generic,141.25,False
e91bc0dcc379a739985b39d6ac1eae12,2026-08-25T02:02:23.759336+00:00,site_latency,83.45,False
5dfec6ab6b35953ead6d67adc9cca582,2026-08-25T02:02:23.703689+00:00,pix,144.45,False
73b2a728ae25b97a0a3c3c6c16b1cccb,2026-08-25T02:02:23.789050+00:00,api_generic,59.76,False
a62c0a739419a1f674ebc0dbd266421f,2026-08-25T02:02:23.631194+00:00,site_latency,225.65,False
4c0c0b1e3365e95862e41eb434b6f565,2026-08-25T02:02:23.323885+00:00,site_latency,550.35,False
bbfef13b53d1964a176e95b424080810,2026-08-25T02:02:23.760566+00:00,api_generic,113.88,False
bc689a6363447b2aa5ee8cd91e3c34a2,2026-08-25T02:02:23.800742+00:00,pix,86.02,False
45b2ffbbfa913e12fcddf8117a0c9fab,2026-08-25T02:02:23.704007+00:00,site_latency,183.96,False
0475e7d08a17f9bbaf50d3259cf20d2d,2026-08-25T02:02:23.833817+00:00,api_generic,56.89,False
cbdcc07e00a96118e6c0b63ab523f3f8,2026-08-25T02:02:23.833982+00:00,api_generic,88.29,False
54a63bffc4ff9aa8be17603ad5869daa,2026-08-25T02:02:23.466249+00:00,checkout,498.14,False
e6b9f8095dc7eeea1ab955f416ca439e,2026-08-25T02:02:23.855684+00:00,site_latency,126.44,False
6a40d0bd2da95b950beb31be95988173,2026-08-25T02:02:23.908343+00:00,api_generic,74.63,False
93301a3d7bdc0ca0d7b4955db0cdb097,2026-08-25T02:02:23.797260+00:00,checkout,194.77,False
5cfa2737496265f8a98fc55b431cbbef,2026-08-25T02:02:23.782681+00:00,checkout,222.3,False
8347c0ca76f3685378ef3775706b9763,2026-08-25T02:02:23.884020+00:00,pix,141.51,False
29522a96ffa699df2d930a74c1aeeafe,2026-08-25T02:02:23.778418+00:00,checkout,285.98,False
0dbb70771948078639f8d1031543edf8,2026-08-25T02:02:23.968859+00:00,api_generic,108.88,False
65ea2f91c0e8c4df61c3ecf65ca20274,2026-08-25T02:02:24.004332+00:00,api_generic,94.27,False
3191c4b6e0fdfe343e38b16a5235840b,2026-08-25T02:02:23.878309+00:00,site_latency,221.87,False
8102d8f6e65e872e65fb9354e67a8c76,2026-08-25T02:02:23.981769+00:00,site_latency,119.67,False
9060ddddbadc2df5a0e536a7e80e931d,2026-08-25T02:02:23.914579+00:00,site_latency,191.8,False
815420df5fa8193f9cdf0266ee7a0df3,2026-08-25T02:02:24.002528+00:00,site_latency,115.35,False
6724a0f7e4b0fac8b7fd7e47dc2da72d,2026-08-25T02:02:23.939096+00:00,pix,213.61,False
0c21645cde69433fbde62bf1961f9c4e,2026-08-25T02:02:24.084055+00:00,api_generic,77.73,False
72a6510dbea7188962b6b29b1af7d0a5,2026-08-25T02:02:24.044552+00:00,checkout,145.74,False
335d13d3ae0e7b4a9d1ed75f116daf7a,2026-08-25T02:02:23.561919+00:00,checkout,638.28,False
5f54df24779e7ccf8f9d18e3c07ce03b,2026-08-25T02:02:23.099901+00:00,checkout,1102.94,False
5df51515d6bb5a42d90d8d283b31caae,2026-08-25T02:02:24.164339+00:00,api_generic,42.55,False
f4205cbb17adabae720479859f28c101,2026-08-25T02:02:22.660655+00:00,site_latency,1561.78,False
ba192b3c6c38300f83f73d214ecefbcf,2026-08-25T02:02:24.042875+00:00,api_generic,190.52,False
0b4bce141fb8454709ea91b151df415d,2026-08-25T02:02:24.145658+00:00,site_latency,96.56,False
b407a269fd2a9983065dc083ad40dff5,2026-08-25T02:02:24.076287+00:00,site_latency,174.73,False
869852dba8375e41d92a9e953714d448,2026-08-25T02:02:24.208188+00:00,api_generic,45.6,False
fe4aef376864dfc306e50ace515967c3,2026-08-25T02:02:24.029349+00:00,checkout,228.26,False
ac0277adf672e531ee6327e558fce8f3,2026-08-25T02:02:24.140480+00:00,api_generic,120.36,False
12e07ce5d988422a6a8c91f997e8bfc5,2026-08-25T02:02:24.192451+00:00,site_latency,88.64,False
3c6a34a5d67b567832bc4d92c3f13775,2026-08-25T02:02:24.057514+00:00,site_latency,245.82,False
a0f152a964b84f936d2ede5bc596f58c,2026-08-25T02:02:24.237293+00:00,api_generic,75.89,False
da250a342baf55977057e652e7ebf781,2026-08-25T02:02:24.152442+00:00,api_generic,171.91,False
752e2c5a27e6fd888d99f33623dce016,2026-08-25T02:02:24.035668+00:00,site_latency,289.97,False
2f1e76a97b4b5ecc42f33c0875168290,2026-08-25T02:02:24.079128+00:00,checkout,261.56,False
7aaf144bcd4eae26ca0f6913e5445fdd,2026-08-25T02:02:24.167938+00:00,site_latency,176.22,False
06c70aee1ea49ff1c96aaf514f41c6e7,2026-08-25T02:02:23.990301+00:00,site_latency,363.4,False
fa361e155e75bb2ff7564efbb3cd6696,2026-08-25T02:02:24.114728+00:00,site_latency,239.25,False
323d89708ef6825ff7e566a7e7bcb598,2026-08-25T02:02:24.252497+00:00,api_generic,101.72,False
1a759b3d655efe09e009331ecce924ee,2026-08-25T02:02:23.600913+00:00,site_latency,779.68,False
e2e874825a1bb8ec6cf369720aa4afcb,2026-08-25T02:02:24.223886+00:00,api_generic,186.67,False
fef876587a558185b1d28640e40d6d59,2026-08-25T02:02:23.979362+00:00,site_latency,478.78,False
1f3bc77f57375fcf21043a02467abfa6,2026-08-25T02:02:24.357836+00:00,site_latency,107.56,False
1bac824f376126e427e08592055e9f40,2026-08-25T02:02:24.062204+00:00,site_latency,407.8,False
e720bec346dd05681216f5226cd7693d,2026-08-25T02:02:24.385810+00:00,pix,110.65,False
298a118f29fdbb31d9a7c90ef5479ca5,2026-08-25T02:02:24.394278+00:00,api_generic,119.4,False
e169948cf6a56118c9c5dc1939da3c99,2026-08-25T02:02:24.204462+00:00,checkout,317.16,False
fce0bdeeee9efdc54e18a32bffc2d901,2026-08-25T02:02:23.881723+00:00,checkout,644.96,False
803868546e8f4331e0ce312b36ef4839,2026-08-25T02:02:23.971917+00:00,site_latency,564.55,False
80490fcc20bc2649bc1c8c6cef0f3cc5,2026-08-25T02:02:24.262816+00:00,checkout,303.88,False
570e4100168de282a96b8b7e237ed34c,2026-08-25T02:02:24.387853+00:00,checkout,193.63,False
fbf59205aed46d74c3d8d500c2d5c002,2026-08-25T02:02:24.326051+00:00,checkout,269.7,False
9001922c3076f7b243e9f52ddc563929,2026-08-25T02:02:24.543946+00:00,api_generic,53.71,False
0263a7332fa4a2757c83ca51f4d2bcf1,2026-08-25T02:02:24.520989+00:00,site_latency,96.55,False
ea4fed5e4b0c40b2f7ad656e41089197,2026-08-25T02:02:24.235156+00:00,checkout,384.81,False
b3bc39c60f3c76c0d1a6bd85e1511b56,2026-08-25T02:02:24.347514+00:00,checkout,290.42,False
308af5d84ab8b2584a08bb0c0cc44a73,2026-08-25T02:02:24.158827+00:00,site_latency,484.3,False
326fa3978129cc35fed33cbfa859b2c9,2026-08-25T02:02:24.539201+00:00,api_generic,158.91,False
fa00dfa83bc7039f7fdc05fd456e6c3f,2026-08-25T02:02:24.454973+00:00,checkout,243.39,False
f9e2d98305fa465ca4aa48f9f9f46ac9,2026-08-25T02:02:24.510145+00:00,site_latency,224.81,False
e98e7a98c8d6b38ce42781f690f0a965,2026-08-25T02:02:24.423438+00:00,site_latency,316.05,False
1da52d17e73df2f986e375c2ee70fce3,2026-08-25T02:02:24.700121+00:00,api_generic,65.36,False
9b1c0caa089b7f1a41ebc19b497011bb,2026-08-25T02:02:24.625469+00:00,api_generic,142.36,False
7049f4276adb4abcc847e6e82a6c8815,2026-08-25T02:02:24.600929+00:00,pix,170.67,False
ca44bf86d6a2fae35eef5a6c4a47b3bb,2026-08-25T02:02:24.663085+00:00,pix,111.12,False
db3e54c0f63a577c862065516e94183f,2026-08-25T02:02:24.738336+00:00,api_generic,41.16,False
bf06f165a6fd5f7f67e0b9ae668abd4c,2026-08-25T02:02:24.538016+00:00,site_latency,243.13,False
d210ade733d3eba88d50baca86f0fdaf,2026-08-25T02:02:24.483577+00:00,site_latency,305.67,False
11abf9ec81072c8facec56e2767b1270,2026-08-25T02:02:24.629253+00:00,site_latency,167.7,False
39ee457655ec2a8ff32918681c7572ee,2026-08-25T02:02:24.600524+00:00,site_latency,197.69,False
1d00c273d7636c15b447968755c1513c,2026-08-25T02:02:24.664228+00:00,site_latency,135.56,False
b2215910b65bf0766275413ae89ebb85,2026-08-25T02:02:24.612971+00:00,site_latency,188.16,False
d0e6dadfc1d7741302b09e05c0832dd5,2026-08-25T02:02:24.499298+00:00,site_latency,305.03,False
7568f550bc468870485593683740199b,2026-08-25T02:02:24.539813+00:00,checkout,264.8,False
98d688cd6640bb2a2de23fb21f221ae1,2026-08-25T02:02:24.516160+00:00,api_generic,299.13,False
d6a9203f131b3c87fc6a914484616842,2026-08-25T02:02:24.691816+00:00,api_generic,123.69,False
0ae062f36197947884f632910abe4aa3,2026-08-25T02:02:24.657204+00:00,api_generic,171.0,True
3c535578dd6042b1e73a42efc2405d28,2026-08-25T02:02:24.621144+00:00,site_latency,228.47,False
0f1c9545df426ddb1175a0fa7ca76e8f,2026-08-25T02:02:24.684311+00:00,site_latency,167.49,False
9d1342cab08a6eb38e41a58cabc45b00,2026-08-25T02:02:24.810602+00:00,api_generic,41.65,False
dfe7e5e0c80bfcea2b90c0a3bc6f00d3,2026-08-25T02:02:24.542624+00:00,site_latency,314.69,False
9b0e30f6016915cc8e069dfcf2b916db,2026-08-25T02:02:24.771998+00:00,pix,86.53,False
c5527539a0fc0a4eda742d7583fdb8c7,2026-08-25T02:02:24.809326+00:00,api_generic,52.16,False
3c76ba452fe03d293c6e8b47b62c20a0,2026-08-25T02:02:24.726006+00:00,site_latency,157.34,False
968b218a1446988296cd93acbd6065af,2026-08-25T02:02:24.564305+00:00,checkout,323.07,False
6894e397945f2ecce436c472b952c0d9,2026-08-25T02:02:24.489804+00:00,checkout,400.24,False
a7485704505d4d34e408e33c653ce0bd,2026-08-25T02:02:24.729795+00:00,pix,164.39,False
facef0d7ec719e2818115e4fa6897977,2026-08-25T02:02:24.602613+00:00,checkout,295.93,False
326fa10991ced6479f99caafd09408d2,2026-08-25T02:02:24.699593+00:00,site_latency,203.28,False
3be4a486efcef324dd5a72e83555b34d,2026-08-25T02:02:24.438572+00:00,checkout,465.68,False
ff50892575b35acc633c0bfbf74bb9e3,2026-08-25T02:02:24.675304+00:00,checkout,245.54,False
dd8f44a8163c097a05717da6c02cac12,2026-08-25T02:02:24.243707+00:00,site_latency,683.89,True
7a0a00f561cd998203420c92aacbb69e,2026-08-25T02:02:24.638483+00:00,checkout,306.24,False
5b0dc0ea09e23e66aeed2a16a476a0e5,2026-08-25T02:02:24.829469+00:00,site_latency,128.58,False
198766ab1f8bca69065a49a6f491db94,2026-08-25T02:02:24.744648+00:00,checkout,233.86,False
2e21cee53091fcc6b2dcda59472a297a,2026-08-25T02:02:24.861977+00:00,api_generic,118.1,False
536ef99b735f07c5f28179f8797cec9f,2026-08-25T02:02:24.469966+00:00,site_latency,513.32,False
d5e3162d74c141761ed8814eed24038c,2026-08-25T02:02:24.780377+00:00,site_latency,214.58,False
bd2b44b83f41be98596bef9f118401ad,2026-08-25T02:02:24.853217+00:00,site_latency,146.41,False
11dfae5c7038646db068539550a6c1d3,2026-08-25T02:02:24.915981+00:00,site_latency,137.95,False
416732413ca048190f04f5f71d677e84,2026-08-25T02:02:24.930923+00:00,api_generic,124.28,False
5d02faa1024674243ac1cd4e42e823c8,2026-08-25T02:02:24.552144+00:00,site_latency,508.22,False
aaace73600c9d2d97e2ff3697174d55c,2026-08-25T02:02:24.987421+00:00,site_latency,107.12,False
831ae49d0a7b1547fbae2de8cca382c6,2026-08-25T02:02:24.801095+00:00,checkout,293.66,False
6b98da9cec8ba492864b8c78cb2fd98b,2026-08-25T02:02:24.965180+00:00,site_latency,153.4,False
12d7309a7c465cab1e922dae518047c1,2026-08-25T02:02:25.008099+00:00,site_latency,113.53,False
9227861c5974afce4a7a6947feae3100,2026-08-25T02:02:25.096519+00:00,api_generic,37.11,False
e582a9b2788b73dc45c00ba0f4b0fcc6,2026-08-25T02:02:24.743397+00:00,checkout,393.96,False
a7c2ab67d730806e87de292442ecc189,2026-08-25T02:02:24.536432+00:00,checkout,601.17,False
f88ecdc9b35f43c985760d98ec51b3ed,2026-08-25T02:02:24.942559+00:00,site_latency,212.15,False
40120dfa6080fa12ea52ec9f47ac6ee3,2026-08-25T02:02:24.917732+00:00,site_latency,245.31,False
aa0027032b3158e8586e5b7cdf2d16aa,2026-08-25T02:02:24.931207+00:00,site_latency,234.24,False
17f5173584bf6561384c5b823af86bf7,2026-08-25T02:02:22.921272+00:00,api_generic,2261.2,False
06fb3d68180373ec8e61f84e3640becd,2026-08-25T02:02:25.043946+00:00,api_generic,140.39,False
ca439664df7c70ff97ee525d97ec839d,2026-08-25T02:02:25.032859+00:00,api_generic,155.84,False
c1aedb06581234ecb4df7756e1f69f82,2026-08-25T02:02:24.996246+00:00,site_latency,204.85,False
988f300eb0ef3c4464630f17a0df0295,2026-08-25T02:02:24.459662+00:00,pix,754.47,False
e78b9236b384e6e6e3269c647aa5239c,2026-08-25T02:02:25.153066+00:00,pix,67.5,False
e833a723a22e749f5298c940a8485d4b,2026-08-25T02:02:25.147749+00:00,site_latency,81.59,False
d3d1bec071286cddcbf512b4a665a51a,2026-08-25T02:02:23.329318+00:00,site_latency,1913.4,False
f3ff2543b9cd4a26f7bbefc1bcfddf82,2026-08-25T02:02:25.170299+00:00,api_generic,85.53,False
def8a9559624c6e0642a9a63268ce578,2026-08-25T02:02:25.092716+00:00,site_latency,164.59,False
5920ed6cea1887c9e1ee4600befa8a2c,2026-08-25T02:02:25.101161+00:00,pix,156.59,False
8e1b64267835f873b1ec2a424da3914e,2026-08-25T02:02:24.988777+00:00,site_latency,276.6,False
8f9a6e488046168c46f6bb09db165ba2,2026-08-25T02:02:25.150751+00:00,pix,145.57,False
3e48a6860bab4c15f5f5e97060ea0d89,2026-08-25T02:02:25.058672+00:00,checkout,252.62,False
12cc7ece32d589c0eb53596e5c52c7de,2026-08-25T02:02:25.098596+00:00,site_latency,230.31,False
897cc93c36e29a5bb95c1bee650c8aa2,2026-08-25T02:02:25.193386+00:00,site_latency,135.8,False
81e55bf9731128abfb4b4b22b77591ad,2026-08-25T02:02:25.288347+00:00,api_generic,60.73,False
3d38eb1669122c612a7b969c98fe718e,2026-08-25T02:02:25.261734+00:00,api_generic,94.08,False
3f8301394cd3d622f6672ca4bf16e91c,2026-08-25T02:02:24.873101+00:00,site_latency,486.75,False
d4146b6124280d2141b2526f3d6c3471,2026-08-25T02:02:25.059524+00:00,site_latency,300.61,False
447cbe8bb6398a8b7ac675e6350afc5f,2026-08-25T02:02:25.274398+00:00,pix,104.45,False
72786ba59d931ecaa8fc57e88dcfbf21,2026-08-25T02:02:25.197911+00:00,pix,182.51,False
568dd184d6189d853a7e1fb42257a2a3,2026-08-25T02:02:25.255774+00:00,api_generic,124.84,False
f9d0e28c9861191d7f3c1580cd6baeb5,2026-08-25T02:02:25.266637+00:00,api_generic,114.16,False
2f3c3566038049a265477f92c93b3c2e,2026-08-25T02:02:24.846098+00:00,site_latency,535.37,False
6186a59b1d5d3df46fc95bca3f19916c,2026-08-25T02:02:25.278827+00:00,checkout,112.39,False
f2369444a1b503ca676eaad716179e81,2026-08-25T02:02:25.017056+00:00,site_latency,417.96,False
e52eb4bb69f7cb17bc0f90b48fa23870,2026-08-25T02:02:25.364332+00:00,api_generic,71.88,False
0418d5af0dba6bc72399031e6d533f81,2026-08-25T02:02:25.269928+00:00,site_latency,181.28,False
e7efbd815f322b37b9a8896959998f77,2026-08-25T02:02:24.798176+00:00,checkout,653.53,False
90ba00d33af0be617cb9d5501d313386,2026-08-25T02:02:25.381245+00:00,pix,82.93,False
fd39444bdb02e3aa074d33c968e840b0,2026-08-25T02:02:25.315766+00:00,api_generic,151.0,True
75e0a90d6b22516a7ed1774f7993cd70,2026-08-25T02:02:25.366745+00:00,api_generic,102.4,False
1bffa691fee725589b5fa4944a1ecc0b,2026-08-25T02:02:25.380384+00:00,site_latency,91.62,False
461a38e6b8275f88b58ca1b83aa486e1,2026-08-25T02:02:24.725150+00:00,checkout,747.04,False
6f519dad35686fd34cf101afa0043115,2026-08-25T02:02:25.425008+00:00,api_generic,71.05,False
9c4b5a2021caeedc9e4c1b6a91ff1bf0,2026-08-25T02:02:25.343911+00:00,site_latency,157.31,False
e1da155980d8940081a92b3c1e23a04d,2026-08-25T02:02:25.406937+00:00,api_generic,95.92,False
7ef1de2bd963a8c32c6a6a03baaf33c5,2026-08-25T02:02:25.392555+00:00,site_latency,128.94,False
46777c880ceff3e802931746e760929a,2026-08-25T02:02:25.217225+00:00,site_latency,304.61,False
4d13f9bc46afa47ba636891276142bb9,2026-08-25T02:02:25.452770+00:00,api_generic,86.35,False
9ffde152b5164b5e251d7812883bc4ed,2026-08-25T02:02:25.396046+00:00,site_latency,159.73,False
579cf5c900b0ce3a4ee9f509d94aaf72,2026-08-25T02:02:25.391167+00:00,site_latency,175.25,False
13f9b45e95d12a35f75547054e2d615b,2026-08-25T02:02:25.475925+00:00,api_generic,97.59,False
8fd0f2adb2d702ca9eb00c5d722a9a52,2026-08-25T02:02:24.427885+00:00,site_latency,1145.84,False
855a67d95467d035613f731cfaba1f9d,2026-08-25T02:02:25.099495+00:00,checkout,474.51,False
8ff630dca464e6e61a8da0919c474312,2026-08-25T02:02:25.557833+00:00,api_generic,31.81,False
5be0472f9e155bbbb499f37e9762e6cd,2026-08-25T02:02:25.262213+00:00,site_latency,350.63,False
503413299c04752325709970a72019c7,2026-08-25T02:02:25.078146+00:00,checkout,534.95,False
8ec6943f643e91b4bf92d50673bafceb,2026-08-25T02:02:25.385528+00:00,site_latency,235.71,False
8948c06dd8a7195ca13fe1ebe958eccd,2026-08-25T02:02:25.475572+00:00,site_latency,174.62,False
7d1199edbf4800a60bca9ceebe4a8cd6,2026-08-25T02:02:25.325518+00:00,site_latency,329.75,False
4b2110cb545ed9a7a329247f02d5b024,2026-08-25T02:02:25.523476+00:00,site_latency,142.7,False
ebcbc48eee37ac8d789e47e1019c3645,2026-08-25T02:02:25.484249+00:00,checkout,184.87,False
833097765ab13af1a890a255061ae7b0,2026-08-25T02:02:25.552835+00:00,api_generic,117.49,False
b05a2b2198fe6c990f28ec945bf37517,2026-08-25T02:02:25.129229+00:00,checkout,541.98,False
e3084610868b13d068d293685aeb8e20,2026-08-25T02:02:25.488415+00:00,site_latency,187.6,False
8893b23cd02a9f138a9c878709deda46,2026-08-25T02:02:25.454438+00:00,api_generic,233.76,False
ffc1d6e81d7d3e1b933e2aad0e3a332d,2026-08-25T02:02:25.553395+00:00,site_latency,140.7,False
b2be1ef55be025822558284420fe43d7,2026-08-25T02:02:25.606568+00:00,api_generic,91.88,False
09dbaa9e34c66f154acc6ea518935ffd,2026-08-25T02:02:25.602008+00:00,site_latency,100.44,False
a04d9b4ca50e7dc9566c00415d125795,2026-08-25T02:02:25.673462+00:00,api_generic,54.9,False
08dcaf0dba263912eaaee1f6fc71f13a,2026-08-25T02:02:23.720728+00:00,site_latency,2009.37,False
beceec6ea045630df84a5679fafbe8ae,2026-08-25T02:02:25.696428+00:00,api_generic,61.06,False
a6778078159a5232a06a7a9d17738079,2026-08-25T02:02:25.148970+00:00,api_generic,609.27,False
42a133b64a06f07cb7b9d8724162c722,2026-08-25T02:02:25.202506+00:00,checkout,561.65,False
977d819c7a054521ebfc2d426063f874,2026-08-25T02:02:25.575486+00:00,api_generic,192.14,False
a967c733af20121fbc5128f25578dc90,2026-08-25T02:02:25.568691+00:00,checkout,212.29,False
9d83d3800d40e313be735a1653c5770c,2026-08-25T02:02:25.658381+00:00,checkout,129.08,False
72b80ea5f845668b3fcac68b2d5ccee3,2026-08-25T02:02:24.535230+00:00,checkout,1261.51,False
6cc10cbb437f6c79b7fbf38a90cf6450,2026-08-25T02:02:25.730066+00:00,api_generic,72.16,False
04201e7f9778478dd06b3f83d069d8ac,2026-08-25T02:02:25.757453+00:00,api_generic,46.02,False
91b3fc9350b93feef33e5bd36e7cb547,2026-08-25T02:02:25.625520+00:00,site_latency,185.3,False
a083f5e979d3569b597aaaa2dc6f5076,2026-08-25T02:02:25.364178+00:00,checkout,448.12,False
eb10467993bb398dca69f21be854f492,2026-08-25T02:02:25.596973+00:00,site_latency,242.39,False
c0cea21c1fb398337fbe7e8f7af59408,2026-08-25T02:02:25.681304+00:00,checkout,164.68,False
af27016b14695ff302040c0e4918b890,2026-08-25T02:02:25.689758+00:00,site_latency,172.93,False
e0ff1c9d5765e6d3f1aaadfc08aff02e,2026-08-25T02:02:25.384699+00:00,site_latency,505.6,False
bd020f794d980419e4a78e856b572c81,2026-08-25T02:02:25.589609+00:00,site_latency,303.53,False
5e78aedfa3c761ff68ecd9dfd3156e8e,2026-08-25T02:02:25.630021+00:00,checkout,266.52,False
3a4729c55ce6a8fbb578d3c4c2bfd075,2026-08-25T02:02:25.769332+00:00,pix,134.54,False
52ff4bf4d815312bf2406847188e17f8,2026-08-25T02:02:25.805006+00:00,api_generic,116.98,False
a6f4e8c270b6cf765968fc701959d344,2026-08-25T02:02:25.568122+00:00,checkout,358.74,False
6124f1ab626fbc7a5fe2b3827da2e7b5,2026-08-25T02:02:25.679519+00:00,checkout,247.64,False
c1dfb9e2e9a61cc18ed13cdefc9cffed,2026-08-25T02:02:25.762389+00:00,site_latency,174.91,False
dfafffdf6ae8782b4695a5688e5f85fd,2026-08-25T02:02:25.820227+00:00,checkout,136.56,False
82fdb6e361df066f4d12eb403153d7ce,2026-08-25T02:02:25.891960+00:00,checkout,103.65,False
30914de424cd0b1e0407e7a8233bc20a,2026-08-25T02:02:25.674291+00:00,checkout,334.17,False
ef9b38847c9c5efdcf795d765ecb987b,2026-08-25T02:02:25.988394+00:00,site_latency,39.82,False
22c3989819a2bc0dcb6b8824131f0ccf,2026-08-25T02:02:25.762607+00:00,checkout,282.9,False
2777390ba716cdb18ed45258caacbe54,2026-08-25T02:02:25.936775+00:00,checkout,109.96,False
21fbc8366d498c7bf156018a23c35b07,2026-08-25T02:02:25.703907+00:00,checkout,344.62,False
b16f6b6490f0cf6fc05431bfe9235071,2026-08-25T02:02:25.997797+00:00,pix,69.51,False
87a0007f716e7cf86006e2fe2b88715d,2026-08-25T02:02:25.924521+00:00,pix,152.28,False
9a58d65488a5a635416b3c1babc1f2fb,2026-08-25T02:02:25.810552+00:00,checkout,272.64,False
61e84a7070cf04bb6b14ea502ae727c6,2026-08-25T02:02:25.907576+00:00,site_latency,188.2,False
1c39c273b0ea0954f43928d8a51f4827,2026-08-25T02:02:25.653091+00:00,checkout,448.51,False
e75d21c9f1720a1a8df70e1469cccd0e,2026-08-25T02:02:25.880553+00:00,checkout,237.02,False
d896d49c6444042f66c0f89b61bbb31f,2026-08-25T02:02:26.066150+00:00,api_generic,57.89,False
fda2839154ccb9110c6668060ee5119e,2026-08-25T02:02:25.827364+00:00,api_generic,299.8,False
5aa7d103ff071162de1741694fddcb16,2026-08-25T02:02:25.382315+00:00,checkout,764.41,False
99fc2830d5f2a1603ac84ebcbb8fb995,2026-08-25T02:02:25.813942+00:00,checkout,335.06,False
d05041b22b35a5fca54e8cbd0dedf245,2026-08-25T02:02:25.961730+00:00,api_generic,187.52,False
6a49ce94042cb3eabc78545cf1dfecdf,2026-08-25T02:02:26.111459+00:00,api_generic,47.18,False
d233f9901b755b78c3e5680e4cd0201b,2026-08-25T02:02:25.995580+00:00,checkout,166.67,False
953880f0665b5181f49c5baae44cb4f4,2026-08-25T02:02:26.038032+00:00,site_latency,125.46,False
3b03f74dfb0ffcb280d3417e6816b8c2,2026-08-25T02:02:26.125406+00:00,api_generic,46.2,False
567a79f1f86477fb74ee7dfeecb8d7ff,2026-08-25T02:02:26.003210+00:00,site_latency,176.46,False
4d06bd12ab1216decb860315efb3bf04,2026-08-25T02:02:26.107046+00:00,pix,120.67,False
dfc1c0217f7c792dde0fb22214971e45,2026-08-25T02:02:26.147831+00:00,site_latency,85.37,False
9a28cff39bd367b623982b12d9bd24a6,2026-08-25T02:02:25.894377+00:00,site_latency,385.0,False
41fc25ec425a3c739b2bc9dec715e266,2026-08-25T02:02:26.219479+00:00,api_generic,75.02,False
92a322a281508e34f34e1400d47e96af,2026-08-25T02:02:26.119091+00:00,site_latency,176.92,False
8518c0911315561c5209d1ea00ff6906,2026-08-25T02:02:26.250592+00:00,api_generic,45.63,False
6c2aa3f07500db212170b0220a2bcb39,2026-08-25T02:02:25.866256+00:00,checkout,435.53,False
2fb003002549b04ecceaaff9bed53bb6,2026-08-25T02:02:26.092489+00:00,api_generic,240.12,False
d0c6bdca65e02ef6525c0f1456792384,2026-08-25T02:02:26.159813+00:00,site_latency,205.27,False
7ea553b0ea79065acfa80e69de6dd0b3,2026-08-25T02:02:26.289700+00:00,pix,80.59,False
ba8f1845fc0fa68c87884ac1674fde77,2026-08-25T02:02:26.076763+00:00,checkout,320.24,False
191826c7068a2fbadba0ffd8e74933c9,2026-08-25T02:02:26.053331+00:00,site_latency,354.4,False
2bd5ebd05474467afba100a7de28be3a,2026-08-25T02:02:26.215588+00:00,site_latency,205.95,False
62ec65900323ef6af0271a60d2c862c7,2026-08-25T02:02:26.332574+00:00,api_generic,89.42,False
db90d4b6a2f68c7378e1a66392bb221f,2026-08-25T02:02:26.055230+00:00,site_latency,373.12,False
97d33cceaca29fddda531015d1c90454,2026-08-25T02:02:26.264612+00:00,checkout,166.14,False
5b16dcd283b45720f6981d9959aad7a7,2026-08-25T02:02:26.137333+00:00,checkout,321.94,False
90cc9e598f1cfb8de5d31563f452a460,2026-08-25T02:02:26.361046+00:00,site_latency,110.11,False
e1c3985a82cce6ad40cda43d7afa8f90,2026-08-25T02:02:26.195019+00:00,checkout,281.75,False
1c2edcab4abc3a2c3d952c284d03c4ff,2026-08-25T02:02:26.395749+00:00,api_generic,97.13,False
fd8a9faad1f806cb13138ead17347ae4,2026-08-25T02:02:26.260944+00:00,checkout,247.28,False
5b756d1d8399697f2a3c4f60f3659e84,2026-08-25T02:02:26.346909+00:00,checkout,206.21,False
ba675b5e4025379fd179e6445d96569a,2026-08-25T02:02:26.436264+00:00,pix,127.92,False
34f664074c54cacc4ed60a9dba9b468b,2026-08-25T02:02:26.481138+00:00,api_generic,86.05,False
b7485114dfae3fb158a49c40004355f7,2026-08-25T02:02:26.448297+00:00,site_latency,141.66,False
768537416f2cd1c8be9cc37a7aa8134f,2026-08-25T02:02:26.362417+00:00,checkout,229.22,False
abc25f886f2857dd50a4d170f9df84a3,2026-08-25T02:02:26.474992+00:00,site_latency,140.45,False
ce1e8205e7649f41de561a20a2d79d07,2026-08-25T02:02:26.400530+00:00,site_latency,215.38,False
3bcd1af98f740331f103f4b86617223a,2026-08-25T02:02:26.434518+00:00,site_latency,189.53,False
c7fe82f07191c7fdfbde95141d8488dc,2026-08-25T02:02:26.367568+00:00,checkout,269.71,False
eeb2eee9a69b27d634aa5269f7d704d6,2026-08-25T02:02:26.506154+00:00,pix,155.48,False
5f36260925f2d236cbfcfb3962a8ba1b,2026-08-25T02:02:26.521296+00:00,api_generic,144.95,False
282912bb6a137272818175e7b1196f32,2026-08-25T02:02:26.608729+00:00,api_generic,58.38,False
3eb50e5e931a62a5aeac99f60c1f2d5d,2026-08-25T02:02:26.284654+00:00,checkout,386.45,False
8643a9463c51acc8531d331f262191e8,2026-08-25T02:02:26.546682+00:00,api_generic,151.64,False
8b01dc1954ff9009445d5e2560dbb755,2026-08-25T02:02:26.534109+00:00,checkout,198.13,False
dbfb01d6fa96d84c81475f5fce8bbfb8,2026-08-25T02:02:26.437011+00:00,site_latency,300.43,False
2fc28af8764ab8188cc286ede57b99b0,2026-08-25T02:02:26.354810+00:00,site_latency,385.0,False
2c7c3e3c3325827921e8f6555ebb9946,2026-08-25T02:02:26.690581+00:00,pix,69.76,False
10fa0ae920f1b4b3dfe5cf362be4c27e,2026-08-25T02:02:26.609063+00:00,api_generic,152.45,False
d802f0f3e6c952bff1f2c50b9662b42e,2026-08-25T02:02:26.452728+00:00,checkout,312.68,False
2d87b191d5485af50637f01f450d808d,2026-08-25T02:02:26.727082+00:00,api_generic,53.3,False
4933e630bc8cb9c1eaa32263ee95fc8a,2026-08-25T02:02:26.762240+00:00,api_generic,84.55,False
f3656c96ec988421fe00ba7358d70418,2026-08-25T02:02:26.325372+00:00,api_generic,534.94,False
5c042bcba19df16a246c710be6b995a9,2026-08-25T02:02:26.789061+00:00,api_generic,88.82,False
8c574594c6bafd5aea1607eab18a32db,2026-08-25T02:02:26.752997+00:00,site_latency,154.61,False
41238c86fecade14da259f96309a0175,2026-08-25T02:02:26.683162+00:00,api_generic,244.19,False
59800e14ceac86e0dc4d7b7ec8195cc3,2026-08-25T02:02:26.424428+00:00,checkout,503.09,False
32b279d96fef9e1839bbf038e6b45fc6,2026-08-25T02:02:26.880871+00:00,api_generic,50.32,False
850f9607b94dd523353311b8427bc379,2026-08-25T02:02:26.608420+00:00,checkout,323.52,False
1653a9597b61e7faa574989429433d04,2026-08-25T02:02:26.782572+00:00,site_latency,168.07,False
efd867bd5ec3e96123f761a4d046ad96,2026-08-25T02:02:26.889959+00:00,api_generic,60.92,False
e13f3d2b3bbdd4c4ece719fb589659d2,2026-08-25T02:02:26.618249+00:00,checkout,353.11,False
2bd2ed4bf47d360922ae12f7524830ca,2026-08-25T02:02:26.777298+00:00,site_latency,216.61,False
34077798adac9f2e4604bf449ed342a0,2026-08-25T02:02:26.816854+00:00,site_latency,183.42,False
89eab8f1fd75ed00942bf09047e798aa,2026-08-25T02:02:26.522775+00:00,checkout,494.8,False
4448a6065e3f500dd30fdfcb847491bc,2026-08-25T02:02:26.784642+00:00,site_latency,238.11,False
9b00aaf9bce174ca66f10a56ffdcce35,2026-08-25T02:02:26.931882+00:00,api_generic,104.02,False
b0b794e0f7a0fbfc26437855aca05b75,2026-08-25T02:02:26.864122+00:00,site_latency,182.02,False
cb49e537c65d754ec6a6a956f27530b9,2026-08-25T02:02:26.614690+00:00,checkout,440.69,False
a5f4939405a3325a40d5b94444b20bc9,2026-08-25T02:02:26.768118+00:00,site_latency,318.47,False
078279fb1eb8272e8c78ba32ea798347,2026-08-25T02:02:27.059904+00:00,site_latency,33.9,False
7e85546803762a304585f68041c0b421,2026-08-25T02:02:26.931109+00:00,site_latency,167.75,False
055426702f1044f6f4cfe2ee21dde4db,2026-08-25T02:02:26.960598+00:00,api_generic,141.92,False
0cf379704f8c8a14ca0f2cad4611b891,2026-08-25T02:02:26.934739+00:00,site_latency,172.37,False
b820520fb9667c655ce72517964bf672,2026-08-25T02:02:27.040711+00:00,site_latency,67.79,False
572272b0ae4004c7cb06c1f95f390ad6,2026-08-25T02:02:27.051547+00:00,api_generic,61.13,False
8a34276cc7897ee3016f5f382d31b1d1,2026-08-25T02:02:26.952439+00:00,pix,160.51,False
db1723bf904f13003094de24b93584e0,2026-08-25T02:02:26.972093+00:00,api_generic,148.96,False
6e6d0494a8be5718cbc0468bfed3fecd,2026-08-25T02:02:27.052161+00:00,pix,70.48,False
ad1c0c751100c3acc90d9bdae00c477c,2026-08-25T02:02:26.924911+00:00,checkout,201.45,False
d178ebe8daa28a453a34254396e2f2f2,2026-08-25T02:02:26.852749+00:00,checkout,286.24,False
80eabcdcc29f61e336eda3d1d575575a,2026-08-25T02:02:27.051439+00:00,api_generic,88.01,False
5e1ef8d483205b48d1ad4584465ee123,2026-08-25T02:02:26.871279+00:00,checkout,268.71,False
4c13c0807f56508c44bc6c1575869b47,2026-08-25T02:02:27.022043+00:00,api_generic,158.1,False
ec204c3bb24dbe14ddff2e20db5172cd,2026-08-25T02:02:26.506827+00:00,checkout,674.06,False
864534a64279d4f7c72feb97c0a9c094,2026-08-25T02:02:26.937614+00:00,checkout,251.77,False
b8eddefd75b00fa9d4bd2f0525e7ba3e,2026-08-25T02:02:26.937203+00:00,site_latency,265.35,False
e8dd3c2d70aa90108ebd6b58557358c4,2026-08-25T02:02:27.093714+00:00,pix,132.51,False
fbc276a6b3106de334c70b9d2d22ded3,2026-08-25T02:02:27.188721+00:00,api_generic,48.78,False
678da06adc6bc6a0c6d6f62edd03fe46,2026-08-25T02:02:27.054206+00:00,checkout,203.0,False
971408816a125ff8eb8afc356fd7fd5e,2026-08-25T02:02:27.016869+00:00,site_latency,260.43,False
61c35c6bc6afbb261efc3928b631b21f,2026-08-25T02:02:26.791342+00:00,site_latency,488.31,False
da3e4463de6298291e8bf6d66c4bc305,2026-08-25T02:02:27.196593+00:00,site_latency,104.88,False
7a732a6c7d3c501bcdb2f99c5467faac,2026-08-25T02:02:26.782766+00:00,site_latency,522.54,False
22c1ba39ed47088de01d8ad0ded4d85e,2026-08-25T02:02:27.060287+00:00,site_latency,248.16,False
8eb5502c28e7f8ada250ea38b1971d2d,2026-08-25T02:02:26.496963+00:00,checkout,818.26,False
e92a24361e441ccea887cd4eca9ce006,2026-08-25T02:02:27.200735+00:00,pix,145.22,False
8fca8ce9ec4d2979b9cfa3ae02bc3078,2026-08-25T02:02:27.196827+00:00,site_latency,182.82,False
d70001e6862c16e15a90ff6c69453849,2026-08-25T02:02:27.342461+00:00,api_generic,41.15,False
5fc7a187743f4fb500ee5c49f6963014,2026-08-25T02:02:27.142294+00:00,site_latency,242.87,False
2225c3c1a1298dc32f9685261a9da508,2026-08-25T02:02:27.196294+00:00,api_generic,198.72,False
7e59755c0e37fa50249dd8490aabe508,2026-08-25T02:02:27.024529+00:00,site_latency,376.33,True
950744bb7ceb241aa566c5de61a618d6,2026-08-25T02:02:27.298281+00:00,pix,110.01,False
295ffaf3f93eb616dca541a3056aa465,2026-08-25T02:02:27.126069+00:00,site_latency,282.42,False
f00300bcf9804eb2835926b9dbbb0864,2026-08-25T02:02:27.135211+00:00,site_latency,323.94,False
5203a239128b0d19dc5be2e677d88711,2026-08-25T02:02:27.137604+00:00,pix,329.22,False
b67af4b4f56aae16fa62183e00345bf5,2026-08-25T02:02:27.349325+00:00,site_latency,120.09,False
d51da4b57ef513c7065643939cd14a30,2026-08-25T02:02:27.120291+00:00,checkout,371.63,False
222003d1f905631fdf731fe21d84fc07,2026-08-25T02:02:27.445393+00:00,pix,54.47,False
c6f4737e6ecf8b18653bcca9d4464fb1,2026-08-25T02:02:27.466781+00:00,api_generic,45.71,False
4a218203a320a9d02c57349a7c88e376,2026-08-25T02:02:27.237994+00:00,checkout,292.55,False
c66ac590f73393fa663505695fd37586,2026-08-25T02:02:27.437456+00:00,pix,93.59,False
bb040c05ba3ffe9297213ddd948a0ca0,2026-08-25T02:02:26.816140+00:00,site_latency,716.53,False
3e8df49baa38bc8ed7a9659a417a4140,2026-08-25T02:02:27.406884+00:00,pix,127.44,False
7707708c0f3a5744b5455426310b8f46,2026-08-25T02:02:27.418684+00:00,api_generic,128.1,False
e50edd22003c7983b372927e0b1cff5d,2026-08-25T02:02:27.321069+00:00,site_latency,246.74,False
8716b0d70ac4e2dee17650fb61dc3e14,2026-08-25T02:02:27.325425+00:00,pix,242.62,False
e2725398daa96b28908c498fcdc9e1d2,2026-08-25T02:02:27.412090+00:00,pix,162.36,False
9ec8d1c35c7d987339392ceea72d2797,2026-08-25T02:02:26.971095+00:00,site_latency,630.18,False
06f81ee15ac4a9b36a46bd66b1f0ae2f,2026-08-25T02:02:27.391082+00:00,site_latency,212.76,False
65f63eccd6b4a0f6aa42aae81c226be9,2026-08-25T02:02:27.501474+00:00,site_latency,103.97,False
3a056078d263b5b61e3b4f7a24bdf44f,2026-08-25T02:02:27.361307+00:00,site_latency,251.92,False
def05a882213f195b87db468407f237a,2026-08-25T02:02:27.470991+00:00,api_generic,154.17,False
0c2be713bdd9c665dce9725333317db8,2026-08-25T02:02:27.444353+00:00,site_latency,183.59,False
1152176e4de0d53ad95e2959abb5bbc3,2026-08-25T02:02:27.410848+00:00,site_latency,221.65,False
9f97534f2a4fbc79429a66cc20348602,2026-08-25T02:02:27.511187+00:00,site_latency,124.05,False
088a21340301abe19cd64f7ac635e651,2026-08-25T02:02:27.538662+00:00,api_generic,166.54,False
5dcd5593814889bd989da9a9a248dbcf,2026-08-25T02:02:27.515195+00:00,checkout,195.02,False
d6158309b45dcd437ae5839c6b38f48e,2026-08-25T02:02:27.477677+00:00,site_latency,248.66,False
2a8d94aa36e05a4c53b1d8889d83fb35,2026-08-25T02:02:27.342061+00:00,checkout,408.21,False
3def0512814f10c9cece9c26d5469260,2026-08-25T02:02:27.629386+00:00,site_latency,128.96,False
7550bc8b9b5e8801d49ecb21c277520c,2026-08-25T02:02:27.707379+00:00,api_generic,61.61,False
d9525b09196f470f282f8e71d07b5cc2,2026-08-25T02:02:27.122610+00:00,checkout,648.32,False
b86cae4e4b5eabfe275365a6afe8d06d,2026-08-25T02:02:27.579474+00:00,checkout,193.39,False
801e5bc020a8cb0bc42e00d781331efe,2026-08-25T02:02:27.586533+00:00,site_latency,192.98,False
cb4367eb50b94143bd1bdb513d0e4768,2026-08-25T02:02:27.513608+00:00,site_latency,290.17,False
f3d8a3a883417276f69d2c49d022e9c5,2026-08-25T02:02:27.587120+00:00,checkout,247.32,False
9a05dddeba684fa42ab168100333a0f0,2026-08-25T02:02:27.753168+00:00,site_latency,86.33,False
7c351ce59427c691ec9a1a918126eab1,2026-08-25T02:02:27.731921+00:00,site_latency,144.86,False
52fb602d107771e9eafa792a09e3ad63,2026-08-25T02:02:27.640127+00:00,site_latency,253.83,False
e8b6d89f5777d6c629f85793535c24bf,2026-08-25T02:02:27.823894+00:00,pix,71.55,False
06ea4309619ab6560113f8cb802b3680,2026-08-25T02:02:27.448816+00:00,checkout,449.52,False
86b181bba78416bab1027eb2678a5809,2026-08-25T02:02:27.875628+00:00,site_latency,43.58,False
c1e98a0bbdb7c341a0bcd84b253a8417,2026-08-25T02:02:27.842244+00:00,site_latency,93.92,False
2df01f7322347ec1c3053fcc1d4cf53d,2026-08-25T02:02:27.730301+00:00,api_generic,208.94,False
e508b08c9e06bb63f0761b7b6f8c1d68,2026-08-25T02:02:27.235269+00:00,checkout,706.54,True
6cb5b4d82b7351c65a4708d2316312ac,2026-08-25T02:02:27.856905+00:00,api_generic,91.42,False
bc5556668c629d830eb3b9959d813b6a,2026-08-25T02:02:27.639659+00:00,checkout,313.44,False
cbe188aac03b0dd2b7f0656fbcf4785b,2026-08-25T02:02:27.723690+00:00,api_generic,233.8,False
f0120a25c30a8051265a98e054539f95,2026-08-25T02:02:27.838686+00:00,site_latency,119.48,False
2d0f23767417cd10861f537d711d616d,2026-08-25T02:02:27.919649+00:00,api_generic,82.97,False
1b50090fb65dfaf3e676a40c4d26f4c9,2026-08-25T02:02:27.547619+00:00,site_latency,472.05,False
a5bbad22e8d1cfa38e3dcb1d0e06910c,2026-08-25T02:02:27.911018+00:00,site_latency,116.61,False
6e5d9216a4b968667c97a4f9078a7bc4,2026-08-25T02:02:27.946733+00:00,api_generic,83.75,False
1bd9ce5299b418349a519e166b363417,2026-08-25T02:02:27.277653+00:00,checkout,755.33,False
4689562aec601235379f9c1098cbbb44,2026-08-25T02:02:27.948297+00:00,api_generic,87.29,False
040860ad082186d9da25a9006208e6ba,2026-08-25T02:02:27.990932+00:00,api_generic,46.51,False
319753b43bbe0e30a946d5dd78fc9a90,2026-08-25T02:02:27.931956+00:00,pix,115.28,False
12bb84d495b50e179eb93f1567a38521,2026-08-25T02:02:27.921829+00:00,site_latency,177.34,False
f3b3a595878fbf1d4b6f5dbd1de38829,2026-08-25T02:02:27.934583+00:00,site_latency,164.82,False
76e7fe51f638172f772166955e01e7a6,2026-08-25T02:02:28.008328+00:00,site_latency,106.63,False
7e4f5d80516649f84905879588c72b87,2026-08-25T02:02:28.066573+00:00,api_generic,50.34,False
d1e08912030784852746888afb0d24cb,2026-08-25T02:02:27.903990+00:00,site_latency,220.05,False
0aa5bb8fc6f187f7b9fdd4f14e017a9f,2026-08-25T02:02:27.729508+00:00,checkout,398.04,False
d20290b2149c31c3db3abafd69700ab9,2026-08-25T02:02:28.004261+00:00,pix,124.63,False
34e198fca13eb961824be1b5c2c91247,2026-08-25T02:02:27.840124+00:00,checkout,303.01,False
16f670144e6c64a2ee55c0166794490b,2026-08-25T02:02:27.824887+00:00,site_latency,322.35,False
87e44cb048cd410c2d37f8d7c76e05e0,2026-08-25T02:02:27.857458+00:00,site_latency,291.59,False
ae479c2751e8217c8beff98614d15c79,2026-08-25T02:02:27.882310+00:00,site_latency,270.24,False
77ad7809e5bd3e4c22901d86faf60c68,2026-08-25T02:02:28.007244+00:00,site_latency,150.69,False
599d37f5c6815992bc243fae3e41d888,2026-08-25T02:02:28.022877+00:00,site_latency,141.35,False
590f095e25cb6cdee1af4b87bff5b6d1,2026-08-25T02:02:28.027313+00:00,site_latency,156.55,False
8c8a92ba03087ea507e13abf0940af14,2026-08-25T02:02:27.787630+00:00,checkout,410.37,False
fd2b5e6e9c7888a5342406d75e57b8d7,2026-08-25T02:02:28.072960+00:00,api_generic,136.18,False
fe24e2dd3f3c20a8ccd5c9b1cd3e167b,2026-08-25T02:02:27.655892+00:00,checkout,553.54,False
b0c19415c2194bc9232d634f1ab3179b,2026-08-25T02:02:27.711476+00:00,site_latency,500.03,False
6257e950a64527d156581580380d5718,2026-08-25T02:02:28.005823+00:00,site_latency,209.48,False
9852e32e05aad9c78af44fc59356c938,2026-08-25T02:02:28.041180+00:00,site_latency,191.4,False
b550866b495c5c98b6c0354f364b194d,2026-08-25T02:02:28.176829+00:00,api_generic,60.73,False
c490fb030dd916ca7f254d0487f57d08,2026-08-25T02:02:28.125381+00:00,site_latency,112.68,False
8303c6b2097fad962230a1e713ecc426,2026-08-25T02:02:27.997063+00:00,site_latency,242.2,False
702027f9fe14350a5992ee554f8d61e5,2026-08-25T02:02:28.144563+00:00,api_generic,99.04,False
4033d4d045cebfd305f2dfd9eaccb495,2026-08-25T02:02:27.545569+00:00,checkout,719.7,False
c99763758b62eb0b3dcc808df18ef0df,2026-08-25T02:02:27.719672+00:00,checkout,559.51,False
328135da5819fe5e15a90d0576e3377a,2026-08-25T02:02:28.161311+00:00,pix,119.55,False
114ebe434066f1cd92033ee5c7e41810,2026-08-25T02:02:28.223818+00:00,api_generic,76.52,False
c5ea84611b1b155ebb2b4a3221a67242,2026-08-25T02:02:28.156847+00:00,api_generic,151.89,False
6e9c5d3d40cd7d6f152f186fa9ea3ce4,2026-08-25T02:02:28.273359+00:00,api_generic,51.28,False
c1fad41e4bcbd8dec2df2ef919336a9c,2026-08-25T02:02:28.171384+00:00,checkout,174.88,False
2e057bb8b0f55bbb8ea2a8de6696e782,2026-08-25T02:02:28.220752+00:00,pix,146.47,False
3eaf4b0801470fddd553de852c2a2b48,2026-08-25T02:02:27.904158+00:00,site_latency,464.16,False
a175d6daa417f1bbfba13f03249aa0ab,2026-08-25T02:02:28.156004+00:00,api_generic,243.9,False
c50307e84cb056a0c86d27251e97c4c9,2026-08-25T02:02:28.368273+00:00,api_generic,48.8,False
a2e13aff4e800b68873d60b9d61f3f0b,2026-08-25T02:02:28.277484+00:00,site_latency,145.06,False
9819118ce4cd73ce18b78679b768d084,2026-08-25T02:02:28.250966+00:00,checkout,182.98,False
f672ccc87261f114b7cc2c3c69d1d780,2026-08-25T02:02:28.314781+00:00,pix,124.83,False
aca16b48f41ac15aee804dcb1fd42fd6,2026-08-25T02:02:28.350865+00:00,site_latency,99.23,False
451c1a82e50d5941af75bbcb4d9ffa07,2026-08-25T02:02:28.247792+00:00,checkout,207.02,False
509f41d5010fa766145694df2a596818,2026-08-25T02:02:28.373157+00:00,site_latency,148.26,False
028800564a45900d1fcfa36c2c624998,2026-08-25T02:02:28.459859+00:00,api_generic,64.53,False
8255f3baf9e3bcd33f303934b8587d6e,2026-08-25T02:02:28.424060+00:00,site_latency,119.01,False
0d3c13b937b5542a52f730f74dfbff81,2026-08-25T02:02:28.513838+00:00,pix,69.98,False
ab2b23aa9d6505e4afbf83bd62aef3e1,2026-08-25T02:02:28.452741+00:00,api_generic,140.16,False
7046aca7d2c69e552571ec4c68e4097c,2026-08-25T02:02:28.331046+00:00,api_generic,276.08,False
bf98f4dc109f3af3d916d03ff91d15db,2026-08-25T02:02:28.429061+00:00,api_generic,179.52,False
c40c13d26cd43b114e73d81e63f59e2b,2026-08-25T02:02:28.435518+00:00,pix,183.23,False
56942bd7c695362a5cf21c177656913c,2026-08-25T02:02:28.457294+00:00,site_latency,166.73,False
99c525e14b5f1b7b4351286629aa9944,2026-08-25T02:02:28.451909+00:00,site_latency,189.55,False
8e7b5700d5c959734dca218e3fe52c0f,2026-08-25T02:02:28.502257+00:00,api_generic,142.79,False
880aae2fbac424ea1d7a6c07293d3a60,2026-08-25T02:02:28.574041+00:00,api_generic,93.14,False
301f3f711feb8eba3fe0aed610d20c7a,2026-08-25T02:02:28.502520+00:00,checkout,182.32,False
375982fdd93266c75accba62ac849f7f,2026-08-25T02:02:28.406189+00:00,site_latency,287.49,False
8b2be0fe6d70837ca36e3fdcbce93c03,2026-08-25T02:02:28.372983+00:00,checkout,324.12,False
304374ff865943458e5dc793990fd4ab,2026-08-25T02:02:28.525624+00:00,checkout,173.12,False
fad02383a2d367941da8f85960204aa8,2026-08-25T02:02:28.571998+00:00,pix,137.43,False
d02a9a8508d82e9a634f7e86eb0301e8,2026-08-25T02:02:28.425942+00:00,checkout,344.73,False
ddd3da999999e0089d4ebe135e5708ee,2026-08-25T02:02:28.704395+00:00,api_generic,70.2,False
59d24ef5e219873736242232a3fcc48b,2026-08-25T02:02:28.688162+00:00,api_generic,96.42,False
176ad7f0cb5c3c80f69a9838a3328e94,2026-08-25T02:02:28.572385+00:00,site_latency,222.93,False
66599939a3ce3b9b1a9d0866209727e1,2026-08-25T02:02:28.617900+00:00,site_latency,204.81,False
e26a14b378aa2c16f2078ccc0388a16d,2026-08-25T02:02:28.627461+00:00,site_latency,223.6,False
729716ecb2d70ab885418cb9e7a41216,2026-08-25T02:02:28.656433+00:00,api_generic,224.83,False
4c7a2e4e301f33843a9c85523912f8cb,2026-08-25T02:02:28.669922+00:00,site_latency,230.06,False
4bef1c3a90fe3b3f1ce89904e9ed5416,2026-08-25T02:02:28.659862+00:00,api_generic,241.46,False
0d84b9d086e4ac49bd4b3a2970b12d2f,2026-08-25T02:02:28.522010+00:00,site_latency,385.89,False
d67d3d05a454747b7b9f5298e4fdf20d,2026-08-25T02:02:28.520133+00:00,site_latency,405.28,False
aeb886713f53b9bc49dc128da7390315,2026-08-25T02:02:28.827833+00:00,api_generic,100.23,False
6e6a92eef8eddaf94f9b1326962b8ff1,2026-08-25T02:02:28.877800+00:00,api_generic,56.28,False
c6e2072f4e23777ee7687f716bd7b52f,2026-08-25T02:02:28.875564+00:00,site_latency,79.15,False
afceebb5cf179d9a94333e8f34ff06e0,2026-08-25T02:02:28.296598+00:00,site_latency,686.01,False
92f54ce72e3d94dd49a48ab89bb4c555,2026-08-25T02:02:28.637807+00:00,checkout,355.41,False
f79d0ae7c2367b7dd624a69afc3162a2,2026-08-25T02:02:28.778388+00:00,site_latency,243.78,False
ba031c55a06b39bb647ef9b8b85e98ac,2026-08-25T02:02:28.888628+00:00,api_generic,133.73,False
a820a179afcff032dc5134c79849406e,2026-08-25T02:02:28.915156+00:00,pix,118.67,False
f0655123a239d9c9d7932131c85334f7,2026-08-25T02:02:28.951711+00:00,site_latency,91.5,False
1de80e69059598cc2d5fac80831cc43a,2026-08-25T02:02:28.941574+00:00,site_latency,115.71,False
53e23eda237a6dc28d56951b0977de2a,2026-08-25T02:02:28.909985+00:00,checkout,151.77,False
f42cfaf054c438af7ef547017f44114e,2026-08-25T02:02:28.929075+00:00,site_latency,132.99,False
284cbf89051964c6efabccd67cde6034,2026-08-25T02:02:28.866283+00:00,checkout,225.4,False
d5d30c03c898179151ba5a180f2b31f3,2026-08-25T02:02:28.806718+00:00,checkout,286.28,False
8197b20e001c35ed21e0819219814580,2026-08-25T02:02:29.023004+00:00,api_generic,80.25,False
981df6c957b8ec120a797c3368b47d02,2026-08-25T02:02:28.906908+00:00,api_generic,196.56,True
717f9c8a7d929734d714d98f2168b112,2026-08-25T02:02:28.771925+00:00,checkout,340.11,False
9ce0af7adbcceb7720105a229276f788,2026-08-25T02:02:29.037361+00:00,site_latency,81.99,False
ff1b3f3f06ae0fdf8f2e8dc654d2f529,2026-08-25T02:02:29.066885+00:00,api_generic,57.23,False
242ac14511f5584faf9a5d27c42f4032,2026-08-25T02:02:28.954675+00:00,pix,175.96,False
04f866fb500bad3c81260defe9dc5938,2026-08-25T02:02:28.904588+00:00,site_latency,236.08,False
723dc433f107c96e7f1f7bf8437f7ecf,2026-08-25T02:02:29.076156+00:00,pix,82.84,False
89c9b514ef814afdcd2895643d91b136,2026-08-25T02:02:28.987639+00:00,checkout,179.36,False
5eba05363b902ed9861432c4c144cb3f,2026-08-25T02:02:29.012800+00:00,site_latency,164.76,False
94d55fdecb9ebc968d92c10c66d2ab69,2026-08-25T02:02:28.917216+00:00,checkout,265.23,False
ce0efb07e83e43fe99741198fee39a04,2026-08-25T02:02:29.077171+00:00,site_latency,111.46,False
c669223d5977bebf6b28506bfab914a8,2026-08-25T02:02:28.695713+00:00,checkout,510.5,False
07c141ef85f3e689f07de1cfe1ccb14d,2026-08-25T02:02:29.157716+00:00,api_generic,50.92,False
65031f1d1afe157e6b122ca84ec9cdc8,2026-08-25T02:02:29.029226+00:00,api_generic,184.22,False
5c865ec62d936de129b3776a2579f635,2026-08-25T02:02:29.184138+00:00,api_generic,52.82,False
7c4990526eebf5a7fcf51483b0413a18,2026-08-25T02:02:29.141954+00:00,site_latency,99.65,False
d443ced1d6c8982e889a1bbd154fa8e5,2026-08-25T02:02:28.990159+00:00,pix,261.0,False
0c7ee10786878730d5a9ab4884fb8bab,2026-08-25T02:02:29.193358+00:00,api_generic,81.68,False
d390141ac74cfad03b25e3e5239fb7b7,2026-08-25T02:02:28.907128+00:00,site_latency,369.81,False
602454a7bce14cec08535a4fa0180330,2026-08-25T02:02:29.046400+00:00,checkout,241.79,False
a6291f4076bcdad5dcc2a56bd5ace3b7,2026-08-25T02:02:29.308752+00:00,api_generic,25.28,False
67edd061ef79cabaa6f84b33c3afc799,2026-08-25T02:02:28.994539+00:00,checkout,344.59,False
d19b096452f22420112819921a891c0c,2026-08-25T02:02:29.242322+00:00,site_latency,104.96,False
6c8a8231fc7f56da4b1b312840206498,2026-08-25T02:02:29.155085+00:00,site_latency,224.17,False
65183b6aa8a984bed20526383d2072fe,2026-08-25T02:02:29.047688+00:00,site_latency,332.03,False
0d454392be4fa3482faddebf520b5ac8,2026-08-25T02:02:29.240289+00:00,site_latency,140.22,False
3d947082b52d9a7663ee35ac84d4de84,2026-08-25T02:02:29.110648+00:00,checkout,270.11,False
f0ff607ffdb2b9ad34df44a0fb795272,2026-08-25T02:02:29.285306+00:00,pix,95.63,False
1e73d6ffb39d0985c6f8ba31773d87b2,2026-08-25T02:02:29.234770+00:00,api_generic,150.88,False
e9ce0e7b232fa4667dc15ded96be8afd,2026-08-25T02:02:29.262684+00:00,api_generic,123.48,False
e340224764d4e8c15608acd6c5dd546c,2026-08-25T02:02:29.274993+00:00,pix,120.45,False
a7420a54ebc129e68812c27322bf79c8,2026-08-25T02:02:29.250870+00:00,api_generic,157.9,False
3f576f67414ca68e0adbc6616923c1a0,2026-08-25T02:02:29.184751+00:00,site_latency,225.08,False
fa4e8c7764b6a235fc868ce9861c7fc8,2026-08-25T02:02:29.316458+00:00,site_latency,98.73,False
eade06cdeb1a20978be8e72c0a679c1d,2026-08-25T02:02:29.396435+00:00,pix,53.15,False
76d66401fd3f9e28f4b7de99e530ea0b,2026-08-25T02:02:29.429990+00:00,api_generic,44.17,False
6d8f1fb5ea00ee3e8922173a88769845,2026-08-25T02:02:29.102757+00:00,checkout,373.41,False
2e145f5409701e6684412df389c1af0c,2026-08-25T02:02:29.348473+00:00,api_generic,127.97,False
56e9f8448faf5429d6be678a6f4934d3,2026-08-25T02:02:29.293041+00:00,pix,184.73,False
43f7ad267355724a64ea405855fcc79c,2026-08-25T02:02:29.395058+00:00,api_generic,104.1,False
5ba2ca84fb468cac258708f938618fa3,2026-08-25T02:02:29.354456+00:00,site_latency,147.78,False
63b971693357cfd0fbc3a47af6971cb4,2026-08-25T02:02:29.317286+00:00,api_generic,189.22,False
896c683ea09c854cf2ed3b2b5190589c,2026-08-25T02:02:29.408394+00:00,api_generic,114.26,False
127070f8d7085938bdd139f9ac5ccab6,2026-08-25T02:02:29.409652+00:00,site_latency,120.92,False
a3819a324733734d07339052e0a5681a,2026-08-25T02:02:29.209698+00:00,checkout,341.15,False
560154db91aa8aca428894e5e0cb486d,2026-08-25T02:02:29.539875+00:00,api_generic,34.38,False
505da34b8737500b81d1eb0fb0d637ab,2026-08-25T02:02:29.470434+00:00,pix,133.48,False
711302603d59fded8bea7231538b98e8,2026-08-25T02:02:29.283943+00:00,checkout,321.76,False
a09a5beed9518dd3b8d6811d12d46f8c,2026-08-25T02:02:29.414075+00:00,site_latency,213.0,False
490c7939daf88162bba70cc6a7752728,2026-08-25T02:02:29.558287+00:00,api_generic,70.27,False
28fe7511ba0ac63f3d560bc8f09f6787,2026-08-25T02:02:29.289641+00:00,checkout,392.57,True
b7baed653e210c12852520bb3f443c3e,2026-08-25T02:02:29.505117+00:00,api_generic,180.26,False
8217666111d00c13123d9b4772409393,2026-08-25T02:02:29.548388+00:00,api_generic,137.89,False
dccb9dcb46b7b94b9e8b9d6c2d035c03,2026-08-25T02:02:29.464266+00:00,site_latency,232.64,False
b40fe47c2af747711f6b3a3b153cae0b,2026-08-25T02:02:29.409794+00:00,site_latency,297.06,False
ffea987aea35139ef3f8378f5b2cfd8d,2026-08-25T02:02:29.607442+00:00,site_latency,101.34,False
bdf893c3b69fafc3bf3d440f955be28f,2026-08-25T02:02:29.592984+00:00,site_latency,118.19,False
be60af16e7c8a1b350c9444d8d2bffa5,2026-08-25T02:02:29.504352+00:00,site_latency,215.41,False
9c945ee8f622110c6202d28426baf05b,2026-08-25T02:02:29.618567+00:00,api_generic,109.71,False
70a07bcaf4b91a8b25b12e2ab32fc25e,2026-08-25T02:02:29.556945+00:00,site_latency,178.52,False
564f1fe813b3404bcaece5aabd4bc28d,2026-08-25T02:02:29.679023+00:00,site_latency,80.14,False
3ed86debd09512568e753abc14cea992,2026-08-25T02:02:29.386750+00:00,site_latency,385.8,False
6756599351909e6a695b392f3274c4b1,2026-08-25T02:02:29.687131+00:00,api_generic,92.41,False
a5aa9bdcb39a0422d5180cc29038030b,2026-08-25T02:02:29.716061+00:00,api_generic,84.25,False
77898e897f6b4c3d7560bf346ee3acae,2026-08-25T02:02:29.644802+00:00,site_latency,160.81,False
a3e1d0251e16ea777e9d15bb5986a8bd,2026-08-25T02:02:29.504748+00:00,checkout,312.4,False
a6e3063c31ae02392288b3a79a8a1b83,2026-08-25T02:02:29.712478+00:00,pix,126.67,False
c9ae8df9623adffd2353d4eb5c3ddd9e,2026-08-25T02:02:29.700330+00:00,site_latency,161.14,False
e0d420bdc8cc3ce168ec2fb422b01b8f,2026-08-25T02:02:29.498901+00:00,site_latency,378.56,False
0d8676b3603314d0441ad0507cf98a88,2026-08-25T02:02:29.610874+00:00,checkout,277.44,False
a86cbb1dff5b970e85304c6a5565d5de,2026-08-25T02:02:29.735427+00:00,pix,178.02,False
c78fc47a6338221148eed3ceb0bbd055,2026-08-25T02:02:29.861427+00:00,api_generic,69.96,False
6bbcf644b57384b0cf9feac8460a02e4,2026-08-25T02:02:29.896798+00:00,api_generic,70.94,False
094b125fd5111d40e6f1d70938fb490c,2026-08-25T02:02:29.721039+00:00,site_latency,247.98,False
b861bd18ed1ed291267c789db0172551,2026-08-25T02:02:29.700225+00:00,checkout,270.17,False
7a04b7133e2fb6a9bf861f3d103e40d7,2026-08-25T02:02:29.738533+00:00,site_latency,233.5,False
ee735412aaca084c8892cbcf1f139d4d,2026-08-25T02:02:29.792726+00:00,api_generic,179.67,False
59576d97843ca8c36577e1ed29cb1f10,2026-08-25T02:02:29.854636+00:00,site_latency,145.18,False
d67dad9cf740fce5d7d6e1233b8e46e5,2026-08-25T02:02:29.791488+00:00,checkout,213.98,False
d69b2f0cb9c42aff5ff67cb680f93f29,2026-08-25T02:02:29.770572+00:00,site_latency,241.19,False
c9786d67fa42f3004ab57ea3863e2231,2026-08-25T02:02:29.901983+00:00,pix,117.46,False
cddddca86bda7c92ab05675ca4b276b3,2026-08-25T02:02:29.960614+00:00,api_generic,63.29,False
5931a942e6b60a3d3527a9371f06627e,2026-08-25T02:02:29.965897+00:00,api_generic,70.4,False
2433d57e3589c9f90c54499c813a20c0,2026-08-25T02:02:29.966575+00:00,api_generic,76.08,False
52d09a7fbf25e9de06a4895475a5c212,2026-08-25T02:02:29.892862+00:00,site_latency,161.32,False
9560b1f6c8d2fd8b6dafcc3040c0ea17,2026-08-25T02:02:29.892257+00:00,site_latency,169.1,False
0ac0f8cc871590cd0aa793a63a8889eb,2026-08-25T02:02:30.002839+00:00,pix,60.08,False
bb058b352a1d40161f88856c3675654e,2026-08-25T02:02:29.880879+00:00,api_generic,226.91,False
30bffd1e85c844315d96c093409bda1e,2026-08-25T02:02:30.077389+00:00,api_generic,43.64,False
301281abd5018ddac94b61d84460e694,2026-08-25T02:02:30.039910+00:00,api_generic,86.28,False
1fd13a3d752d98e911b3ea25224709fc,2026-08-25T02:02:29.780774+00:00,checkout,348.96,False
92eefc2af4df481bc0c2a153cc108ca1,2026-08-25T02:02:30.038452+00:00,site_latency,117.74,False
3304291622ea7e3e98f66e95028debb8,2026-08-25T02:02:30.062869+00:00,pix,100.15,False
f149a0a9a487b247a84baa43d55c5b80,2026-08-25T02:02:30.026314+00:00,site_latency,137.01,False
838b8e3ee63687caafff621a82d1f73e,2026-08-25T02:02:29.869433+00:00,api_generic,295.31,False
1b4343ddd091b4f4d1d267ad1134da72,2026-08-25T02:02:30.057622+00:00,pix,112.03,False
671fe39175119bba75e5653053c56220,2026-08-25T02:02:30.064265+00:00,api_generic,117.01,False
0341220b3a95cca7ca0e26e4b4868661,2026-08-25T02:02:30.114857+00:00,api_generic,69.7,False
0cdb46c2500efee8d24c2cb17f762224,2026-08-25T02:02:30.111060+00:00,pix,76.19,False
e5c31be09c3f607bac5d232783d75281,2026-08-25T02:02:30.002631+00:00,site_latency,208.31,False
32f99be151d790bfa8d12f3ffa1277a6,2026-08-25T02:02:30.056906+00:00,site_latency,155.78,False
f1b5f9c84073941b85bc36e29f7d09b1,2026-08-25T02:02:29.647280+00:00,checkout,585.1,False
e9c4747cd27bcde6183303a2d19e1a6a,2026-08-25T02:02:29.959301+00:00,checkout,275.55,False
0b0902a2bdf64a15f41d2fc6999e6faf,2026-08-25T02:02:30.013969+00:00,site_latency,239.8,False
2744edb3bf0996265b79d407c4559bca,2026-08-25T02:02:30.093700+00:00,site_latency,162.64,False
bfb700c824bc87064414283601e8e263,2026-08-25T02:02:30.122848+00:00,pix,136.8,False
e6426e7177d6dc17af5496cc8e6d8104,2026-08-25T02:02:30.214170+00:00,site_latency,52.59,False
87a4ec4591f9e613f596dc2cc61bf642,2026-08-25T02:02:29.987262+00:00,site_latency,283.4,False
e39f8e34710609d80f99563641879dbd,2026-08-25T02:02:30.173120+00:00,pix,101.39,False
462a2e626920a1eb07fc44d505674108,2026-08-25T02:02:30.100739+00:00,site_latency,190.27,False
dafce0c1b5f22053b388b41fd2481946,2026-08-25T02:02:30.270356+00:00,api_generic,53.18,False
840d968a77e21644a58c6387699d06d7,2026-08-25T02:02:29.503992+00:00,checkout,822.61,False
de5a0a3ef2bcb47f08bf3adfe4fd8c6b,2026-08-25T02:02:30.127524+00:00,checkout,201.21,False
e3c08f33558046c8f670722708275959,2026-08-25T02:02:30.190818+00:00,site_latency,148.35,False
830a71895c36501d345db7c0b3c18413,2026-08-25T02:02:30.129682+00:00,checkout,209.99,False
25035b4491b87b4780a87e1ac4a0da92,2026-08-25T02:02:30.003291+00:00,site_latency,344.9,False
4299aa7b950f103338753ac9048a505e,2026-08-25T02:02:30.279420+00:00,pix,76.28,False
b15b30a117adb73afffb8fe39331ed33,2026-08-25T02:02:30.266501+00:00,api_generic,113.03,False
8a8e00eee2ec28bf249fbaee575c1d56,2026-08-25T02:02:30.165968+00:00,site_latency,229.53,False
9c3ecc26ee8a2c6db3a88db58da44c1b,2026-08-25T02:02:30.292422+00:00,site_latency,105.85,False
c72f7365d4df85c1f7df46601b90c12a,2026-08-25T02:02:29.026142+00:00,site_latency,1372.58,False
fb2572642d61aa1a82a5add43974d1b3,2026-08-25T02:02:30.010318+00:00,checkout,389.55,False
efcf3f96a4856eb773ee0a39600fa12a,2026-08-25T02:02:30.311115+00:00,api_generic,92.6,False
6d604e04f86e8019104c89a170679440,2026-08-25T02:02:30.266730+00:00,api_generic,137.27,False
7649a264db3ac75a71e628643bb7edb6,2026-08-25T02:02:29.955255+00:00,site_latency,467.45,False
684041aea08bf562a9c6dacfb7b2070a,2026-08-25T02:02:30.324881+00:00,api_generic,102.29,False
3965a7843810aab898d52d2a708f7390,2026-08-25T02:02:30.372336+00:00,api_generic,68.43,False
1e04313fa3f9072c869dbe790f8f0306,2026-08-25T02:02:30.117429+00:00,site_latency,324.11,False
997d791a02601ab9eb7c11b1b669813b,2026-08-25T02:02:30.120998+00:00,checkout,353.15,False
9edfdf2689c5cb1d855dbddd6cc99ddf,2026-08-25T02:02:30.398678+00:00,api_generic,78.01,False
152c202aeee780ca77dcb58850f3a44e,2026-08-25T02:02:30.231211+00:00,checkout,247.52,False
a84cef24387543369364b40091533eba,2026-08-25T02:02:30.296598+00:00,checkout,183.25,False
53567945c851cdb806af0d32d1f32db9,2026-08-25T02:02:30.183384+00:00,checkout,304.61,False
c348e0cb623ebfad577935745f914064,2026-08-25T02:02:30.422646+00:00,api_generic,67.9,False
57f90b0e0a0f18c1dc1b45dfbc5cfb43,2026-08-25T02:02:30.430864+00:00,site_latency,88.42,False
38c5a8cf3f99a8fc1685836c2b13804f,2026-08-25T02:02:30.201685+00:00,site_latency,329.88,False
3c4986c392061ce1be52168c37670039,2026-08-25T02:02:30.116822+00:00,checkout,415.27,False
90082ce079cecf6fffef1bdfb5a39614,2026-08-25T02:02:30.345647+00:00,site_latency,196.04,False
980326063a63b46393e708bfda5c462c,2026-08-25T02:02:30.104613+00:00,checkout,441.73,False
5f33804cc4f64a190d0bc7fc58acba22,2026-08-25T02:02:30.318542+00:00,checkout,229.54,False
8a96a5c340850174a7629ca48f7626f4,2026-08-25T02:02:30.449499+00:00,site_latency,132.47,False
d37f0288745edd75dc47c5db9c4d9be1,2026-08-25T02:02:30.465618+00:00,site_latency,116.66,False
620235d96b5780745c8e0c34907f7ee5,2026-08-25T02:02:30.175081+00:00,site_latency,419.78,False
18dd5ffc3040e1ea6cda38443e4965de,2026-08-25T02:02:30.432031+00:00,checkout,164.92,False
1b31d80b37f5102fb915414b2f435633,2026-08-25T02:02:30.481643+00:00,api_generic,125.36,False
b25a31e91f98ca867d4df7c40e6f420b,2026-08-25T02:02:30.492315+00:00,pix,120.16,False
f9967e2437a215b0771abd79c8e5f01e,2026-08-25T02:02:30.467829+00:00,site_latency,148.71,False
91ce203b3a6d94351ed993439e603c45,2026-08-25T02:02:30.484793+00:00,checkout,144.91,False
00f52a70798ee625ee64efce9078b9d5,2026-08-25T02:02:30.311913+00:00,checkout,319.11,False
70954b64abe1ed350564e15d5a01ca0a,2026-08-25T02:02:30.567956+00:00,api_generic,79.15,False
a1c28f67c88f29848dc0fbb64fde50e7,2026-08-25T02:02:30.601698+00:00,api_generic,52.32,False
e3205d4f7ede96d142aa4d9e4b05f4b1,2026-08-25T02:02:30.499136+00:00,checkout,157.41,False
9a67ea038503ad7abb0216d044d0ac2b,2026-08-25T02:02:30.562247+00:00,api_generic,108.7,False
7dd37fd9d6fabb5d408dcaa7c26e7639,2026-08-25T02:02:30.612400+00:00,api_generic,60.28,False
4cf1f0fde76274569b15671b3c62edd4,2026-08-25T02:02:30.579203+00:00,pix,108.94,False
5b840322ef335cb222225dc627c6e08e,2026-08-25T02:02:30.394756+00:00,api_generic,300.93,False
07a6baeffa3a1f91992e8e5cc7409be8,2026-08-25T02:02:30.534610+00:00,checkout,179.12,False
f1a57b76ea42baecef80a18fb66d9221,2026-08-25T02:02:30.573696+00:00,site_latency,156.79,False
d924ce8eddca841e44987ad70fafa85b,2026-08-25T02:02:30.600735+00:00,pix,144.11,False
bbd64fa50aa1a8b6c3d1821625426d9d,2026-08-25T02:02:30.293797+00:00,site_latency,457.04,False
a2b10168fdb1ff7da6ab017c860de570,2026-08-25T02:02:30.682933+00:00,api_generic,71.18,False
c2beb0cf1b7e0173c47bb54ef2155a71,2026-08-25T02:02:30.503991+00:00,checkout,251.53,False
e87b2688f2185e22895bb78f63b81d38,2026-08-25T02:02:30.622919+00:00,api_generic,151.92,False
241a3ca53e4da8b0d65230a18e82f102,2026-08-25T02:02:30.662240+00:00,site_latency,115.37,False
658f1f12dd40cc1769455f09f6a4a98d,2026-08-25T02:02:30.633547+00:00,api_generic,169.37,False
2670b31119bbe289822cea380649b1a6,2026-08-25T02:02:30.699122+00:00,api_generic,105.02,False
9d3f4419e571d580c97d9f8e21c70bc9,2026-08-25T02:02:29.903950+00:00,checkout,900.42,False
0120c5926d676c8ba836b37a540bc329,2026-08-25T02:02:30.401166+00:00,checkout,413.2,False
05b4edf48563e0e4fbdbae3c364a4a40,2026-08-25T02:02:30.776058+00:00,api_generic,48.87,False
14534f96492e680cb026dd16e5c56681,2026-08-25T02:02:30.793068+00:00,api_generic,54.54,False
7e4bcfa79f270b3e0560431813a32959,2026-08-25T02:02:30.701615+00:00,site_latency,159.16,False
f9cc399a87d18639e1961f3b6bb3b03c,2026-08-25T02:02:30.735518+00:00,site_latency,141.51,False
275cb1255250a8b63841bb82537fa3f7,2026-08-25T02:02:30.638050+00:00,checkout,248.12,False
0757999f9e40b1fe7c3a95a1e060ab4f,2026-08-25T02:02:30.747376+00:00,api_generic,150.8,False
fd0108a506365cd2b7815c1f7c705f4b,2026-08-25T02:02:30.715627+00:00,site_latency,197.08,False
349cf311e90e0352506f0a11891deea3,2026-08-25T02:02:30.394943+00:00,checkout,539.41,False
95f976d103ec063366270f73a26da540,2026-08-25T02:02:30.854102+00:00,api_generic,81.7,False
8822352aa082c4a0ddc02b6250a320f4,2026-08-25T02:02:30.804105+00:00,pix,145.96,False
dd01b7fd55c33191a2e727d187e417c9,2026-08-25T02:02:30.643527+00:00,checkout,307.98,False
a7cbfe6ecf9258a2afe412dbdb13ae49,2026-08-25T02:02:30.842249+00:00,pix,111.87,False
fcc4ef1e45d3a860c6d41e096c2b0d68,2026-08-25T02:02:30.431420+00:00,checkout,526.03,False
7e9e245388ca79e2a71c062ec42216cb,2026-08-25T02:02:30.867244+00:00,site_latency,91.55,False
a0c348480f2ee8cbed946b66238be0ff,2026-08-25T02:02:30.693171+00:00,checkout,294.26,False
f842aa2b59fbc1af11b53209a0b18ca0,2026-08-25T02:02:30.805599+00:00,checkout,189.66,False
da1a52b6c8b61240a9759cda0a8196f8,2026-08-25T02:02:30.753629+00:00,checkout,248.28,False
dde4518c295c1bcf29f8c43d6a352bf3,2026-08-25T02:02:30.841057+00:00,checkout,169.83,False
b17c585e65135a7cd7204388306ead44,2026-08-25T02:02:30.852746+00:00,api_generic,158.58,False
024e5f57089522060e107ca0830609b5,2026-08-25T02:02:30.895356+00:00,api_generic,137.19,False
c7b5ccedfc93c2b2f0dc4b3f400f0f09,2026-08-25T02:02:30.617786+00:00,checkout,419.37,False
81adfa60ad4c15116d25f7d2c797cada,2026-08-25T02:02:30.895887+00:00,site_latency,144.38,False
5880a42879bd8c98720393db528c8412,2026-08-25T02:02:30.914822+00:00,api_generic,125.77,False
70e139e0ce7fc9570044f2cef995d9f6,2026-08-25T02:02:30.971722+00:00,site_latency,111.16,False
7f1d9efd8a82690840eadd12927d0b96,2026-08-25T02:02:31.026828+00:00,api_generic,66.19,False
37094a573d3cd3b5f89a2788b25a463a,2026-08-25T02:02:30.888591+00:00,site_latency,228.47,False
2040b8d63f72bb7cafd4462ea0cef836,2026-08-25T02:02:30.952802+00:00,pix,179.55,False
c6b420b3dd6183dd6476e0769e9e74a3,2026-08-25T02:02:31.034187+00:00,api_generic,99.61,False
75f2b3da985f109d548a873e43d52c1c,2026-08-25T02:02:30.953771+00:00,site_latency,188.5,False
ca282d7d15ff972b997595de54212612,2026-08-25T02:02:31.051855+00:00,api_generic,96.19,False
40ad5375b59a55c504308c9a83dae725,2026-08-25T02:02:30.187217+00:00,site_latency,967.3,True
716aabd84b444063addc9f04767404ab,2026-08-25T02:02:31.052449+00:00,api_generic,102.38,False
77844a79cee3b55891b8c7b455f74b35,2026-08-25T02:02:30.954542+00:00,site_latency,234.1,False
9230eeefcdfbc86e5dd4d3125e808646,2026-08-25T02:02:31.029906+00:00,api_generic,165.8,False
bffa86ecbcf004beb40b09c00fbfd945,2026-08-25T02:02:31.070005+00:00,api_generic,125.98,False
a9385e1923f00b48f5c735e111cdb3b1,2026-08-25T02:02:31.070824+00:00,site_latency,151.91,False
e752bb38c2999b21c00e6e2abd275df5,2026-08-25T02:02:31.206443+00:00,api_generic,29.26,False
24c9ed8e46b4a779451fa5d8389901c4,2026-08-25T02:02:31.149680+00:00,api_generic,96.27,False
ebe24c74355aa474b0e70d839818f2ea,2026-08-25T02:02:31.163111+00:00,api_generic,83.4,False
6813b5c2372e4c7f63c93aba00d8a3e0,2026-08-25T02:02:30.746371+00:00,checkout,514.06,False
efe6c37316db0f7e52edfb1bb9f26bfb,2026-08-25T02:02:31.281536+00:00,api_generic,36.72,False
27d6c002ab7a029eb838b96dd2df6fbe,2026-08-25T02:02:31.262158+00:00,api_generic,59.17,False
a1f38b268a0407be89ec59d1f75fba26,2026-08-25T02:02:31.277179+00:00,api_generic,62.0,False
e65aaaa64d4868c8f42dc4bed33038a3,2026-08-25T02:02:31.038745+00:00,site_latency,302.0,False
77b922834f3ffac3cc3a276e778e6c86,2026-08-25T02:02:30.730902+00:00,checkout,618.41,False
8ff6c30a5f8f9d91c452587c82eaac92,2026-08-25T02:02:31.264743+00:00,api_generic,91.06,False
0ca2b53c01d19d05144a8dad3ab33817,2026-08-25T02:02:31.135108+00:00,checkout,236.54,False
bbca14eeb49bcf949037bf7270834541,2026-08-25T02:02:30.967260+00:00,checkout,409.49,False
18a2ff17b78880732986ddb72042df81,2026-08-25T02:02:31.259062+00:00,site_latency,127.75,False
98168c36a4825edefda70e44289a0ff1,2026-08-25T02:02:31.030178+00:00,site_latency,370.99,False
717c76aca8f870e9b4c03382fd91a646,2026-08-25T02:02:30.961666+00:00,site_latency,471.85,False
b3943eb99801a21e9358d67a0d98baaa,2026-08-25T02:02:31.319683+00:00,site_latency,119.14,False
ef744103d3d61972f61d0a733dec16c4,2026-08-25T02:02:31.205831+00:00,site_latency,250.92,False
22293ad0bb1b750da3a3258033081f56,2026-08-25T02:02:31.260393+00:00,site_latency,207.7,False
662f5318d7947cf8b231e6520d84ad24,2026-08-25T02:02:31.254579+00:00,checkout,214.36,False
d0756f69daf101fef32b09cc1a940678,2026-08-25T02:02:31.353036+00:00,api_generic,125.93,False
ba2bd4c3d833542368ad8bfabcc6a99b,2026-08-25T02:02:31.384876+00:00,site_latency,147.44,False
85d96d8ac229811d26e1f5eda2e3ac1f,2026-08-25T02:02:31.471635+00:00,api_generic,67.8,False
a22d4575c64e6097467d3f8e8d3ffaea,2026-08-25T02:02:31.484800+00:00,api_generic,60.19,False
c1ed2b4dd21b5775a78d3a80ccf7d73f,2026-08-25T02:02:31.483641+00:00,api_generic,71.84,False
590ad51fb475ca7244ecc211db3dcd1a,2026-08-25T02:02:31.501913+00:00,api_generic,61.89,False
49eeeee545fc307b12d4376823c50534,2026-08-25T02:02:30.629308+00:00,checkout,947.21,False
5388f94705e13c7f0aed4b29de8b96c9,2026-08-25T02:02:31.330095+00:00,checkout,257.59,False
181d984542e6dd9aee986bcbc5c9ac8b,2026-08-25T02:02:31.468903+00:00,api_generic,127.65,False
20e8e713278d716d511ca3e40ca693ba,2026-08-25T02:02:31.471764+00:00,api_generic,137.39,False
55fea805eb9dfa363a0b3a1f9bd0972b,2026-08-25T02:02:31.206561+00:00,api_generic,402.89,False
c25db42620e664d617011d9af07d472f,2026-08-25T02:02:31.573661+00:00,api_generic,51.01,False
f15f879879912d5dba79196ce5b96a7d,2026-08-25T02:02:31.573259+00:00,site_latency,62.51,False
66afc997725ac66628d27a7811886992,2026-08-25T02:02:31.341105+00:00,checkout,296.91,False
f100736e558b6a268e2b6b14c96844b6,2026-08-25T02:02:31.559011+00:00,site_latency,83.99,False
489e1c14ec578d1486819148ce022a31,2026-08-25T02:02:31.078462+00:00,checkout,566.8,False
69bf9f2b6158b7980f45b433bae768cc,2026-08-25T02:02:31.540006+00:00,site_latency,110.64,False
b52e12befbd851154651b09686c17937,2026-08-25T02:02:31.572885+00:00,api_generic,87.03,False
a8c9aba4ba9da62f8e2c521433d2fd82,2026-08-25T02:02:31.209525+00:00,checkout,454.17,False
76480670db6261a27b9b3baada9e98d5,2026-08-25T02:02:31.485258+00:00,pix,184.88,False
f630fab67766200165aa2be0887b49a7,2026-08-25T02:02:31.321078+00:00,checkout,374.52,False
6ec5f9aed3b21938c391008f49a2f6e0,2026-08-25T02:02:31.611417+00:00,pix,87.53,False
d1249abb18e36b75bf71243354177376,2026-08-25T02:02:31.376423+00:00,site_latency,334.96,False
09845b7b38213771c6374f3dc1c92cca,2026-08-25T02:02:31.617427+00:00,site_latency,112.15,False
b74c885d7b962d5eb86c5d5c7136b225,2026-08-25T02:02:31.612683+00:00,checkout,189.65,False
b7e84eb9e43fb00411e7e311515f10b7,2026-08-25T02:02:31.759418+00:00,api_generic,58.13,False
b6b88fdd349dc0107a696008de716208,2026-08-25T02:02:31.415414+00:00,checkout,402.93,False
b71f6190ec3b2c65ac096f5c63262e27,2026-08-25T02:02:31.632132+00:00,site_latency,210.64,False
3da9747921a419057acb349f6a002e8b,2026-08-25T02:02:31.589010+00:00,site_latency,255.37,False
380384337d2e83d3322cce68b21fa7d0,2026-08-25T02:02:31.687249+00:00,api_generic,165.61,False
7e0dd92f62883b86e6c0862a45695de4,2026-08-25T02:02:31.786536+00:00,site_latency,89.66,False
7780c460cc9b8e80f121b2385b312ed7,2026-08-25T02:02:31.649104+00:00,site_latency,227.38,False
23cfae33a84e3ba9351710a1679fc171,2026-08-25T02:02:31.822598+00:00,api_generic,54.39,False
2ebabfd7c9f3e56d1b31bf3aebbae35a,2026-08-25T02:02:31.496463+00:00,checkout,397.03,False
def2c28c3060ddec1f857ccd06497a04,2026-08-25T02:02:31.833360+00:00,site_latency,67.71,False
c7030e518c4716dcc9e82eaa8dcfd433,2026-08-25T02:02:31.753140+00:00,api_generic,152.99,False
dfbb7b5973ef23a3bb147bca25fc554a,2026-08-25T02:02:31.890877+00:00,api_generic,42.46,False
5b16d2817ddceea8f2c691b1b98b14fb,2026-08-25T02:02:31.542289+00:00,checkout,397.66,False
466ceb78ab3221d71a225acd93e310b4,2026-08-25T02:02:31.731426+00:00,api_generic,209.12,False
4c91eb9018cc7067940393732ae1909c,2026-08-25T02:02:31.903239+00:00,api_generic,42.1,False
157f720034ae8b5604fbb6184df843d6,2026-08-25T02:02:31.665408+00:00,checkout,280.21,False
20de64816077328fd930c44cbf12c19b,2026-08-25T02:02:31.849760+00:00,pix,96.16,False
552cfc7ea34a4d4171506e31fafd6740,2026-08-25T02:02:31.826546+00:00,api_generic,123.87,True
9c16d83f97e50e466e22e14853c92b08,2026-08-25T02:02:31.909816+00:00,api_generic,57.97,False
027a86b06b1b0dd4cb4200f16a0ae61c,2026-08-25T02:02:31.693515+00:00,site_latency,309.19,False
4abcf51b853ca7aad64f7a4bd1528101,2026-08-25T02:02:31.900877+00:00,site_latency,108.56,False
ef10024d2dd12bd22892d4c35dbea933,2026-08-25T02:02:31.910085+00:00,api_generic,103.48,False
60a6fcbf9b8ea76d87c304a503ee41d6,2026-08-25T02:02:31.903487+00:00,api_generic,120.85,False
dfbab3a855f4cf4fa08baf132de6eaed,2026-08-25T02:02:31.547116+00:00,checkout,512.1,False
c583e4d6c84c0dbb84831b21b1fd8259,2026-08-25T02:02:32.010784+00:00,api_generic,57.92,False
3e1f0bbd79e25d3d78c7e417e34b70aa,2026-08-25T02:02:31.729195+00:00,site_latency,343.61,False
4af6f457882c021d2eff63754d003a95,2026-08-25T02:02:31.902082+00:00,site_latency,199.36,False
8fbfbb115a4c4a9034bacd18dfe386be,2026-08-25T02:02:31.996346+00:00,pix,109.1,False
1237d874ad11713d22b30ec0f2285850,2026-08-25T02:02:32.013497+00:00,api_generic,117.74,False
9f2ee85050abe535256b2d2f5de0b7cc,2026-08-25T02:02:32.084584+00:00,api_generic,50.02,False
9f28408af293e51944c030f957f505f3,2026-08-25T02:02:31.639359+00:00,checkout,507.23,False
1604c951cd36d805a16e320b5ff5b0a5,2026-08-25T02:02:31.954114+00:00,site_latency,192.86,False
892254ba242cb97612dbe99265edb48a,2026-08-25T02:02:31.920563+00:00,api_generic,242.55,False
3c5fb4e5d8e239d13c8ad34f1003196a,2026-08-25T02:02:32.085598+00:00,api_generic,81.7,False
9ce6f8631b93cfaeabc92deb42412e6f,2026-08-25T02:02:32.132708+00:00,api_generic,46.5,False
ea15eb16465edf082812ca93a9c1556a,2026-08-25T02:02:32.113502+00:00,site_latency,67.64,False
7a7d3dadd484c29d121ad8e36e99830f,2026-08-25T02:02:31.903949+00:00,site_latency,277.55,False
0448baa6a8e2488c6f1049d0a0a7af73,2026-08-25T02:02:32.035751+00:00,api_generic,154.39,False
97d4fba8c46f14212018da5aa469c4e3,2026-08-25T02:02:32.088325+00:00,pix,108.11,False
370e32b0819932a8f7729d09b4bb16fa,2026-08-25T02:02:32.080779+00:00,pix,123.94,False
d8fded6fea37fd009698617bba4799c2,2026-08-25T02:02:31.845990+00:00,site_latency,360.69,False
a45218d2a575a35b39198fa1b9ffcf03,2026-08-25T02:02:32.086194+00:00,pix,125.71,False
c2905b6213956770d672db3f4847ffe9,2026-08-25T02:02:31.949642+00:00,site_latency,286.34,False
5ba6ea6367b214f97a2cea6bb2077678,2026-08-25T02:02:31.852209+00:00,checkout,389.55,False
f3c9c5676f080209de62baad997746d6,2026-08-25T02:02:31.736732+00:00,checkout,509.65,False
6b4e93801c95564cdddedf80a32bdb25,2026-08-25T02:02:32.165038+00:00,site_latency,88.32,False
c73e6a6b5515a9f93ea3219c55378551,2026-08-25T02:02:32.194986+00:00,api_generic,62.3,False
89f6acb364fd9c9b841a58e1199aa0ca,2026-08-25T02:02:32.094476+00:00,api_generic,164.42,False
bf29dd8588ebe8439efdf6e92b1aa1a7,2026-08-25T02:02:32.174150+00:00,api_generic,113.8,False
07ca652c89f77fd040ca985f59676b08,2026-08-25T02:02:32.237546+00:00,api_generic,53.4,False
0579e3dd197f95f027ed583481f72112,2026-08-25T02:02:32.083849+00:00,pix,209.82,False
45d7fd34bab1ff6fa7d38895cf4b2e5d,2026-08-25T02:02:31.807626+00:00,checkout,530.68,False
b1de75804e5e00f50c3266521167e3fd,2026-08-25T02:02:32.183893+00:00,site_latency,164.56,False
db4ebb3778d9eba98a5dd7b9bc5f7eef,2026-08-25T02:02:32.251928+00:00,site_latency,96.81,False
9684b3f18e3e7213e4a386af7770a1fe,2026-08-25T02:02:32.220735+00:00,site_latency,130.84,False
de1adaf97155dc6bce5ba2f682d4f735,2026-08-25T02:02:32.215695+00:00,site_latency,140.2,False
559d44107b928146993caa9b2c80aaf2,2026-08-25T02:02:32.232646+00:00,site_latency,133.81,False
4362e4988f00682e51b4a0f5ead85cd7,2026-08-25T02:02:32.214336+00:00,api_generic,164.75,False
851ce4aa62cfb1c5e3ae61124dcf35d0,2026-08-25T02:02:32.268329+00:00,pix,118.17,False
f84a18c0e20e00be6f9832d07621acae,2026-08-25T02:02:32.357080+00:00,api_generic,51.33,False
2fbfc0638fb9b63fbefc627e38f40e81,2026-08-25T02:02:32.129229+00:00,site_latency,285.03,False
14ab1099d0ce14963e23babdab1caa11,2026-08-25T02:02:32.103248+00:00,checkout,317.54,False
f80ae7bbe45eddfb05d8229abadcbf4e,2026-08-25T02:02:32.290449+00:00,pix,135.95,False
7aa974bdf91c5c5af8e41ac2c0d6813d,2026-08-25T02:02:32.270783+00:00,site_latency,190.56,False
ae8f378bc4a19cb1aa09c5b7cfcde1e2,2026-08-25T02:02:32.376389+00:00,api_generic,96.79,False
4b7fe27b351dcf2a1390d4cdd9e83835,2026-08-25T02:02:32.087322+00:00,checkout,388.71,False
39209d3202b9a9d0353177e60066662c,2026-08-25T02:02:32.393177+00:00,api_generic,90.15,False
ce320d9702209901e79414482911be17,2026-08-25T02:02:32.354668+00:00,pix,137.28,False
63b2d92b5d7a8e010caf454b47800a4a,2026-08-25T02:02:32.375479+00:00,pix,127.62,False
d044cbec9f229fe49493210f26c379d5,2026-08-25T02:02:32.197795+00:00,checkout,317.48,False
7da8ed0fef30024cf36a46760fc9ac28,2026-08-25T02:02:32.352230+00:00,pix,172.26,False
89e1d46b9d18b5c356ce49c93a1b21ff,2026-08-25T02:02:32.467982+00:00,pix,75.32,False
bb31cc9fd31a358bd267cfe7e6a8276c,2026-08-25T02:02:32.404829+00:00,checkout,156.92,False
805cf7b04bc7e6e0d096af5524935b08,2026-08-25T02:02:32.516689+00:00,api_generic,60.0,False
6dd2cd80fd58ce2d0a8262313a6ab82e,2026-08-25T02:02:32.442995+00:00,api_generic,156.55,False
0de5f8a43df23ec232a9ef1df484b87b,2026-08-25T02:02:32.532359+00:00,api_generic,67.58,False
34255c578444262294346738dda359d2,2026-08-25T02:02:32.500068+00:00,pix,102.99,False
a887b513540af0afebf6b46e699f073a,2026-08-25T02:02:32.480319+00:00,site_latency,126.99,False
9995d6555fdc4ead47d1107a4709dd05,2026-08-25T02:02:32.569530+00:00,api_generic,62.59,False
af3003b935dccc7a3207312c98e46f1d,2026-08-25T02:02:32.469329+00:00,api_generic,171.26,False
57d24995c0d9cabcd2c594960fe26f71,2026-08-25T02:02:32.593401+00:00,api_generic,55.27,False
2ff3e5ef6cc9d7da9a832528c8a1906c,2026-08-25T02:02:32.397159+00:00,checkout,303.94,False
770a66a1658da62f27ef76dd726fe667,2026-08-25T02:02:32.625078+00:00,pix,95.32,False
f590ec4e3a4286508ac761b74a07e55d,2026-08-25T02:02:32.475999+00:00,site_latency,251.8,False
357126a384758b03670d9a4b7fde102f,2026-08-25T02:02:32.677742+00:00,api_generic,53.34,False
3894a39a996d761244e8ab90214b2e5a,2026-08-25T02:02:32.723565+00:00,api_generic,22.39,False
ab7ebde8925ef1a0b4f08474257c4456,2026-08-25T02:02:32.658346+00:00,site_latency,89.22,False
d4f730cfe2cec5f252d6db257e495774,2026-08-25T02:02:32.637968+00:00,pix,120.18,False
866c4223062fc74fc1fb4e22c0a91d41,2026-08-25T02:02:32.708373+00:00,api_generic,51.47,False
16e9b9103f5c5fa68e385cfdcaa34444,2026-08-25T02:02:32.611336+00:00,pix,151.78,False
b113014d6e0ea4f054037e2db3978204,2026-08-25T02:02:32.722719+00:00,checkout,54.91,False
c08380968657a94b66133ad18e53a1fc,2026-08-25T02:02:32.678903+00:00,site_latency,99.26,False
dce3b3cfd4094d1ca499f64c62233d52,2026-08-25T02:02:32.441198+00:00,checkout,351.9,False
3d2388a47dfb102471592c3cf94cbbf5,2026-08-25T02:02:32.633164+00:00,site_latency,162.95,False
43bc70de7902891c961e48d9926a5fc2,2026-08-25T02:02:32.222125+00:00,checkout,592.44,False
8db3d5aa00dbaf5b660ba2591427dfe3,2026-08-25T02:02:32.661115+00:00,site_latency,160.96,False
4f7dde79af1f59f3c3e780c3de7959f4,2026-08-25T02:02:32.781305+00:00,pix,106.95,False
62505573b5494ac8b24700b8b5092bbe,2026-08-25T02:02:32.729326+00:00,checkout,183.69,False
e568b3649385bcdc1c568f86a52fdd6a,2026-08-25T02:02:32.833391+00:00,site_latency,95.67,False
45266f40f88aa591e10c17f43a77dbf1,2026-08-25T02:02:32.846307+00:00,pix,87.94,False
42c38415ad4612cb3c34cb8a9811361c,2026-08-25T02:02:32.783451+00:00,site_latency,162.97,False
95b683e191c18d24d3e84f2feb08f642,2026-08-25T02:02:32.842804+00:00,api_generic,117.54,False
2528255bbb154bd5da217e99ffbfd668,2026-08-25T02:02:32.794602+00:00,pix,179.41,False
0dd2a410eb9c3d56569ce93faf319e53,2026-08-25T02:02:32.938225+00:00,api_generic,48.64,False
a00d9770548b93e0cbaf8145f59198f0,2026-08-25T02:02:32.772703+00:00,checkout,218.87,False
aad9969ce11af020dc6c8e74e42668ac,2026-08-25T02:02:32.863971+00:00,pix,131.85,False
326a2a243920a45472179672913478c6,2026-08-25T02:02:32.879449+00:00,site_latency,125.22,False
4504441774fd19fcea43fa139878d0cb,2026-08-25T02:02:32.907281+00:00,api_generic,108.41,False
e86d9c990b481ea81f05c493b28c5109,2026-08-25T02:02:32.964953+00:00,site_latency,57.12,False
e225ea1989dcd985a4be052e6a6f5755,2026-08-25T02:02:32.951145+00:00,api_generic,84.32,False
4ea27009d587492fe70bca47b2e6d776,2026-08-25T02:02:32.769363+00:00,checkout,269.41,False
e4f83a740fcab86d0e732a6484c99fe9,2026-08-25T02:02:32.837543+00:00,checkout,202.88,False
69888928708fb622578d9d09e03f46dd,2026-08-25T02:02:32.873934+00:00,api_generic,167.83,False
98a370adbf59ed6143e7f881b163245b,2026-08-25T02:02:32.735753+00:00,site_latency,307.71,False
6d1ca697d63573ae3d8f35d630c0e716,2026-08-25T02:02:32.926727+00:00,site_latency,120.01,False
431f54c395323b4362f71ad73ab00710,2026-08-25T02:02:32.997972+00:00,api_generic,67.05,False
17018aaec147a62900770cdadc6484b6,2026-08-25T02:02:32.927110+00:00,site_latency,145.18,False
8bbb244a03ab68f894126f655f48627f,2026-08-25T02:02:32.834247+00:00,checkout,239.5,False
11c2c303bcec79dd7ce19fd22d9e31eb,2026-08-25T02:02:32.926980+00:00,pix,154.01,False
cfea89316af447ed292b8269b721e9b4,2026-08-25T02:02:33.045297+00:00,api_generic,35.92,False
e88cf5cb94441db3f6fa558c41917a07,2026-08-25T02:02:32.836164+00:00,site_latency,247.97,False
7474d5aa36b5de93a87b301fd22d4929,2026-08-25T02:02:32.937499+00:00,checkout,153.0,False
616d62581bbf2ace31c61afae050eab7,2026-08-25T02:02:33.041704+00:00,api_generic,53.2,False
7141dd6cb953a3c3f6e56acbae0a7421,2026-08-25T02:02:32.978953+00:00,pix,121.24,False
7558f09eda189a0fc53ef376b4319494,2026-08-25T02:02:32.966596+00:00,pix,190.11,False
0e7323c94181c5061a738317f6f467e5,2026-08-25T02:02:32.938012+00:00,api_generic,233.44,False
097eb3045d4f0521c85b42776742148e,2026-08-25T02:02:32.923104+00:00,checkout,255.6,False
657637ec4d14af41a8b69db52bb4addb,2026-08-25T02:02:33.091611+00:00,api_generic,117.87,False
056222df3d2e77b44fea63742b8df897,2026-08-25T02:02:32.945238+00:00,checkout,269.1,False
d0c65e278a839e1233b341c689416ab7,2026-08-25T02:02:33.102502+00:00,site_latency,178.01,False
9ff83a7025b7bee91708305e9cd46502,2026-08-25T02:02:32.875360+00:00,checkout,432.7,False
fdee11f434727f0be6f505cb6a0dcfa5,2026-08-25T02:02:32.752419+00:00,checkout,579.32,True
46351f469a0cb075db84f00a0ff9b947,2026-08-25T02:02:32.865918+00:00,site_latency,474.12,False
36dbd062a6a9ab161287aa61628f955f,2026-08-25T02:02:33.224272+00:00,site_latency,125.18,False
3886954b3dcad41c156083750b7f516e,2026-08-25T02:02:33.111834+00:00,site_latency,258.75,False
c9744c047e529eed2558bb3b7a044731,2026-08-25T02:02:33.333449+00:00,api_generic,53.3,False
f661badf65956fc4482a71e32c7b3ee4,2026-08-25T02:02:33.278761+00:00,checkout,108.6,False
64776e6588589e11e9ede14df7be2bc6,2026-08-25T02:02:33.310653+00:00,site_latency,82.6,False
f36e8c92f52fe992e8acda55bbf4d3e7,2026-08-25T02:02:33.090446+00:00,site_latency,316.13,False
50bec101dfff5aa3df26e524d0bb9eaf,2026-08-25T02:02:33.284827+00:00,site_latency,159.16,False
6a758f02db596751d8a7019b2a52b078,2026-08-25T02:02:33.180399+00:00,checkout,286.47,False
fb921a31094c700fc8faafe137d84157,2026-08-25T02:02:33.336043+00:00,api_generic,139.59,False
0524157aeb5c94cfbc1bcb7aa983ccb7,2026-08-25T02:02:33.278309+00:00,pix,230.42,False
05f21e219354f59b0f257d61dc158dfa,2026-08-25T02:02:33.225241+00:00,checkout,297.94,False
e8ab1f49c79c66e027aa8723c7eb9acd,2026-08-25T02:02:33.200076+00:00,checkout,348.29,False
b9899add6102f776e49031dd552acf90,2026-08-25T02:02:33.317552+00:00,checkout,231.21,False
46761bf0804537ca86df9f739e53b636,2026-08-25T02:02:32.783792+00:00,checkout,768.9,False
8436e7a24741d72f76e0a8db44be4692,2026-08-25T02:02:33.409309+00:00,site_latency,145.68,False
1fbd19328872daa9971191f157c2619b,2026-08-25T02:02:33.506485+00:00,api_generic,82.61,False
ba4235d8294567948386c3da70f9707f,2026-08-25T02:02:33.528158+00:00,api_generic,73.78,False
d658ba6bfb96efb0cfe7edaff1545821,2026-08-25T02:02:33.341714+00:00,site_latency,272.04,False
27b795103fff8aa2854c3dc9f12b8d16,2026-08-25T02:02:33.414016+00:00,site_latency,205.16,False
d7666355e0f9dbdff935e6be7f8ff423,2026-08-25T02:02:33.006025+00:00,checkout,614.55,False
26b05d558162e3b5cbe4cff6f9beb50d,2026-08-25T02:02:32.972779+00:00,checkout,688.97,True
d318e5f78acdf75c2c51b2ead9be10d2,2026-08-25T02:02:33.472269+00:00,api_generic,190.76,False
c91f661aa7d4c383ca612daa1a7923a7,2026-08-25T02:02:33.140887+00:00,checkout,523.76,False
1bd3dfaa9716df61933daf3d2d5d33a9,2026-08-25T02:02:33.558712+00:00,site_latency,111.46,False
bc38d2ccd80f872fd420a45014f6ec6d,2026-08-25T02:02:33.533903+00:00,api_generic,140.76,False
b3edcf56780f6cccecdcd1c5f4c150c5,2026-08-25T02:02:33.461999+00:00,pix,213.33,False
a219858325ce990aa85dfc56be34b7b3,2026-08-25T02:02:33.584824+00:00,pix,107.77,False
2302d4e875792d39f0f310f9d687cb26,2026-08-25T02:02:33.635662+00:00,pix,83.55,False
d072d56984555373ef993d524898a445,2026-08-25T02:02:33.622018+00:00,api_generic,99.53,False
fbf67d808b78eca292c5f65e18fb04d0,2026-08-25T02:02:33.304111+00:00,site_latency,419.82,False
95f9cfc4da2c35a75f08c1a9fd2110b3,2026-08-25T02:02:33.620537+00:00,site_latency,128.14,False
146caaf2d3e5880e81352dd29514800c,2026-08-25T02:02:33.346639+00:00,checkout,413.26,False
3ceb8f13761fa4a5c913e640f679ffbf,2026-08-25T02:02:33.291715+00:00,site_latency,511.52,False
f9e5b50fd25e3ef4965e3e5d871bb42f,2026-08-25T02:02:33.729576+00:00,pix,73.85,False
1792a737e203b0c30b58a64115cc8144,2026-08-25T02:02:33.586568+00:00,pix,220.01,False
fae9d58b16d725304026c9db0e56231e,2026-08-25T02:02:33.632917+00:00,api_generic,193.67,False
d6daf5efa4d7e51c59210a1bc53b8129,2026-08-25T02:02:33.642317+00:00,checkout,204.45,False
d1059ebb58501cd17d789aeac4be2c1f,2026-08-25T02:02:33.658665+00:00,site_latency,190.05,False
b757588f4522ea257f68652b9b408852,2026-08-25T02:02:33.823166+00:00,api_generic,26.31,False
7bb0985fc6c12866753f48769668b23a,2026-08-25T02:02:33.782977+00:00,pix,67.64,False
503061e3934eb408c5045a034df484cd,2026-08-25T02:02:33.745742+00:00,api_generic,134.97,False
e53292ca016775c32e357d5f73164b40,2026-08-25T02:02:33.815884+00:00,pix,68.28,False
0d92c2fc9e0ba07ff0e5f8c8e6467af3,2026-08-25T02:02:33.819934+00:00,api_generic,66.3,False
1f0f2e7f02554bf5bd1207a5f8337002,2026-08-25T02:02:33.728595+00:00,site_latency,159.73,False
7fde1e522095dfe517233c3e0d131b25,2026-08-25T02:02:33.587377+00:00,api_generic,306.57,False
334ae69b1b4cb2e41be3ae4088a981a9,2026-08-25T02:02:33.822955+00:00,api_generic,101.01,False
0e20ace956ba192839f4513efd0a9c9f,2026-08-25T02:02:33.849416+00:00,api_generic,84.2,False
ad1be181e08bdffa63946d0ced50f4c6,2026-08-25T02:02:33.699246+00:00,site_latency,234.74,False
49566cd031fa7b64d20841068c896f2e,2026-08-25T02:02:33.841982+00:00,api_generic,93.02,False
983440f8103784b767659c4bd27bc694,2026-08-25T02:02:33.837562+00:00,pix,99.65,False
f15289558956e05055b5791de05a6006,2026-08-25T02:02:33.763753+00:00,site_latency,180.8,False
ea4f82219659d2d9653344370dae8b38,2026-08-25T02:02:33.638839+00:00,site_latency,314.62,False
6c55198e4cbb11b44d53ff92fd35bd0a,2026-08-25T02:02:33.722304+00:00,checkout,238.68,False
9dabe8b76ead85e535e21076938183b4,2026-08-25T02:02:33.891832+00:00,api_generic,74.15,False
0aca1bb5115d5cf3eba47933caea4007,2026-08-25T02:02:33.624587+00:00,checkout,352.8,False
8663c777d5a2d586f8d99ff1495a8e18,2026-08-25T02:02:33.855250+00:00,site_latency,135.42,False
6db214b6e8828ac10471fc3232a57dd3,2026-08-25T02:02:33.819070+00:00,site_latency,178.69,False
12444bc4e438ac78fe8f0921e2789fbe,2026-08-25T02:02:33.458081+00:00,checkout,541.24,False
f451e0969306ffd8a7bb8e6673a4b0a2,2026-08-25T02:02:33.851183+00:00,site_latency,164.44,False
5f27a6f027209d2ae8e4a5e24c7cb04d,2026-08-25T02:02:33.958972+00:00,site_latency,116.73,False
30b1359e76a037995670a3fa0870178e,2026-08-25T02:02:34.002830+00:00,api_generic,79.29,False
1d1fd5f841eeaf4b52a004625de00a0a,2026-08-25T02:02:34.022686+00:00,api_generic,65.1,False
63d87ce562f32f229f51d7e27cbd7f54,2026-08-25T02:02:33.840012+00:00,checkout,252.49,False
ad2947a41af3ffc963c431e383f2a541,2026-08-25T02:02:33.990625+00:00,site_latency,106.35,False
3ad9efd7bcefb90c80c0322815f82bd1,2026-08-25T02:02:33.815759+00:00,checkout,303.71,False
00d251d25e8734269c733fa7ba239747,2026-08-25T02:02:34.004055+00:00,api_generic,119.47,False
ffdf3090ca390d8f00754884cde229ec,2026-08-25T02:02:33.902807+00:00,site_latency,232.13,False
d60e9081b8c0b7820de6406dbff95dd6,2026-08-25T02:02:34.017225+00:00,site_latency,125.32,False
1def775eac5b089739f755d5f82a51cc,2026-08-25T02:02:33.824732+00:00,checkout,322.09,False
78a175641bd61a673c3f7c69b64508f0,2026-08-25T02:02:33.959400+00:00,checkout,198.57,False
ef1e0c3d346ceaf3194c8cf5bd1caac1,2026-08-25T02:02:33.985938+00:00,api_generic,181.02,False
560756c024c379d05929422ca0aa0a8f,2026-08-25T02:02:34.102985+00:00,pix,71.85,False
c3f37af9e5338eaddaec7f5ad835d733,2026-08-25T02:02:34.101418+00:00,site_latency,81.36,False
cee5eefe0c23e56bf2516473cc736b8c,2026-08-25T02:02:33.989585+00:00,api_generic,203.88,False
7f55d5f552a29c12371426750cc50b08,2026-08-25T02:02:33.972197+00:00,checkout,230.67,False
bc08d30c6077baa10532362fbadcf78e,2026-08-25T02:02:33.961982+00:00,site_latency,260.06,False
e2031363c717a71594565fb72cd0d61d,2026-08-25T02:02:34.260975+00:00,api_generic,11.95,False
f3e998282300be50cc241690ebd7cace,2026-08-25T02:02:33.958151+00:00,checkout,316.38,False
cb239474391cd19a79c444f0beb47b63,2026-08-25T02:02:34.101000+00:00,site_latency,173.83,False
ded9088c846298761f2fa2df96ac96e8,2026-08-25T02:02:33.457822+00:00,checkout,821.8,False
470b957e089253969660cfbe7693aa2b,2026-08-25T02:02:33.857519+00:00,checkout,441.02,False
50e455289059d61458ea801d1f20f15f,2026-08-25T02:02:34.156769+00:00,site_latency,143.73,False
cd28e6b33852a37ba1dd6e523c1815c3,2026-08-25T02:02:33.835130+00:00,api_generic,466.33,False
69e6c2fbb5a6463f5ad53fe07e781422,2026-08-25T02:02:34.026453+00:00,checkout,297.71,False
85c79aad33d773579655090e17894383,2026-08-25T02:02:34.131735+00:00,pix,196.41,False
1619fe895208120d6a24264c8490ee78,2026-08-25T02:02:34.180386+00:00,site_latency,148.07,False
26da9b39bac191066095c87d6fa74f2a,2026-08-25T02:02:33.905342+00:00,checkout,429.55,False
6bab8b7d2b12b18bfd08f4863c4a5ae6,2026-08-25T02:02:34.221975+00:00,site_latency,114.5,False
89c3450403232363d8ae21b338392f66,2026-08-25T02:02:34.206489+00:00,api_generic,134.31,False
13e390103b586a3cf416cebb2674d4cc,2026-08-25T02:02:34.288526+00:00,pix,63.64,False
be575b0fb731a41252dca2eec64884fc,2026-08-25T02:02:34.227960+00:00,pix,147.97,False
20e354e8fb91330791f257490470a33d,2026-08-25T02:02:34.309578+00:00,site_latency,83.84,False
c3d1d419bbbc60aa9de951dee13d3d32,2026-08-25T02:02:34.372243+00:00,pix,70.73,False
7b06ce5451dba487d0b9f8a59879fe32,2026-08-25T02:02:34.312219+00:00,site_latency,155.19,False
0552999a96c6dd8a97aa2c212b310215,2026-08-25T02:02:34.226392+00:00,checkout,250.84,False
ea136b734092f1e702be67def9818452,2026-08-25T02:02:34.308093+00:00,site_latency,181.01,False
8111876ab0d5615b5f8ed7848869462b,2026-08-25T02:02:34.209223+00:00,checkout,297.09,False
3471092a7aab54eb45c2035cdef57ef6,2026-08-25T02:02:33.808594+00:00,checkout,702.72,False
f9d347aac51169a4479dbde95f37a352,2026-08-25T02:02:34.425511+00:00,pix,95.93,False
4608dadc74a35de23ac38d4fb2ed2d32,2026-08-25T02:02:34.415317+00:00,api_generic,112.93,False
8af213c3732fafff982b3a34404f8da7,2026-08-25T02:02:34.105471+00:00,checkout,454.97,False
9b92347fcb813f18bdd9bcacf252ae16,2026-08-25T02:02:34.408141+00:00,site_latency,152.99,False
2d78729f3c97927a1f6c760e4840ac3b,2026-08-25T02:02:34.490908+00:00,api_generic,77.67,False
1ea9b2320b4a6ddc45b11c83d816342f,2026-08-25T02:02:34.474783+00:00,api_generic,104.1,False
d5ac0347c1425138635a7dcef16df2ef,2026-08-25T02:02:34.537243+00:00,site_latency,79.33,False
ece88edaf4751dff24d24473152c835d,2026-08-25T02:02:33.285794+00:00,pix,1332.33,False
eed6bfca5b08815e974f9a44a8b39ceb,2026-08-25T02:02:34.489689+00:00,api_generic,130.68,False
6e88b55c441adf6a4b656ec1e3735233,2026-08-25T02:02:34.390338+00:00,site_latency,246.75,False
a964c3aee1141e61d301c8518903ef85,2026-08-25T02:02:34.429967+00:00,api_generic,223.08,False
1e795ea7b63c437e0acb9c6497e47d39,2026-08-25T02:02:34.311598+00:00,checkout,352.04,False
17c6a5a10ee00561829db1dd1690baaf,2026-08-25T02:02:34.558937+00:00,api_generic,109.84,False
f2a7fc81ddef9f9319f94106954993c7,2026-08-25T02:02:34.295090+00:00,checkout,374.0,False
bb606da3de8fc1340c5611066df74875,2026-08-25T02:02:34.630907+00:00,api_generic,42.23,False
22a8236f193d371ed394b252acbbd793,2026-08-25T02:02:34.587329+00:00,site_latency,113.24,False
64c8c493d8b97c607e7bcb4f7aa4755c,2026-08-25T02:02:34.538653+00:00,site_latency,187.38,False
91d39e8ee45451882f4fff7432b831d3,2026-08-25T02:02:34.592848+00:00,pix,134.02,False
2da41692a5731306ddb62b78db2cae6d,2026-08-25T02:02:34.626941+00:00,site_latency,100.41,False
1c615819fca7b22970fca88eb0d6832d,2026-08-25T02:02:34.671118+00:00,site_latency,56.43,False
d378d1906935a9582f4c57dfe30e4f84,2026-08-25T02:02:34.657794+00:00,site_latency,69.92,False
0dc8182663054b16a25daf5bcb6e5a20,2026-08-25T02:02:34.635409+00:00,api_generic,92.47,False
4cad9772c057fbfdfc34a08ea0ae5d07,2026-08-25T02:02:34.502203+00:00,site_latency,233.19,False
afa4b47deff8c9dfd142fc142b89a326,2026-08-25T02:02:34.645357+00:00,pix,90.68,False
cdefe6a084f9368b52684858f0d5c5d7,2026-08-25T02:02:34.747686+00:00,site_latency,43.75,False
1e6942435a33f3bf7f58e9efc79be7c5,2026-08-25T02:02:34.685815+00:00,api_generic,110.02,False
23a67e3b32baeb24de7ab3e3ff5cd9fa,2026-08-25T02:02:34.755215+00:00,site_latency,46.56,False
ea00f78fb9bb734a16ae636e434b1545,2026-08-25T02:02:34.595091+00:00,site_latency,208.96,False
a9b041d1c83c1989150a4de7264b449e,2026-08-25T02:02:34.202489+00:00,checkout,620.85,False
ac4f823447c9294fa32c8fc30f12f144,2026-08-25T02:02:34.584092+00:00,site_latency,248.87,False
9097a20ddd8b002e009cc2de465d9726,2026-08-25T02:02:34.738638+00:00,site_latency,116.68,False
9f696d503b0cfc169bd331bda4927fa0,2026-08-25T02:02:34.607904+00:00,checkout,265.18,False
f4181754063c50b9a40976fdde53001a,2026-08-25T02:02:34.813051+00:00,api_generic,64.1,False
171a1cb469b9a0589bb47507b5ed9b2d,2026-08-25T02:02:34.447096+00:00,site_latency,443.78,False
e4d3c70f3c84612a06fb5a549ba4847b,2026-08-25T02:02:34.620315+00:00,site_latency,281.78,False
3c087562ccd80ac8ec13cd0ef23a3971,2026-08-25T02:02:34.644304+00:00,site_latency,260.15,False
02d3f97cb02bebc0599e5f3ba53b41c9,2026-08-25T02:02:34.807359+00:00,checkout,136.35,False
e4fef11bc23310683b059be3e8336bab,2026-08-25T02:02:34.663074+00:00,site_latency,297.17,False
c60c6ff0347c0318240e78e7184cf088,2026-08-25T02:02:34.747080+00:00,checkout,219.47,False
529db352ba6b5836f3120e268f132d32,2026-08-25T02:02:34.821143+00:00,site_latency,153.18,False
38c8a2d69e0613081f6ae53d624a526e,2026-08-25T02:02:34.700524+00:00,checkout,288.57,False
9f87d6df3770b7442b8f4eb71532b9d8,2026-08-25T02:02:34.820830+00:00,site_latency,185.61,False
ffbde04126729f83a78f082bb3a8106f,2026-08-25T02:02:34.962544+00:00,site_latency,50.35,False
a3d653c8949677c7aca3b077ad839cd7,2026-08-25T02:02:34.946526+00:00,api_generic,79.91,False
51b1496a62094ec7e50441be594b432b,2026-08-25T02:02:34.900131+00:00,api_generic,130.88,False
ab52f68e9498e245667289f1f39f7e27,2026-08-25T02:02:34.869499+00:00,site_latency,184.49,False
fba62b60718a8e601c91eb320c723360,2026-08-25T02:02:35.020946+00:00,api_generic,61.51,False
2d489961b23c1eac86171b7834071ecc,2026-08-25T02:02:34.948085+00:00,api_generic,136.12,False
c49d7717b7199e7f3b1adbcf06c6a38c,2026-08-25T02:02:34.984462+00:00,pix,117.75,False
efefeea496bc5eae643225c5929cb449,2026-08-25T02:02:34.819195+00:00,site_latency,303.4,False
5ebd5f7f28467d00c3034caac6a2955f,2026-08-25T02:02:35.085029+00:00,api_generic,57.79,False
252a1b7913d7cbf292905b8b093560c2,2026-08-25T02:02:35.034565+00:00,site_latency,127.24,False
f024ce24dc038c69f1f6ea112143814d,2026-08-25T02:02:34.956449+00:00,api_generic,205.88,False
e4bdddc09a68faac30fd52b743ceaf04,2026-08-25T02:02:35.057840+00:00,api_generic,118.76,False
e3e877e4d074b38983398f327c5c079d,2026-08-25T02:02:34.804602+00:00,checkout,386.01,False
796b44075696474d0bdf4f1468d9a54b,2026-08-25T02:02:35.045443+00:00,pix,145.56,False
7977bb37462c771425e7a4d06ccc7f12,2026-08-25T02:02:34.792762+00:00,checkout,408.31,False
74418e0c84f4a5c5450a7ca4594a4602,2026-08-25T02:02:35.111643+00:00,api_generic,94.95,False
723f8a18461a2b38497dcbe53dee55bd,2026-08-25T02:02:34.551835+00:00,checkout,667.09,False
717923ce83f9af600f6cb8354d386074,2026-08-25T02:02:35.043395+00:00,pix,181.1,False
75e0898654ad1c7c0ebc6e2fae1983e4,2026-08-25T02:02:34.885967+00:00,checkout,342.96,False
7f22b104d9b78b64bcfd72bad4969219,2026-08-25T02:02:34.970315+00:00,api_generic,265.94,False
3d8db7caef5e819eb5c7f414c2e5f624,2026-08-25T02:02:35.120826+00:00,api_generic,125.49,False
beb72c8e1457e724d1b9d06006731f71,2026-08-25T02:02:34.995673+00:00,checkout,271.19,False
2246df1af66df7b814aa5e1cb2e6a260,2026-08-25T02:02:35.169930+00:00,api_generic,104.23,False
2e6ca03794067ab37d1a3d2bb695d338,2026-08-25T02:02:35.041396+00:00,site_latency,252.86,False
12184e385e6b2e5a8b7b4469498127ac,2026-08-25T02:02:35.237741+00:00,api_generic,61.71,False
62af855097e42864bff216701b0ec29d,2026-08-25T02:02:35.172621+00:00,site_latency,226.81,False
2e81e41f48beca5e6de19061b74ac994,2026-08-25T02:02:35.339524+00:00,pix,70.96,False
50c90c621e7d3b0984501905926438a7,2026-08-25T02:02:35.266418+00:00,site_latency,185.09,False
fcc83d04090e24c81a1ba5c8e71a3ccf,2026-08-25T02:02:35.287271+00:00,site_latency,171.42,False
c69892de009477c17838bd88e77e2994,2026-08-25T02:02:35.350299+00:00,site_latency,147.69,False
861895f5b6bcdf7767765214b3b14fe5,2026-08-25T02:02:35.276295+00:00,checkout,237.41,False
f6fac211b05dbe5fb026459e759205cd,2026-08-25T02:02:35.463789+00:00,api_generic,57.06,False
d927d8041305b5245a6a2aebc5b6f355,2026-08-25T02:02:35.170398+00:00,site_latency,357.21,False
fd2d396e557293c34c64046f4041768b,2026-08-25T02:02:35.477713+00:00,site_latency,52.03,False
8733d59bf93d21e3e89562c8f48732a9,2026-08-25T02:02:35.239089+00:00,checkout,296.9,False
0ea01715820a953ec3c77b3723c8802e,2026-08-25T02:02:35.468331+00:00,api_generic,74.12,False
a5f92c105d944dac90cc67ca13feb023,2026-08-25T02:02:35.151644+00:00,site_latency,392.4,False
b8e2d1bb2e7fea617169568a9b856be0,2026-08-25T02:02:35.278375+00:00,site_latency,268.37,False
5261b8ec2b06af35133dc0c86c7f8352,2026-08-25T02:02:35.349131+00:00,site_latency,210.06,False
ad45f98be61a509e1a843dba184e984b,2026-08-25T02:02:34.729270+00:00,api_generic,833.82,False
2b50eaf9e93f9d01561fd8f06b816069,2026-08-25T02:02:35.173056+00:00,site_latency,399.25,False
3be6b865b4c6d48e504d2d3cf4142947,2026-08-25T02:02:35.311261+00:00,checkout,274.79,False
2b08e1c8567b60c4515b97fee1b495dd,2026-08-25T02:02:35.447966+00:00,site_latency,141.78,False
084d622f5baf783566f694f5ee8ed440,2026-08-25T02:02:35.547841+00:00,api_generic,49.27,False
02f6b0343647b90601b2b2c3eba12390,2026-08-25T02:02:35.263015+00:00,checkout,340.21,False
5512a8074612cb1df3c8ed7fea3a084d,2026-08-25T02:02:35.528320+00:00,api_generic,79.47,False
ad0e777a67e8cd1e4bfa2044f7ff4926,2026-08-25T02:02:35.478279+00:00,site_latency,129.81,False
cac444bba50cd17938680fecb2700d11,2026-08-25T02:02:35.505205+00:00,site_latency,130.29,False
789be8737154901f0ed6d68dec1e345b,2026-08-25T02:02:35.532144+00:00,api_generic,111.63,False
f3bda7ffbe2b7c7cce4af662d91cbb63,2026-08-25T02:02:35.502990+00:00,api_generic,146.49,False
26e8ab3c3ba466fb1b2cf6437a0121b7,2026-08-25T02:02:35.012813+00:00,checkout,667.75,False
06052b9b4b887cff52f4fbb019ca01e1,2026-08-25T02:02:35.574001+00:00,site_latency,114.18,False
f051fd6ac227d70c3f1f50744638819e,2026-08-25T02:02:35.634315+00:00,pix,96.62,False
7b6905fa0b2968e29bdda59f763f7d4d,2026-08-25T02:02:35.615097+00:00,api_generic,132.49,False
2e926c4e1cf91010486e5d7d63e1b8b1,2026-08-25T02:02:35.690817+00:00,api_generic,64.84,False
09497e24df3601a66004018098e5c1da,2026-08-25T02:02:35.700255+00:00,api_generic,56.08,False
3d1159edecbb7ce588ba7c66f743422d,2026-08-25T02:02:35.610876+00:00,site_latency,163.2,False
d9b8de2a7a415655bc90bf3537fe2d3f,2026-08-25T02:02:35.537545+00:00,api_generic,270.46,True
017606f1424a505f2e062255d7e48776,2026-08-25T02:02:35.545804+00:00,checkout,273.36,False
ac7c59e9a63ad9a2170b9a2e1de3efeb,2026-08-25T02:02:35.463334+00:00,site_latency,388.19,False
dced60934820e3fff49be32354ec5373,2026-08-25T02:02:35.800607+00:00,api_generic,85.03,False
18a1e0e9724aeb4ef25aa262b9fa4418,2026-08-25T02:02:35.808605+00:00,api_generic,78.81,False
b15e6fab2b423105d2ced87898888b6d,2026-08-25T02:02:35.823172+00:00,api_generic,86.2,False
567eee40f7285ae6daa1d2619140ac57,2026-08-25T02:02:35.776788+00:00,site_latency,142.85,False
cdc794dffc85a89cf95089a67f610576,2026-08-25T02:02:35.841684+00:00,site_latency,83.32,False
d8b8603a0257e42ddc75c1a23a909a82,2026-08-25T02:02:35.824573+00:00,pix,104.93,False
9ae8131eb55c9ed9afdc058198658006,2026-08-25T02:02:35.853172+00:00,api_generic,92.29,False
1dc322fd12631c32e24524a36a2bbe08,2026-08-25T02:02:35.482214+00:00,checkout,467.92,False
2f8f0b79899264ef1f3d3549797fd6cb,2026-08-25T02:02:35.814308+00:00,checkout,138.86,False
7f96486e61ec3109dc144ddb9db97f1a,2026-08-25T02:02:35.890914+00:00,api_generic,96.77,False
faaf25309d76677fc628171730853610,2026-08-25T02:02:35.785362+00:00,site_latency,211.14,False
b7ddfc490f705f31d1b516576cf80b3c,2026-08-25T02:02:35.931439+00:00,api_generic,65.52,False
00231b9a3a9ad365040d907d4a74376a,2026-08-25T02:02:35.447512+00:00,checkout,560.12,False
c5b79a87123ccdeede1ae6dd741d01a6,2026-08-25T02:02:35.044681+00:00,pix,983.61,False
a4d68ff33e775f57393bc34519c92b75,2026-08-25T02:02:35.869413+00:00,site_latency,159.33,False
00981c519e84017396410f6a77821ec4,2026-08-25T02:02:35.811553+00:00,site_latency,234.81,False
cc817b1d10e679f165e1adb0cd5389a5,2026-08-25T02:02:35.955406+00:00,pix,104.06,False
b5ab62513a1d0a2818332ffd82cfabde,2026-08-25T02:02:35.466715+00:00,checkout,597.93,False
98477fa34895b29f94df908821033725,2026-08-25T02:02:35.964259+00:00,api_generic,109.54,False
e097d7f2a8760973139f5552abf818d4,2026-08-25T02:02:35.972565+00:00,pix,107.99,False
c6f4dfaadcbd59babf3ddbb74fd5c517,2026-08-25T02:02:36.073768+00:00,api_generic,18.97,False
481fe31818f7f75bc3c79e63bc9d8ad0,2026-08-25T02:02:35.957402+00:00,pix,138.1,False
4ce3beb7644c3bb18e848da0969933b4,2026-08-25T02:02:36.001591+00:00,site_latency,94.19,False
f8806a008380b6677763f6385552ed08,2026-08-25T02:02:35.890268+00:00,api_generic,216.06,False
ec0b2195d6f2a6b3d4912ca03b7fe5e1,2026-08-25T02:02:36.044926+00:00,pix,62.83,False
1551c08dc3cb24943309aeb7b90fb214,2026-08-25T02:02:36.044057+00:00,site_latency,72.45,False
37f4aab01985169a393d4880ebee24e9,2026-08-25T02:02:35.782794+00:00,checkout,336.13,False
f998880779ce9614eeee2ff871760708,2026-08-25T02:02:36.087466+00:00,site_latency,46.74,False
932ec94bd5abf55ce5eccf3c63f07837,2026-08-25T02:02:36.077444+00:00,api_generic,61.9,False
996c7ec02cff4130b7ad6d7c439bfaec,2026-08-25T02:02:36.078345+00:00,api_generic,97.18,False
23f560e96f4975b79580b30838c4adf7,2026-08-25T02:02:35.988665+00:00,checkout,205.0,False
fd9029a21943d72f9db5b725af5bc58e,2026-08-25T02:02:35.868940+00:00,site_latency,339.2,False
de277422df3b2edca190bb7aec071fbb,2026-08-25T02:02:35.934119+00:00,checkout,296.71,False
4e95fa02d252b924c71b20d2bb33a426,2026-08-25T02:02:36.050534+00:00,site_latency,184.08,False
14f6e08f8303792b3b2d4ad39e6c0aa5,2026-08-25T02:02:36.118294+00:00,pix,116.53,False
5bef14e0df28897b5b1d15f229284450,2026-08-25T02:02:36.168334+00:00,api_generic,81.07,False
2555bb38098285fec233b6e10ea88b42,2026-08-25T02:02:36.082629+00:00,api_generic,170.68,False
93039fbb6db93ee48de7ec09f30da503,2026-08-25T02:02:36.090068+00:00,site_latency,172.95,False
664c7483d94f6d55a6fffa825010976c,2026-08-25T02:02:36.107699+00:00,site_latency,169.45,False
273e60fc6f739b64bae943e720d2501a,2026-08-25T02:02:36.161014+00:00,pix,121.38,False
ca3a1aea9ff726761bd9adefb16783be,2026-08-25T02:02:36.021176+00:00,site_latency,269.28,False
9358c39ef770b063f98014ac980f6e12,2026-08-25T02:02:35.971930+00:00,checkout,344.36,False
08e87dbbabb1dfc54ffb861d05b0119e,2026-08-25T02:02:36.147358+00:00,checkout,169.14,False
5b5a7072a3dbca55de98add6bdef3b37,2026-08-25T02:02:36.274224+00:00,site_latency,50.69,False
57022dbd88dc1fc4b1639be514390bca,2026-08-25T02:02:36.071676+00:00,checkout,285.08,False
442e459a4985f033068cc2c1bb4d02e4,2026-08-25T02:02:36.203295+00:00,api_generic,159.57,False
c4f205e8692432bbe52f46d15db1a3f5,2026-08-25T02:02:36.323898+00:00,site_latency,53.75,False
4d7a53ffddfd15bf92f2e58bafa12e53,2026-08-25T02:02:36.323746+00:00,api_generic,66.46,False
922f3ed86f6b257c7c6fc5eb7dcb4d37,2026-08-25T02:02:36.280230+00:00,pix,139.84,False
8bbc8ba501bbc4242f6443a6afc90612,2026-08-25T02:02:36.372011+00:00,api_generic,54.19,False
7c174ef22d8c634e3652537af29f9387,2026-08-25T02:02:36.310763+00:00,api_generic,119.79,False
7896559901565abbdc4fb3bb1441a9e2,2026-08-25T02:02:36.287768+00:00,site_latency,160.44,False
45846799cf03cba2da94b81c1db45475,2026-08-25T02:02:36.335369+00:00,api_generic,116.5,False
7900d81ffdebc817a2a8407d3448262f,2026-08-25T02:02:36.401475+00:00,api_generic,51.23,False
4fd3be7891a82f851e42f2cb764d9746,2026-08-25T02:02:36.235272+00:00,site_latency,225.67,False
d97de9eccc4e3d534a3a2f7362ae4bf2,2026-08-25T02:02:36.345781+00:00,pix,119.3,False
e23f17303672129f7dcccfb975232422,2026-08-25T02:02:36.240615+00:00,checkout,246.25,False
03a6d6d9e19df0bb7e5786406b062d57,2026-08-25T02:02:36.266376+00:00,site_latency,228.6,False
c709846e576a2762481317dca8d0ead8,2026-08-25T02:02:36.118804+00:00,checkout,376.46,False
d08da33a8923441c920eb4d519de503a,2026-08-25T02:02:36.454192+00:00,api_generic,58.69,False
b5d8ba4ad56059b4c85cf5a12eb0e1ab,2026-08-25T02:02:36.180594+00:00,checkout,342.32,False
beb2c220e6d589880add1efbe14aee7b,2026-08-25T02:02:36.367413+00:00,checkout,160.62,False
024942849ef1d4fdce06a1cbed594c5e,2026-08-25T02:02:36.509671+00:00,api_generic,61.42,False
65a7170e4117084cf39dc11e19379308,2026-08-25T02:02:36.488453+00:00,pix,95.47,False
48909f6e68b1696dcc0504ec2ee81dcf,2026-08-25T02:02:36.497194+00:00,site_latency,90.23,False
cc6bcb2080980706c51fdaec86fc00a7,2026-08-25T02:02:36.172106+00:00,api_generic,479.55,False
1b4a05c21a14b18a540ef93cae1bb61f,2026-08-25T02:02:36.359584+00:00,site_latency,313.5,False
fc128c6ad8b6dbc1fa7ef53e598553e6,2026-08-25T02:02:36.058272+00:00,checkout,616.22,False
82bf77a1ebd590b0710b15da0f2024c6,2026-08-25T02:02:36.599124+00:00,api_generic,102.58,False
5e5bf68756ad3420ad2504db457d8d49,2026-08-25T02:02:36.210551+00:00,checkout,527.39,False
e55bb74ca3a5e21235a719eee9a26b62,2026-08-25T02:02:36.590542+00:00,checkout,222.23,False
80d67266d42d915f89b2c16591bd12e2,2026-08-25T02:02:36.468683+00:00,site_latency,364.25,False
69acabd09427ec37a9bb1b30e68dafc7,2026-08-25T02:02:36.538446+00:00,checkout,318.22,False
b18ea442df9a6753234258c4a8f16a04,2026-08-25T02:02:36.491681+00:00,site_latency,407.64,False
b7b4de392712150803d7f017b7c1648b,2026-08-25T02:02:35.961828+00:00,site_latency,954.92,False
6ea7d9758b0adbf0f62ae0870eb3436a,2026-08-25T02:02:36.175490+00:00,checkout,987.81,False
