trace_id,timestamp,domain,latency_ms,is_error
82740431311726dc28905f72c21c36a0,2026-08-25T02:05:45.278053+00:00,site_latency,417.54,True
c8b754b9956bfda364e7727122239140,2026-08-25T02:05:46.596793+00:00,api_generic,139.52,True
7091caa5d174f6323148ee50e9bcb2a8,2026-08-25T02:05:45.563805+00:00,site_latency,858.51,False
0f27b90a0017dd206c3ce92efb2f5317,2026-08-25T02:05:45.183081+00:00,checkout,517.69,False
11105f9ed460a0f19e090fea302d1d03,2026-08-25T02:05:45.565357+00:00,site_latency,469.55,False
40fca495b82230df49ba3cdecd42e5ae,2026-08-25T02:05:46.182450+00:00,site_latency,542.36,False
f09837e034b851fb14597bf1c6f304ec,2026-08-25T02:05:45.616677+00:00,api_generic,95.36,False
4a89493bf9d9a94f9803a695e319372c,2026-08-25T02:05:46.299761+00:00,site_latency,596.98,False
8cb492c939e2c4817f8e48f6faccd25e,2026-08-25T02:05:46.170928+00:00,site_latency,588.89,False
1e4e76cd15773dc110f5dc1c452109bc,2026-08-25T02:05:45.705216+00:00,site_latency,108.54,False
12482e7dcd95078829b74217b80d163f,2026-08-25T02:05:45.317159+00:00,site_latency,410.27,False
7105a6b0fd5de8aa066f479f686d028c,2026-08-25T02:05:46.466212+00:00,site_latency,441.03,False
cab51edc3fe10de4e1194ffddb8a77fa,2026-08-25T02:05:46.770394+00:00,api_generic,186.61,True
0039725de52b9664742ea5ea94657c9b,2026-08-25T02:05:45.180282+00:00,checkout,407.48,False
5e6b6173eed9c5a3ac678e703d3aa633,2026-08-25T02:05:45.732030+00:00,site_latency,477.93,False
0d24f8e7fe35ed7907c23b013993c937,2026-08-25T02:05:46.311592+00:00,checkout,196.39,False
d2fc0d7e3579e7e52d20537821779941,2026-08-25T02:05:45.183285+00:00,checkout,657.64,False
46559a3628142dbed74bb4e524f5df2a,2026-08-25T02:05:45.589431+00:00,checkout,667.95,False
e0187f82c17058b02f7687f375886aa5,2026-08-25T02:05:45.649215+00:00,checkout,673.48,False
ca069b41d5a55d5c80733dfd69085b4d,2026-08-25T02:05:46.302864+00:00,site_latency,476.22,False
ceade91b65d04e4d11e6de0ba5027858,2026-08-25T02:05:46.493048+00:00,pix,588.52,False
5fd209387da93ac5fa60a30ee5ad436c,2026-08-25T02:05:45.990238+00:00,checkout,467.12,False
703f036cc7cb7e9f8f513f980fe0d61d,2026-08-25T02:05:46.047696+00:00,site_latency,245.09,False
e2aaf304acab4d8fa95d674bd0023307,2026-08-25T02:05:45.869815+00:00,api_generic,763.7,False
8d0f1e106b47e638e4ec9d881e721f2c,2026-08-25T02:05:46.533119+00:00,api_generic,357.28,True
61f9df5686c9ba1127e35f121940da00,2026-08-25T02:05:46.610569+00:00,site_latency,413.25,False
54327b5721ca83a04ab19623f3fc4c15,2026-08-25T02:05:46.575701+00:00,checkout,466.0,False
1bd71ef398a33ed2638b3c0bc530d031,2026-08-25T02:05:46.285055+00:00,checkout,422.63,False
5036a0d5cf239ce57be9ba81dbca9767,2026-08-25T02:05:46.926888+00:00,api_generic,79.09,False
36a7206b6f39e7357cc9c7e8e3a2fbda,2026-08-25T02:05:45.184028+00:00,checkout,337.66,True
88a2026a1e56b0b46666b371774c1128,2026-08-25T02:05:46.171154+00:00,api_generic,139.07,True
94524483d14665763bbc573772434126,2026-08-25T02:05:45.463012+00:00,site_latency,416.54,False
30e82f6f6f64ce2a7bda1f965dd38861,2026-08-25T02:05:45.179027+00:00,checkout,758.64,False
177b38468e57a28209d7ddc49674051c,2026-08-25T02:05:46.511876+00:00,checkout,406.19,False
136a3e961cce608f1e60945af819733e,2026-08-25T02:05:45.183556+00:00,checkout,303.28,True
98e71a9049b396a711bf5b13fb2af3fd,2026-08-25T02:05:46.891738+00:00,api_generic,92.16,True
11780cbf754c6c9cd96c341d42ffcfe9,2026-08-25T02:05:45.825168+00:00,checkout,404.42,False
8af1b8828bb30fde85bf2af1e38c9273,2026-08-25T02:05:46.659080+00:00,api_generic,90.94,True
2cba22d453d2e9e7908485ed46df7b10,2026-08-25T02:05:45.640192+00:00,checkout,1400.23,False
04511951bc6196002538a7022f491271,2026-08-25T02:05:45.649625+00:00,checkout,466.55,False
3bf30d4b29f1717119042d2d74e18b4d,2026-08-25T02:05:45.555389+00:00,api_generic,196.05,True
dcbddc6c7a4558d11a57cb88a4685085,2026-08-25T02:05:46.593426+00:00,checkout,401.04,False
af59355f3e2599a28c343115b8388674,2026-08-25T02:05:45.177113+00:00,api_generic,365.12,True
b40eaa725322799350032a8647253db7,2026-08-25T02:05:46.299567+00:00,checkout,428.22,False
1a7df612b4ec636e941570c6d69272c0,2026-08-25T02:05:46.308035+00:00,site_latency,859.79,False
fde53a635a767143d9466c7b14a73a41,2026-08-25T02:05:47.605618+00:00,site_latency,137.24,False
11777b75949452bca198d22390c76ac0,2026-08-25T02:05:47.167573+00:00,checkout,476.77,False
716dc3e580a7f5e732e9a312943162d2,2026-08-25T02:05:47.654625+00:00,api_generic,185.58,True
ef6e2c3c6d0790f7310f1f4054cf7dd2,2026-08-25T02:05:45.465736+00:00,site_latency,2071.6,False
8ef72e7ac6f022b0da81a5e16d7b4e07,2026-08-25T02:05:46.985636+00:00,site_latency,470.11,False
9c3d12cdce82de86e36458e9959a4ff8,2026-08-25T02:05:47.795238+00:00,api_generic,96.44,False
2e4fb66967de7824bd00a44ae0d7f854,2026-08-25T02:05:46.804979+00:00,checkout,427.68,False
dcf39fa6dea2258443092f8e34b8eaf3,2026-08-25T02:05:47.866302+00:00,api_generic,95.17,True
7cdf8a6d581995fcf5fb2f2833cf8991,2026-08-25T02:05:46.183676+00:00,site_latency,1233.99,False
034432e492deb8eb81c50de16a315657,2026-08-25T02:05:47.336881+00:00,checkout,491.89,False
78bff48f334f1cad45cc294d96eaa3fb,2026-08-25T02:05:46.740811+00:00,api_generic,858.39,False
3a67182ec31ad177d4dcc1e28a5d964a,2026-08-25T02:05:47.574509+00:00,site_latency,408.42,False
8fcdf36be4addc81171c559a908a33f1,2026-08-25T02:05:47.167246+00:00,site_latency,491.94,False
a6afe19ee4a7dd70165c0a99a763631e,2026-08-25T02:05:47.213678+00:00,pix,185.4,False
c7bc7e002b8c2f86bfa2d0576016ca37,2026-08-25T02:05:46.959280+00:00,site_latency,248.15,False
49dec053798d595fb02ea13ee97109a1,2026-08-25T02:05:46.732796+00:00,checkout,598.62,False
87346170c925ebee4ab8ac37702dd3b9,2026-08-25T02:05:46.696884+00:00,checkout,461.87,False
0e0a5e09bb35e5ff3643de159211b068,2026-08-25T02:05:46.872518+00:00,site_latency,644.84,False
1ebe0a4e2148c777257a1d371825bf99,2026-08-25T02:05:46.871325+00:00,checkout,566.38,False
ee914c0650197445ca31f3fc7ef0c130,2026-08-25T02:05:46.965268+00:00,site_latency,768.51,False
acc480861ecb71c50656f3ed4f4987b0,2026-08-25T02:05:46.850256+00:00,api_generic,360.71,True
79e3345b1dc9911bafd73429c7eb43f4,2026-08-25T02:05:46.986405+00:00,checkout,599.52,False
1383ebf4bc8b7a3d518eb1cdad34c5e5,2026-08-25T02:05:46.889568+00:00,checkout,432.74,False
5d5ea53fb124f0e098d04b83778be977,2026-08-25T02:05:47.404613+00:00,site_latency,409.81,False
ae327b0be480a092524d8e6ab4a00176,2026-08-25T02:05:47.260192+00:00,checkout,463.03,False
8b1bd5a779b6ad6f1aab8cf13ffc588c,2026-08-25T02:05:47.288826+00:00,checkout,417.71,False
08adb4914b267fe3c06fa49334611495,2026-08-25T02:05:46.584796+00:00,site_latency,594.88,False
e4a689aecf4aae394ea3c6882d8cdb33,2026-08-25T02:05:46.980393+00:00,checkout,855.4,False
8373416e4def94410512da97e150458d,2026-08-25T02:05:47.047827+00:00,checkout,413.6,False
31ca6ea8f691c489281eea0bdcee1005,2026-08-25T02:05:46.751289+00:00,site_latency,491.33,False
4753d5cd433fcb8f8e78d7a38b261adc,2026-08-25T02:05:47.073947+00:00,pix,261.53,True
4b94f585ac1ca0ff17d54e941757482d,2026-08-25T02:05:46.779047+00:00,api_generic,455.63,False
52b0d98533dda9b0c418c77f7037010c,2026-08-25T02:05:47.236264+00:00,checkout,541.64,False
ec52058e4c70d70face5bf9fa5b94da5,2026-08-25T02:05:46.896478+00:00,site_latency,459.94,False
ac51e9e39f32a994ef09fd359427dadc,2026-08-25T02:05:46.608809+00:00,checkout,625.66,False
a80e3b65fbc7af2f39fbb4a968f1a0e6,2026-08-25T02:05:46.873257+00:00,checkout,586.83,False
e774a7d14025ca37b83124d623bd0a60,2026-08-25T02:05:47.113555+00:00,site_latency,556.95,False
5d1a31365f748c223e36056b85cf8a08,2026-08-25T02:05:47.175760+00:00,checkout,435.74,False
96d2300a57cd32e7e1c05c9e122427e0,2026-08-25T02:05:46.596305+00:00,site_latency,658.44,False
4a81d9ac33975a684c1f37d445117e27,2026-08-25T02:05:47.413367+00:00,site_latency,400.8,False
4c76aa3f471164d0fe7c62a5a949bdbc,2026-08-25T02:05:47.279753+00:00,site_latency,496.49,False
15fd45f34a5af87b58dae22b1d84116a,2026-08-25T02:05:46.532193+00:00,site_latency,661.23,False
481c85cd808c8d88581545c9fe229022,2026-08-25T02:05:47.230037+00:00,api_generic,146.4,True
ced6cc0279f04792916af2fd5c412241,2026-08-25T02:05:47.021234+00:00,site_latency,485.57,False
75aa3677939a18a86878847537f9c0f0,2026-08-25T02:05:46.784087+00:00,site_latency,352.57,False
10848f10a7c8c3f4fec314c8062f7c58,2026-08-25T02:05:47.210909+00:00,site_latency,695.66,False
ec4739aef576a4209d1e6eeb1cbe64b3,2026-08-25T02:05:47.848142+00:00,site_latency,408.13,False
9e8a17fdeabbed49224edb5afe28dc53,2026-08-25T02:05:47.640549+00:00,checkout,473.43,False
ac05352fc0f55a6f8a034f6f6e7aae34,2026-08-25T02:05:48.010783+00:00,checkout,433.36,False
dcc3f1ec825a68e5f3d497f9a329ed18,2026-08-25T02:05:48.155200+00:00,checkout,629.67,False
796461ef1752eead45fa2d944ae8ff81,2026-08-25T02:05:48.421387+00:00,pix,91.35,False
5eeeea29ebe8e07daadba8eecde878d4,2026-08-25T02:05:47.616477+00:00,checkout,519.41,True
44baed2f73155be4eb27dbd8e95c0129,2026-08-25T02:05:48.119608+00:00,site_latency,532.01,False
577cd0967c88026cb76441d93b9adea9,2026-08-25T02:05:47.638031+00:00,checkout,485.51,False
ab040c9560ff606631b9065716e5bd81,2026-08-25T02:05:48.393821+00:00,api_generic,115.12,True
35866c47423d4f26716185d727ccaf25,2026-08-25T02:05:47.338022+00:00,api_generic,819.69,False
8e963dcc493c959cbed19266ccb1ef47,2026-08-25T02:05:47.298567+00:00,checkout,727.07,False
af575935fe4b32de020e28e06e6ff068,2026-08-25T02:05:48.418919+00:00,checkout,474.32,False
29b31bdf11c186f3bf9aa15d1ce3bb74,2026-08-25T02:05:48.238040+00:00,site_latency,599.55,False
2c1086dd5634a3c7d74a84a6c8e3e33c,2026-08-25T02:05:48.661994+00:00,api_generic,102.5,True
749c802b14b49b4caeaa5d2893848bd1,2026-08-25T02:05:48.150954+00:00,api_generic,147.83,True
c949876ed5ddea032a59702a658014bf,2026-08-25T02:05:47.837837+00:00,checkout,450.35,False
5e0f315f109ad146d5b59b080cfc2794,2026-08-25T02:05:48.045390+00:00,site_latency,486.26,False
dc502ac3a25a114fcbb7803290e1c322,2026-08-25T02:05:47.353717+00:00,checkout,1047.72,False
182f7006b5dfd03b67eaab12b0a6e22e,2026-08-25T02:05:47.436988+00:00,checkout,1189.01,False
7da9516a1fff0bcde7dfaddd17a9dd59,2026-08-25T02:05:47.832995+00:00,checkout,498.33,False
1202cc25014d2916f0911fe268329712,2026-08-25T02:05:48.461672+00:00,site_latency,420.61,False
20c2f99acd308baf47733213403a7f66,2026-08-25T02:05:47.611425+00:00,checkout,498.29,False
815ca9697d0d5871cbeb3f3a1fa374e8,2026-08-25T02:05:47.601041+00:00,site_latency,506.18,False
587db055ed0e494606e0e9b6702df631,2026-08-25T02:05:47.695886+00:00,site_latency,419.96,False
344894c625fbe33ff1823ace96824442,2026-08-25T02:05:48.036539+00:00,checkout,417.13,False
c218732605be60c0d437fea07365d693,2026-08-25T02:05:47.632986+00:00,checkout,815.76,False
ffe4b2df134508315761ed598eb3d5d4,2026-08-25T02:05:47.570471+00:00,site_latency,936.69,False
10580725fa127aca2ae106730c2ccd13,2026-08-25T02:05:47.587791+00:00,site_latency,1122.41,False
336b5810d6e57f156778f6c9a48abbf3,2026-08-25T02:05:48.061613+00:00,site_latency,250.07,False
2c6a5690b8f1c52e1da6b334099922c2,2026-08-25T02:05:47.717274+00:00,api_generic,334.86,True
760571d531e90e23b0381de919e97614,2026-08-25T02:05:47.924372+00:00,site_latency,611.06,True
383395b6c92f46d6e2e9aebfb7bef597,2026-08-25T02:05:47.923689+00:00,checkout,446.88,False
faea15a54858333ba324e50af38dcc7e,2026-08-25T02:05:48.308120+00:00,site_latency,505.71,False
4d3c763afd1a54c3fb6f59926ec318c8,2026-08-25T02:05:47.916207+00:00,site_latency,777.99,True
b2050e9b15cca0e2c2d48c2164569571,2026-08-25T02:05:47.451390+00:00,site_latency,640.22,False
8fed1d4b2863f7ce30c35fcc62247e6e,2026-08-25T02:05:48.210925+00:00,site_latency,456.44,False
5ef8ac893395bc3640d587f0dee4d614,2026-08-25T02:05:47.942412+00:00,checkout,474.68,False
5fdf9d4b2d88fd1df023187c7b400934,2026-08-25T02:05:48.363711+00:00,checkout,441.96,False
0991eceefb4745c43c32f8a0859ab0dc,2026-08-25T02:05:48.609457+00:00,api_generic,268.64,True
03126f58b55583dc761adb69c00d35db,2026-08-25T02:05:48.344712+00:00,api_generic,337.45,True
90407cbd4c3a5692bc006da028568476,2026-08-25T02:05:48.179712+00:00,checkout,181.9,False
e5a275353d0bf4210a5b9d7a9552a99f,2026-08-25T02:05:47.945897+00:00,checkout,567.58,False
acd1b864480a5a687a1a5c2d4b062aa4,2026-08-25T02:05:47.667859+00:00,api_generic,643.5,False
65492a17699bfa349afde5f84ddf71e1,2026-08-25T02:05:47.668311+00:00,checkout,427.29,False
dd04d25d93707a6cbbbeaa4a5e12c9c0,2026-08-25T02:05:47.692462+00:00,checkout,408.28,False
229fedb8db1aa2a20309b8f57615eb98,2026-08-25T02:05:47.645789+00:00,site_latency,487.31,False
96975bda4bd9c024e70d0c78c1b2bd7f,2026-08-25T02:05:47.984401+00:00,checkout,713.86,False
0b596404cee1732fe4fa8c4bdc5e2cdc,2026-08-25T02:05:48.044746+00:00,checkout,481.99,False
adb95ad1f67bcb840f9ca8104ac1f61d,2026-08-25T02:05:48.097500+00:00,checkout,505.99,False
5aedee1b7478028a587c0a8d3b4ba775,2026-08-25T02:05:48.292485+00:00,site_latency,491.95,False
a78a294b5098b745bc6053f12e5f08c9,2026-08-25T02:05:48.393012+00:00,site_latency,432.44,False
9ad15d1033c26ac7e5ed91b0464aa040,2026-08-25T02:05:47.909811+00:00,checkout,833.63,False
ba315282426daabb1986b7b685415594,2026-08-25T02:05:48.175809+00:00,api_generic,647.07,False
11cc00cc471067762def33cd7aea082e,2026-08-25T02:05:47.604557+00:00,checkout,692.45,True
30837721c2b7e9c4114959ac061947c0,2026-08-25T02:05:47.516956+00:00,checkout,500.96,False
340c1d2ea0629dd12df79fc0cee91c0c,2026-08-25T02:05:47.420592+00:00,site_latency,1074.83,True
2d6773de7922be91ee3c97aa60e357af,2026-08-25T02:05:48.363995+00:00,site_latency,533.69,False
a860e9a970035d219337931ccd5c9313,2026-08-25T02:05:47.465427+00:00,checkout,1339.96,False
a1f3561442dc56fa2d83176adb55dda1,2026-08-25T02:05:46.907162+00:00,api_generic,1182.84,False
4985f252241b1b36e75bf93b491983f5,2026-08-25T02:05:48.343985+00:00,site_latency,420.15,False
a52dcffcc94ebac1c53cc34a6a1baff0,2026-08-25T02:05:48.315155+00:00,checkout,474.48,False
2a52b00a97f3a817e8d2d6acae7b2416,2026-08-25T02:05:48.278623+00:00,checkout,465.16,False
0a0ec2612588520cd0c78179447769ff,2026-08-25T02:05:48.114425+00:00,checkout,470.17,False
de2d203195ea4cbf07bd7dd5d0f51c26,2026-08-25T02:05:47.856743+00:00,checkout,484.63,False
9b75cb962e9168534f223e9daba7d271,2026-08-25T02:05:48.274611+00:00,checkout,536.79,False
60bbd04ab81cfdd8e41a62cbbbea1f1b,2026-08-25T02:05:48.284389+00:00,checkout,513.74,False
68fe1b3f915bdd62700f0c17b97b4ff1,2026-08-25T02:05:48.425514+00:00,site_latency,110.26,False
b44f847d19739d13be26973f3fb8999b,2026-08-25T02:05:48.507093+00:00,checkout,459.0,False
59c1ea6e568a069b91768e79b056951f,2026-08-25T02:05:49.423708+00:00,checkout,279.3,False
e7ef4731845e4eff28b0fa1a40fdb270,2026-08-25T02:05:49.014671+00:00,api_generic,423.65,False
ae3225255b69411825456946dd6e9d57,2026-08-25T02:05:49.300722+00:00,checkout,566.04,False
1e84d02dd68512dc78e04fa52051545e,2026-08-25T02:05:48.671159+00:00,api_generic,303.24,True
89ee1468ff9cb64b4460bbccdced9a6b,2026-08-25T02:05:47.315235+00:00,checkout,2239.37,False
7849923f1f4ff2a7f32b2188bb06f2a0,2026-08-25T02:05:49.419517+00:00,site_latency,403.56,False
049e4a3ae2dfba1453c4cafca4a00733,2026-08-25T02:05:48.557341+00:00,site_latency,411.9,False
0d9279d8f34ca4d91faa22af48cd9185,2026-08-25T02:05:48.291101+00:00,checkout,921.51,False
a2df07d715235d9d08b5691facfab053,2026-08-25T02:05:47.465247+00:00,checkout,2245.27,False
8b9e73c5eb16329822d330732bcd89ef,2026-08-25T02:05:48.702956+00:00,api_generic,280.2,True
a84a7068de37bb0466233b6e2da034e6,2026-08-25T02:05:48.113683+00:00,site_latency,1082.77,False
163ddec9e4ec68afbe0353b4f76aac70,2026-08-25T02:05:48.705375+00:00,api_generic,444.66,False
d0cd904a9f3803ac529e9a56bb148ab6,2026-08-25T02:05:48.533799+00:00,checkout,447.38,False
0c8ccda75ce393a4e461a5fcb1ace4d2,2026-08-25T02:05:48.880291+00:00,api_generic,101.51,False
5f74fa7edb952590f76d003565423118,2026-08-25T02:05:49.027380+00:00,checkout,627.29,False
69b04f48b0b1a4127dc78f6edf7e52b3,2026-08-25T02:05:48.901838+00:00,pix,81.87,False
04a1c05322d25f58f77fa662edd71901,2026-08-25T02:05:47.832777+00:00,checkout,1137.03,False
58e121e7a993df8aa70d9f01123fd379,2026-08-25T02:05:48.862051+00:00,site_latency,366.28,False
65c14fbd4618a4e0d9f72841999754e8,2026-08-25T02:05:48.645621+00:00,checkout,332.3,False
3bde5eab34c11eed1b307ef7ffa1ee63,2026-08-25T02:05:48.430372+00:00,checkout,553.7,False
cdadd201b769b245ee2e2456728cbbd8,2026-08-25T02:05:47.862032+00:00,checkout,1896.62,False
3f17a5df62ec4b6ff19c642aa353238b,2026-08-25T02:05:49.241357+00:00,checkout,406.25,False
d6de05e7525c0c1182e2b9fd775479a1,2026-08-25T02:05:48.952738+00:00,site_latency,440.75,False
84f13c7d34bd21565279907c2bbd1c60,2026-08-25T02:05:49.236886+00:00,site_latency,402.34,False
61e106638e954cedf2c5c7b0bb30d59e,2026-08-25T02:05:48.793382+00:00,checkout,497.26,False
7ce8eef6192ef0b9374314f081475198,2026-08-25T02:05:48.492856+00:00,pix,708.79,False
262ddc1949bb9827e9c51fcf2f4d88ff,2026-08-25T02:05:48.865149+00:00,site_latency,482.02,False
bfeffd82e3c62419010306c172e3ad4a,2026-08-25T02:05:48.448663+00:00,site_latency,592.97,False
e8d3bad5f3a874f2b37f31d50476484a,2026-08-25T02:05:48.793180+00:00,checkout,486.88,False
f72131bf8c1358c9a09c4ab8d3ca8d4a,2026-08-25T02:05:48.596434+00:00,site_latency,402.15,False
8e89939b66db03a26904d52016ab873c,2026-08-25T02:05:48.796376+00:00,checkout,692.77,True
f0959adc0ef6790efde4174ecaee87c8,2026-08-25T02:05:49.429524+00:00,checkout,409.12,False
73de9b40fc20bcc38f381f900f2fe617,2026-08-25T02:05:49.041030+00:00,checkout,529.53,False
ad7722f0c3e334f0d4c41d007752b788,2026-08-25T02:05:48.457496+00:00,api_generic,1329.0,False
5391193f657ccf3e70ba26cfb101e6e4,2026-08-25T02:05:49.115440+00:00,checkout,464.42,False
8366e17123f41b137198f5a90c1d7b74,2026-08-25T02:05:49.302616+00:00,checkout,523.54,False
4c69fc1e8ae46c3c979544dda2d1144c,2026-08-25T02:05:47.918917+00:00,site_latency,1270.03,False
4d6c2e6177991840141baac83cf60ddf,2026-08-25T02:05:49.230209+00:00,checkout,438.97,False
8652e5a35457008265e13d03bc1d6de4,2026-08-25T02:05:49.210182+00:00,checkout,508.63,False
95ed7b7ea7a53fefd20f75795b5643c5,2026-08-25T02:05:48.533347+00:00,site_latency,596.38,False
6f835af4268a8f9932fd4fda4d1ef1e4,2026-08-25T02:05:48.825379+00:00,site_latency,441.42,False
21eb696a95450d4d56d0a5b96abf1969,2026-08-25T02:05:48.868313+00:00,checkout,536.87,False
6b84794ba2b51b98a6aaaa1927c63610,2026-08-25T02:05:48.995162+00:00,checkout,751.3,False
1e07c3849cf6c7e86e2ee60aac0b7c5b,2026-08-25T02:05:49.079571+00:00,checkout,418.02,False
26200890f5710d20dbffc72b8c1107e0,2026-08-25T02:05:49.037737+00:00,site_latency,428.8,False
6ec32f2f326d5e6aca2381c5704a18d0,2026-08-25T02:05:49.271367+00:00,site_latency,416.13,False
d12be12f4d1e248368b1c5e8216e57b1,2026-08-25T02:05:49.050588+00:00,checkout,519.19,False
b134d6cf7f7b11d79ce2e68ff259f2d6,2026-08-25T02:05:48.460007+00:00,checkout,602.46,False
2d729c000070780e7a0a3994391eedbd,2026-08-25T02:05:49.060470+00:00,site_latency,400.59,False
20d736f4172feaca81f135f9a17bb589,2026-08-25T02:05:49.326877+00:00,site_latency,412.77,False
11cedffa6675db05ed64c4f1a151d22e,2026-08-25T02:05:50.132457+00:00,checkout,505.13,False
c9bae5da8e354a73bbc3b18dd957fb06,2026-08-25T02:05:48.994788+00:00,site_latency,1064.64,False
96fbecb2db7a74ab8c36ec2a0fae4ce8,2026-08-25T02:05:49.561241+00:00,checkout,428.97,False
36d05b986d2719617ec3d5d48ae85ef0,2026-08-25T02:05:50.006902+00:00,site_latency,522.66,False
20764b23041bc583d7bcffdbbca9801a,2026-08-25T02:05:49.139719+00:00,checkout,929.7,False
8e1957ec3b0a969330be2e75c871df52,2026-08-25T02:05:49.620894+00:00,checkout,434.73,False
8f457fa47b4d9c2917d8c6278f84a6c4,2026-08-25T02:05:49.771863+00:00,site_latency,454.22,False
6c08e1ca0497cf6181538d793524b1cc,2026-08-25T02:05:49.648160+00:00,site_latency,440.05,False
64e9dd0714c965e143be67705186c286,2026-08-25T02:05:49.728951+00:00,checkout,534.62,False
495f9de5c2e5c62bd573e6614a0cb11d,2026-08-25T02:05:50.178511+00:00,checkout,408.17,False
3cd4122c3bfb06c2d20daabd2aeb70cc,2026-08-25T02:05:49.274473+00:00,api_generic,898.67,False
32a91b2a0514c1eebc1790b5c3b7630a,2026-08-25T02:05:50.445208+00:00,pix,114.76,False
a8c1e6908177509a0e10cfdcfd30a0b2,2026-08-25T02:05:47.875438+00:00,checkout,2036.11,False
e081c8c83511baa965da78db1523f394,2026-08-25T02:05:49.556861+00:00,checkout,483.15,False
88c3dba53c5caec433f2af475274c272,2026-08-25T02:05:49.725627+00:00,checkout,781.38,False
9af3335a26df063906a2b1fbf880887a,2026-08-25T02:05:49.622544+00:00,checkout,525.14,False
e327783cfe85e6313b0e874ec2f1eb20,2026-08-25T02:05:49.909610+00:00,checkout,662.36,False
397d95974bb9598e06417392bd200af2,2026-08-25T02:05:50.386607+00:00,api_generic,350.91,True
721c2fb1ac55530d62cf47c45b763187,2026-08-25T02:05:49.239329+00:00,site_latency,882.76,False
8f8e2ae5bcd97a975cd40d4e8af78ef2,2026-08-25T02:05:49.541583+00:00,checkout,446.8,False
c9e3071336cd94fd090a346dd8503369,2026-08-25T02:05:49.702975+00:00,checkout,681.65,False
57114e7f1331d31d8918af0ee448058c,2026-08-25T02:05:50.004816+00:00,checkout,606.52,False
7b738f7e7fb8b2ffe71e33a60e3d3283,2026-08-25T02:05:50.163713+00:00,site_latency,431.6,False
aa0b337a085e44bd423376f35cde8573,2026-08-25T02:05:50.227355+00:00,api_generic,54.37,False
6e6dc60070784b4fb1b5421af6807de3,2026-08-25T02:05:49.816758+00:00,checkout,638.01,False
e18d8d87f6b3b9db6f651fe3829c41a9,2026-08-25T02:05:49.508269+00:00,site_latency,566.58,False
3cfe59d9590730bfee14b7abba053dc4,2026-08-25T02:05:49.577651+00:00,checkout,793.28,False
fb2e4bd82030967e057b22b0374824fc,2026-08-25T02:05:49.513622+00:00,checkout,606.48,False
86045a4ae912e2e0271f27e2e503f7e0,2026-08-25T02:05:49.772237+00:00,api_generic,840.84,False
006001d06dbc9ba636563e912efb7c7d,2026-08-25T02:05:50.139977+00:00,checkout,478.5,False
17d6afb9c186b11c305dc8e8a57fc66d,2026-08-25T02:05:50.216252+00:00,checkout,523.39,False
0639bc59666d73fffd1fef1e7e450b37,2026-08-25T02:05:49.139421+00:00,checkout,849.59,False
0f2a1a1994d7627ee7c5828716058a72,2026-08-25T02:05:49.536980+00:00,checkout,943.01,False
23842be1e16bc62c556789396075a35f,2026-08-25T02:05:50.300877+00:00,checkout,418.59,False
6c65ee041b8ffa28c0db97ae781df5a9,2026-08-25T02:05:50.372332+00:00,checkout,412.71,False
bd6fd54aa27c769889a15ec0015ad4c9,2026-08-25T02:05:49.579139+00:00,checkout,413.68,False
241d3f5150fb5d0867efe8c57773544a,2026-08-25T02:05:49.702250+00:00,site_latency,546.1,False
61c0036578d4c849f461275b7fc69f41,2026-08-25T02:05:50.296815+00:00,api_generic,136.73,True
a54307a1f793ebaae9784663798f43e5,2026-08-25T02:05:50.004304+00:00,site_latency,517.97,False
a9d5d712abd2dde50b0df6fd97fa7f4a,2026-08-25T02:05:49.458485+00:00,site_latency,448.44,False
cf65d57715985ae053e88126eac30a4c,2026-08-25T02:05:49.984723+00:00,checkout,503.91,False
67a38924cfe021e176e6512317c1e5ed,2026-08-25T02:05:49.575291+00:00,checkout,577.47,False
108fc5432bb8aabb013f6bb0861976e4,2026-08-25T02:05:49.107568+00:00,pix,885.55,False
37d51667c23d16faac1d0bb8c4de4eac,2026-08-25T02:05:50.317652+00:00,site_latency,431.02,False
346ae054f1e17793b015ae19e1c45f7a,2026-08-25T02:05:49.491227+00:00,checkout,496.8,False
3f64b5edc6a38ae053e365cdcb127861,2026-08-25T02:05:49.535799+00:00,site_latency,372.3,True
302a393eaa36665bf1aa14c82c296ccb,2026-08-25T02:05:48.991896+00:00,checkout,1526.63,False
49649c77c79307a4bb1c932fc3ffd95d,2026-08-25T02:05:49.549109+00:00,site_latency,440.72,False
8a1472ca094e21a837316c5a87b5d0fe,2026-08-25T02:05:49.600296+00:00,site_latency,558.11,False
475d3ec26cfe598dabae46785b8c840e,2026-08-25T02:05:50.085254+00:00,site_latency,471.72,False
1c2144ca58995f7a5443155bbdd65120,2026-08-25T02:05:49.562220+00:00,checkout,431.17,False
fb02e6ddaeb74f148d055a9295ccbdf1,2026-08-25T02:05:49.406418+00:00,pix,637.03,False
c2d7bea71ed4d2df9063509faf7ee552,2026-08-25T02:05:49.831653+00:00,checkout,667.3,False
b34f4503938295320759152b255a73e6,2026-08-25T02:05:48.328409+00:00,site_latency,1924.24,False
4f9bb2ff70021908b8ceeae1d878e21f,2026-08-25T02:05:49.985672+00:00,checkout,218.43,False
2d66202431190e57f2d6f68085f761ca,2026-08-25T02:05:50.233663+00:00,checkout,505.41,False
d2c6b0eb0dc2aa7e06f9166e35316d07,2026-08-25T02:05:49.715452+00:00,site_latency,440.23,False
e743f402a04bd162c87e3c90ef2ff6a5,2026-08-25T02:05:50.122050+00:00,checkout,572.1,False
d4607d1d10ab2430dcad7cf8daae2cc4,2026-08-25T02:05:49.666553+00:00,checkout,531.38,False
baeb6d4de6016d356409496c74716457,2026-08-25T02:05:49.564847+00:00,site_latency,430.31,False
b875ad9cb5d9f93db7db89b9b5024b08,2026-08-25T02:05:49.434560+00:00,site_latency,576.75,False
db57a8ff4dade11cb8e8bedc50a1446d,2026-08-25T02:05:50.016228+00:00,checkout,415.29,False
fd46d0880f8d64e83b8f987b2168f36e,2026-08-25T02:05:49.985961+00:00,api_generic,102.51,True
5bee939761d56939aefec84cbe299334,2026-08-25T02:05:49.251768+00:00,checkout,1360.94,False
7d95272e76769fd8333178768ba578e4,2026-08-25T02:05:50.296379+00:00,site_latency,422.78,False
ce82a77d177dc1795d071d4ccaa7cefa,2026-08-25T02:05:49.645284+00:00,checkout,404.48,False
6b5e8726476404f55065a14bfe1e07af,2026-08-25T02:05:50.862039+00:00,checkout,510.14,False
959260bd66448061e85ee5eb7ad74cb4,2026-08-25T02:05:50.974488+00:00,site_latency,564.75,True
5614ed6eca89460a5c507bb4c1be08ce,2026-08-25T02:05:51.003351+00:00,checkout,643.54,False
9f73c489640493ade1e6d74e43a84aba,2026-08-25T02:05:50.214921+00:00,pix,699.27,False
22ab5d934b41489c72f61e300555569c,2026-08-25T02:05:51.240369+00:00,site_latency,89.54,False
41439f061a8b9ee93873c7f105e36204,2026-08-25T02:05:51.579057+00:00,site_latency,72.38,False
5f0035d0eeddc8c312398e4cf7a85b8a,2026-08-25T02:05:50.243210+00:00,site_latency,645.74,False
d44e72b4a1676261fae15de9d8e52690,2026-08-25T02:05:51.174524+00:00,checkout,522.72,False
98c2b10700410be9de6f1254c213ea65,2026-08-25T02:05:50.921471+00:00,api_generic,92.08,False
ada57f5385855bdc8ff6b9e6c740af86,2026-08-25T02:05:50.692204+00:00,site_latency,419.05,False
4682b1dd524ae47565471e6ff1cdd4a1,2026-08-25T02:05:50.474972+00:00,site_latency,458.14,False
ef29009af677334751bc67a322e10fc2,2026-08-25T02:05:50.051212+00:00,site_latency,845.22,False
bcf1d6d64d6ff9a2241a8b8c906d2c1c,2026-08-25T02:05:50.880093+00:00,checkout,403.27,False
ab8b1002f7c2f832fff6a9e641afde43,2026-08-25T02:05:50.579287+00:00,site_latency,654.94,False
90bc41fd9455484c62b498a00414e6bd,2026-08-25T02:05:50.491232+00:00,checkout,400.29,False
fd7879a4ec7722c71c05efbfd61d5064,2026-08-25T02:05:50.948148+00:00,site_latency,504.35,False
e435efb10a5c603332108a89db4104e5,2026-08-25T02:05:50.879904+00:00,checkout,181.73,False
6f50c8f6a8aae41113032c17e906aa63,2026-08-25T02:05:50.779754+00:00,checkout,471.23,False
861dd3f57a4c90e9839ff4b142407e87,2026-08-25T02:05:51.320137+00:00,api_generic,114.05,False
609c1fe4a35b5093ceaf3e2a724dd045,2026-08-25T02:05:51.193199+00:00,checkout,533.58,False
543d496ddf3466329992359780592e32,2026-08-25T02:05:50.357355+00:00,api_generic,648.86,False
9cfefc469b2c07017b8d4c9205995e06,2026-08-25T02:05:51.237203+00:00,checkout,489.92,False
16e82ca95a9ad541be9ce7f6db49ec81,2026-08-25T02:05:50.387138+00:00,checkout,499.2,True
b36fb9c27a9065e1e42d9cb67837c763,2026-08-25T02:05:50.228784+00:00,checkout,663.07,False
f9e1e3f60a086a3ca0586bb950ed598f,2026-08-25T02:05:50.552377+00:00,site_latency,454.19,False
8d5ac29c8c0185a7566c8528f31c7e08,2026-08-25T02:05:50.311567+00:00,pix,578.0,False
b25b1e12de018695e95a404df2e7aef2,2026-08-25T02:05:50.443695+00:00,checkout,555.82,False
e990052cf5e4a1e02a6a9a6dcfa7c431,2026-08-25T02:05:50.861318+00:00,pix,407.48,False
11d9f8b601e1911095eafaeea6378c68,2026-08-25T02:05:49.216630+00:00,site_latency,1880.31,False
c26d6bd2d36c933652cf2c6d1aec1f25,2026-08-25T02:05:50.998807+00:00,checkout,422.02,False
e53fec2089748733a08c357f86ee6db2,2026-08-25T02:05:50.442310+00:00,checkout,502.65,False
9bd5f8a24dec9268069a76dc56ab703c,2026-08-25T02:05:50.975893+00:00,site_latency,433.07,False
1ade9fe00dd966e34b877d3b3640ab4a,2026-08-25T02:05:50.685514+00:00,checkout,445.68,False
090d98c9dd40e17e30e786e265238ad9,2026-08-25T02:05:51.063375+00:00,checkout,520.73,False
01dda457e8dc5499cd4f4b1c2d155909,2026-08-25T02:05:51.134695+00:00,checkout,452.59,False
208f1c9fcb12acaab16e5a3f68b1ab37,2026-08-25T02:05:51.000834+00:00,checkout,453.27,False
20d6d7ae25a3c62e5eb51adca8ddf611,2026-08-25T02:05:50.325186+00:00,pix,1037.16,False
b6097d30bdc7544679d38fd45642bc3e,2026-08-25T02:05:50.922894+00:00,site_latency,267.88,False
a49ae9cb5b8e2bd1c6d3448edfb0969c,2026-08-25T02:05:50.653268+00:00,checkout,457.73,False
46a1216fd980694a32630919e4f0d85d,2026-08-25T02:05:50.609052+00:00,site_latency,707.26,False
6b8f56e0b8dfddd48f742d2985674cc7,2026-08-25T02:05:50.709067+00:00,site_latency,417.79,False
07f37e750509414f3394891836705441,2026-08-25T02:05:51.175422+00:00,checkout,423.21,False
bd2ad7c523fcae3233297ccde9a3e85d,2026-08-25T02:05:50.536356+00:00,site_latency,563.2,False
a84fc81d61f07932fb0a0c88ba772d19,2026-08-25T02:05:50.899536+00:00,checkout,411.31,True
85c5fdc62885fba526ab6bc32ce26732,2026-08-25T02:05:49.800256+00:00,checkout,1064.56,False
7c15b2272fd8275a06adc9efec231d90,2026-08-25T02:05:50.964727+00:00,checkout,511.42,False
03331c5141f3173d9212db67723ce43a,2026-08-25T02:05:50.534057+00:00,site_latency,1055.36,False
adad36cdaa718815e88d260a6abf758a,2026-08-25T02:05:50.793410+00:00,site_latency,419.64,False
e23174daf7c3a0ae335e29024da41308,2026-08-25T02:05:50.872403+00:00,site_latency,768.89,False
bb827b99b23fd218c773ca69ec6f5547,2026-08-25T02:05:50.995518+00:00,checkout,708.79,False
11bba4bf27d9be04e803850bcc68c957,2026-08-25T02:05:51.320686+00:00,site_latency,504.12,False
65aec3c48ecd19e75afc1f35b6d81498,2026-08-25T02:05:52.383130+00:00,pix,136.04,False
2e1a708829a8a880f8f0bc878101cdad,2026-08-25T02:05:51.525746+00:00,checkout,447.0,False
3bc80f0d9b091ad8a09ea1ca1d3df55e,2026-08-25T02:05:51.447854+00:00,site_latency,478.76,False
b4b32aabf9648a9d10e197069c9b01ce,2026-08-25T02:05:51.871811+00:00,checkout,535.4,False
a2d8bf4f68018f4fb3a130d3ec5ec2a3,2026-08-25T02:05:51.146888+00:00,pix,830.31,False
d77ad1d383b07182f0aa781a01addd54,2026-08-25T02:05:51.572743+00:00,checkout,423.59,False
3cb400506ac5fe627ae62c1549fc995b,2026-08-25T02:05:50.893152+00:00,checkout,912.67,False
37028d81c2d11561dd1a5abb56828a72,2026-08-25T02:05:51.120374+00:00,site_latency,800.68,False
30e2a1e3b5e26d2f1dd15ea599e07d36,2026-08-25T02:05:51.355280+00:00,checkout,593.91,False
6d86863f29b2df8070a4f87fb098a502,2026-08-25T02:05:52.014567+00:00,checkout,533.52,False
5c11990816da51d9b5231ccec257bb79,2026-08-25T02:05:52.077240+00:00,checkout,501.83,False
c5f51cab8b90df975d3edeb690eea56e,2026-08-25T02:05:51.844870+00:00,checkout,434.24,True
a261b7576ad7dccdebec6a1d6d30025d,2026-08-25T02:05:52.074311+00:00,api_generic,93.49,False
1dc30afdbeb7a7ff61333a628a0c9268,2026-08-25T02:05:51.421921+00:00,checkout,410.07,False
536feb14f945525f6ad5558538c5035a,2026-08-25T02:05:51.999093+00:00,pix,199.1,True
995f0c937066c2583875890a7bf55f2d,2026-08-25T02:05:51.977532+00:00,site_latency,446.53,False
cea67564edc8c01f06ad0c98d1400bb3,2026-08-25T02:05:51.639229+00:00,api_generic,397.05,True
1948c73ea2206fec0a65b3b6cca30bc7,2026-08-25T02:05:51.807818+00:00,site_latency,678.44,False
b5197352ba912335fbb18db2c1edc2ca,2026-08-25T02:05:51.640852+00:00,checkout,470.63,False
f34e1226b26dcc641b6da3651b688bce,2026-08-25T02:05:51.589319+00:00,site_latency,428.02,False
25adf77503689844789b1ea2a5bbb38f,2026-08-25T02:05:51.763596+00:00,site_latency,499.84,False
40ef011ab1c83523135651fc180e51c4,2026-08-25T02:05:51.482000+00:00,checkout,785.57,False
196331294fe8b4ec1b31f84d354d76d3,2026-08-25T02:05:51.572212+00:00,checkout,456.55,False
0e70713fef7c14a3b9ebe7ba946f5857,2026-08-25T02:05:51.547256+00:00,api_generic,409.19,False
76ef6225249631e7757f1ea622034290,2026-08-25T02:05:51.513033+00:00,site_latency,520.8,False
be34e03f042474acf2afe8602482abcd,2026-08-25T02:05:51.504226+00:00,checkout,555.88,False
53a5459be071a833fd144bc77887ce8e,2026-08-25T02:05:51.364150+00:00,site_latency,1052.21,False
72bbf216b82ab6c87368ffee8215c4df,2026-08-25T02:05:50.395360+00:00,checkout,1509.84,False
421431322647ecbe3631be471d4c1d3f,2026-08-25T02:05:51.676411+00:00,site_latency,503.05,False
1163fcb2b067b9578c9203f0b687b487,2026-08-25T02:05:51.876924+00:00,pix,453.67,False
49e037a4e96cbb4600d6d95e6ca1e97c,2026-08-25T02:05:51.563055+00:00,pix,206.37,True
8ac296d90b012b87e3378ccdf904a38a,2026-08-25T02:05:51.888906+00:00,api_generic,107.63,False
aec5a2c5c7eb5e59f73de7245b48505e,2026-08-25T02:05:51.662064+00:00,checkout,414.18,False
48aa809be82e2380eb713b0fe71cb425,2026-08-25T02:05:49.835026+00:00,site_latency,2598.96,False
33621e882fe0ecd9ba2e7e34b15c188b,2026-08-25T02:05:51.141335+00:00,checkout,613.11,False
5887096a31be4308cdb7d6cc801877c6,2026-08-25T02:05:51.856221+00:00,checkout,648.54,False
7f805b1db92c134c78a951535b8b1dde,2026-08-25T02:05:52.190329+00:00,site_latency,133.15,False
08e3da7075801ff5551b834e464018a6,2026-08-25T02:05:51.472360+00:00,checkout,419.76,False
96da855750550f5a08082cb437530d38,2026-08-25T02:05:51.291817+00:00,site_latency,488.41,False
0581757ecc4c35d81d2fdb646151d2a8,2026-08-25T02:05:52.033792+00:00,checkout,451.0,False
b2a6f4afc7bc749f7b213c9a4241200a,2026-08-25T02:05:51.923572+00:00,site_latency,334.13,False
b22c249e9e3cfbbd0552de14d7c7f1a5,2026-08-25T02:05:50.625308+00:00,checkout,1130.05,False
fe11dee5f262cad00950774521e76fda,2026-08-25T02:05:51.799765+00:00,site_latency,429.77,False
a97e6c7bdbe012cdee8835559f2155a1,2026-08-25T02:05:51.556863+00:00,checkout,528.03,False
07614fe0ba28dc7ac1d87649ba22b418,2026-08-25T02:05:51.680480+00:00,checkout,417.91,False
29676f10bc21db23becee48216e5d9a4,2026-08-25T02:05:52.190772+00:00,api_generic,155.6,True
0a25f895a4dd4c95dcdd169ec595052b,2026-08-25T02:05:51.658323+00:00,site_latency,522.71,False
28d09178726ac3be8811f20dbaaf0b5f,2026-08-25T02:05:50.747031+00:00,checkout,1709.7,False
ba6e3a03d70fd9fc9824f29144704d44,2026-08-25T02:05:51.900367+00:00,site_latency,637.86,False
de0edf2808000ff1dcea859124f50936,2026-08-25T02:05:51.316264+00:00,site_latency,758.09,False
76a36fcb8eda2b7436d54aee71226787,2026-08-25T02:05:52.039155+00:00,checkout,500.41,False
06a30b051b0fa5b678eacd86c2c7cd54,2026-08-25T02:05:51.905153+00:00,api_generic,543.16,False
961bdcbe1c13e3f269f867733c290e81,2026-08-25T02:05:51.352258+00:00,site_latency,489.89,False
689e4e0aa54bee49dec7519d1507a9fc,2026-08-25T02:05:51.648040+00:00,site_latency,597.18,False
f296d8af89951c4ad2fe3758a07e0604,2026-08-25T02:05:51.927827+00:00,checkout,440.6,False
0898663983219dbd3ac04b64ce469231,2026-08-25T02:05:51.302201+00:00,site_latency,425.1,False
ad2cfcf0722cda07c436df3bbc9aa56c,2026-08-25T02:05:51.697014+00:00,checkout,492.04,False
39aebd6312e4691fec7bbf06c1c6a54e,2026-08-25T02:05:52.159952+00:00,checkout,447.88,False
713555fa52827e3ba98918432de88719,2026-08-25T02:05:51.907333+00:00,site_latency,402.01,False
ece1d18382dd9cef21aa83f0deca6abf,2026-08-25T02:05:52.164772+00:00,api_generic,111.28,False
d1caf40333bb7f0486183550f56cdf0d,2026-08-25T02:05:52.045224+00:00,site_latency,426.21,False
00f8c7a5d20c100f09ccd10761b6e78c,2026-08-25T02:05:51.436653+00:00,checkout,413.11,False
1d323f5c40c0ebf25739d4a262d36f41,2026-08-25T02:05:51.342691+00:00,api_generic,562.77,False
ff841477d6ebed14834ff91db58388b4,2026-08-25T02:05:49.805109+00:00,checkout,2743.21,False
227539b1dd0bbe1a48b9bf181100b650,2026-08-25T02:05:51.394133+00:00,checkout,470.32,False
4a636fe63669b499a06cd850aacd3422,2026-08-25T02:05:51.548230+00:00,checkout,469.38,False
664b34a0078e2cfbf815537212d480c6,2026-08-25T02:05:51.763817+00:00,checkout,672.07,False
09d6942f3eda7ea3e081a0a054e9d6a6,2026-08-25T02:05:51.767230+00:00,checkout,468.33,False
a88dbc01c8464b11ce7645f67d3e52b4,2026-08-25T02:05:52.713279+00:00,site_latency,130.42,False
663994a7d8c9c14512cf3a20867b15d9,2026-08-25T02:05:52.522791+00:00,checkout,686.5,False
4ff6e12ea46f6d31f0ff24700413fe44,2026-08-25T02:05:52.615495+00:00,checkout,588.87,False
d61095de269ed72198eb0d25aec82fe9,2026-08-25T02:05:53.141958+00:00,checkout,414.77,False
e218a41445684aab160ecbd36fbee949,2026-08-25T02:05:52.245821+00:00,site_latency,456.98,False
7b8e6833a4e2020ff1e70bb8a70f92bb,2026-08-25T02:05:53.023624+00:00,checkout,503.16,False
32d741287ed24e25c4898bd5cda0cfbc,2026-08-25T02:05:52.390126+00:00,site_latency,434.09,False
31d5696023d1ed9da74d604f2a44ee8b,2026-08-25T02:05:53.013730+00:00,checkout,555.14,False
f0720b3a0a68956ea8ec1d7f105ce975,2026-08-25T02:05:53.137243+00:00,site_latency,125.87,False
638cccd9c7ff77a572deedc27ff6d685,2026-08-25T02:05:52.972208+00:00,checkout,572.88,False
ce3105aba2fbcc1e581490ed4adea831,2026-08-25T02:05:51.376486+00:00,checkout,1608.55,False
88a3660ec09b1ab945192b7a6254b426,2026-08-25T02:05:52.357364+00:00,site_latency,426.95,True
0b2cfa47ebf35f151523153172604c30,2026-08-25T02:05:52.471173+00:00,checkout,444.74,False
277fe38af565f811e3262f36276272de,2026-08-25T02:05:52.708723+00:00,checkout,413.99,False
bf70138c1e3600ef6be6887d07b9c0ea,2026-08-25T02:05:52.736087+00:00,checkout,741.24,False
de791c09b09b80ed7d13a94d1be84572,2026-08-25T02:05:53.139585+00:00,api_generic,37.61,False
12332aa3a2ed40e68f5adf9c40c59476,2026-08-25T02:05:53.288767+00:00,api_generic,225.87,True
9f097d76657299698ead9b81daa47026,2026-08-25T02:05:52.777185+00:00,site_latency,461.76,False
580fd627e704cac4a4fade007b0cd6b3,2026-08-25T02:05:53.356752+00:00,site_latency,87.71,False
dccf8208fe63ad9a94db4ad3cd4426de,2026-08-25T02:05:52.951894+00:00,site_latency,624.88,False
cb7e1846fa38811e9d49433ad5116210,2026-08-25T02:05:52.266352+00:00,checkout,551.67,False
f8fff8c38b3776e0a596fa0185c1b2dd,2026-08-25T02:05:52.342701+00:00,site_latency,427.6,False
83caaa02180f73381f6b26366e596cde,2026-08-25T02:05:52.737153+00:00,site_latency,400.13,False
1d642bbb7b65f1cbd39dfdbeaec485f9,2026-08-25T02:05:52.413008+00:00,api_generic,600.77,False
955d71be6e7a33f24a4797fc5a8c3581,2026-08-25T02:05:52.698817+00:00,checkout,594.14,False
aae70012741a1d6464fd79325c197a2e,2026-08-25T02:05:52.908505+00:00,checkout,405.07,False
1e33c2e77589577baf32476e3bfc701c,2026-08-25T02:05:52.713128+00:00,site_latency,451.29,False
d4aad3294c9ffcf9c6ca5b29faae55b2,2026-08-25T02:05:52.368371+00:00,api_generic,487.92,False
718d1bf289d85f3564c278fd824ffe63,2026-08-25T02:05:52.486222+00:00,api_generic,515.26,True
20808b755748ffeb5920e44880e60618,2026-08-25T02:05:52.693135+00:00,checkout,577.26,False
f18a5319e908e04fbad4bcff5912f282,2026-08-25T02:05:52.382334+00:00,checkout,442.28,False
01947848922494ac097249ffe6b25b61,2026-08-25T02:05:52.610590+00:00,site_latency,588.81,False
c539ecaa585844b1610848ad038f54f0,2026-08-25T02:05:52.978757+00:00,site_latency,513.69,False
758f1e5a22dd017506b5036b15bf1159,2026-08-25T02:05:52.537059+00:00,checkout,586.23,False
e5963a15bb0010ae9aecf05cdb51aba0,2026-08-25T02:05:52.795351+00:00,api_generic,59.06,False
4617c15ebe23a3dec42d819e13298a82,2026-08-25T02:05:53.098920+00:00,api_generic,321.95,True
402e296fff862991e1778da2d93a5d99,2026-08-25T02:05:52.438334+00:00,site_latency,568.39,False
720c5d96b41a2cc6f000e84c29256608,2026-08-25T02:05:52.871082+00:00,checkout,595.43,False
ad0ff0096190f2af9b81002d3d550e22,2026-08-25T02:05:53.130146+00:00,checkout,461.87,False
e98dcf49411e8ef9ad82b3d02d4288fe,2026-08-25T02:05:52.557509+00:00,site_latency,570.43,False
e0e99aa9e5da74105bf1d5429d4e548a,2026-08-25T02:05:51.728674+00:00,checkout,1729.89,False
39ada8703fb95e1241cd6bad933446d9,2026-08-25T02:05:52.620203+00:00,site_latency,750.99,False
4465b000fd56c486d5845529dbdb18b1,2026-08-25T02:05:52.986480+00:00,checkout,411.51,False
eee2f2599b1e4f4b5112d54c244dd59e,2026-08-25T02:05:53.158957+00:00,checkout,411.33,False
b9cdbd356ef28ae1b0e102fc32f624d1,2026-08-25T02:05:52.235951+00:00,checkout,466.47,False
371079f078251b4811b32d59475ae6f6,2026-08-25T02:05:52.451231+00:00,checkout,409.95,False
ebbc3eaae146e4f76cdb91e4e8c043e7,2026-08-25T02:05:52.714153+00:00,checkout,470.82,False
509efac7ed618e484f51198ab44fc65a,2026-08-25T02:05:51.664779+00:00,checkout,1621.36,False
fbc820bcc1c26efa0024eb4b6be40416,2026-08-25T02:05:52.872326+00:00,site_latency,677.86,False
bcd3185ea4cffed4d60c6c22e29c4e20,2026-08-25T02:05:52.849448+00:00,api_generic,128.73,True
dfa2bd270b0a8aef17d138de123b3cbe,2026-08-25T02:05:51.692247+00:00,site_latency,1306.14,False
ed0463f15e4e30e10c1a079cfe3aecbb,2026-08-25T02:05:52.708296+00:00,site_latency,553.21,False
16d86f95515ea9bfff2b7cc6cf76af37,2026-08-25T02:05:52.520657+00:00,checkout,595.19,False
c6446b10591ae3b937ceef23afcab4d9,2026-08-25T02:05:52.207115+00:00,checkout,467.86,False
a6f59d297c5955606b7f735d490a4c8e,2026-08-25T02:05:52.808093+00:00,site_latency,450.25,False
134dff549cdafe373c5958e2f9b541e0,2026-08-25T02:05:52.699800+00:00,checkout,527.95,False
6f4fe7e387d4157f89391429e0bf5fef,2026-08-25T02:05:52.348756+00:00,checkout,791.84,False
aa54bb187365f1bc5814c48be095b071,2026-08-25T02:05:52.369577+00:00,site_latency,1028.64,False
9d06779ba7437e41a383cba725779dd0,2026-08-25T02:05:52.840742+00:00,site_latency,469.28,False
a69a16bc2b5f9521dc6e4863aadb38d2,2026-08-25T02:05:53.656054+00:00,checkout,506.42,False
b79c1ab1588721eda137450d198531c5,2026-08-25T02:05:53.575288+00:00,checkout,640.92,False
43c36e0bb29e9d7e4a91aa63e27ec3df,2026-08-25T02:05:52.819515+00:00,site_latency,847.59,False
4900bb5b51a9f1b827fee7857ef23a36,2026-08-25T02:05:54.040205+00:00,api_generic,241.18,True
f9d5dde1784c2cecaaf22f9098ff9f96,2026-08-25T02:05:53.663884+00:00,api_generic,140.39,True
1d415b1040e843e86940828de8b3dea1,2026-08-25T02:05:52.967073+00:00,site_latency,978.05,False
afd2ad61c2706bcd24832694eb7ebc8b,2026-08-25T02:05:53.765010+00:00,checkout,480.63,False
6556636d14d27573f560b78e3cd692a2,2026-08-25T02:05:54.068021+00:00,api_generic,162.3,True
7109ee928f69ea82f513073bf15ee505,2026-08-25T02:05:53.409502+00:00,checkout,402.11,False
6726229ca0f70fc3eab85903696eb0ff,2026-08-25T02:05:53.500894+00:00,site_latency,506.31,False
5a477defadbbb132a0c6ec8bb6e25827,2026-08-25T02:05:53.721619+00:00,checkout,535.31,False
44ee353001d67a43e3763c730c2b808c,2026-08-25T02:05:52.330202+00:00,checkout,1978.32,False
934f36783844f120bf9b20459d28b497,2026-08-25T02:05:53.739626+00:00,checkout,410.12,False
badf1cef2057f0dc00f8b3ed335dec59,2026-08-25T02:05:53.838074+00:00,site_latency,177.73,True
02220ab6066557753bc8a62d24b7a2f0,2026-08-25T02:05:53.583741+00:00,checkout,561.95,False
7a324a3c7bc7547961f97d8344455578,2026-08-25T02:05:53.929167+00:00,api_generic,104.57,True
8d4a8f1ed76e3ad6d880554185db00c9,2026-08-25T02:05:53.343504+00:00,api_generic,800.03,False
6659f70400cbdc3f301b8c0c57deaeba,2026-08-25T02:05:53.237142+00:00,site_latency,696.53,False
83b6537fcc41d10c86fdfab78f80429f,2026-08-25T02:05:53.273395+00:00,checkout,814.57,False
ac2deb24e67b353f9eb44c656c05017f,2026-08-25T02:05:53.349137+00:00,site_latency,702.81,False
8cce2809662a15e23bc4e8a56306a62f,2026-08-25T02:05:53.148289+00:00,checkout,583.09,False
95e9941074f8a5fa417a2d8a513be69f,2026-08-25T02:05:54.038191+00:00,checkout,416.39,False
3b0bba6ae1440f94e3528a03a055c34d,2026-08-25T02:05:53.512377+00:00,checkout,647.56,False
d39a20f291e8f9179a4ce5f5f8427ec0,2026-08-25T02:05:52.508040+00:00,checkout,1241.04,False
b2c8616019401a2d7e60177302342eb3,2026-08-25T02:05:53.247482+00:00,site_latency,745.29,False
db304221d6f3a3728fd4dad02e84117a,2026-08-25T02:05:53.429124+00:00,api_generic,813.17,False
353375c51c66893c9b77838fb7d0fa92,2026-08-25T02:05:53.978185+00:00,checkout,523.2,False
7aa70d205cc6959101900843504bade8,2026-08-25T02:05:53.140523+00:00,checkout,606.77,False
f70115df6d502c21a5c2a658c693fc50,2026-08-25T02:05:52.975369+00:00,site_latency,1051.8,False
287cabd19a51b544e6a3f4063d538dd9,2026-08-25T02:05:53.414304+00:00,checkout,588.88,False
4324fc882991d668195822feb4a42dc5,2026-08-25T02:05:54.217424+00:00,api_generic,63.18,False
a188bba6b03cd11996a19edabdc7f421,2026-08-25T02:05:53.481432+00:00,checkout,412.36,False
fa5c6c58424c5e02558c40bdfbe0f2a8,2026-08-25T02:05:53.118062+00:00,site_latency,833.3,False
237f87c78d281c388af81c3171434e8f,2026-08-25T02:05:53.133032+00:00,api_generic,517.88,False
3fdf341711fa8e3efee7573e0bbcfa83,2026-08-25T02:05:53.824442+00:00,site_latency,464.94,False
1263165433a2e36ce689e44c03c63150,2026-08-25T02:05:53.491327+00:00,pix,679.18,False
16aae7deb7ec48e6dc75fc946a855551,2026-08-25T02:05:54.412338+00:00,site_latency,50.42,False
fa7b266bfbb9ae81922fad7394deb790,2026-08-25T02:05:53.157157+00:00,site_latency,855.28,False
23988ab649b19ec7acca9c600e99d8f8,2026-08-25T02:05:53.735963+00:00,checkout,593.56,False
ef896b4e4609ee0cf57f0b23ff3ec0a5,2026-08-25T02:05:53.003047+00:00,site_latency,666.24,False
33aee6e0e5f98d48d1275bc4202120f7,2026-08-25T02:05:53.691553+00:00,checkout,477.6,False
345a142fb25f4049e42f463a95963163,2026-08-25T02:05:52.831913+00:00,site_latency,1445.45,False
66e10b11add14c68476be9a868a686c9,2026-08-25T02:05:53.770062+00:00,checkout,729.67,False
39732c8265a73ac4e6e3d7b76d389757,2026-08-25T02:05:53.828108+00:00,checkout,556.3,False
9f4699094b54fbf64dd1b6a23fcd71c6,2026-08-25T02:05:53.769779+00:00,checkout,707.52,False
dcb529e38b46237e305e3c50dd4c9566,2026-08-25T02:05:53.665321+00:00,checkout,457.92,False
af353e1a021b6607a4c70fc400c4adfb,2026-08-25T02:05:54.012407+00:00,site_latency,266.57,False
b9a897eedcb88946c605f1fd51ebd054,2026-08-25T02:05:53.800040+00:00,checkout,502.16,False
54488a06b7fe8b06699b76ca51fdbc0b,2026-08-25T02:05:53.974512+00:00,checkout,491.47,False
6f045fb023339c22b5ccff63891fd476,2026-08-25T02:05:53.328783+00:00,checkout,600.42,False
8ec9c13861cc6b69b2ac38b89d897cfb,2026-08-25T02:05:53.927958+00:00,site_latency,433.97,False
000c10b4fbce930b12a8985ec3276fc7,2026-08-25T02:05:53.025035+00:00,checkout,647.55,False
9c451c0b5d053b6dffcda94dc92a9de6,2026-08-25T02:05:53.930505+00:00,checkout,418.52,False
c030356198c25397fac3fd63716ccda4,2026-08-25T02:05:53.065545+00:00,site_latency,822.61,False
206428123da7860b64db55c548f97e82,2026-08-25T02:05:53.826224+00:00,checkout,497.24,False
75d88b0732416741e67c9e68a54dbaf2,2026-08-25T02:05:52.811651+00:00,checkout,1224.74,False
6faf07f3448113335edc3f7a94425174,2026-08-25T02:05:53.659393+00:00,checkout,609.5,True
66124d81bc1c422102f15dd5dc1f436d,2026-08-25T02:05:54.352602+00:00,api_generic,144.15,True
e352bc496fa159e80e8b3151ddc74f1c,2026-08-25T02:05:53.261474+00:00,site_latency,435.25,False
3c3eb42d64fe0255cdfe830489ef1dd5,2026-08-25T02:05:53.058285+00:00,checkout,582.82,False
81004d619b0051c276496aadb8643bfc,2026-08-25T02:05:52.980947+00:00,checkout,721.66,False
5413623619103df8c55337052efe1472,2026-08-25T02:05:53.183850+00:00,checkout,466.32,False
8e95534f7481a7d91227d8536ae12f6b,2026-08-25T02:05:53.582893+00:00,checkout,900.08,False
23b5cc836b0335f8d3ca89640d5902b8,2026-08-25T02:05:53.659227+00:00,api_generic,506.96,False
16e4d7edeb86f24ae5dbb53eb706401e,2026-08-25T02:05:53.861259+00:00,checkout,417.91,False
782d943b8db4842e4f98194f875d78a5,2026-08-25T02:05:53.800427+00:00,checkout,647.43,False
edbceb6c91488b415ace77c5ecec8618,2026-08-25T02:05:53.265492+00:00,site_latency,617.33,False
af9da3f024af2a60b50149c9e7bdad56,2026-08-25T02:05:53.098720+00:00,api_generic,826.65,False
8080673158e840d972a30be1d6138a3b,2026-08-25T02:05:54.823682+00:00,checkout,485.25,False
4d9a23cb7c330b34f741c70f54366f15,2026-08-25T02:05:55.052389+00:00,checkout,419.18,False
1c2a36aa8a34ad5176be131dd5bacd35,2026-08-25T02:05:53.978896+00:00,site_latency,1029.77,False
e3daf7a0bb7e795985847df698e8dd7f,2026-08-25T02:05:54.469200+00:00,checkout,449.49,False
7a9e43316f9f5b52301df080566da3da,2026-08-25T02:05:54.942165+00:00,pix,458.04,False
2fe133c4ca841e2617f5b755ea935ab3,2026-08-25T02:05:55.203520+00:00,site_latency,243.88,False
0ea956324e561ca2cb73343c361af53b,2026-08-25T02:05:54.961011+00:00,api_generic,114.0,True
1c3b18ef7b7c0d8c8724f93d034611c9,2026-08-25T02:05:54.815536+00:00,checkout,634.98,False
9a244a07884b15a0d2d445e5214af478,2026-08-25T02:05:54.455852+00:00,checkout,483.22,False
28a9c2281846910d917e43bda591e26d,2026-08-25T02:05:50.275976+00:00,checkout,4559.77,False
f628914a01522d5f04b154a786834bc3,2026-08-25T02:05:54.626385+00:00,site_latency,464.65,False
1bdbeeff10ccfbfb73e25176ab35dc2a,2026-08-25T02:05:54.816725+00:00,site_latency,114.51,False
103d395fc66658d748094cfbb7dccfc3,2026-08-25T02:05:54.147135+00:00,checkout,423.56,False
48dabfa989bf4ba74d0445b11e850d60,2026-08-25T02:05:54.698652+00:00,api_generic,147.0,True
d618315df6dbf8d906076a828f27e1bc,2026-08-25T02:05:55.223897+00:00,site_latency,209.28,False
83eb37c6284b7d2223e76a8059049f2f,2026-08-25T02:05:53.481655+00:00,site_latency,1165.34,False
1f5df1db80957a8b1eb8be2ce79c8cf0,2026-08-25T02:05:54.765937+00:00,site_latency,441.68,False
a5398177d13ed31d485507582147dff1,2026-08-25T02:05:54.636752+00:00,site_latency,773.72,False
58e0a028894c72695b025424a9d85492,2026-08-25T02:05:54.982652+00:00,checkout,470.01,False
f2c40deba50f513cc1b1f86aa5dd4baf,2026-08-25T02:05:51.979018+00:00,checkout,2860.39,False
78ea0d372d4027d6469efef917655210,2026-08-25T02:05:53.885660+00:00,api_generic,1203.3,True
58608300a85b3ff5b6daae629895af8a,2026-08-25T02:05:54.404746+00:00,checkout,775.87,True
f9541b452032c25d7c6a3f9dafcd966d,2026-08-25T02:05:55.083774+00:00,pix,104.47,False
0eb6266ec9e20953567f064637bc7385,2026-08-25T02:05:54.933706+00:00,site_latency,409.55,False
314637ec1fef3baa8bb649924b8edd51,2026-08-25T02:05:54.486990+00:00,checkout,603.42,False
5b1590da33c3df814a088c8ccd44e841,2026-08-25T02:05:54.661486+00:00,checkout,440.04,False
3f894f379d008aeb5c9f4ab9850da6ff,2026-08-25T02:05:54.896350+00:00,checkout,483.85,False
a502fe0f7928df3e98bd4b4b94e640bc,2026-08-25T02:05:53.859437+00:00,checkout,949.11,False
10efc104e04ad629fa73ba5cb98d916f,2026-08-25T02:05:54.851952+00:00,checkout,227.03,False
5a2dafe2c8105095f983b3f9a6d8d2ad,2026-08-25T02:05:54.846901+00:00,site_latency,131.54,False
17dbe6f7a4a4b398801e6d0f2aa30fd5,2026-08-25T02:05:54.980292+00:00,checkout,459.11,False
3a222647fcf4f1a1599b44583f71d59b,2026-08-25T02:05:54.262559+00:00,checkout,773.36,False
56b122c845bcb673b717ee0b609df359,2026-08-25T02:05:54.588936+00:00,checkout,423.51,False
97b0b5156f992f9a1a90290c2dec0933,2026-08-25T02:05:51.681757+00:00,checkout,3484.28,False
0f2580daffbb1a0f54804425ec8867e5,2026-08-25T02:05:54.680459+00:00,checkout,583.13,False
cd000d3c97e3b7d272f3d17b52e0cee9,2026-08-25T02:05:54.496444+00:00,checkout,643.96,False
53b95ccf792e9ad2b2ec709212272f9a,2026-08-25T02:05:53.995422+00:00,checkout,598.97,False
41c5c7de4b53ea9fe74dee11d0152d44,2026-08-25T02:05:54.604792+00:00,checkout,407.41,False
4faa018cf1c2983e9be16faf74b68b12,2026-08-25T02:05:54.492401+00:00,checkout,474.33,False
afab85dc29037a2e74c14c21bc0bcbde,2026-08-25T02:05:54.587841+00:00,checkout,526.93,False
c7096139466d09a447279fae47835a1e,2026-08-25T02:05:54.584051+00:00,api_generic,574.09,False
fe6603845ac7b104ae34550e1e77b5d4,2026-08-25T02:05:54.980163+00:00,site_latency,222.07,False
59a3d749ece122843c555bb48bdc4e51,2026-08-25T02:05:54.841728+00:00,checkout,415.48,False
77ca1f161d8dd890f6d9b4c7cad66dae,2026-08-25T02:05:54.356959+00:00,checkout,624.69,False
761fd1df7837d1f46f41af6f7a9a95c6,2026-08-25T02:05:54.300787+00:00,checkout,515.97,False
c2f886198ccbf4168f9a097d01cb6846,2026-08-25T02:05:54.147583+00:00,checkout,474.69,False
d44fcd12d13b4d57eeff96e8b43bc7f0,2026-08-25T02:05:53.966299+00:00,checkout,1191.17,False
50c35242211db2cc2bb1b153ac31ad78,2026-08-25T02:05:54.717358+00:00,site_latency,510.02,False
d0677feebb9af480e0a21831c3647d5e,2026-08-25T02:05:54.337156+00:00,api_generic,925.16,False
41add1adcb92b9a82bc458a9e753289d,2026-08-25T02:05:54.145660+00:00,checkout,537.97,False
8ecab39b240e94dab66cceb496444e26,2026-08-25T02:05:54.260401+00:00,site_latency,406.19,False
c79861603d438a52ed352d8431e94375,2026-08-25T02:05:54.715883+00:00,site_latency,639.68,False
fb35c7a0c45369c543554a2154836569,2026-08-25T02:05:53.974833+00:00,checkout,718.36,True
ee712ec539fda9e9f01e16a3569ef11e,2026-08-25T02:05:54.272042+00:00,checkout,613.4,False
e98d936329761991215143071afc5691,2026-08-25T02:05:54.249223+00:00,api_generic,400.34,True
3bdf1496f0a3ffe7eea3a51834ba69b5,2026-08-25T02:05:54.562793+00:00,checkout,469.43,False
29e4212065512cbc778bc0e5b8123421,2026-08-25T02:05:54.071556+00:00,checkout,516.32,False
f736815f39790b2e388ae8e9071f2a3c,2026-08-25T02:05:54.779791+00:00,checkout,566.87,False
c1dbbd645e52ad10e1fcebc71e473b0e,2026-08-25T02:05:53.798898+00:00,checkout,856.68,True
ff23522dca5cd8b3f984ea4636fa4a11,2026-08-25T02:05:54.313421+00:00,api_generic,500.88,False
39ade8f40242d5182c6c62e19bd17b0e,2026-08-25T02:05:55.228625+00:00,pix,194.81,True
584196651585fedb69dd308acbd277c0,2026-08-25T02:05:54.278949+00:00,checkout,526.41,False
04d97358c9588a2d457e6697465b21ac,2026-08-25T02:05:55.083134+00:00,api_generic,249.57,True
ad7432166d7bda13b5c4bc4e86f53432,2026-08-25T02:05:54.285654+00:00,site_latency,428.64,False
3c86d1906af11bee4a9977ea3f693806,2026-08-25T02:05:54.589321+00:00,checkout,612.62,False
785de087b8b8ea1b076bf334ff652c12,2026-08-25T02:05:54.180864+00:00,checkout,477.27,False
bd30fb3fbe78781b4410197c110ca7e2,2026-08-25T02:05:55.555859+00:00,api_generic,166.84,False
71dd180fa9a3ab9fce675b8e8fadd2bd,2026-08-25T02:05:55.517730+00:00,site_latency,438.07,False
52defc378fd252688d46fcceed0555dc,2026-08-25T02:05:55.609543+00:00,checkout,412.58,False
320163cb642f01f7d255d732c492dbb8,2026-08-25T02:05:55.803015+00:00,checkout,449.92,False
4adf433c9a669a5fe6d79a773e6a36f0,2026-08-25T02:05:55.142625+00:00,site_latency,671.82,False
01c470d8674605ddcdfc5cde61d1cc39,2026-08-25T02:05:55.799346+00:00,checkout,518.25,False
6283191e0946707fd7d55a36e1ab39be,2026-08-25T02:05:55.515887+00:00,checkout,549.6,False
b7903ee45aee6bfe296ec240a53cb53e,2026-08-25T02:05:55.747762+00:00,checkout,456.06,False
fa3614504448f425384014c6a6de0b70,2026-08-25T02:05:55.984939+00:00,site_latency,418.64,False
1b754f1c1ad5e268c0a818a771fd11ed,2026-08-25T02:05:54.927349+00:00,checkout,643.48,False
57c0a9360ad1829813fd89c53fbcd075,2026-08-25T02:05:55.210114+00:00,checkout,462.69,False
e24eb71259f07ce1e03a3a3a384eb5d3,2026-08-25T02:05:55.889169+00:00,api_generic,25.17,False
262a4ae63273fae9dcd760b57158d73d,2026-08-25T02:05:55.821402+00:00,site_latency,402.37,False
9ff121845211c7eaab11ece9f26f87f9,2026-08-25T02:05:55.441243+00:00,pix,709.1,False
d1d9fe4966088452d2b18588964d119e,2026-08-25T02:05:55.528043+00:00,checkout,797.77,False
4e42d2ca696451f04e6114609d81266f,2026-08-25T02:05:55.204006+00:00,api_generic,788.68,False
9b553e87100f502377715f7cb8dea56b,2026-08-25T02:05:56.221414+00:00,site_latency,101.31,False
e56567025bc31659ecefbdbc15dd5418,2026-08-25T02:05:55.104290+00:00,site_latency,503.49,False
38a42c1860259bc34981039facdcd7b6,2026-08-25T02:05:55.742361+00:00,checkout,435.98,False
0e0449a552472ad4810a6bd0d6451011,2026-08-25T02:05:55.605019+00:00,pix,431.11,False
848100aae5d1c997a438f28686058299,2026-08-25T02:05:55.443716+00:00,site_latency,597.38,False
84b6a603b935d41f027519ae34abdc7b,2026-08-25T02:05:55.367866+00:00,site_latency,407.7,False
1b5f694b9aed3b5580ef9ce78297ddaa,2026-08-25T02:05:55.120828+00:00,site_latency,406.52,False
0859aa9d55107e1d24001fa4ba5f07a4,2026-08-25T02:05:55.038290+00:00,checkout,458.84,False
b4979d79de4d1c4a8f1a51da0d21e9c4,2026-08-25T02:05:55.245361+00:00,pix,531.51,False
0f6c8c7b3b13ac0e3fc6a8b38ff601cc,2026-08-25T02:05:55.060148+00:00,checkout,618.91,False
87deb36856025e7029dcededffe25074,2026-08-25T02:05:55.378789+00:00,checkout,579.93,False
bce346e3f832ff80b5610c5a53c6471d,2026-08-25T02:05:55.311026+00:00,checkout,630.33,False
118b2b1b24a6c48f324a635b2a184419,2026-08-25T02:05:55.811978+00:00,api_generic,273.58,True
39311776f0296c491e347169b4773e2e,2026-08-25T02:05:55.037074+00:00,site_latency,721.31,False
78b4ceef7b7df491124ac2121f621e36,2026-08-25T02:05:56.020958+00:00,site_latency,197.01,False
457bd962d78874955f243fbb8a8cf036,2026-08-25T02:05:55.528243+00:00,checkout,504.51,False
94bb348cbbcdba6d445567d03f1e9829,2026-08-25T02:05:55.145684+00:00,site_latency,405.89,False
6d7ad6aca7eb5bccdf28c5f84d765f96,2026-08-25T02:05:55.737224+00:00,checkout,505.9,False
bd123bfe86d07bbbeae97c7c0d47c392,2026-08-25T02:05:55.526650+00:00,checkout,614.62,False
61b77100ab03ecfd732a377c732df06c,2026-08-25T02:05:55.232820+00:00,checkout,558.09,False
611f81c3e6c91297c98e1e4529b54070,2026-08-25T02:05:54.954165+00:00,checkout,601.84,False
79b30780a0b173a2db2c1a71f61dc2aa,2026-08-25T02:05:55.644370+00:00,site_latency,465.2,False
7cd282e6493652a03d1d3d515b88297c,2026-08-25T02:05:54.775817+00:00,checkout,774.3,False
561b22eae68d9c2cdb6defd4f771092d,2026-08-25T02:05:55.293991+00:00,checkout,519.15,False
f09987f79979e556afff5d19afedaf68,2026-08-25T02:05:55.790870+00:00,checkout,433.15,False
ed7ce7a3660ac202a6e3402504ed4bd7,2026-08-25T02:05:55.243979+00:00,site_latency,602.5,False
19e86a34cad7e490438a61bf36a31e27,2026-08-25T02:05:55.660225+00:00,site_latency,559.75,False
33038a844d1f0334af8d7f1a85e9eb46,2026-08-25T02:05:55.866105+00:00,checkout,414.35,False
6616fd5ce327e254e018071d85eaa335,2026-08-25T02:05:55.782681+00:00,checkout,445.49,False
8a1f59acda055cd9242d407f2fe6afcf,2026-08-25T02:05:55.697030+00:00,checkout,436.67,False
22c9466c679ee1dc7cd1d4d492a393a1,2026-08-25T02:05:55.355512+00:00,site_latency,489.54,False
c9db5d0c0a09bca3ac1ad9271c89388d,2026-08-25T02:05:54.929820+00:00,site_latency,584.81,False
27d1edeb0e468522d743a53551097a7f,2026-08-25T02:05:55.133212+00:00,checkout,408.32,False
907ba3c5e07ca601ed5a16ea8c3e873a,2026-08-25T02:05:54.999012+00:00,site_latency,745.01,False
e6e1aeeccb28a535195a2d57e5c71859,2026-08-25T02:05:55.747943+00:00,checkout,563.86,False
684ec780b3170d55b1247a5935c6406f,2026-08-25T02:05:56.574416+00:00,api_generic,72.9,True
5cf20eab06c76040767a4ce9303c427b,2026-08-25T02:05:55.684580+00:00,pix,750.5,False
be1cce9f536c2b48c36bae6ba146b77e,2026-08-25T02:05:55.767345+00:00,site_latency,761.63,False
e037ee571ed94abe6107a4b592d38da7,2026-08-25T02:05:56.448904+00:00,site_latency,430.83,False
ab28a1d6f41bc6da0ff4c7ce3de24aa7,2026-08-25T02:05:56.331940+00:00,pix,184.54,True
a7bffe989949ec29bb3293f6eb0417df,2026-08-25T02:05:56.768986+00:00,site_latency,442.41,False
0b305ae5d5c9bf434a030194c3d5d7b5,2026-08-25T02:05:55.898606+00:00,checkout,534.32,False
f77fe03498b6e490c380c9f921ad686e,2026-08-25T02:05:56.674016+00:00,pix,616.78,False
03f2872177d1d9a47078991c58ccb0fa,2026-08-25T02:05:56.658751+00:00,checkout,545.24,False
7f97f81981508e57ce625f2b006802b9,2026-08-25T02:05:56.097553+00:00,checkout,417.51,False
09b19fbed8dd408847e5432be0bd9804,2026-08-25T02:05:56.338285+00:00,checkout,506.15,False
b718b8eac902365635bc81867cfd80ec,2026-08-25T02:05:56.561532+00:00,checkout,548.03,False
ba56a853956fb34daf6d6c11e302ec1c,2026-08-25T02:05:56.611294+00:00,site_latency,503.51,False
0ad482ffb86b2deeff44e4f5d82d3d9d,2026-08-25T02:05:57.058728+00:00,api_generic,63.51,False
a1ad95dd21075d0b7ed509723a7477fd,2026-08-25T02:05:55.776835+00:00,site_latency,682.46,False
f3cdf6bf48851e5c40a4ff86f8a35674,2026-08-25T02:05:55.880938+00:00,checkout,554.56,False
579ad3f14c757e3bde6e88c6bf2bffa2,2026-08-25T02:05:56.309001+00:00,checkout,487.99,False
a2fa04f626bf8fd7a7eb7962289e05db,2026-08-25T02:05:56.282959+00:00,pix,476.57,False
1227b7594485b0b8dfc1fc636fd52f73,2026-08-25T02:05:56.374842+00:00,checkout,906.16,False
8a7f397ff13b383a9bed923ad349927a,2026-08-25T02:05:56.118878+00:00,site_latency,414.27,False
d6f4b4c830a02f123049515fc269c89e,2026-08-25T02:05:56.869834+00:00,site_latency,403.61,False
e1c04323a1b39187d6bea315e4cb606b,2026-08-25T02:05:56.599687+00:00,site_latency,542.55,False
d66bba1b83a01628f7e8e1bb9ec88df1,2026-08-25T02:05:54.462713+00:00,checkout,2010.53,False
86798fb45eba379cc61058db3d81a720,2026-08-25T02:05:56.311709+00:00,checkout,453.82,False
c7b6347758f77248ba9be22da17e24ed,2026-08-25T02:05:55.837394+00:00,checkout,713.62,False
22a845a7583f6474822ce9d387e69030,2026-08-25T02:05:56.534414+00:00,site_latency,514.66,False
efac9c19b8437b004cfbcf7f89c37005,2026-08-25T02:05:55.911180+00:00,site_latency,513.65,False
3cc13156f49f04642b9f51358e429e61,2026-08-25T02:05:56.278305+00:00,checkout,477.85,False
70b63e5e06a6242e60e47da01897c6a9,2026-08-25T02:05:56.376538+00:00,site_latency,509.95,False
c253986dc9f830bedfb8d30e018134bb,2026-08-25T02:05:54.854551+00:00,site_latency,2438.13,False
94f81e9eaebe8094a72cad51cf962b15,2026-08-25T02:05:56.512142+00:00,checkout,246.59,False
b58934c418511c8e1bdfbf229c3f7056,2026-08-25T02:05:56.518124+00:00,site_latency,96.17,False
c6672e321559dd94b903bf4667ea71e7,2026-08-25T02:05:56.544907+00:00,checkout,504.56,False
bfaf355a7e04e4f67421740c7ef1138f,2026-08-25T02:05:56.205135+00:00,checkout,451.56,False
64157ebc19d485584dbe3107a49c0d5c,2026-08-25T02:05:56.090477+00:00,checkout,519.22,False
7035afcd7c841f58680a8d5315248f71,2026-08-25T02:05:55.525554+00:00,site_latency,1444.68,False
b0d3fa95041ba064fd7824a9b5934702,2026-08-25T02:05:56.615129+00:00,checkout,546.41,False
ebe7b8ec1a0af805445934bd186c85b8,2026-08-25T02:05:56.063745+00:00,checkout,750.49,False
e3ae230d8a481f042724c73697dcc279,2026-08-25T02:05:56.834965+00:00,pix,449.01,False
b884d223f2a17a8ba9c86fa9042a36a2,2026-08-25T02:05:55.906727+00:00,checkout,594.82,False
166cd0670e390a0128d9e4c71855b8ba,2026-08-25T02:05:56.439097+00:00,checkout,468.34,False
ef7ba375991b6781cb265067c04deeaf,2026-08-25T02:05:56.445513+00:00,checkout,823.23,False
3a6efbd1c521847657ec45a2e74175ff,2026-08-25T02:05:55.859456+00:00,checkout,574.07,False
1c1a630363cc0c9642d28103dbde6fbb,2026-08-25T02:05:56.178297+00:00,api_generic,419.99,False
5c1ca11957382cbd04be88860398f6b8,2026-08-25T02:05:56.001312+00:00,checkout,432.02,False
2df9b877481c86b1fb9ff1f3eb2e81a9,2026-08-25T02:05:56.222604+00:00,checkout,610.98,False
71d35a2815c99f4a174442b4e73dc4e4,2026-08-25T02:05:55.837809+00:00,checkout,625.02,False
84c4489c71182d2dc8196c7e341c4dc7,2026-08-25T02:05:56.717929+00:00,checkout,490.65,False
4ccafc6e431191e3eb7ef3172fcd752f,2026-08-25T02:05:56.548374+00:00,checkout,682.83,True
ae3b9af09a0828639b102e998431438e,2026-08-25T02:05:55.697493+00:00,site_latency,1218.6,False
28006ef0bd70d722ae26a85cf79af0f1,2026-08-25T02:05:56.846056+00:00,site_latency,449.32,False
ddd74a088fce29b137cd119a8e24f2d6,2026-08-25T02:05:54.608958+00:00,checkout,2673.75,False
5e3947c20249ef7188c87956e47e7ee7,2026-08-25T02:05:56.454042+00:00,site_latency,710.17,False
37b8d0713a212a25a3036cc8cb872571,2026-08-25T02:05:56.828858+00:00,checkout,429.42,False
bfc02f82ce54f10a991b10bcea6be5c4,2026-08-25T02:05:57.202543+00:00,site_latency,88.1,False
262a78e87b95d5f5b15dded5e7411879,2026-08-25T02:05:56.353012+00:00,site_latency,970.89,False
bca86b0b2590daed83283c5816d2b03a,2026-08-25T02:05:56.251430+00:00,checkout,505.72,False
dfe1d573a08f2a5df818224f5fd7fce9,2026-08-25T02:05:56.403913+00:00,checkout,463.82,False
758f6b6b63d609b7a6ae08594fe9217c,2026-08-25T02:05:56.111366+00:00,pix,760.39,False
59f6fcb6845b6fdc45c16a0bd2b770a3,2026-08-25T02:05:56.462438+00:00,checkout,425.66,False
2d5b36b344fc5089d7d4a8ad66f00ff2,2026-08-25T02:05:56.314030+00:00,checkout,646.7,False
71fea36acc1719d83ce0242833346577,2026-08-25T02:05:57.146353+00:00,checkout,291.73,True
1e28bee761259fafaf4aea1b5eccb5ef,2026-08-25T02:05:57.901471+00:00,api_generic,116.52,False
8490b82aaf0bb95b08358bf722d9c4b7,2026-08-25T02:05:57.279820+00:00,checkout,420.06,False
f6f460bd1913833d90af47204d147a7b,2026-08-25T02:05:57.504786+00:00,site_latency,423.35,False
25c40adaf6dff4b8b3783fdde52afc77,2026-08-25T02:05:57.061264+00:00,checkout,470.4,False
d5bff5e877f7ee0013fd58db90e96a98,2026-08-25T02:05:57.531622+00:00,checkout,425.77,False
4c679a720be7c017be7653b1b2b42899,2026-08-25T02:05:57.670981+00:00,site_latency,404.75,False
a77e0469d1f3bfaa780f9a825030f08b,2026-08-25T02:05:56.988127+00:00,checkout,552.18,True
977577d27ed8d2ffe558ae05f500c500,2026-08-25T02:05:56.950798+00:00,site_latency,449.54,False
4f1fa38ec2f601d420a389c16a840a39,2026-08-25T02:05:57.536509+00:00,site_latency,628.6,False
c3bd2d65c3e930852fd12a50f5102656,2026-08-25T02:05:56.683216+00:00,site_latency,1162.03,False
04ec1b47a3bb3d4e5f2ab03451945d45,2026-08-25T02:05:57.710729+00:00,checkout,439.56,False
80fb4b01fadacb3b5405e3a38a6933be,2026-08-25T02:05:56.585623+00:00,checkout,758.28,False
e5aef6f4067df8530df04c683abef8a9,2026-08-25T02:05:57.135108+00:00,checkout,685.7,False
58db2154b706cbd6a41850e857f1694e,2026-08-25T02:05:57.132363+00:00,api_generic,452.94,True
a0f359d79a95470b7d2dadf09b77d345,2026-08-25T02:05:57.365038+00:00,site_latency,678.54,True
08c74fa7dd958161ceeb0d5e29e22838,2026-08-25T02:05:56.961088+00:00,checkout,858.6,False
8d076ebee4aee82d932729759124873f,2026-08-25T02:05:57.357441+00:00,checkout,520.2,False
925014555bf0f1f8fc74b381668ea400,2026-08-25T02:05:57.801474+00:00,site_latency,419.27,False
867b4ea1a77c83256911ca62519f2a3b,2026-08-25T02:05:56.947944+00:00,checkout,618.47,False
479042a2824db1dbaccdcf07864b3016,2026-08-25T02:05:56.711852+00:00,site_latency,640.65,False
eac33f61629cfb8cfb7ea5d5513920c9,2026-08-25T02:05:57.218877+00:00,site_latency,478.04,False
1c93111d41b99b1b6551f0e0f6615f0e,2026-08-25T02:05:56.779608+00:00,site_latency,749.76,False
b095da91ddeb5d4571d9668b2184aad0,2026-08-25T02:05:54.660070+00:00,site_latency,2947.41,False
d077ca18608ce07a5cb447a02d560222,2026-08-25T02:05:56.776698+00:00,api_generic,586.64,True
353cbc9964535a7c4f80afd1255291bc,2026-08-25T02:05:57.300804+00:00,checkout,492.03,False
f6a84b928cd038eb33364c5b45e134d6,2026-08-25T02:05:55.425482+00:00,site_latency,2378.9,False
2cdf79e79f9a86f9e10c66451fac0ab0,2026-08-25T02:05:57.215321+00:00,site_latency,422.87,False
4cbe4571121ddddf0b614cd5dd121907,2026-08-25T02:05:56.593990+00:00,api_generic,1187.65,False
327dc0834dccc4053741c60656792468,2026-08-25T02:05:57.592301+00:00,checkout,436.12,False
086e332842b7f9659b745ead088722e4,2026-08-25T02:05:57.090462+00:00,checkout,544.47,False
dcec35c114db260e5b4437a83f764d5a,2026-08-25T02:05:57.283929+00:00,site_latency,611.15,False
750e4d363d62dc31c1910eaa22471f5b,2026-08-25T02:05:57.752746+00:00,site_latency,444.0,False
f59250099ee2dc5c94614d5d2a59f624,2026-08-25T02:05:57.083429+00:00,checkout,453.12,False
a01f3b180327a6d2f2a97b7e0f03d8c3,2026-08-25T02:05:57.298978+00:00,checkout,443.35,False
c639ad0c68b119ffaa5e571ddf9d5cad,2026-08-25T02:05:57.389974+00:00,site_latency,429.22,False
42db550aa1d9d0a6c90fd4d14573a42c,2026-08-25T02:05:57.105383+00:00,checkout,492.08,False
cc23418fda3aa7502ec6ee248ef6bfaa,2026-08-25T02:05:56.439823+00:00,site_latency,905.04,False
bd6ef00fe146102c9d8704b95792b9f6,2026-08-25T02:05:57.303831+00:00,checkout,416.34,False
fc1efcee88f4c3fc0a9ec764c64fabee,2026-08-25T02:05:57.116875+00:00,checkout,492.59,False
86647f7c6f63b61f8acd502bd0adfe68,2026-08-25T02:05:57.233989+00:00,checkout,611.53,False
8388f7d336bea4f228a485581344f4a4,2026-08-25T02:05:56.806797+00:00,checkout,694.46,False
defe9891709de9238d0cad315793dda8,2026-08-25T02:05:57.519744+00:00,pix,662.72,False
f553fb3a48ba67717d84fb249c7d5a8e,2026-08-25T02:05:57.709829+00:00,api_generic,118.52,True
62a844972cf99fa5dc28c00a08ae3c30,2026-08-25T02:05:56.815518+00:00,checkout,529.17,False
3590217a01bcf2e9dc6b0b02cade17bc,2026-08-25T02:05:57.389291+00:00,checkout,460.83,False
c8bd599d3c535a2b1cb3b13652364614,2026-08-25T02:05:57.479767+00:00,pix,563.03,False
45c9e0605770fd6fb528ecceae5852a7,2026-08-25T02:05:57.302644+00:00,checkout,667.67,False
b92e79fd7955f2390c7914d4bf285065,2026-08-25T02:05:57.255842+00:00,site_latency,139.48,False
5a72e68542505da4ef03f127ca1ca41e,2026-08-25T02:05:57.464802+00:00,checkout,451.83,False
c8468ec0f3926fe543c5176fc54f8997,2026-08-25T02:05:56.769345+00:00,api_generic,593.7,False
4fd4fdf82aba137c44896f8aec006d62,2026-08-25T02:05:57.410542+00:00,pix,106.27,False
b85cb97a9a114c1c383889db2707c850,2026-08-25T02:05:57.547975+00:00,checkout,405.48,False
6020488ab3e3a62f717b77426132d55f,2026-08-25T02:05:57.493412+00:00,pix,96.77,False
0edf2ca200ba7e9796b8da4a741553a1,2026-08-25T02:05:56.811040+00:00,pix,952.86,False
9c9ace773a7dd3b540d8d71af30b5da9,2026-08-25T02:05:57.613731+00:00,checkout,421.56,False
af68c3e538834079e04987d9b14b3f27,2026-08-25T02:05:57.215774+00:00,site_latency,989.44,False
a14d5226ee85cb564a4e7b088518cda8,2026-08-25T02:05:57.373454+00:00,checkout,831.51,False
094c0a4aebc5c5fe466332652bcf612d,2026-08-25T02:05:56.942543+00:00,checkout,438.71,False
bb2b8bef3b30de0946ab667a99c63f28,2026-08-25T02:05:57.320455+00:00,site_latency,807.67,False
0bd50acb195f2f6115dc65d9fe6b852e,2026-08-25T02:05:57.591357+00:00,checkout,556.67,False
e2df7460ddbd3bb8a947f3c1bf83530a,2026-08-25T02:05:54.828599+00:00,checkout,3021.78,False
929c00b3d8fc25f8582b7e99596cf7b4,2026-08-25T02:05:56.394052+00:00,site_latency,1055.87,False
16f7f32f7ed6c1a5dab3800631d55092,2026-08-25T02:05:57.116623+00:00,checkout,405.2,False
8bb9ebe3c90ff18f0b913a5e77b21af7,2026-08-25T02:05:56.769227+00:00,site_latency,661.75,False
32a9b409d7074d71ab9e6086dbc43014,2026-08-25T02:05:57.182747+00:00,checkout,472.01,False
f3a642da3240cdf8d2ebafe1101d6999,2026-08-25T02:05:56.778769+00:00,site_latency,580.82,False
be4289376a5e30fb1d032915455c5273,2026-08-25T02:05:57.106128+00:00,checkout,546.27,False
8970b582340d3c0dcbf4deed2f5dcf5f,2026-08-25T02:05:57.543871+00:00,site_latency,260.25,True
c6956750cce16eb7414f47e033f9e9c6,2026-08-25T02:05:57.357074+00:00,site_latency,427.58,True
50413646bb2fc011911078639ecd00c0,2026-08-25T02:05:57.543623+00:00,checkout,661.05,False
121073cc5246f1187cc8fcc522b1b53f,2026-08-25T02:05:58.177581+00:00,site_latency,487.16,False
b10f9ac763e161d44a00be0dfb69aa2e,2026-08-25T02:05:57.896662+00:00,api_generic,485.3,True
70a911e8e7c9be628dd892fcfa6c9442,2026-08-25T02:05:58.118675+00:00,checkout,586.26,False
0f9e96f33417534df0c186ca225538d3,2026-08-25T02:05:57.654714+00:00,checkout,753.74,False
a812c935f4fc9bd6495dfb0a07cf9528,2026-08-25T02:05:57.868745+00:00,site_latency,416.56,False
da338d104ec1180986eb46a74431a6c9,2026-08-25T02:05:57.852181+00:00,checkout,413.43,False
189c7846484e28a05cf42d897477ff78,2026-08-25T02:05:57.554775+00:00,site_latency,692.2,False
5ee27a2f5da84fb1ff18f81d66e90ff1,2026-08-25T02:05:58.096840+00:00,checkout,493.24,False
19478de5ccb669d897c0cc51ff5de7e7,2026-08-25T02:05:58.095500+00:00,checkout,887.42,False
a5d4ac164ac339bcab74dcef94c239b9,2026-08-25T02:05:58.772677+00:00,pix,98.07,False
ef5e7ea64feeccf290af658e51bbf35f,2026-08-25T02:05:58.250147+00:00,checkout,423.8,False
ed8bd77644dd7ed443c5db2a6bfeeacd,2026-08-25T02:05:58.128497+00:00,checkout,485.46,False
e8cd344c07e865b97d34ee978b7c792e,2026-08-25T02:05:57.925947+00:00,checkout,414.98,False
2b09254128ce9aea8dabfdbd7221242e,2026-08-25T02:05:58.182431+00:00,checkout,600.63,False
f3d879e0d2505180fadf2a1a64dba943,2026-08-25T02:05:57.746892+00:00,checkout,501.39,False
be86384a2d302b121c988fdc8ade9dc4,2026-08-25T02:05:58.045787+00:00,site_latency,432.27,False
3d20a79b297151c9e8bb4306df3571d8,2026-08-25T02:05:57.967429+00:00,checkout,499.46,False
42a65ea1efff2c6c7ee2882488fc3084,2026-08-25T02:05:58.518435+00:00,checkout,418.31,False
c923c313b8b735082984fc8312029b27,2026-08-25T02:05:57.830924+00:00,site_latency,421.6,False
103b0265c460c8da8eceb9cf17d27965,2026-08-25T02:05:58.109811+00:00,checkout,469.84,False
e8e556061363c2c0a28b86f09d951aa0,2026-08-25T02:05:57.781601+00:00,site_latency,459.86,False
be4d89f1f1ce03cf76b24968f3b677d3,2026-08-25T02:05:58.027759+00:00,checkout,653.5,False
ae26b2d6d43e0585bf022e0db6677355,2026-08-25T02:05:58.532585+00:00,site_latency,384.19,True
f0dafb06a514b1a7e96ffffe6d0ffcdd,2026-08-25T02:05:58.401583+00:00,site_latency,473.04,False
65fc62d2e1a59dcb0220aa5ef9b48d79,2026-08-25T02:05:58.071727+00:00,checkout,501.0,False
d484e4a8a03277f1725cb8fd5a60b2b9,2026-08-25T02:05:58.190978+00:00,api_generic,259.59,True
4679461dbce24001c1123965c63ac584,2026-08-25T02:05:58.248863+00:00,site_latency,545.59,False
1d583d335cb5f1a5d44cbb3991ad5342,2026-08-25T02:05:58.191743+00:00,checkout,478.31,False
c57f9610fa3e1d98da9de16af50493d5,2026-08-25T02:05:57.610639+00:00,checkout,712.03,False
7eb0a4421fab893a2722edb45342bd3b,2026-08-25T02:05:58.067528+00:00,site_latency,574.53,False
3de7103319499ba0defda422594ee8dd,2026-08-25T02:05:58.341320+00:00,checkout,717.94,False
db0c6444bf2e4bfbe2656cde7b41c7e0,2026-08-25T02:05:58.709048+00:00,api_generic,169.9,True
8778ed43c65f809cd0e9d213a2e5532c,2026-08-25T02:05:58.227410+00:00,checkout,492.27,False
7c508eb6cbe72cd402cd534535d13449,2026-08-25T02:05:58.268607+00:00,site_latency,689.59,False
d0f44241adcf4b89239f4f2542b1840e,2026-08-25T02:05:58.481907+00:00,api_generic,105.42,True
708f591711e355edabb76fedf603639e,2026-08-25T02:05:58.262204+00:00,site_latency,413.64,False
f0da7c3ff1e2f7184439d841d7b3f86a,2026-08-25T02:05:58.098714+00:00,site_latency,471.08,False
5f6242b22dffd048b8daf1980f6579c4,2026-08-25T02:05:58.304107+00:00,site_latency,442.75,False
3ce5dc6337087e3b9996988ff78929f6,2026-08-25T02:05:58.161643+00:00,checkout,466.49,False
edb27deb0e0f9ab30fcc69a522848df9,2026-08-25T02:05:58.472560+00:00,api_generic,103.65,False
5f6fce199682a3ba41229794aa233c19,2026-08-25T02:05:58.475782+00:00,site_latency,228.86,False
05b586fa2c22394a06ecc6db8e44c7ed,2026-08-25T02:05:58.159245+00:00,site_latency,410.89,False
df993f67ee46694e76f5b892adcfaea4,2026-08-25T02:05:57.566144+00:00,checkout,919.25,False
1e9b14de77a3272456189f288ed00e1f,2026-08-25T02:05:55.671940+00:00,checkout,2912.03,False
b7a0eaa4f35a953fafef90f76387f0d1,2026-08-25T02:05:58.256073+00:00,checkout,402.14,False
17bf87dfd2e09ef4991eb31350c60c09,2026-08-25T02:05:58.478417+00:00,checkout,489.35,False
15a102bfc6ce8f31d67da53b93af2ca3,2026-08-25T02:05:58.256458+00:00,checkout,498.64,False
4025be5f5158af8dbcef5476dd1ad473,2026-08-25T02:05:58.591913+00:00,site_latency,407.84,False
f23e1dbeaf675c821a6cd92986609e8d,2026-08-25T02:05:58.040613+00:00,checkout,434.19,False
76e5d59838a7576215b2d42ba6c25e8f,2026-08-25T02:05:58.124934+00:00,checkout,250.84,False
a5ccd1a2efc5df7573cc6e79e1d9959e,2026-08-25T02:05:58.286581+00:00,checkout,402.18,False
19351e2f216b6aa2f68a2fc81b60c8f6,2026-08-25T02:05:58.095305+00:00,site_latency,767.34,False
739caf0fae8590c7b4aed6153aa4d5f7,2026-08-25T02:05:58.842513+00:00,api_generic,201.74,True
3deab6ac4c28564cea9694928fe8b360,2026-08-25T02:05:58.675815+00:00,checkout,140.31,False
47a981e4b7cbeaead80d5245f302b26d,2026-08-25T02:05:58.258539+00:00,checkout,432.27,False
b59dfe9b2a0d965741885698ece4cf4d,2026-08-25T02:05:57.868552+00:00,site_latency,412.56,False
a8d4e5ccf007a8d310b4d8f01c3d6115,2026-08-25T02:05:58.352986+00:00,site_latency,629.5,False
6ac3b8928d12ebdb11e8b6e25778398d,2026-08-25T02:05:59.045616+00:00,site_latency,78.25,False
de57a59a2d73d9a098c997ef73821e8f,2026-08-25T02:05:58.837141+00:00,checkout,441.11,False
bf15572be7edaf360a6b5eb0525afa51,2026-08-25T02:05:59.366873+00:00,checkout,462.77,False
38472f823c879f9de2fa4a79d4675b89,2026-08-25T02:05:59.424045+00:00,site_latency,472.54,False
475a5248ca872ad3756ef218b0027e61,2026-08-25T02:05:58.868567+00:00,checkout,416.79,False
55bc0029b9b013288977669021bb04cc,2026-08-25T02:05:59.251430+00:00,site_latency,415.01,False
e4335295c0e22721aa2e62eb38946b07,2026-08-25T02:05:59.400534+00:00,site_latency,529.9,False
274dcececf39284e7c5a822d2e57da92,2026-08-25T02:05:58.853004+00:00,checkout,400.49,False
cf15ab7959a941f1fd34462fec65ed17,2026-08-25T02:05:59.337147+00:00,site_latency,507.85,False
40aa16fb34e51c1f0ecbb35a3eb5a370,2026-08-25T02:05:58.976383+00:00,site_latency,455.99,False
4077115717e6ba4253376c07f8f697a4,2026-08-25T02:05:59.022815+00:00,site_latency,585.71,False
b8dd0e3f65667108e9748264e5718f5b,2026-08-25T02:05:58.874592+00:00,site_latency,511.53,False
b00a4881a2292fe5c9dc0e235abdf2c6,2026-08-25T02:05:58.796539+00:00,checkout,441.12,False
3cd91ccd6b1d3e7f0a1085bb9a93790c,2026-08-25T02:05:59.844961+00:00,api_generic,121.28,True
b524c5f480c1d03205dc30f45c075f8d,2026-08-25T02:05:59.655864+00:00,pix,206.09,False
c00f9a723c610a66b82d672c71db773a,2026-08-25T02:05:58.307235+00:00,api_generic,942.6,False
8f084e22be25df869305ba89efd89ed4,2026-08-25T02:05:59.447884+00:00,api_generic,345.68,True
1fb6d9061696e76e283eb40a32a0dd86,2026-08-25T02:05:59.354136+00:00,checkout,420.67,False
2cfaa3fc1fc20fa02103f2a7ac3924e5,2026-08-25T02:05:59.273111+00:00,checkout,166.69,False
5623902334b3fb0f928728a6d5f879d9,2026-08-25T02:05:58.466445+00:00,site_latency,1072.67,True
22526daabfea7be7e46a3d0c52e20f67,2026-08-25T02:05:58.480331+00:00,site_latency,1085.99,False
42cb0ce64871bfca91bf14bb188307ba,2026-08-25T02:05:59.284184+00:00,site_latency,140.16,False
338b74cc6d96b4522feed894c7e017b7,2026-08-25T02:05:59.215614+00:00,checkout,504.67,False
32aab4afe58eda6288ba649162896502,2026-08-25T02:05:59.350560+00:00,checkout,503.19,False
b44f0bd318060fb1c56d44f00b4c09ea,2026-08-25T02:05:59.745171+00:00,api_generic,131.89,False
583da909ee4be2beb20ea98b8bb580ff,2026-08-25T02:05:59.125262+00:00,checkout,264.96,False
b0c97201a91f39ccdc83a23bb4a8c56c,2026-08-25T02:05:58.638819+00:00,checkout,779.39,False
1602209395c96a98c21cc606cb1a5038,2026-08-25T02:05:59.398869+00:00,checkout,482.58,False
0727d2f43a06d8dff5b89d40048beb9c,2026-08-25T02:05:58.723373+00:00,api_generic,764.62,False
f9427a11fbdc4deb2933047c9981d764,2026-08-25T02:05:58.984575+00:00,checkout,598.49,False
326325d30b9808fbcd7bb6b29db180df,2026-08-25T02:05:59.469749+00:00,checkout,444.5,False
cd6b35674f4dde5a04a62c321d76252b,2026-08-25T02:05:58.580761+00:00,site_latency,646.29,False
b8cd17397eeb1919bd25f51d17a38a4c,2026-08-25T02:05:59.347138+00:00,site_latency,500.19,False
7a66f3458b68a5ef6cd104c70fb8e653,2026-08-25T02:05:59.314997+00:00,checkout,640.04,False
76d49c7e319c1cfb4f3998085990d83f,2026-08-25T02:05:59.426230+00:00,api_generic,197.12,True
bb7a6d17532651b11712ba38f1e07b7a,2026-08-25T02:05:59.537465+00:00,checkout,402.5,False
1b7b3412fe983826ac0bc20fbd898b0c,2026-08-25T02:05:58.695657+00:00,site_latency,449.25,False
d98b485adf09ba7a3e987bc6627be9de,2026-08-25T02:05:58.585612+00:00,api_generic,597.42,False
01738c8b566abe4af66f95e0cc148916,2026-08-25T02:05:59.363279+00:00,checkout,422.41,False
d7edca62e261606365edf5b0762c65ec,2026-08-25T02:05:58.733480+00:00,checkout,532.22,False
6ec91a7f48f0e6784e2df09c80dd427b,2026-08-25T02:05:58.645428+00:00,checkout,609.34,False
b9e2d2a9a047f68d2096490106ce1db8,2026-08-25T02:05:59.151399+00:00,site_latency,601.25,False
ef3ce6981b7207e0efafac5b00ca9ed8,2026-08-25T02:05:59.058767+00:00,site_latency,723.05,False
15da54cf486277d229cdd10e3f83c848,2026-08-25T02:05:58.712102+00:00,checkout,535.11,False
26ce56786b0d99883035936ae926341f,2026-08-25T02:05:58.683962+00:00,checkout,406.32,False
0c275ff1bd03a55a4f358059e1e4f5a5,2026-08-25T02:05:59.363719+00:00,checkout,578.99,False
9e3ba6ef0e328e69d30aa6e1124a1734,2026-08-25T02:05:58.616560+00:00,checkout,493.03,False
28402f5dac85269698e5d020d083b542,2026-08-25T02:05:58.994216+00:00,site_latency,680.72,False
7427e4b2aee868b2a15402c257467047,2026-08-25T02:05:58.539232+00:00,checkout,859.73,True
9b2483e57a53dd12018cde9f1b13e125,2026-08-25T02:05:59.254733+00:00,pix,188.6,False
7b634e18bb3ade8513bf5073b066a7bc,2026-08-25T02:05:59.129004+00:00,pix,525.49,False
4bc7e49870c97744c47d74259b48a182,2026-08-25T02:05:59.312743+00:00,checkout,439.62,False
bc4c3b9a184fb780d720876aa3896ac3,2026-08-25T02:05:59.000152+00:00,site_latency,644.52,True
a002b873391703fc4ba035727108b4dc,2026-08-25T02:05:59.489345+00:00,api_generic,74.53,True
73f0c5fc599ba6bb48d7b3b0a8a4f64f,2026-08-25T02:05:59.363101+00:00,site_latency,456.32,False
7d27267b817b924f37597bc0071e1b48,2026-08-25T02:05:59.313900+00:00,site_latency,520.03,False
e8363d2a5ae4652c79a0acf07ee3048d,2026-08-25T02:05:59.283571+00:00,checkout,521.83,False
89accfd3ddbab12900c9a946aa894759,2026-08-25T02:05:58.870718+00:00,api_generic,439.43,False
f2766fe43f558c715ec8fefe2e3a3b26,2026-08-25T02:05:58.123618+00:00,checkout,986.21,True
97a5899bd3537f05ee236841106255f4,2026-08-25T02:05:58.935342+00:00,checkout,1852.64,False
a83c6c5e18d662c12cc34bede030af8b,2026-08-25T02:05:59.546051+00:00,checkout,561.5,False
c198311b0c25d8366cb21ce3d6cd61b7,2026-08-25T02:06:00.055420+00:00,checkout,510.98,False
edd1d57ef74e0ed5a487c125d35ae75e,2026-08-25T02:06:00.194992+00:00,checkout,566.95,False
b1366c2c3d02fc02904101cf81bbb8c9,2026-08-25T02:05:59.810790+00:00,site_latency,466.02,False
89cc2bd4cc8ac2d78217892fb8e469c8,2026-08-25T02:06:00.613383+00:00,site_latency,207.51,False
cd77a04151f2d3828bea9b4af2ff8673,2026-08-25T02:05:59.494044+00:00,checkout,552.12,False
01aacbaf1a5b8279e0c819b7fac2a427,2026-08-25T02:06:00.224359+00:00,checkout,517.25,False
94fb2fd7554f6213876d3e30bdc1a49a,2026-08-25T02:05:59.454052+00:00,checkout,802.81,False
c424ddc371a8897d6d3217da2dd2f739,2026-08-25T02:05:59.283747+00:00,site_latency,913.13,False
4d6d0d0e2da4ba923cb106c793a99fdb,2026-08-25T02:06:00.765906+00:00,api_generic,55.73,False
81eb4d9cfa266396a82d217fe9b8eceb,2026-08-25T02:06:00.621725+00:00,site_latency,173.33,False
e11a77b839e4eb37917220f2db5c125e,2026-08-25T02:06:00.352239+00:00,checkout,400.27,False
9a831f4a991f0f3140c02ac2dcf97f52,2026-08-25T02:06:00.170507+00:00,api_generic,200.93,True
71addf6a8d09dc3b17e7033dad344f77,2026-08-25T02:06:00.117951+00:00,checkout,459.99,False
bbd2e776f3ea19495baaa34f835056ad,2026-08-25T02:05:59.712720+00:00,site_latency,417.55,False
abca8626b660ef7cd68099cea8cf23d2,2026-08-25T02:06:00.006444+00:00,checkout,666.8,False
27ac92a6051f2aac31813bb5a36cc1b5,2026-08-25T02:06:00.088522+00:00,checkout,531.96,False
032e0aa2ca07b920a263d6ec7ab5ba94,2026-08-25T02:05:59.676256+00:00,site_latency,917.96,False
7d2d9d045fb64e26db0d867e02aa099e,2026-08-25T02:05:59.699018+00:00,checkout,402.39,False
0e8240be8f1af26c678f0e9f3e23078d,2026-08-25T02:06:00.097427+00:00,site_latency,491.04,False
76eedd5b1c947e2353de3bbf3d92af63,2026-08-25T02:06:00.209764+00:00,checkout,543.35,False
4746d4d39614f3f124d11d51583874d7,2026-08-25T02:05:59.605965+00:00,site_latency,412.82,False
a9798a06af6641571a0c7ea9d6cc9492,2026-08-25T02:06:00.334921+00:00,checkout,439.45,False
d6d19a41e0482f86e1dd0005e1f75dfb,2026-08-25T02:05:59.586181+00:00,site_latency,491.74,False
de3e28d802ae6629d26fc86d5137e985,2026-08-25T02:05:59.918685+00:00,site_latency,509.94,False
ee984e0a78568cadcad458b7a580d026,2026-08-25T02:05:59.692461+00:00,site_latency,452.47,False
378d01db98c039af1f8a196bfd1cecfe,2026-08-25T02:06:00.430012+00:00,checkout,403.56,False
a0ee6278e3b65402bd628005eba595f7,2026-08-25T02:05:59.911071+00:00,checkout,890.45,False
3bca4cc166665a25012f01f513c8edf2,2026-08-25T02:06:00.141764+00:00,checkout,653.04,False
eaf6b1df2e09aa99c3d3b253bb04913a,2026-08-25T02:06:00.424609+00:00,checkout,407.66,False
6098255adb2ccfd09654ca8bdce0cbed,2026-08-25T02:06:00.163941+00:00,pix,354.02,True
23c54267c0ecac9a75e311a893396433,2026-08-25T02:05:59.137232+00:00,checkout,1354.24,False
1e6196c029f212433ae60259fa4d68b5,2026-08-25T02:06:00.153064+00:00,checkout,482.11,False
6f4d1104990f6e4989f7501a7e0dc583,2026-08-25T02:06:00.319467+00:00,pix,457.12,False
f5e50da8b6f197fbd3b9e2845a2300bc,2026-08-25T02:05:59.796902+00:00,site_latency,581.74,False
9ec76fc01028b4d780d7e070a34bcf6b,2026-08-25T02:05:59.733435+00:00,checkout,608.93,False
bf5f435a4ea5048c24c24cf9a14347a4,2026-08-25T02:06:00.195685+00:00,checkout,443.26,False
4795e2f125ed5a918f161b963e6357a6,2026-08-25T02:06:00.005737+00:00,api_generic,212.19,True
a25b6a098d41014144158ae049fbf49e,2026-08-25T02:05:59.630326+00:00,checkout,627.67,False
f674c2ee9e0bbf7187c2f184e09e31c8,2026-08-25T02:06:00.170670+00:00,checkout,419.4,False
4d44ed641388c95222c0886c7f6ed90c,2026-08-25T02:05:58.550532+00:00,checkout,2201.38,False
c3ce94f6a8ba59cb534fe079eaa9caf9,2026-08-25T02:05:58.401085+00:00,checkout,1961.25,False
5ea421ba3f78eddc861b9d05aab8333e,2026-08-25T02:05:58.284142+00:00,pix,2012.71,False
cb0f8a93dd95fb824f163ff5ac4b994f,2026-08-25T02:06:00.343606+00:00,checkout,465.02,False
ba82343bbf370d669ab8970fe91fd21a,2026-08-25T02:06:00.208040+00:00,checkout,582.67,False
b7b4ca371c7fd96cb8f0e03955757a1a,2026-08-25T02:06:00.355735+00:00,site_latency,438.72,False
59356f6057d1b15722c288d98b1b571c,2026-08-25T02:05:59.780450+00:00,site_latency,462.14,False
c24d6b6f67bb8191f1535348fea7028e,2026-08-25T02:05:59.857433+00:00,site_latency,434.33,False
fd6327d4cfb1069a69d6e9765e37d811,2026-08-25T02:06:00.388931+00:00,api_generic,129.33,True
74c43894cb3ec900060139b270cbf971,2026-08-25T02:05:59.968030+00:00,site_latency,816.51,False
d4604bed746889aa024f39cd25095448,2026-08-25T02:06:00.087009+00:00,checkout,409.04,False
6dfd1f946813f928563dbecbf8fa5c11,2026-08-25T02:06:00.006145+00:00,checkout,458.49,False
b4bc972fa0a96dbed4dedaa508f64800,2026-08-25T02:05:59.341425+00:00,api_generic,1182.79,False
3bb3ae1d7d2850b6fa256d52546e2a5d,2026-08-25T02:06:00.193612+00:00,checkout,431.59,False
b9c32df7fc039b3da2566c2e3bd06afb,2026-08-25T02:05:59.705750+00:00,site_latency,1094.07,False
944d80da913971e3b006a672b834babb,2026-08-25T02:05:59.883743+00:00,api_generic,538.39,True
6703717e515bb4887051c0ee6beeb3ce,2026-08-25T02:06:00.080363+00:00,checkout,447.85,False
74a87043a8a200e3cd575f0028d1f26f,2026-08-25T02:06:00.357973+00:00,api_generic,288.21,True
898a75736df462ed75cb0561b99758b1,2026-08-25T02:05:59.961707+00:00,site_latency,317.61,True
282f965dacb9658b71416d7be4145db1,2026-08-25T02:05:59.573710+00:00,checkout,751.26,False
30d145b1f8ae5bbe82b7e3348f875b60,2026-08-25T02:06:00.258361+00:00,api_generic,126.06,True
cb07563b50899769d0a4f28c2a9645d7,2026-08-25T02:06:00.896539+00:00,checkout,507.45,False
a3495692454e6851c91c78b3fa47317f,2026-08-25T02:06:00.715319+00:00,checkout,411.8,False
9b8c23657bf40ba7165c0dfa62dc2dd6,2026-08-25T02:06:00.425053+00:00,api_generic,812.59,False
3c5b93dc524b45b90adddc4e045db9c8,2026-08-25T02:06:00.829915+00:00,checkout,156.5,False
1084cd0e3505dcca465c668886d5a853,2026-08-25T02:06:01.195180+00:00,site_latency,410.32,False
f429acfc83e86ab810fca419064c66a8,2026-08-25T02:06:01.297998+00:00,checkout,412.78,False
1a462c45ce77a5408c71195824413458,2026-08-25T02:06:00.916426+00:00,checkout,414.67,False
2d94deee1b554ce9ee83f2e36616f87f,2026-08-25T02:06:00.957526+00:00,checkout,560.54,False
514ea2370e2bf121944b204c37f37dd8,2026-08-25T02:06:01.035290+00:00,checkout,426.38,False
efb3b165e2ebc43c658be4bc49615739,2026-08-25T02:06:00.689587+00:00,checkout,579.44,False
a89c1333b2dbdc7e12e3e5385ff2fb12,2026-08-25T02:06:00.677024+00:00,checkout,470.72,False
0cebacf65f6f9c1ec0cccd3b30357875,2026-08-25T02:06:00.482902+00:00,site_latency,405.1,False
dfc71342991c6c14e31b70ca1f4d2fe0,2026-08-25T02:06:00.931627+00:00,checkout,419.04,False
a3c81bd057a065a5ee856acc93cd50dd,2026-08-25T02:06:00.226153+00:00,site_latency,1381.98,False
3982ca86bc1ff029d6cab9f25e6c145e,2026-08-25T02:06:00.405265+00:00,site_latency,508.07,False
915d2a1bc6ceee03d54a0ef581631398,2026-08-25T02:06:01.059377+00:00,checkout,422.51,False
0d68e4598d20c3940bed99be3bd82b2b,2026-08-25T02:06:01.418363+00:00,api_generic,114.41,False
3a51976256c462bdfcb8703149f965e9,2026-08-25T02:06:01.131775+00:00,site_latency,150.06,False
839344e711ca05b7da9d5d0991613b1f,2026-08-25T02:06:01.490285+00:00,api_generic,238.69,True
6d8ab24daa745945a9dec70c15c2051b,2026-08-25T02:06:00.417393+00:00,site_latency,562.91,False
98d174cde3d3cf1f6b691132b4131d0c,2026-08-25T02:06:00.607184+00:00,site_latency,488.97,False
28603feaec222f882980cc7451e4e57b,2026-08-25T02:06:01.059830+00:00,checkout,575.77,False
1e550a98e686e1384d2940def84fb864,2026-08-25T02:06:00.910311+00:00,site_latency,504.82,False
b481845dc1e9babf78e3b4c797b7f097,2026-08-25T02:06:01.086421+00:00,checkout,638.33,False
e7e93a9d2f18b1aedd3528e119a0ac0f,2026-08-25T02:06:00.774937+00:00,site_latency,538.06,False
e0b71812b27b76ee8fdb320c424494be,2026-08-25T02:06:00.807465+00:00,checkout,814.95,False
f7c8458082aab723d4e1b09b8dc0f6eb,2026-08-25T02:06:00.478862+00:00,site_latency,413.76,False
816fdd15977d4a340524ecf36d29e638,2026-08-25T02:06:00.550435+00:00,checkout,1030.15,False
59806e82c72310a653cd586b141aa225,2026-08-25T02:06:01.154483+00:00,site_latency,540.36,False
7f44c5ec642b76497b391c83af7cbf73,2026-08-25T02:06:00.694965+00:00,site_latency,434.17,False
f784db55bb8312d5f7a6f5dba45fafb7,2026-08-25T02:06:00.423528+00:00,site_latency,667.07,False
722989f2b4c6e61aea3ffca3e8f5e1e1,2026-08-25T02:06:00.454825+00:00,site_latency,506.8,False
7587f5f42670cf5bebeca68c3ff7605f,2026-08-25T02:06:00.504467+00:00,pix,544.03,True
3b6be731c39bf739e2f10f2aad641bb5,2026-08-25T02:06:00.821220+00:00,pix,642.54,False
1f5da667c5eb5d637712ba639d9ef4a1,2026-08-25T02:06:00.038116+00:00,checkout,959.44,False
1470ec752e46ee553ad1b4e282567ece,2026-08-25T02:06:00.844464+00:00,checkout,502.14,False
9a914b5ae592205659664c2d172c2e9e,2026-08-25T02:06:01.006681+00:00,checkout,579.93,False
4a58b13957b654e434438faef83754b0,2026-08-25T02:06:00.678169+00:00,checkout,475.02,False
69b5244eeaf9f3b16127545456b09332,2026-08-25T02:06:01.052972+00:00,checkout,455.1,False
4bebdc9af19f100d64e21fb02dd07765,2026-08-25T02:06:00.799749+00:00,checkout,452.06,False
bc1b3c52958a7594c2129f68050dc855,2026-08-25T02:06:00.350886+00:00,checkout,703.15,False
2e67a74ba49e506b1aaae6fd637bbc58,2026-08-25T02:06:00.825533+00:00,site_latency,218.46,False
2d3da712225c49333529ebca3a391a09,2026-08-25T02:06:00.801487+00:00,checkout,438.22,False
6c9a5d94c874fd3c7c56a84f92ee490f,2026-08-25T02:06:00.804224+00:00,checkout,514.65,False
b676aff347e2de8ddf616fe71a68a332,2026-08-25T02:06:01.210682+00:00,checkout,492.6,True
96795ff8df18e8936460fecc310b6cdc,2026-08-25T02:06:00.805425+00:00,site_latency,87.44,False
9a9d2965fa14eb2a4c39cf081fda15e1,2026-08-25T02:06:00.652918+00:00,checkout,592.83,False
23e70c41605116a9166cce2e9a43be99,2026-08-25T02:06:00.840056+00:00,checkout,480.33,False
f89fb2dd4cfcad47e146a878b5a7a2d6,2026-08-25T02:06:01.928184+00:00,checkout,424.07,False
365aa86f0ad49e7bea7d27e3f135d997,2026-08-25T02:06:01.149390+00:00,api_generic,649.97,False
4d78877e80437775ed5473684d07edef,2026-08-25T02:06:02.027776+00:00,site_latency,419.39,False
92c548d7984f9d9a4eb0dda82b5d8d88,2026-08-25T02:06:01.241774+00:00,checkout,955.09,False
c33e40afdc67c9049e8163ec1d950ae3,2026-08-25T02:06:01.463682+00:00,site_latency,468.74,False
5f7e870dfa5b4c6dec14f97df3373d34,2026-08-25T02:06:01.790933+00:00,api_generic,76.84,False
0e768e180ce93d6c5c34a0a7515c013f,2026-08-25T02:06:01.191620+00:00,site_latency,558.35,False
d2bac8d770f6d992103c567ce76bd9c1,2026-08-25T02:06:02.015191+00:00,site_latency,414.02,False
d1f6ef1db6ad359a08234c21c62c1d23,2026-08-25T02:06:01.234277+00:00,checkout,1013.84,False
1ed5c27ab620cfb3fa406ae42327005f,2026-08-25T02:06:01.951813+00:00,api_generic,168.44,True
6822d5896fb72ca636655d55f2cd37f8,2026-08-25T02:06:01.705818+00:00,checkout,501.01,False
c685b4c08a4dd2f4dc14129558bd32db,2026-08-25T02:06:01.848858+00:00,checkout,561.39,False
a3814dc453d2e015f7d7b2ea731de66a,2026-08-25T02:06:02.062721+00:00,checkout,194.12,False
0ed507f7b34af77b8961f99e85e923a9,2026-08-25T02:06:01.802602+00:00,checkout,425.51,False
ea96af04c8fa379c2be811dea9e42c89,2026-08-25T02:06:02.194653+00:00,site_latency,422.47,False
c1906d3f78aa72e70fffa835f2cdaa58,2026-08-25T02:06:01.757552+00:00,site_latency,458.04,False
0ee794298d21aceb81043c9e45b3a108,2026-08-25T02:06:01.163760+00:00,checkout,621.46,False
9b35584928068b9cbd6998cbe2458ea8,2026-08-25T02:06:01.760764+00:00,site_latency,489.41,False
98e4ee18c6cf375b5a55f0a631c59b98,2026-08-25T02:06:02.411984+00:00,api_generic,109.49,False
c6231ba986874488ab059fd734f8d374,2026-08-25T02:06:02.220675+00:00,site_latency,404.76,False
a09026f081943ecd799fe9a64dd711b6,2026-08-25T02:05:59.449783+00:00,checkout,3036.87,False
d8d169b9dfd3de1a34decc74b75452cd,2026-08-25T02:06:01.514092+00:00,checkout,479.69,False
c78039d4c88476cda25a0a8250abb881,2026-08-25T02:06:01.921694+00:00,api_generic,395.23,True
1ef579b481d223c0c9a4a109e4041695,2026-08-25T02:06:01.275141+00:00,site_latency,1049.65,False
73254b517be4d02973539e6701fe00f3,2026-08-25T02:06:01.805011+00:00,checkout,454.21,False
f2d2f6ea8e2218448be113b65b8ffc3e,2026-08-25T02:06:01.374129+00:00,checkout,1042.2,False
f7ef967f006c4c9ee5d897c7666e93f8,2026-08-25T02:06:02.092580+00:00,site_latency,504.25,False
45dc3a2bc76d2926d0acee8f4d27555c,2026-08-25T02:06:01.811517+00:00,checkout,620.83,False
376c066570ff1fdeeb9f67fb0a78314d,2026-08-25T02:06:01.870430+00:00,site_latency,397.89,True
5f6f7cb065b20b499a3c6d16aaa8b075,2026-08-25T02:06:01.673908+00:00,checkout,590.56,False
68e831ed62d12332a1d0a33ce4bb15e8,2026-08-25T02:06:01.928882+00:00,checkout,613.32,False
35bd7789ecdf8793df128ebcb42964a8,2026-08-25T02:06:01.919814+00:00,checkout,596.49,False
813392de27f0025550ea2ed9ef35c956,2026-08-25T02:06:02.474089+00:00,api_generic,49.14,False
6f9020b77d79ed7c1cde8dceeec9cb8d,2026-08-25T02:06:01.273565+00:00,api_generic,840.03,False
7ad89f9a2044a8c7e11c08b72218b009,2026-08-25T02:06:01.799218+00:00,pix,747.48,False
97154d84ac7dae72c51ba01a1bf27447,2026-08-25T02:06:02.074933+00:00,checkout,492.01,False
711d36216f02e0bc8361333663ee0e95,2026-08-25T02:06:01.918545+00:00,site_latency,498.13,False
94bf0e08c7e27b5f1de09276153c6fa8,2026-08-25T02:06:02.042788+00:00,pix,80.72,False
d718349258958e73cf5f9b89154511e9,2026-08-25T02:06:01.897913+00:00,site_latency,704.2,False
59b62a481eba7b267072d45a7130e728,2026-08-25T02:06:01.249250+00:00,checkout,500.91,False
896226ce7e4cdb15bf5a9d41b4f2af64,2026-08-25T02:06:01.373278+00:00,site_latency,472.49,False
780c2c92e66a52d6428cd77aedcdc1fe,2026-08-25T02:06:01.504278+00:00,checkout,610.95,False
c23eadfd6bb324f6e3fe6521875332bb,2026-08-25T02:06:02.131929+00:00,checkout,414.31,False
363ad486fffd374ab6d9b3f8c1b5efee,2026-08-25T02:06:01.041493+00:00,checkout,766.24,False
fd3cc36de733b4c6e1e492d680304faa,2026-08-25T02:06:01.696203+00:00,api_generic,648.98,False
35b051a35645b316a1aea03e5e7f8119,2026-08-25T02:06:01.521394+00:00,checkout,541.36,False
42cecbb85ac4cec56aeab618f612799a,2026-08-25T02:06:01.777427+00:00,pix,93.04,False
7d8852a528a1fb708f8dab6ba3ebf726,2026-08-25T02:06:02.088170+00:00,site_latency,546.65,False
e291c2d82ad2b303dd441f8b410442b4,2026-08-25T02:06:01.264003+00:00,api_generic,489.09,False
35b9e4403a586588c99ef78cbe8295eb,2026-08-25T02:06:01.827835+00:00,api_generic,420.0,False
35d05fd59584151b570146cadef019cf,2026-08-25T02:06:01.353281+00:00,site_latency,442.65,False
f23a25416e9d875669a6570f35d60b24,2026-08-25T02:06:01.452597+00:00,checkout,451.26,False
414b1ab6ccff2ad7f98f489966df826d,2026-08-25T02:06:01.618260+00:00,pix,786.14,False
db88ffafc9d14672d527d496d9d6d5a3,2026-08-25T02:05:59.942660+00:00,site_latency,1887.93,False
c1aede13445e40a6bf55b2e1b0e20bf4,2026-08-25T02:06:00.916267+00:00,checkout,843.28,True
2d867e444736e97b285473ed6b65c850,2026-08-25T02:06:01.871679+00:00,site_latency,502.76,False
3b25d17035559550400e69c914c6a589,2026-08-25T02:06:02.407520+00:00,checkout,161.14,False
77e611e378ca932ba3224fe30595cc8d,2026-08-25T02:06:02.039947+00:00,checkout,409.75,False
6e8dc4bfd21c10b910d775633237cbf1,2026-08-25T02:06:01.489069+00:00,site_latency,982.79,False
35b8238fd45a1a59d07d8bebedb8332f,2026-08-25T02:06:01.849055+00:00,site_latency,455.84,False
9b4453cf386d5b586405f5f7786751a3,2026-08-25T02:06:02.050436+00:00,pix,82.07,False
4296084348dacf5e9756988f33633783,2026-08-25T02:06:01.568110+00:00,checkout,444.44,False
86fb3ed0a5e1695cac40ba004b96fdd1,2026-08-25T02:06:02.021700+00:00,site_latency,437.26,False
ee62040a3461f24480c75087892a65a5,2026-08-25T02:06:02.986491+00:00,checkout,594.88,False
44a5e121412b8524acd7ba569ead6bd2,2026-08-25T02:06:01.929817+00:00,checkout,1060.68,False
5e18a393ea8b914e40763097a30cf0c4,2026-08-25T02:06:02.304858+00:00,site_latency,872.96,True
6fdb3801a9b33ac6bc3336703af3335e,2026-08-25T02:06:02.554123+00:00,checkout,447.32,False
e7d4bc6433be1235b8090e5435e0ad27,2026-08-25T02:06:02.828662+00:00,checkout,652.45,False
769dc06c9b1d73a02c97347f8c232a4e,2026-08-25T02:06:02.445438+00:00,site_latency,466.28,False
85be6333fab6bc2a072b687da8142b8a,2026-08-25T02:06:02.989053+00:00,site_latency,532.57,False
441cbbe3fe081238389ae5afa143b087,2026-08-25T02:06:02.570977+00:00,checkout,444.54,False
8e618dc6e8759af6a53870b1fb839264,2026-08-25T02:06:02.277826+00:00,site_latency,570.14,False
703250b87b78ec69b74e6ad9d837517a,2026-08-25T02:06:02.149721+00:00,site_latency,1124.47,False
1823ae97d5dcb89c82bfe089af2f9729,2026-08-25T02:06:02.581181+00:00,site_latency,688.6,False
c01e6cf666bcdf4aaccbb0845ae82242,2026-08-25T02:06:03.491544+00:00,site_latency,81.89,False
d37274dca3ef89cf51bdaacbed1bf9d5,2026-08-25T02:06:03.031138+00:00,site_latency,431.82,False
053fce116ced8dc51a5bab7efb4ac5c0,2026-08-25T02:06:03.025169+00:00,api_generic,200.79,True
cb1c0c2447db6651b00229f635cc5f49,2026-08-25T02:06:03.106329+00:00,site_latency,423.61,False
0704224dce90522a85d3dec3fd4347f3,2026-08-25T02:06:01.950552+00:00,site_latency,880.26,False
07e67e0a7be38091fb4b4d75b8e0b664,2026-08-25T02:06:02.937429+00:00,api_generic,113.83,False
31a23d5245ea7a48321041bac0470b97,2026-08-25T02:06:02.707320+00:00,pix,68.02,False
8c1df55717ce7b9360af7c7c42680b05,2026-08-25T02:06:02.954830+00:00,pix,442.29,False
a71563c5208209e2a96f358fea4a32e6,2026-08-25T02:06:02.346579+00:00,checkout,571.24,False
b0e815ee565ed09dc3756652e2a19c91,2026-08-25T02:06:03.175832+00:00,api_generic,128.03,False
d81867d435205ada0bf5b8d5d3f195f7,2026-08-25T02:06:02.767704+00:00,site_latency,779.25,False
37a24b3580f853021fb4467c5dbdac43,2026-08-25T02:06:02.588475+00:00,checkout,740.68,False
c5bf9fdbefeb38be0593042428e45eeb,2026-08-25T02:06:03.060283+00:00,checkout,497.7,False
2394b1ece8d4d8a7a57d7595ffa72d65,2026-08-25T02:06:01.694311+00:00,checkout,1088.55,False
ab37beca46d3230f431377cec07420b6,2026-08-25T02:06:02.200595+00:00,site_latency,476.06,False
01fd2bc6823d4c88a59c70eecc82dca3,2026-08-25T02:06:02.247782+00:00,checkout,506.69,False
1d0cd7b81064bf273aa917803452e63c,2026-08-25T02:06:02.128153+00:00,pix,1272.02,False
79c0b4bb8138a52e294c447a9ab26ab9,2026-08-25T02:06:02.621066+00:00,site_latency,464.13,False
c2aa7841c2867988ec73b6f1242eae13,2026-08-25T02:06:02.840010+00:00,site_latency,445.24,False
fd26676a722f6140085be4ca2965b9c3,2026-08-25T02:06:02.919190+00:00,checkout,416.5,False
7a6b7c2e6979ba22dd9fc689cd0673f4,2026-08-25T02:06:02.992102+00:00,site_latency,518.53,False
1032d076a60fc686495ef0ef2fae35df,2026-08-25T02:06:02.539185+00:00,pix,147.74,False
5e04e0fa86bd76d5291fa3ffe92768c1,2026-08-25T02:06:02.864300+00:00,checkout,417.42,False
ed6b7abdb922e1e19004d304aa70bfad,2026-08-25T02:06:02.727069+00:00,site_latency,161.97,False
c6fb237ebe28272da3b15ad7678949af,2026-08-25T02:06:02.380685+00:00,checkout,675.16,False
7ee1da475c88c26230475c7985522d6c,2026-08-25T02:06:02.869716+00:00,checkout,425.66,False
0ff3babc2d821d5cf530a9b4891cf0fa,2026-08-25T02:06:02.257406+00:00,site_latency,636.18,False
61178c591b1840af9c9616f1ae09817f,2026-08-25T02:06:02.988759+00:00,api_generic,139.99,True
7ea8d687c4e7f79a84e3e1fc7e2aec75,2026-08-25T02:06:02.848508+00:00,checkout,570.37,False
2425656238e8fe9abf5e6c509cd151d6,2026-08-25T02:06:02.434526+00:00,checkout,232.86,False
bede03370e6848f865ad89a2c7a703ad,2026-08-25T02:06:02.820229+00:00,checkout,429.0,False
134d0fdaaa66c19dff4e94a163681b18,2026-08-25T02:06:02.518997+00:00,api_generic,534.71,True
5e4e69e1033dc684aaced51b12a90921,2026-08-25T02:06:01.980855+00:00,api_generic,1019.35,False
d27c53ecabee7d0b36ab62cdf20f7329,2026-08-25T02:06:02.826281+00:00,checkout,408.95,False
500b8371f01021af9fd70731a3bb6822,2026-08-25T02:06:01.360645+00:00,checkout,1587.75,False
5a82c0951f8d099acea4d84fcb5fe601,2026-08-25T02:06:02.750439+00:00,checkout,519.63,False
646cd54d25a09c6b699431e6a05ff215,2026-08-25T02:06:02.637203+00:00,checkout,608.96,False
e7ba4496d63a2d9b35f7509151de63f5,2026-08-25T02:06:03.151824+00:00,api_generic,315.48,True
18abf2a53e267b86095f1f299fc2cc2b,2026-08-25T02:06:02.358553+00:00,site_latency,623.51,False
77b09c6aedb472ae435c3dca06b0f67f,2026-08-25T02:06:03.060757+00:00,pix,173.15,False
1e2ad3278dfe91d7b331a272787bc07a,2026-08-25T02:06:01.807388+00:00,pix,957.2,False
04ec1b5e63cc7af55c27b3d479d1b4ab,2026-08-25T02:06:02.739760+00:00,checkout,653.15,False
d422401a396414cb061807dcc7848632,2026-08-25T02:06:02.470705+00:00,api_generic,439.06,False
c409533e8cc826cf34441f036ad64e70,2026-08-25T02:06:02.956916+00:00,checkout,564.43,False
f1711b3e71a46824b47f9837c7a71c09,2026-08-25T02:06:02.523822+00:00,site_latency,406.98,False
2111b694dc00aeb88d1528e0257fd97f,2026-08-25T02:06:02.511803+00:00,site_latency,492.24,False
be993243ba67c73a09849837fe735e16,2026-08-25T02:06:02.276667+00:00,checkout,691.54,False
6b062c2e0b6927ca08ef6bfa02352767,2026-08-25T02:06:02.516046+00:00,checkout,479.86,False
ed363aba26ae5ba81bd29d01d5e1afd7,2026-08-25T02:06:02.449134+00:00,checkout,692.83,False
948b2a5893f7565a622761b35039e325,2026-08-25T02:06:02.261416+00:00,checkout,746.25,False
0ea57f0c0f1bcd775880f2496b6511d7,2026-08-25T02:06:02.888970+00:00,checkout,490.59,False
738421ae601ac97df1976c402a1fddea,2026-08-25T02:06:02.635506+00:00,site_latency,513.45,False
4599b9cb6c33ebb6fb576d2bb3a2ca9a,2026-08-25T02:06:02.970004+00:00,checkout,467.43,False
7bbd9e62c6eb7e4ea888277cf8907634,2026-08-25T02:06:03.518920+00:00,checkout,578.33,False
5083f125b32d831119c312ea19ae2f97,2026-08-25T02:06:03.640496+00:00,site_latency,216.71,False
e130000de3312105931a8a89fdc1f011,2026-08-25T02:06:03.904475+00:00,checkout,416.22,False
ce0cb236bcc7d67f09624ebec50284f0,2026-08-25T02:06:03.850308+00:00,checkout,571.78,False
5af7cc34220570cc9246c8ac30cd41e7,2026-08-25T02:06:03.469167+00:00,checkout,490.98,False
d73aae5ae1f28f1e1dd4f57a665f27c9,2026-08-25T02:06:04.416481+00:00,api_generic,35.99,False
16865baf2ad53af77d230f3a9dfa980c,2026-08-25T02:06:03.243675+00:00,checkout,402.43,False
67a093b964e17a3934cdb22dfabdf349,2026-08-25T02:06:03.326672+00:00,site_latency,405.61,False
4ce4fb2398c5a4ff6d0bfb74a82c0bae,2026-08-25T02:06:03.631122+00:00,checkout,569.75,False
56f4a8bcfcff822b9ccd49c5fc6e61d9,2026-08-25T02:06:04.076157+00:00,api_generic,426.39,True
c4463910bf892f456f8e989bf7ed36b6,2026-08-25T02:06:02.635391+00:00,site_latency,1465.95,False
6b1165b7b5a15ab8b0ba0cfba2ace8cc,2026-08-25T02:06:03.288415+00:00,site_latency,532.33,False
c3a7603d55928f78ea5966a421473a59,2026-08-25T02:06:03.211971+00:00,checkout,435.14,False
3dc8818270ed1fc8be3eb4fde07544b8,2026-08-25T02:06:03.783722+00:00,checkout,450.01,False
6ed4061cc3328e3d4e2583bdfcfebc70,2026-08-25T02:06:04.074960+00:00,checkout,401.9,False
37986b76f344fe48cfd197b680c7f686,2026-08-25T02:06:03.722795+00:00,checkout,490.96,False
f6296a6d0bcec9f2107ef49f22c0b530,2026-08-25T02:06:03.622901+00:00,checkout,511.24,False
6bab2f7a46eddca0850d10fc4c0d130b,2026-08-25T02:06:03.581951+00:00,checkout,408.74,False
35be698f85e12ae72f525df63599c9e2,2026-08-25T02:06:03.553221+00:00,api_generic,191.03,False
3b5db1aaaaef5e5410b4b07546b0212f,2026-08-25T02:06:03.133314+00:00,checkout,939.97,False
341c73623db684be3fa1bcb931eb482f,2026-08-25T02:06:03.995873+00:00,pix,199.02,True
519ab2a29f069e29dc77ee43845311a2,2026-08-25T02:06:03.926070+00:00,api_generic,151.27,True
ae4cda4acae1c6b4cc507bd9b722a4ac,2026-08-25T02:06:03.651847+00:00,checkout,505.04,False
fee6f7eb35fb55060d0bc081570b121b,2026-08-25T02:06:03.387583+00:00,checkout,432.63,False
2acb772d235711e881ea9bfc19b0413d,2026-08-25T02:06:02.824818+00:00,site_latency,1044.0,False
375ddd9d7f6e1bb3d48d758c63ee9551,2026-08-25T02:06:03.891810+00:00,api_generic,56.96,False
75528355a8aed94cd8c447abb8794498,2026-08-25T02:06:02.525962+00:00,site_latency,1466.54,False
20f79fc1036aee230e5a3e341821fb67,2026-08-25T02:06:03.824151+00:00,site_latency,161.97,False
9bac917b2a7e0a3b38cd5d720f11a8eb,2026-08-25T02:06:04.036309+00:00,checkout,442.04,False
98fa7623a5671b2718e898b32263be1f,2026-08-25T02:06:03.733817+00:00,checkout,539.22,False
51925b46537cb724767b6f9193f57b66,2026-08-25T02:06:03.523678+00:00,checkout,636.68,False
ed0e66305cdef626956d45e512236ab0,2026-08-25T02:06:03.863331+00:00,checkout,592.3,False
9619224b29f1082187acfeb76f134b70,2026-08-25T02:06:03.271726+00:00,checkout,426.19,False
6a717f5eb7e08a39d4854908b4127b68,2026-08-25T02:06:03.870010+00:00,site_latency,627.6,False
e8f4cc7d5f373993a050f5385627db78,2026-08-25T02:06:03.104508+00:00,checkout,862.0,False
9f0cc9759ad3f680c67793f3a549f7e7,2026-08-25T02:06:03.708250+00:00,site_latency,426.16,False
99cfac38efc329aa93c2d6ca93f9ffb2,2026-08-25T02:06:03.356799+00:00,checkout,576.7,False
3e923801e541816b5235e8dc6a135633,2026-08-25T02:06:03.849732+00:00,pix,179.34,False
4f3e97321d7fdf1a8b22158ddd5528d2,2026-08-25T02:06:03.296624+00:00,checkout,468.6,False
39f91fba65bf79d3a63b70f69a79721a,2026-08-25T02:06:03.126087+00:00,checkout,571.45,False
f21999e99053bcca4cb6d45a05f4d53f,2026-08-25T02:06:03.852403+00:00,checkout,541.54,False
d0cae5c51f0b656f1e5c5bf1b9ceae13,2026-08-25T02:06:02.896870+00:00,api_generic,861.84,True
687859ab33fd871a0baabba85205e860,2026-08-25T02:06:03.561620+00:00,checkout,507.71,False
f20ad129b0a38e936c707f90398c9bb5,2026-08-25T02:06:03.799977+00:00,checkout,449.76,False
3d553908ba11256038c5297f2cc1a555,2026-08-25T02:06:03.807986+00:00,checkout,464.51,False
a879631eaf16684158fe436316bed327,2026-08-25T02:06:03.474935+00:00,pix,503.34,False
cfba01cc9797c5a23bf2f48c75b7cbbe,2026-08-25T02:06:04.049647+00:00,site_latency,457.85,False
fa133086b7d03f768b033f5f66954bf5,2026-08-25T02:06:03.176340+00:00,checkout,479.52,False
d11067dde1d7a43445c0e21c01a87df9,2026-08-25T02:06:03.865650+00:00,checkout,507.16,False
fff92f273fbb4cbdd2691dcab8b06a71,2026-08-25T02:06:04.058135+00:00,site_latency,410.57,False
610d6d19d67e1cf48b83258f4ceaf035,2026-08-25T02:06:03.255035+00:00,checkout,573.73,False
820b1aedc99e47098a7718a324e99e59,2026-08-25T02:06:03.305902+00:00,checkout,604.0,False
42b2a64ec36659e82b9bde480dad9583,2026-08-25T02:06:03.784237+00:00,checkout,173.53,False
d09166ebcdcc249f8ced3781b1d66976,2026-08-25T02:06:02.927455+00:00,site_latency,804.56,False
5c4b58586053778367d7ed94f13d28bf,2026-08-25T02:06:03.286455+00:00,api_generic,546.16,False
55f5fe0d9d5fd90190c4c88c933c5507,2026-08-25T02:06:03.825820+00:00,pix,364.57,True
d73943173e66ce611d65874fc1dab713,2026-08-25T02:06:03.175336+00:00,checkout,585.0,False
fcb33a01f4901b90d177c54eb6138f26,2026-08-25T02:06:03.825702+00:00,checkout,443.58,False
58e78a43a628e2eda02ad28ebc77ba84,2026-08-25T02:06:03.276072+00:00,site_latency,530.66,False
16a4ef0044aaae7fccb4e7e744d6cf8b,2026-08-25T02:06:03.256198+00:00,checkout,440.6,False
a76eb7ff0d81bb5686dbf9649f2ab4d4,2026-08-25T02:06:03.032861+00:00,site_latency,971.22,False
6937ff81f41bd7cd4b211af6736a4a1a,2026-08-25T02:06:03.965351+00:00,api_generic,84.93,True
b3c98dbcbca227565ac08ccb1971309b,2026-08-25T02:06:04.202867+00:00,site_latency,1032.96,False
ad18ee7dcfbc18a327983c56c49f80f6,2026-08-25T02:06:04.241948+00:00,site_latency,442.88,False
be9c24032b93dfc501a0593ccd7c9fbe,2026-08-25T02:06:04.638871+00:00,site_latency,628.68,False
c1de1943862d78dc2e5b751f698e8ff7,2026-08-25T02:06:04.231765+00:00,api_generic,510.37,False
3699cf6bc0ab1204844027a0f78d286f,2026-08-25T02:06:04.191717+00:00,checkout,625.5,False
3db358483b834f7665c60d69366cf7dd,2026-08-25T02:06:03.736078+00:00,api_generic,1167.36,False
613af8d1cef85cfed09fb913d6da805e,2026-08-25T02:06:04.667308+00:00,checkout,424.13,False
beaffd6b4d0fee162ac6b5c3d2cbc349,2026-08-25T02:06:03.937652+00:00,pix,1234.07,False
5b34829152f090f5ecd1c05f3ef5aa22,2026-08-25T02:06:04.186992+00:00,checkout,751.18,False
c93d3e9dcbb5e468c35c2a07e69f7e9b,2026-08-25T02:06:05.138700+00:00,api_generic,85.98,False
c5658e76eed74e6dbbd1b0a9252b06d5,2026-08-25T02:06:04.175958+00:00,checkout,513.88,False
2ae58d05cbe0a1de849fddcb425c74d8,2026-08-25T02:06:04.601013+00:00,site_latency,138.76,False
d94bb7952ab414742f4be2ea837fd73e,2026-08-25T02:06:04.186257+00:00,checkout,497.48,False
b9b3317fe339930ce4fb9bf8b8a1f5ac,2026-08-25T02:06:04.554795+00:00,checkout,406.88,False
94f87f2213d733152f4a67609d94b7d0,2026-08-25T02:06:04.745691+00:00,api_generic,286.1,True
de3f2aef25f87d1347b48c476e4cf1b8,2026-08-25T02:06:04.683256+00:00,checkout,469.11,False
70ce687366e9f277997e12868b0636d2,2026-08-25T02:06:03.923347+00:00,checkout,625.07,False
6ece997b4cf72473f4f1fb79b3942a95,2026-08-25T02:06:04.627266+00:00,checkout,408.22,False
a91cad3ef622e345997adc65548a65a6,2026-08-25T02:06:03.996697+00:00,checkout,678.52,False
a5261f80ec22871129ec9f9cd32e7cd2,2026-08-25T02:06:04.401327+00:00,site_latency,457.0,False
20e50eaa341ae2da50d12a6b5c468aba,2026-08-25T02:06:04.272839+00:00,site_latency,437.96,False
8edbcff8cb8e80f73d88f9a161471f30,2026-08-25T02:06:04.270996+00:00,checkout,492.06,False
338867cd3e7e2205c84ea7717f418595,2026-08-25T02:06:03.414708+00:00,checkout,1558.42,False
a2dceaeace69b322f7bb6ef666119d45,2026-08-25T02:06:04.272197+00:00,checkout,271.31,False
7560b6fca58d64f796298a48a3caf66e,2026-08-25T02:06:04.137805+00:00,checkout,400.3,False
5c45eb894da860d6ddd4d43fdc57e324,2026-08-25T02:06:04.462009+00:00,checkout,432.14,False
d1513b42e48cdf25c8765e798603ab47,2026-08-25T02:06:03.247811+00:00,checkout,1845.71,False
4356fa52631c49e0657872af0405ba57,2026-08-25T02:06:04.627741+00:00,checkout,426.68,False
57bd824208619ba1a78b11a84c31b1f5,2026-08-25T02:06:04.812451+00:00,site_latency,427.21,False
59b27afe6ee2c74d25b7fcff9c54d926,2026-08-25T02:06:03.143296+00:00,checkout,1796.09,True
e701fca4292f2470d9cd693d2883137e,2026-08-25T02:06:04.478297+00:00,site_latency,473.79,False
e4417b5a05902d93684cc7e04bff67bb,2026-08-25T02:06:04.054339+00:00,checkout,675.0,False
a030a6796f2ace49b41328e943f92054,2026-08-25T02:06:04.348644+00:00,site_latency,295.52,False
9a6ac6c8ac7e5d0c4b827563e9889a30,2026-08-25T02:06:04.628272+00:00,checkout,740.79,False
cb2da4627a432cf30e8134c27a40590f,2026-08-25T02:06:04.564212+00:00,checkout,496.67,False
77d1abc1086d8a6d2d45ecf79216f87a,2026-08-25T02:06:04.248564+00:00,checkout,429.34,False
3231033f1aa1719eb0e0674b8344d7b3,2026-08-25T02:06:04.505802+00:00,checkout,537.21,False
50451e516fb7d41b110b3020d1c4e22d,2026-08-25T02:06:04.311581+00:00,site_latency,430.19,False
45fff1aba0073351b26740cf1c70c483,2026-08-25T02:06:04.671350+00:00,site_latency,609.21,False
7255a904759030cc70c489f6be3ab870,2026-08-25T02:06:04.173150+00:00,checkout,747.34,False
cdc44dcf76bfadd5195d4522bad3b1f5,2026-08-25T02:06:04.537324+00:00,site_latency,442.61,False
e9f804bfbb5432c4771506b8505a77c0,2026-08-25T02:06:04.120203+00:00,checkout,436.51,False
f169145317bfedf47a08697422e5cdc6,2026-08-25T02:06:05.093486+00:00,api_generic,275.86,True
5e9a742c6c9145a8995d4c0a247dfea5,2026-08-25T02:06:04.405909+00:00,site_latency,726.54,False
9c15ca103de77a0cbad72540f98fc512,2026-08-25T02:06:04.876813+00:00,checkout,489.87,False
699e2b2141ff7877bf5c82ab983ce2ad,2026-08-25T02:06:04.119392+00:00,site_latency,420.29,False
8ff456739a0ee6fc3d5bb1239994c959,2026-08-25T02:06:04.598036+00:00,checkout,401.86,False
211892490ec4af7e9f8be2bf637083e7,2026-08-25T02:06:04.496081+00:00,checkout,628.11,True
81bc68e329e2cbf0bf256527b3ee16af,2026-08-25T02:06:04.451346+00:00,site_latency,925.68,False
974be12c81e0d8316d30f93ddaeef1f7,2026-08-25T02:06:04.819975+00:00,checkout,541.45,True
e71664ba559ad9382239989ee7a5fe08,2026-08-25T02:06:04.565953+00:00,site_latency,432.08,False
01c2132b9c299205d2aafc1c2cedc825,2026-08-25T02:06:04.982795+00:00,site_latency,247.77,True
742b780def7b8b5a412f8c8c69578f44,2026-08-25T02:06:04.071112+00:00,checkout,456.8,False
18bb3091662ce13bee3a08d27f4e7c62,2026-08-25T02:06:04.326058+00:00,checkout,529.33,False
8cdc748df87759930419b57e589ed511,2026-08-25T02:06:04.047139+00:00,checkout,548.79,False
76ae5c5201ac7878fac0fc54bdd90d51,2026-08-25T02:06:04.684791+00:00,api_generic,144.52,True
701036153fc1ab4c60e382fecb3f86ad,2026-08-25T02:06:03.878732+00:00,checkout,749.57,False
7140184ba9456701f198ebf973e15870,2026-08-25T02:06:04.039912+00:00,checkout,789.64,False
8ceb26a08ca40c5dbc759bf285dcd2d0,2026-08-25T02:06:03.362177+00:00,checkout,1360.94,False
dbe5ff6e4beaadef4d7b616ab7f7e631,2026-08-25T02:06:03.990657+00:00,checkout,548.62,False
58825d0845366fa9a9cc30abc52939a7,2026-08-25T02:06:04.066562+00:00,site_latency,472.56,False
6034c84c904b3663329ffec8d57436b0,2026-08-25T02:06:05.428214+00:00,checkout,563.43,False
55bae626fbeaa67f9b508fc19419d1aa,2026-08-25T02:06:05.459153+00:00,checkout,404.74,False
06c94da676e90c37708580813a2928b5,2026-08-25T02:06:04.997970+00:00,checkout,524.68,False
7f8525df81f7c33da63ce84bb9f04075,2026-08-25T02:06:05.103502+00:00,checkout,517.69,False
b189578c8bbb2cb7a6ef532f8c87a8e3,2026-08-25T02:06:05.195270+00:00,checkout,606.06,False
3e56250adcdf60e9a156de2e6f996439,2026-08-25T02:06:04.986297+00:00,checkout,564.64,False
49ac45c42dce46bd21f633431446d783,2026-08-25T02:06:05.868340+00:00,site_latency,254.48,False
ad4ece071a3afbee74e706abc0e5f0c6,2026-08-25T02:06:05.186663+00:00,site_latency,607.79,False
acfeae2134c9ed03d5a3f807b9e05e63,2026-08-25T02:06:05.445486+00:00,checkout,411.82,False
dd0084e0dd8d162f9ac2453f1ffbd813,2026-08-25T02:06:05.799948+00:00,api_generic,89.96,False
d5ed6bfba2adb42a144fae45c692efe1,2026-08-25T02:06:04.981726+00:00,api_generic,549.33,False
cd5de943c175017cf71f21971aa4b25b,2026-08-25T02:06:05.411406+00:00,checkout,672.49,False
1370cb22a7de39ec961c8dc4f96b13fc,2026-08-25T02:06:04.999248+00:00,checkout,543.59,False
1f42b475704537678f21dbaae522b2fc,2026-08-25T02:06:04.937413+00:00,checkout,540.42,False
afcaae689ec0409ab31a6d27369e17e6,2026-08-25T02:06:05.166413+00:00,site_latency,574.6,False
6d00d21bd4d5d320f90a5212ca574b31,2026-08-25T02:06:05.474594+00:00,site_latency,671.72,False
1ea3c64d4145ad8e6b7dd04f7a3f7d61,2026-08-25T02:06:05.215500+00:00,site_latency,484.18,False
426c6827da1ebf069e04c4f696df9083,2026-08-25T02:06:05.520817+00:00,checkout,408.33,False
192af116d5463782ebf884a6db84a9d1,2026-08-25T02:06:05.565078+00:00,site_latency,426.36,False
9e4e5d7af8623e2e4f2160ea2f1b2007,2026-08-25T02:06:04.798837+00:00,checkout,1008.59,False
2cefa2a643db8eeeac3f3e34e70b3735,2026-08-25T02:06:05.402466+00:00,checkout,451.34,False
54dec017b8dfe67572caf4dab98367b6,2026-08-25T02:06:04.474546+00:00,api_generic,1174.4,False
440839a9c6aaf4d686abe3c82d7ef996,2026-08-25T02:06:05.092625+00:00,checkout,745.67,False
1b80605e7ce83072ec2ff287d07376ae,2026-08-25T02:06:04.927990+00:00,checkout,481.82,False
4e8a6c56425729ed4e28d8504978f29d,2026-08-25T02:06:05.137998+00:00,checkout,414.6,False
d274c00d30129747a245192a1b8c8b9b,2026-08-25T02:06:04.974394+00:00,site_latency,889.67,False
f93096e6bcbc437ae68581a349acf58c,2026-08-25T02:06:06.140779+00:00,site_latency,79.18,False
94a40ab7c1b8e96e81de00b13c031404,2026-08-25T02:06:06.087661+00:00,api_generic,157.66,True
d92d81b08ab8df9ea9485ac0351ba5a4,2026-08-25T02:06:04.374149+00:00,checkout,1052.65,True
c981ddf322518993eed0979f3c7d6675,2026-08-25T02:06:05.423104+00:00,pix,435.82,False
62c3559dddf66b2fc7a4ee854f7dc0a5,2026-08-25T02:06:05.065396+00:00,checkout,431.05,False
035fa4b01839c28d2038934ce0a0b9b8,2026-08-25T02:06:05.307613+00:00,checkout,683.48,False
114263b495635ea1557ca7123e9ccf90,2026-08-25T02:06:03.960907+00:00,checkout,1989.86,True
1f75ecdefeffbb9c1663c83947af53f1,2026-08-25T02:06:05.334518+00:00,site_latency,403.09,False
09980946b41c0efab02690ed269d1ec0,2026-08-25T02:06:05.564182+00:00,checkout,403.83,False
32ee58a7e49a83776289201cd5268608,2026-08-25T02:06:05.538803+00:00,checkout,498.34,False
381227565a6c78653566ada8f08e4cad,2026-08-25T02:06:05.253070+00:00,checkout,450.02,False
9e8ce9153f19200565f20de5f2e399b4,2026-08-25T02:06:02.326007+00:00,site_latency,3187.88,False
06e42b221e0800e85bbe71037d414bf7,2026-08-25T02:06:05.376791+00:00,api_generic,65.02,False
d889506188458c43ccb2b1a376f98954,2026-08-25T02:06:05.497675+00:00,checkout,518.87,False
1d4039a5692170363022d67a56fb09e8,2026-08-25T02:06:05.498188+00:00,checkout,547.44,False
de35fcdaec8cd4d0c3d9df47d8718116,2026-08-25T02:06:05.708756+00:00,site_latency,423.09,False
8071052c3100878fdc4500d6950c673e,2026-08-25T02:06:05.261940+00:00,checkout,510.22,False
80a2cd22c5acbe6bd16128d156a4beb8,2026-08-25T02:06:05.602242+00:00,site_latency,464.21,False
d3d436a02baa3b787150bec63084f38e,2026-08-25T02:06:05.618705+00:00,api_generic,538.88,False
3b9bfc92d6c5c6415e3fc98c378c71e3,2026-08-25T02:06:05.870340+00:00,api_generic,105.45,True
1491ecedc0890988f81b38eea8948a2b,2026-08-25T02:06:04.955561+00:00,site_latency,1000.32,False
5780b31038ef969cd62887f61a6052c7,2026-08-25T02:06:05.647772+00:00,checkout,452.52,False
fcfb668a774539c04e6b8fd2c171784c,2026-08-25T02:06:05.281199+00:00,checkout,695.81,False
0aacef751652e26bb39ab7280ce875e6,2026-08-25T02:06:05.373092+00:00,checkout,828.0,False
010e326a3c8aa494aeeda0aa2701091b,2026-08-25T02:06:05.116157+00:00,site_latency,439.19,False
6ce02672c2a12ab581ba731b336644de,2026-08-25T02:06:05.199056+00:00,site_latency,416.77,False
83c2723f8f9bfc1b4ae6ecbcc5452cdf,2026-08-25T02:06:05.066800+00:00,site_latency,539.86,False
c0da56c2fe3957d4e95744fc381e38ea,2026-08-25T02:06:05.580392+00:00,pix,74.11,False
f548a6713b2deda07eabc7cb1ea7ec5b,2026-08-25T02:06:04.911757+00:00,pix,778.74,False
fc4b7423a15ac32c38771868f163bec9,2026-08-25T02:06:05.032934+00:00,checkout,832.81,False
32e299a857fb9c1b81e663b788ce58b9,2026-08-25T02:06:05.058507+00:00,checkout,497.11,False
4539e8744b4274cd1c383bc7534fe3ea,2026-08-25T02:06:06.888804+00:00,site_latency,48.02,False
51c46dd50238253549ce2dd1f6cc9584,2026-08-25T02:06:05.528117+00:00,checkout,1018.41,True
686ef87f752fb1637382cd329c6c68ba,2026-08-25T02:06:06.280225+00:00,site_latency,519.7,False
cb7bb61acd04aa5903f763f3ed774136,2026-08-25T02:06:06.700460+00:00,site_latency,162.63,True
127bcee58fc564450638b79127dab73b,2026-08-25T02:06:05.934864+00:00,site_latency,516.09,False
9c514d8911c9cc2a03bf774c3900337b,2026-08-25T02:06:05.772088+00:00,site_latency,738.18,False
8780b4e21093dc8c305dc80b3c241dcf,2026-08-25T02:06:06.558642+00:00,api_generic,159.63,True
f28763b885e7cac64569d4fd88fb46b8,2026-08-25T02:06:06.460654+00:00,checkout,603.26,False
cf7f796c79c3a828143d77e05fa2b4ae,2026-08-25T02:06:06.073678+00:00,api_generic,888.44,False
2a2412aa994646f05d2ec8b96cc8a4a2,2026-08-25T02:06:06.383961+00:00,checkout,445.4,False
41d35d4f16175299132e16a2e1945c66,2026-08-25T02:06:05.754832+00:00,checkout,552.74,False
5dc5feb1ec542a4a748216c9176ed409,2026-08-25T02:06:06.465082+00:00,checkout,417.63,False
6bc843c4da4bc8ae34fd6f16e8c6ab37,2026-08-25T02:06:06.718205+00:00,checkout,412.37,False
4e9153f62103847b66d19f2e0832f3b0,2026-08-25T02:06:05.919977+00:00,site_latency,931.7,False
b0ae41fe1ffd4f4e15bddd708fe52c02,2026-08-25T02:06:06.832322+00:00,site_latency,152.71,False
0661d3d117f541fcec0365c5b58c5b4b,2026-08-25T02:06:06.216844+00:00,api_generic,92.4,True
280c425a67f5144e7bc3620804605f95,2026-08-25T02:06:06.037098+00:00,site_latency,601.31,False
72a06d37e5f15b508be0eabe80e7b981,2026-08-25T02:06:05.761454+00:00,api_generic,842.38,False
8ae2963cfb36f094682689c87f61b4ef,2026-08-25T02:06:06.367065+00:00,site_latency,409.71,False
a57674de02f1eb29d8771074eeb976e3,2026-08-25T02:06:06.442803+00:00,site_latency,464.26,False
fcd4b1ef687b01a7070314900a559d6f,2026-08-25T02:06:06.218147+00:00,checkout,498.33,False
d024e6dec68b6e4da8f4ce8c73ba906b,2026-08-25T02:06:05.855887+00:00,site_latency,441.19,False
74a6a85de632a23206dbf1f05789af4e,2026-08-25T02:06:05.883778+00:00,checkout,522.37,False
4a0163c80efce260d69b7e070a54e6b6,2026-08-25T02:06:05.948283+00:00,checkout,602.35,False
4f481277719ab6e4dea96f6d15d85a59,2026-08-25T02:06:06.282595+00:00,checkout,411.89,False
98323e59a8b526d86c0767e7b484d9ab,2026-08-25T02:06:06.443074+00:00,checkout,405.05,False
12ca2450cc5784f0b3e4ea099b43d0f0,2026-08-25T02:06:06.364805+00:00,checkout,540.24,False
db21c0b0ad0a8bdf5a8c991d1ed1710e,2026-08-25T02:06:06.516459+00:00,api_generic,180.38,True
e232a24d84287fcf6173a761d16cb713,2026-08-25T02:06:06.538831+00:00,site_latency,439.27,False
2938d2695900ff77792eaf09a1d1f3d0,2026-08-25T02:06:05.660511+00:00,api_generic,616.05,False
b2a4d311f53de797a6053eea20c0d2cf,2026-08-25T02:06:06.665290+00:00,checkout,433.14,False
18539d828cfac53a305e5fb92344f040,2026-08-25T02:06:06.196424+00:00,site_latency,500.92,False
c3013b5eb7bc5dffee68b35817815180,2026-08-25T02:06:05.731734+00:00,checkout,1073.28,False
93b7d3763f47780a7115463abbc33151,2026-08-25T02:06:06.207476+00:00,checkout,556.08,False
8d190920175ee76b956ff1228de26f01,2026-08-25T02:06:06.227877+00:00,site_latency,425.74,False
48b30249a82f0cda4619c31d8dac8e57,2026-08-25T02:06:06.076533+00:00,site_latency,764.71,False
dad1ee1c9dd8bff32448263dc1c54aaa,2026-08-25T02:06:06.857322+00:00,api_generic,236.75,True
ee5b39626fbafc8da47919f4040db328,2026-08-25T02:06:06.149036+00:00,site_latency,383.5,True
a89b1bdc8581813d6ddba27d9ed8958a,2026-08-25T02:06:05.813082+00:00,checkout,548.01,False
17fa113a0be9ec1dbb3e8c19faee6006,2026-08-25T02:06:06.277469+00:00,checkout,643.72,False
80f3bee196eb89119294232fb4450f44,2026-08-25T02:06:05.903694+00:00,site_latency,475.33,False
09a6bc53adbbdb504a15bfdd70765e9a,2026-08-25T02:06:05.860516+00:00,checkout,407.7,False
140488c5ccd763e111fe5588add46b7d,2026-08-25T02:06:06.898852+00:00,site_latency,268.79,True
5aa13d526e005ea45221f9cde2140544,2026-08-25T02:06:05.994071+00:00,checkout,421.79,False
58d6e2fa06ef9d36c9abae8bae6d4689,2026-08-25T02:06:06.476379+00:00,site_latency,638.88,False
7318873cf38a32dded9aa1807062f393,2026-08-25T02:06:06.498360+00:00,checkout,521.84,False
3d671146b3264e3513b1724bd842ab81,2026-08-25T02:06:05.934754+00:00,checkout,640.98,False
339419cc0b60eca7a35f384998c02575,2026-08-25T02:06:06.507813+00:00,checkout,541.07,False
8825ed6adb7507e9bad16598488eee21,2026-08-25T02:06:06.349809+00:00,checkout,424.36,False
92144d788236e887841ae6602c143a95,2026-08-25T02:06:06.700275+00:00,site_latency,414.39,False
146b6e713bc88e5fcfabc77bc4a4d606,2026-08-25T02:06:06.691493+00:00,checkout,463.86,True
f9038109ee45a92599b02639ff088d7a,2026-08-25T02:06:05.834312+00:00,site_latency,503.08,False
88f2a86a5a965f9ec8fedb8d11853005,2026-08-25T02:06:06.558950+00:00,site_latency,336.39,True
78b46d65a9531f9ca407855e2e5b2069,2026-08-25T02:06:06.314411+00:00,site_latency,468.29,False
12082a1902bcc387bf20c9cc36ea5038,2026-08-25T02:06:06.058131+00:00,checkout,707.19,False
914701a385d9f4984a0a7d0a28720e98,2026-08-25T02:06:06.233811+00:00,checkout,475.01,False
6a1af9ac1f467b55789d1c477c76d713,2026-08-25T02:06:06.321634+00:00,site_latency,578.63,False
5804de2178628e5c010b2357e21d155c,2026-08-25T02:06:06.628790+00:00,checkout,419.73,False
3673d3cd6d0599d93aebc3e7982d0476,2026-08-25T02:06:05.879164+00:00,checkout,441.23,False
c9a36718e07b5102cd0a7cfa10d4765d,2026-08-25T02:06:06.107067+00:00,pix,665.42,False
467cd97d191e4a4afc487ab9ba626695,2026-08-25T02:06:06.517746+00:00,pix,185.17,True
fbdddf0c5e610bc5d09a8c6afd553cce,2026-08-25T02:06:06.340518+00:00,checkout,500.22,False
f5795ea90fdeeb322e87e3883be4bb80,2026-08-25T02:06:06.672776+00:00,site_latency,441.7,False
c815da541bd8ee1e64c2d2b8fe362c65,2026-08-25T02:06:06.070292+00:00,site_latency,386.68,True
8795d6ab275f3565c57b04a613f40b42,2026-08-25T02:06:07.243766+00:00,checkout,461.85,False
a9d30bad5b60932aeb58c9f93c7ef4f2,2026-08-25T02:06:07.077062+00:00,site_latency,233.61,True
e6a55cbb92cd7ee41436b11cb4ae4880,2026-08-25T02:06:05.943090+00:00,pix,1270.53,False
ab45ec7483093335fb67d009b3a98f40,2026-08-25T02:06:07.297466+00:00,checkout,333.75,False
ba56d984ad4f32b726a7594d1d0e34b7,2026-08-25T02:06:07.268791+00:00,checkout,405.72,False
95b45cab859d55d6041cac05f04e642c,2026-08-25T02:06:07.104561+00:00,checkout,662.2,False
cc726bc50343bc8f681fe1e4cc30cd84,2026-08-25T02:06:07.570936+00:00,site_latency,411.2,False
8c60064c25bbb0d4ed46fe63139f19b5,2026-08-25T02:06:07.269740+00:00,checkout,797.0,False
7773735a8969e3a52f93390018c1b1c9,2026-08-25T02:06:06.403868+00:00,site_latency,1194.26,False
a8af2e7e73173e72f5385c2bdb1329ab,2026-08-25T02:06:07.162493+00:00,site_latency,484.46,False
0beee169d23ca65a73688b3519b00a65,2026-08-25T02:06:07.526971+00:00,site_latency,254.33,False
524118e025bee7b68b6ecb89ea6dcb0f,2026-08-25T02:06:06.983054+00:00,checkout,528.09,False
c2b301206401b762d3b478446d32d266,2026-08-25T02:06:06.766223+00:00,api_generic,593.77,False
db7e341f40aa4dca2f1e0e35d1ec8893,2026-08-25T02:06:06.823298+00:00,checkout,581.68,False
82e9e243ff50ccbbe11d5bafbab4743b,2026-08-25T02:06:06.609900+00:00,site_latency,950.24,False
d3eaf6143ca55761eb4b1262c297476e,2026-08-25T02:06:07.465102+00:00,checkout,406.47,False
18af0ed6f577b6429289cdac1beb099d,2026-08-25T02:06:06.708789+00:00,site_latency,525.41,False
34f14d93188fb7bc0ed8a2476d862c73,2026-08-25T02:06:07.441938+00:00,pix,520.61,False
6d13dbdb243b1c584d89ea24302c0601,2026-08-25T02:06:06.949602+00:00,checkout,552.68,False
9f64ef93d469f42941d3373b5de94ca5,2026-08-25T02:06:06.827723+00:00,pix,1190.93,False
30bef356cc9b377f06e03d958bfa8a42,2026-08-25T02:06:07.269990+00:00,checkout,430.84,False
948e596b3e10b9e74c3181e4f1b993fb,2026-08-25T02:06:07.386415+00:00,api_generic,344.18,True
05d9bcdd8b3ecb164eb67d681fc5af6c,2026-08-25T02:06:07.622873+00:00,checkout,433.09,False
96d8a65d1336410e520d76dcf100b82c,2026-08-25T02:06:06.922730+00:00,site_latency,661.66,False
b1b6a586b32c9e5992cddfdeb7a52191,2026-08-25T02:06:06.943394+00:00,checkout,664.5,False
a269521b513a8f4e8b219315b88ae5df,2026-08-25T02:06:06.811913+00:00,checkout,480.51,False
197176ddbc80ff0c3782e54035589d18,2026-08-25T02:06:06.357546+00:00,site_latency,1102.58,False
7de3b3a25f8d595774d91c5e6d62aee6,2026-08-25T02:06:07.440756+00:00,site_latency,403.37,False
eea67267f35ee338d22e7fe620edc8ca,2026-08-25T02:06:07.232437+00:00,checkout,452.05,False
c51dd928bc07b6a28a6b048b19250583,2026-08-25T02:06:06.648733+00:00,checkout,613.67,False
b5076d5fe565d9ed7c53fba9abb4ded4,2026-08-25T02:06:07.460525+00:00,checkout,442.6,False
71ee5d9b411193675811011f29125d47,2026-08-25T02:06:07.702154+00:00,api_generic,174.56,True
2f7fbf718d859235bb5f5d5fb09674ad,2026-08-25T02:06:07.286130+00:00,checkout,406.03,False
43256b5fe243e696729b136ab35fad4f,2026-08-25T02:06:06.238273+00:00,checkout,1531.37,False
879d2551dc47fe11fd7b1e8715a93752,2026-08-25T02:06:06.872504+00:00,checkout,522.48,False
27ed9e954f7c5f31ff44d81a87f1c0d6,2026-08-25T02:06:05.293500+00:00,checkout,2164.93,False
8ed21c50cc922006f2c1e6959aba8114,2026-08-25T02:06:06.992647+00:00,checkout,504.38,False
ad35c30d81447e897a778bfddb4673b6,2026-08-25T02:06:06.950120+00:00,checkout,578.97,False
525c9026984e71d8e59d6265d5db9af7,2026-08-25T02:06:07.256427+00:00,api_generic,283.05,True
67c586ef6fe038029c74a4883096688c,2026-08-25T02:06:07.378851+00:00,pix,97.57,False
8ad39d5239b64db6c1e39aebb0a8830e,2026-08-25T02:06:07.236659+00:00,checkout,677.97,False
ada466dc5af2f521aa5996cd94190f01,2026-08-25T02:06:07.570574+00:00,checkout,447.22,False
49187b1ad2114b61d4e0c34690f2a9eb,2026-08-25T02:06:06.834670+00:00,site_latency,519.31,False
3c2bb524ca1ca6420406e671321c4984,2026-08-25T02:06:07.522651+00:00,site_latency,456.58,False
1091d6548ad1423501efb7c6a7e06831,2026-08-25T02:06:07.847243+00:00,api_generic,59.21,False
a03cdcd16e022046a05443348d174eea,2026-08-25T02:06:05.405610+00:00,checkout,2573.87,False
3bd6e171a38ec9c476cea58d633263a6,2026-08-25T02:06:06.891526+00:00,site_latency,483.94,False
0644f4f6154dd12a781dcea5f4ae5b1c,2026-08-25T02:06:07.316534+00:00,checkout,411.61,False
8e2d3bb4f9041d0d698f159a0c3bc51e,2026-08-25T02:06:07.414779+00:00,api_generic,308.05,True
91190dbfe8faca76a0236ddefcf9c4f5,2026-08-25T02:06:06.741354+00:00,checkout,493.08,False
292532deeb260e2fe64ddafc9e30dcda,2026-08-25T02:06:07.124178+00:00,checkout,485.06,False
2586c75c6da99b27ae5f1ecd16a55be7,2026-08-25T02:06:06.906651+00:00,checkout,847.06,False
5f9f92c4df2cb5ced4b4f35c02c2e660,2026-08-25T02:06:06.410512+00:00,site_latency,998.51,False
36fa6de4a9b796b1cb13aa3cd7e071b5,2026-08-25T02:06:07.252779+00:00,site_latency,479.53,False
e2b7e22fa730a40a1c8670f47bbef403,2026-08-25T02:06:07.085816+00:00,api_generic,519.32,False
5097dfbb1072d81a141244f1e1b015de,2026-08-25T02:06:07.080814+00:00,pix,765.17,False
61d492a4dd880484e2b6962a6e670a69,2026-08-25T02:06:08.019867+00:00,api_generic,422.92,False
ee3ab1b2b9688b45e0100c1fae2d9e0f,2026-08-25T02:06:07.513448+00:00,pix,682.76,False
e0365b5f516e00a1c9b13fd68dc6d7aa,2026-08-25T02:06:08.098229+00:00,site_latency,306.77,True
da2cfadbf389b0d521ef16ff4d92a4ce,2026-08-25T02:06:08.638926+00:00,api_generic,78.81,False
fd9af2fe87927f149cf9da5e49d93a95,2026-08-25T02:06:07.527552+00:00,site_latency,767.3,False
6fbafc749acc2f7e00e928780e1b971b,2026-08-25T02:06:08.313328+00:00,site_latency,545.41,False
ee3f48879b24893d23b5c9e7ac5209a6,2026-08-25T02:06:07.120314+00:00,checkout,1614.61,False
378df38eb13a62e41ed45c7723738560,2026-08-25T02:06:07.823339+00:00,checkout,522.4,False
d20c8f40ce86b10b8302a2706af1114c,2026-08-25T02:06:07.994839+00:00,checkout,532.81,False
d44dc85ed991fdc9c04b3bbe965deb87,2026-08-25T02:06:07.764559+00:00,checkout,978.53,False
eea78fe360d60f98f6086c9e8c02de98,2026-08-25T02:06:08.607273+00:00,site_latency,168.41,False
7d849bee4fb8aba8f1ec3782e97144ed,2026-08-25T02:06:07.785483+00:00,checkout,402.19,False
0856b825aa725b8310d3911d1ab965b2,2026-08-25T02:06:08.176864+00:00,checkout,439.37,False
700f505045f8da70780ab069130e3b2e,2026-08-25T02:06:08.437038+00:00,site_latency,129.73,True
648ebe8c463080599e096420ea7a0ee3,2026-08-25T02:06:08.278837+00:00,site_latency,407.6,False
ee06a19323d8d65794f2ed1ff5ce0b1a,2026-08-25T02:06:08.078941+00:00,checkout,509.0,False
cf464565f0f4399d9b3d1f7f399bdf83,2026-08-25T02:06:08.051702+00:00,api_generic,921.14,False
e730024625d37b478b22ab916d6d25fe,2026-08-25T02:06:08.008265+00:00,checkout,805.93,False
f256e77c1b67f956ab673b02ca1275ee,2026-08-25T02:06:07.902268+00:00,checkout,561.67,False
75da26a867780c2e0989b4b3a24af577,2026-08-25T02:06:07.829992+00:00,site_latency,543.37,False
353cd3ef447e54e49839efb933af234d,2026-08-25T02:06:07.551858+00:00,checkout,704.63,False
d7d20fd86bd8aeebc052ffd98e280054,2026-08-25T02:06:07.775357+00:00,checkout,594.12,False
b68d7faecbb04d64467811c23d7c5fc8,2026-08-25T02:06:07.650129+00:00,site_latency,501.38,False
b007318f673458a16e65b1b3448f5ff4,2026-08-25T02:06:08.400193+00:00,site_latency,90.03,False
f0ce2f47bc81607c1284cb26307eb1f3,2026-08-25T02:06:07.822321+00:00,checkout,593.61,False
2488cd21e36ed16c6566ba301729e954,2026-08-25T02:06:07.766713+00:00,checkout,627.77,False
97a9fde24d4efca5f1c15d2147540e25,2026-08-25T02:06:07.280077+00:00,site_latency,891.1,False
8392e4c9382a89c0ac2dc3a1f64d0046,2026-08-25T02:06:08.168813+00:00,site_latency,175.51,True
af359975a01a607ecc07b653ca978ad4,2026-08-25T02:06:08.244395+00:00,api_generic,202.55,True
251ce754c1a36ca073b572ea66e09a3b,2026-08-25T02:06:08.513397+00:00,site_latency,457.4,False
92f5b76a96c1077bd5abef53454f68f8,2026-08-25T02:06:08.291568+00:00,site_latency,473.48,False
3ff14933ceb68499206f80d52da40232,2026-08-25T02:06:07.614085+00:00,site_latency,703.62,False
abdec315eea438096b69391ecc361914,2026-08-25T02:06:07.831958+00:00,checkout,619.58,False
b7eb7c933626068446dc12f1ebc8ae67,2026-08-25T02:06:07.793825+00:00,site_latency,467.45,False
5ef6bede97697dc3b5f19d2f60e83fec,2026-08-25T02:06:07.693998+00:00,site_latency,988.69,False
3e98f9de5c438b18b378eb18ca1bccda,2026-08-25T02:06:08.021200+00:00,site_latency,460.3,False
b425e81a79334dc4e485fdb002233863,2026-08-25T02:06:05.895924+00:00,site_latency,2862.12,False
4f2130fb20aab6eab59568416b3ccac9,2026-08-25T02:06:08.096226+00:00,checkout,431.23,False
acbc32991b15c72550c147c374ed5879,2026-08-25T02:06:08.093773+00:00,site_latency,481.07,False
19d4a4f5da77d564bdfddf14c8ccde06,2026-08-25T02:06:08.827990+00:00,api_generic,90.31,False
5d8e06690a5832383b853944689b5e03,2026-08-25T02:06:08.883846+00:00,api_generic,95.95,True
6f574c2f62a674e074965cf6bf146eb3,2026-08-25T02:06:07.612004+00:00,checkout,693.75,False
4cdf2d1ecb5c73aa312375d6eb0b9ecc,2026-08-25T02:06:08.384972+00:00,checkout,542.62,False
49d6877e6b8dc31507dcd405fc2a0473,2026-08-25T02:06:08.314149+00:00,checkout,642.38,False
56fbb6d058d94623d78938dbae7e79a3,2026-08-25T02:06:08.270911+00:00,checkout,455.56,False
7834cf8edd653067ca1960dcc25aaa8c,2026-08-25T02:06:08.164979+00:00,site_latency,470.55,False
810d43739eba39dab091257046098340,2026-08-25T02:06:08.522414+00:00,api_generic,374.62,True
0e611716bef6bf757a299d0f2f08acf8,2026-08-25T02:06:08.403799+00:00,site_latency,490.55,False
062e7e2436e4eb5ae7293835c14f2971,2026-08-25T02:06:08.052377+00:00,site_latency,576.45,False
ae523ac44fdad800f801b0e3430a13ee,2026-08-25T02:06:08.386474+00:00,pix,191.81,False
30654506c39a56a5afeecc5b7e4df0e4,2026-08-25T02:06:08.276818+00:00,checkout,505.69,False
166611a8e98014e5041100031f9a59ca,2026-08-25T02:06:08.571542+00:00,checkout,415.76,False
cd85cb67c29d03ca74dcb303378189c8,2026-08-25T02:06:07.961135+00:00,site_latency,280.07,True
660fd900e33bb9290de77d60fb449a3d,2026-08-25T02:06:08.406262+00:00,site_latency,400.16,False
4aa05b7a6dd3ef043c3b78a7094bfce6,2026-08-25T02:06:05.897703+00:00,checkout,2496.52,False
6c4aeb5779e123c677850d5920deff5a,2026-08-25T02:06:08.028831+00:00,site_latency,245.92,False
77204b9a0da092557d1a84dd98af4be7,2026-08-25T02:06:08.458953+00:00,checkout,422.34,False
3154d23991f491ebb6a722c2dfdd01fa,2026-08-25T02:06:07.851482+00:00,checkout,413.5,False
4842c3230d6f265d325c2b2afb6d809f,2026-08-25T02:06:07.640910+00:00,checkout,629.57,False
f0f51962eb368d0bb66fe691d75324cb,2026-08-25T02:06:08.068912+00:00,site_latency,458.92,False
bbadf549d689229480547a8d8cf14ff6,2026-08-25T02:06:07.707118+00:00,checkout,554.42,False
535b460e35dfcf49ae11e5e1807215ed,2026-08-25T02:06:07.563848+00:00,checkout,595.55,False
7bc21424830e7449d6cff4d53bf46a90,2026-08-25T02:06:07.732246+00:00,checkout,1106.58,False
05099841f07707c175c16958c902e029,2026-08-25T02:06:08.272127+00:00,checkout,418.33,False
58939510b98d3137ff80ba1c35f61014,2026-08-25T02:06:08.003200+00:00,checkout,464.4,False
4412edaabd83e8f4caacdb35cdb37e70,2026-08-25T02:06:07.847658+00:00,pix,547.03,False
f8ff58c5773645f931960c4f556c17da,2026-08-25T02:06:08.355411+00:00,checkout,425.23,False
bdd29a17d2a10d1c5306de4e0742af03,2026-08-25T02:06:07.903746+00:00,checkout,429.06,False
afa80a11382d2ef310ef16cb8e5afabf,2026-08-25T02:06:08.429265+00:00,site_latency,597.81,False
bbb836ec5de885d77f08e4ba893fef41,2026-08-25T02:06:09.036941+00:00,api_generic,53.79,False
04cd148adb593d287c9438948bafd7eb,2026-08-25T02:06:08.572037+00:00,site_latency,930.13,False
1e9d966dfbfb83032a13f5c943f4b826,2026-08-25T02:06:08.783097+00:00,checkout,445.71,False
4831a4a75d1e1dd4ecf1e146c3a68812,2026-08-25T02:06:08.662293+00:00,checkout,682.01,False
5c8d22754d8f7ffc4849a1379fd5b225,2026-08-25T02:06:09.220705+00:00,site_latency,457.39,False
38e44138755ec3b7534da5297d5ef453,2026-08-25T02:06:09.285621+00:00,checkout,509.64,False
29e57f9d17cbc013ccff551bbad73587,2026-08-25T02:06:08.840907+00:00,checkout,717.39,False
803da68fcd4868659887ddf5f5919304,2026-08-25T02:06:09.586662+00:00,api_generic,63.24,False
8398265facae1fc1b1f9b87cff40009c,2026-08-25T02:06:08.644250+00:00,site_latency,378.1,True
61b282662cbc99f47076d5326e78714c,2026-08-25T02:06:09.072892+00:00,site_latency,611.11,False
c71a7a7ba2dddcdda22fce508a13adf0,2026-08-25T02:06:09.044202+00:00,checkout,432.54,False
0c358ea2a662215c9faffa33134d2383,2026-08-25T02:06:09.294373+00:00,site_latency,481.13,False
9c9cf648703a74497f7794126b4b2356,2026-08-25T02:06:06.659721+00:00,checkout,2832.87,False
aa09f393da03f8ca18b6ab844a05111f,2026-08-25T02:06:08.926039+00:00,site_latency,662.7,False
ab6f4b0b16eae5f0b7a6ab4ab3e739af,2026-08-25T02:06:08.558995+00:00,checkout,540.18,False
3c2ac1a4b01d14de6b7a844bd37e30d6,2026-08-25T02:06:08.766372+00:00,checkout,682.77,False
ca99ffc2a1f734699f3d1d8a9629d310,2026-08-25T02:06:08.590132+00:00,site_latency,694.01,False
ede1aeb840d327f7b8f782c60b10d4c5,2026-08-25T02:06:09.092233+00:00,checkout,405.2,False
b545b8540543d4d20ac6090bc510db59,2026-08-25T02:06:09.264818+00:00,checkout,476.44,False
5ea497bd68747c53fd20fa3193e61aa7,2026-08-25T02:06:09.193140+00:00,site_latency,637.5,False
eec0aae868922406bb17d6ce170b1f1d,2026-08-25T02:06:09.094473+00:00,api_generic,263.55,True
bd69fb0d8047cbfa9aa4f9d70f628613,2026-08-25T02:06:08.862577+00:00,site_latency,336.54,True
aa78a294017c8ec9f1b522b9bf93b587,2026-08-25T02:06:09.224212+00:00,api_generic,170.36,False
1ac1f1f68e2efc93e723c50ef17950bf,2026-08-25T02:06:08.554396+00:00,checkout,1001.92,False
2da8e07921a4a308c1b9186e4608f49e,2026-08-25T02:06:09.456059+00:00,checkout,412.36,False
5f6b3b3073fbfb58dd0c07414c3ab924,2026-08-25T02:06:08.634669+00:00,checkout,489.53,False
2d1a52f3f2eb761a48e793e57d329978,2026-08-25T02:06:09.407219+00:00,checkout,460.94,False
008945ba793dd987323c7dbd8e631d25,2026-08-25T02:06:08.888126+00:00,api_generic,544.79,False
bad63e9ddf548bedb9657b861550c8cb,2026-08-25T02:06:08.786202+00:00,checkout,341.05,False
e531973be1294dfd3d112d5aa959e93c,2026-08-25T02:06:09.102884+00:00,api_generic,382.2,True
172b96da326c2b745706074f211a6618,2026-08-25T02:06:09.119759+00:00,checkout,719.0,False
8670240c39705bdd4d21ccb103285585,2026-08-25T02:06:08.716106+00:00,site_latency,583.12,False
f11aa743496cde763ea336769837589b,2026-08-25T02:06:08.972808+00:00,site_latency,111.42,False
3fa2741ffc47de073fa85b05df86c110,2026-08-25T02:06:09.248267+00:00,checkout,412.93,False
3904cd93b454c98e8dfdab53e6700b13,2026-08-25T02:06:08.792656+00:00,pix,533.31,False
8e7cbf2bbfde1cb0b3d33dcaf8e275ee,2026-08-25T02:06:09.326399+00:00,site_latency,491.4,False
f2065a6753d72f55d7f1e87b7fa96809,2026-08-25T02:06:08.465520+00:00,checkout,560.69,False
49462286ed6e5b8a17e6332853719f79,2026-08-25T02:06:09.190620+00:00,checkout,420.83,False
c5549d82e9e7ea310367e5edf6de6195,2026-08-25T02:06:08.780322+00:00,site_latency,552.69,False
4654313c925b64df1ecc593fe2088194,2026-08-25T02:06:08.728563+00:00,checkout,536.56,False
4c791f958c21a805861167ccde5f0bbc,2026-08-25T02:06:09.044766+00:00,checkout,649.76,False
0e2c9adf5ae7f7694333a78d8a7c9e5f,2026-08-25T02:06:09.318534+00:00,site_latency,489.35,False
a3aa65e4a3eb3d6255fadedafa340b11,2026-08-25T02:06:09.055202+00:00,checkout,527.86,False
91ec0cf55eeabcbcb4f43653d36b558e,2026-08-25T02:06:08.776812+00:00,checkout,798.96,True
8bc8101f9482d662b8b93b04e51fcb9b,2026-08-25T02:06:09.376529+00:00,checkout,424.41,False
368d82163b354d35ab2d1395e7126023,2026-08-25T02:06:08.758003+00:00,checkout,496.63,False
ea1bfe5186eebd5dcb203f136289ca91,2026-08-25T02:06:09.061018+00:00,checkout,439.69,False
1fbf73285d9e2db3d96eac3040bde716,2026-08-25T02:06:08.602849+00:00,site_latency,467.84,False
face1af3999c8ecfdc4e24eb806d096e,2026-08-25T02:06:08.747412+00:00,api_generic,1083.54,False
93d718322d81f551587527a9504fbe3a,2026-08-25T02:06:08.448447+00:00,checkout,782.43,False
e0992063a2d472349efe0b0277f4775e,2026-08-25T02:06:08.675268+00:00,checkout,659.18,False
87f55a6e3862879cea622382027ad422,2026-08-25T02:06:08.164780+00:00,site_latency,917.76,False
1abc1dd2a96a1853d16d52dd54224a4a,2026-08-25T02:06:08.828736+00:00,checkout,513.34,False
30f4d8070e0e5083fb2d28f7e297e4a0,2026-08-25T02:06:09.251060+00:00,checkout,445.75,False
38ddb6cd6881bbce8fdf9cd21cf8882e,2026-08-25T02:06:08.577392+00:00,checkout,521.1,False
382334d964bb4a2ebfb23009155137a4,2026-08-25T02:06:09.126987+00:00,checkout,432.5,False
9e5696fd35426054b5f819d32ca60d0a,2026-08-25T02:06:08.757026+00:00,site_latency,432.94,False
bf8e0d09768a2cc455359ed4158fe048,2026-08-25T02:06:10.065615+00:00,pix,536.6,False
d9eb29c3cbf0706903386d5c1a9e74b0,2026-08-25T02:06:10.196837+00:00,site_latency,426.66,False
776462e840f9848385d666c14a4e640a,2026-08-25T02:06:09.997208+00:00,site_latency,816.04,False
e5649e4ead785b7089e32389694f1360,2026-08-25T02:06:09.775470+00:00,site_latency,284.73,True
d6e8dfe3277546bc63d22024dc167125,2026-08-25T02:06:09.732248+00:00,checkout,413.87,False
cc64666df982353e41bdaa0cd5e68b67,2026-08-25T02:06:09.683969+00:00,checkout,423.77,False
b8b08141b6973becbbc62068d1fb4f21,2026-08-25T02:06:09.459493+00:00,site_latency,599.01,False
5fdd83d6b5e98eb878b413f5f6e439de,2026-08-25T02:06:09.743490+00:00,checkout,725.03,True
4d9710569b589a3821298fed3bc1c76d,2026-08-25T02:06:10.067431+00:00,site_latency,526.13,False
a93a22e28a31c3c07b228d4211c8357b,2026-08-25T02:06:10.140921+00:00,checkout,443.67,False
c7728de48bf3c4695441a09670fef0cc,2026-08-25T02:06:10.165543+00:00,checkout,481.56,False
13bc7d64a4c0d0ce5da20c8a532d2606,2026-08-25T02:06:09.662524+00:00,checkout,567.71,False
778d71b913d40e6d2a8751ad092289bc,2026-08-25T02:06:10.042297+00:00,checkout,578.56,True
5da59ea9744fcad36f6a4e537bfe77b2,2026-08-25T02:06:09.851609+00:00,pix,570.88,False
c6d218faa5fd264f5930cdcd0342e1ce,2026-08-25T02:06:09.263812+00:00,checkout,678.56,False
7e907d7bb8ee09387257f7710d49789b,2026-08-25T02:06:09.355819+00:00,site_latency,1041.43,False
a46cde8078368c6c960bc0994d4a9bf1,2026-08-25T02:06:09.135887+00:00,pix,788.41,False
dbbd5fc1bab66738ec06502e8dbfd376,2026-08-25T02:06:09.441441+00:00,checkout,493.79,False
d25263a02b4cfc48d5fac8fa8c3e571e,2026-08-25T02:06:09.665511+00:00,checkout,492.86,False
6e8157784e5bb941bf24a6cc509b0c82,2026-08-25T02:06:10.245741+00:00,site_latency,569.44,False
f9c7dbe93d65a9664f632c3bba90ec58,2026-08-25T02:06:10.215927+00:00,site_latency,441.15,False
d317b98bf52dbd2d8f88a8e1e37c8805,2026-08-25T02:06:09.875360+00:00,checkout,729.79,False
2c43ca62515349c2d308813123342937,2026-08-25T02:06:10.153433+00:00,checkout,443.98,False
17996872e1b12baebd3225e382af5ac4,2026-08-25T02:06:09.461531+00:00,site_latency,464.5,False
e163d84d33c87eb6b7909182d0375fbd,2026-08-25T02:06:09.764658+00:00,checkout,552.3,False
bd844e938bc618c66449b2cc3dfd9050,2026-08-25T02:06:09.770780+00:00,checkout,367.16,False
872f2756534fb0bb686a28fedb65e88b,2026-08-25T02:06:10.059301+00:00,site_latency,453.71,False
dc6300472c535bef4d92cfae8336206a,2026-08-25T02:06:10.151865+00:00,checkout,592.63,False
3cdfed4855371d47fb602e0ebfa6e120,2026-08-25T02:06:09.531611+00:00,checkout,435.13,False
d2793856f3a1ef64c106c335d5ab5429,2026-08-25T02:06:09.887454+00:00,checkout,608.43,False
ea79d01fba4f0dcaf042031a28cd6f23,2026-08-25T02:06:09.807792+00:00,checkout,441.18,False
3cdb2bdf2984a3b0995718819277fad0,2026-08-25T02:06:10.218094+00:00,site_latency,489.41,False
37f06a9671545ca932febaf9d72acc75,2026-08-25T02:06:09.232686+00:00,checkout,760.21,False
156eed8e87aad1d707d1adca74bec988,2026-08-25T02:06:09.435187+00:00,checkout,598.02,False
a8e3e06eaad7dea98ddc2d6e2279ca44,2026-08-25T02:06:09.809973+00:00,checkout,724.84,False
fb000a2c37f5c6586c2a2c9fa84259ff,2026-08-25T02:06:10.252213+00:00,checkout,560.88,False
5f02937588dc8acd269997aba5ee64f1,2026-08-25T02:06:09.548204+00:00,checkout,438.17,False
e8c68d23e729da4e1972932ee7bb616a,2026-08-25T02:06:09.592265+00:00,site_latency,409.26,False
008c338e316d0393a749469e9f934f06,2026-08-25T02:06:09.817225+00:00,api_generic,433.17,False
4d8d225c5581f0939267c1056e424893,2026-08-25T02:06:11.307200+00:00,checkout,425.92,False
fcb9ba2eda6adc17ca3c3eabf11411bc,2026-08-25T02:06:10.371826+00:00,site_latency,674.42,False
ff5b47df57a9afa94d5018f9d3f90b96,2026-08-25T02:06:10.844524+00:00,checkout,533.53,False
85642965d1010871c1f7f062c624d7d8,2026-08-25T02:06:10.877715+00:00,api_generic,238.92,True
21bc94ba42755fef80c85e2b1150d74c,2026-08-25T02:06:10.845239+00:00,checkout,531.62,False
4d4ba0111f913c211afd8a6820e3b1ff,2026-08-25T02:06:10.281191+00:00,checkout,1344.1,False
f5a5912591741d97bd55ce98cbd9c327,2026-08-25T02:06:10.299555+00:00,checkout,678.22,False
1f3a1c7b169966e87e68fcd3d4ba605a,2026-08-25T02:06:11.247939+00:00,api_generic,215.97,True
5031ed5cdddc4c6fe9183164afff1711,2026-08-25T02:06:10.211135+00:00,checkout,613.29,False
b037998228fb3c58d4b1262a567fe536,2026-08-25T02:06:11.161210+00:00,api_generic,130.56,True
625acfacd6ff3b7a642d302e287a1222,2026-08-25T02:06:11.197529+00:00,checkout,453.61,False
c97c8c5c41021c1cba5afd9d0d0f6bc3,2026-08-25T02:06:10.661720+00:00,checkout,494.44,False
e96238a65fad6bc5eac8f566e33067fb,2026-08-25T02:06:10.139996+00:00,checkout,683.22,False
179984b71aa8d5f6b5c34bbc674e2672,2026-08-25T02:06:10.844881+00:00,checkout,663.14,False
3ef81280c9741dc98386741b9a447885,2026-08-25T02:06:08.496897+00:00,checkout,2657.44,False
dad4bf4e82fa12e873eb42295306672c,2026-08-25T02:06:10.826481+00:00,checkout,664.52,False
4a4645ea44130a8c1716085719eee077,2026-08-25T02:06:10.881481+00:00,checkout,429.69,False
b0be8f45cf3ba24feb8ac40325a55a43,2026-08-25T02:06:10.653206+00:00,site_latency,468.74,False
96c2f397ab9ee30cb606a2f7c5fd9893,2026-08-25T02:06:10.662026+00:00,checkout,438.74,False
a3e3c273e5ee41befc19d37716ecddde,2026-08-25T02:06:10.825839+00:00,site_latency,412.75,False
7042bd6148a726dc68053bdeae110550,2026-08-25T02:06:11.058369+00:00,site_latency,234.95,False
2e5eb3be926a7e7656f9456fb29b6413,2026-08-25T02:06:10.727397+00:00,site_latency,437.58,False
2be661334111ec3243b6c6ed58e027f0,2026-08-25T02:06:11.143149+00:00,checkout,460.88,False
97c7eada0b55943545749d789ef871b0,2026-08-25T02:06:10.038925+00:00,site_latency,1001.84,False
fc0cff7e682a69b2e5eafdc1224e85a0,2026-08-25T02:06:10.681224+00:00,checkout,496.21,False
61be9a47a4a9c3eb5d019a6ef599360d,2026-08-25T02:06:10.107556+00:00,site_latency,771.37,False
d393050f213c0f8b80dd95f9a9a9942c,2026-08-25T02:06:10.233026+00:00,site_latency,781.52,False
5680244a1caff3fa8e335aaa9781fda6,2026-08-25T02:06:11.070873+00:00,api_generic,244.11,True
cd790defa17bfe299a74ee8bab3539bf,2026-08-25T02:06:10.838408+00:00,site_latency,415.78,False
b0499c5c21dcfe43ea6a52bf3e75208b,2026-08-25T02:06:10.595536+00:00,site_latency,251.48,False
f51932b675f61c3abfb7f3162c31c293,2026-08-25T02:06:09.500376+00:00,checkout,1836.63,False
5eb087e36bd6d0333e595bfe35e08eaa,2026-08-25T02:06:11.388088+00:00,checkout,200.07,False
3d1270f96cc059205abcf8857a3ba8f5,2026-08-25T02:06:11.098380+00:00,site_latency,486.63,False
8372bba24001e59b8889f130ded16629,2026-08-25T02:06:10.202895+00:00,checkout,809.11,False
194b37c119b7f1a6edf88b420c6aa742,2026-08-25T02:06:10.515655+00:00,site_latency,578.19,False
338987f2a125ac66d2821708a0768ad6,2026-08-25T02:06:10.482118+00:00,pix,958.83,False
64e8b91b9e2f7ff17b8e371941b6ea0d,2026-08-25T02:06:10.401086+00:00,checkout,730.21,False
1cf9ac2b557c7e6c189e2b9e18c6c344,2026-08-25T02:06:10.363309+00:00,checkout,609.95,False
db9e1f99cddb0944e8624c8957404e4d,2026-08-25T02:06:10.746952+00:00,checkout,811.89,False
50f8c8fbec9136a24a365668198c5975,2026-08-25T02:06:10.546498+00:00,checkout,313.09,False
e140ee2ac01dc2b7695bda130cb52756,2026-08-25T02:06:11.016248+00:00,checkout,516.57,False
95edcd489b65bb4a8429b0b116e73b49,2026-08-25T02:06:11.077294+00:00,checkout,496.01,False
98645f057bc59c7efb32c0b09313191f,2026-08-25T02:06:11.123424+00:00,checkout,502.04,False
ed579363d448b6b6d93af6a1cbb7c580,2026-08-25T02:06:10.463375+00:00,checkout,426.07,False
3cc8c2108923b4b44c6751929925677b,2026-08-25T02:06:10.414763+00:00,checkout,438.46,False
4497eaec8a32cb62f524e6f91d26c9cf,2026-08-25T02:06:08.867671+00:00,checkout,2294.29,False
6f269e4af2e07d5e4a04717ee8240f37,2026-08-25T02:06:11.067938+00:00,site_latency,103.31,False
87ec27be48b4457b389a7aa7c9e214f9,2026-08-25T02:06:10.182586+00:00,site_latency,746.84,True
d63da2b5a89b96b6472806c2843183a1,2026-08-25T02:06:11.006644+00:00,checkout,191.28,False
99a35324cc95bd21d54e02e56f4af16c,2026-08-25T02:06:10.872536+00:00,site_latency,295.98,False
c6d530d6fc4528b30c2d001fbc6a3714,2026-08-25T02:06:10.844011+00:00,site_latency,415.65,False
537d1c060e01be7f4f574376be3c5623,2026-08-25T02:06:10.599341+00:00,site_latency,811.82,True
ad038b09de8c05d78db083557803bad4,2026-08-25T02:06:10.319739+00:00,checkout,522.93,False
d36fe61c330e410f3b1d5d83d50e6e63,2026-08-25T02:06:10.132293+00:00,checkout,869.69,False
9cae91a77dff200bf8ad19193b8efce3,2026-08-25T02:06:10.959498+00:00,checkout,422.11,False
e5f27ba2a65409627ea4c360b3da1e10,2026-08-25T02:06:10.598381+00:00,site_latency,404.98,False
57b075a2b4c5ab0dfd1061a1734e6f2f,2026-08-25T02:06:10.458485+00:00,site_latency,482.98,False
7886b093fa6d8d229d90614a7a887634,2026-08-25T02:06:10.160390+00:00,checkout,977.14,False
81443cf99ea0af7dc10c0cf3e83a042d,2026-08-25T02:06:11.217827+00:00,site_latency,448.87,False
f8363cfe3177e7c75f9defd708aad2d2,2026-08-25T02:06:10.586948+00:00,site_latency,627.84,False
a305e106d0d91750153e05859682fc6c,2026-08-25T02:06:10.457903+00:00,site_latency,486.35,False
7ba67a84f0da87780f48b5722ac386f0,2026-08-25T02:06:10.749291+00:00,api_generic,546.72,False
f1e36d989d67735232d4663e6a459143,2026-08-25T02:06:11.270084+00:00,site_latency,422.22,False
dda39e9ceb9619d369aef26775832ec8,2026-08-25T02:06:11.247432+00:00,checkout,469.0,False
840e4b6c2c8d6e6bbe64c70784a785a7,2026-08-25T02:06:11.589385+00:00,checkout,488.08,False
082e9f765fbcc78f8fff53bb72104f07,2026-08-25T02:06:12.012900+00:00,checkout,444.86,False
1916dbe9655329b116ee990fdb4fce16,2026-08-25T02:06:11.399227+00:00,checkout,744.74,False
d84df22fa397a666af6426d3b18f586c,2026-08-25T02:06:11.912306+00:00,site_latency,520.96,False
a447df581f31d9cbefb7eab97f8edd13,2026-08-25T02:06:12.121335+00:00,api_generic,448.5,False
25747748563620e16639c048bc9d0691,2026-08-25T02:06:11.344167+00:00,checkout,414.93,False
98aee16d6312b5b7e9ca29d95b7c646b,2026-08-25T02:06:11.853922+00:00,api_generic,740.34,False
9f92e187ce19fb1bb07538dc7c718291,2026-08-25T02:06:11.872221+00:00,api_generic,52.59,True
74ad1d8e46eadb4fc0c41b3f91712125,2026-08-25T02:06:11.586105+00:00,checkout,484.57,False
1c64561830599c8f9efd859eca362c6c,2026-08-25T02:06:11.780414+00:00,site_latency,448.21,False
8c4c29faeabffcabdadd64a2751504bc,2026-08-25T02:06:11.392482+00:00,site_latency,408.02,False
237333741a8b3e870c9f3711f3a22094,2026-08-25T02:06:10.207454+00:00,checkout,2036.25,False
10222f01db02aa0bc22969c280b137c6,2026-08-25T02:06:11.680824+00:00,api_generic,310.33,True
b1a8ea33c57b0fd493473c17e8e53a55,2026-08-25T02:06:11.650362+00:00,checkout,251.82,False
b21cbbdb8c4625a13f79e6e0197d355f,2026-08-25T02:06:11.838522+00:00,checkout,435.95,False
3c40806959e0115972483f659a11b142,2026-08-25T02:06:11.308461+00:00,site_latency,721.82,False
5b4abb46186ad4dd77f5ec0b4e17dce7,2026-08-25T02:06:11.874578+00:00,site_latency,243.58,True
71c99dbac71c26334763fb860f800d08,2026-08-25T02:06:11.044662+00:00,checkout,817.51,False
24abb254519e721cc2e897004d0d1438,2026-08-25T02:06:11.555783+00:00,checkout,440.56,False
327abcc05c1cdca61445b060d43b1824,2026-08-25T02:06:11.679592+00:00,checkout,524.95,False
0ec9fe6a7cafb5c52728ff0501f10ad8,2026-08-25T02:06:11.939195+00:00,checkout,623.21,False
51c1f9397b690ea87b5a84c3657f2870,2026-08-25T02:06:12.166430+00:00,api_generic,81.07,False
5a491bae0fdb2e1ac7353d1ca5a7e405,2026-08-25T02:06:11.926143+00:00,site_latency,522.15,False
9e0cbed60c888423fa16b2de49b7db68,2026-08-25T02:06:12.110703+00:00,api_generic,68.41,False
f799bc8c4b682ffb3fa27d57c84654d7,2026-08-25T02:06:10.837715+00:00,checkout,1126.13,True
4e34539acf97b41f97edd0063add05ea,2026-08-25T02:06:11.839674+00:00,checkout,517.41,False
e68b3070ed7ce72fea89096ffcf9c535,2026-08-25T02:06:12.112765+00:00,checkout,449.38,False
0947c3e1c28a48461aa5c70dc752b87d,2026-08-25T02:06:11.163378+00:00,checkout,941.81,False
dce77cf0809d3b73d649ffb0e182fa47,2026-08-25T02:06:12.004108+00:00,checkout,465.1,False
3f35524cb928024db6f8eda7c34aecb9,2026-08-25T02:06:11.705977+00:00,checkout,923.66,False
fae26b97c1113234f65ba3c392655f23,2026-08-25T02:06:11.487994+00:00,site_latency,664.02,False
fb2e299f14ab54aba07762e7afcd2ff0,2026-08-25T02:06:11.313560+00:00,checkout,648.66,False
9f4fb2f306f75453a106ea433ad1f83e,2026-08-25T02:06:11.925174+00:00,checkout,419.75,False
ba1db88317c3947a97d37f1e6f97629c,2026-08-25T02:06:10.590538+00:00,site_latency,1663.12,False
0cf8db45715bdf44614b14066ab241a2,2026-08-25T02:06:11.119802+00:00,site_latency,685.0,False
04ec2343c33f2ff9e6cdc28d28e9356f,2026-08-25T02:06:11.369820+00:00,checkout,540.18,False
acf289c76667667efdc61ac885d57986,2026-08-25T02:06:11.822561+00:00,api_generic,104.79,False
e084e8f3e6b59e7f807bc1625aa49290,2026-08-25T02:06:11.843272+00:00,site_latency,457.93,False
bc29f39aac491978bb256f1afc2c8671,2026-08-25T02:06:11.087731+00:00,api_generic,1332.56,False
02674b5d0819c8eab098bd46741f687a,2026-08-25T02:06:11.914277+00:00,pix,546.17,False
324ae82e2dc0f8c971069b62f6f64ec6,2026-08-25T02:06:11.998395+00:00,site_latency,426.02,False
957960e7b66d3ee64bf318bbb3c9c422,2026-08-25T02:06:11.938703+00:00,api_generic,146.71,False
160218ac333c05a184e78ccc15ed37db,2026-08-25T02:06:11.347922+00:00,api_generic,762.03,False
e577576f3ab6704c25aacc90677edfc4,2026-08-25T02:06:11.567207+00:00,checkout,478.2,False
e265dccd1f9db22fab192abce5661b3c,2026-08-25T02:06:11.567086+00:00,checkout,889.6,False
c7ca3b9a3e775ed40a35c3c47e00c11a,2026-08-25T02:06:11.432012+00:00,checkout,678.24,False
a2ccefabccfe71d84892cbf4473ac2dc,2026-08-25T02:06:11.480167+00:00,checkout,753.07,False
38758502715828d8260f44fd304c6e5e,2026-08-25T02:06:11.838227+00:00,site_latency,541.63,False
6971e459225a69153c0158014fe6b919,2026-08-25T02:06:12.154070+00:00,checkout,406.61,False
2634d3115636ee954e14a15e224c9b6a,2026-08-25T02:06:11.777188+00:00,checkout,720.51,False
996fdf29baff1a65d44cb7b3b4c2fbb5,2026-08-25T02:06:11.947225+00:00,checkout,462.45,False
5bd75cf3a0cc0c253a4258fd393fd990,2026-08-25T02:06:11.963788+00:00,site_latency,330.13,True
30bbed36eee2b4ba1ed66897abad306f,2026-08-25T02:06:11.904448+00:00,checkout,675.48,False
5f6a321b27873acbe44a3d7c69e8957f,2026-08-25T02:06:11.668204+00:00,checkout,544.07,False
91d4adc0ed793d45a0e44f562044089c,2026-08-25T02:06:11.382612+00:00,api_generic,734.94,False
c524800c7c0491cc07d37db5c26aaa8f,2026-08-25T02:06:10.387256+00:00,site_latency,1788.21,False
c52074c22272dd01b6cc253bb32cad09,2026-08-25T02:06:11.630208+00:00,site_latency,163.0,False
2e5b11a6f10a9e01a3b312435622e038,2026-08-25T02:06:11.129225+00:00,site_latency,1070.49,False
b63ae8e9887f3ffc402b2464b16b58cd,2026-08-25T02:06:12.299317+00:00,site_latency,138.08,False
f5be5bb1741e69a511c90fbe9e061e6d,2026-08-25T02:06:13.212920+00:00,site_latency,189.41,False
e63ac7caa8dde1f206216eb874931f63,2026-08-25T02:06:11.857090+00:00,site_latency,889.01,False
9758d74a358837bceb1efe13ae3c7572,2026-08-25T02:06:12.342080+00:00,checkout,487.43,False
b811e43675ce9db5829126f49ec77118,2026-08-25T02:06:12.251471+00:00,checkout,465.75,False
f8f02e0d67fab563891d5a894237c2cf,2026-08-25T02:06:12.855831+00:00,site_latency,557.56,False
a496408479a20b945c22b521e372a0bf,2026-08-25T02:06:12.258763+00:00,site_latency,503.01,False
7aa2a8f3d566cdc3cd46d16566e33ae0,2026-08-25T02:06:13.040432+00:00,site_latency,266.2,False
05ddb0d2b8a14b77f5779937bf95f7b2,2026-08-25T02:06:12.980019+00:00,site_latency,569.97,False
c997572a0e8a15504bb3852cfc7baa7e,2026-08-25T02:06:11.297785+00:00,checkout,2239.2,False
a64f6dfcbd8b94976506df473243bfb8,2026-08-25T02:06:12.582078+00:00,site_latency,422.85,False
d0da545bc2e5ad61100b6f88f70e95e1,2026-08-25T02:06:12.500245+00:00,checkout,624.68,False
5c7f5273059a61a50d51fa25c431a997,2026-08-25T02:06:12.473803+00:00,api_generic,546.94,False
a4752161cc86abeba555678729024f08,2026-08-25T02:06:12.129626+00:00,pix,744.52,False
d8030ce52eec5109009d68786bf051f8,2026-08-25T02:06:12.014324+00:00,api_generic,740.41,False
a7f9447712ccdbf76a8d126978ac3196,2026-08-25T02:06:12.457476+00:00,site_latency,405.8,False
60ebdcfa7a5021c74417952aefa24fd9,2026-08-25T02:06:12.764072+00:00,site_latency,543.91,False
14ad5d06e757f85e08c0f874bfd0fd2a,2026-08-25T02:06:12.433894+00:00,checkout,424.18,False
a351e7318fec8e3acd32f78ea4be11f1,2026-08-25T02:06:10.683511+00:00,checkout,2680.32,False
8228fdb626d14edf66ccd17404f99dc5,2026-08-25T02:06:13.033738+00:00,site_latency,501.97,False
cb94aac0e2a15379f11679165814bec9,2026-08-25T02:06:12.792703+00:00,api_generic,528.54,False
1f84b29f01e5e23c33b9b97de92173d2,2026-08-25T02:06:12.669915+00:00,pix,122.83,False
d80681db2079493f03bcfae90138d631,2026-08-25T02:06:12.621204+00:00,checkout,550.8,False
d7707de5df2945fc6a8f2f2aef38fe95,2026-08-25T02:06:12.830875+00:00,checkout,496.88,False
ea739ff69c6970b23e1a3460a9ea53e0,2026-08-25T02:06:12.929686+00:00,checkout,557.05,False
cb8ce95fdc484d4b5ae141214832c9a7,2026-08-25T02:06:12.647751+00:00,site_latency,434.98,False
4367b77ccd7ec5f776a4f3df6b5d7f56,2026-08-25T02:06:12.213459+00:00,site_latency,516.01,False
46b3e7e2d3a7c66f7a8ec99afbc45d0f,2026-08-25T02:06:12.426451+00:00,site_latency,530.25,False
ff81b193a9644f288a4d2cc5073aed08,2026-08-25T02:06:12.990141+00:00,site_latency,478.25,False
b1588052dd539306ae5c6d2ed08d8b3f,2026-08-25T02:06:12.490297+00:00,checkout,496.5,False
720a10b3fcf29aa488015544cb94cb56,2026-08-25T02:06:12.310719+00:00,site_latency,400.47,False
af458edff70c6975faded5b11099d9e4,2026-08-25T02:06:12.534711+00:00,api_generic,819.69,False
3c705eba8028dfe2476ac40b85bfd07a,2026-08-25T02:06:12.686662+00:00,checkout,450.47,False
31456bdee2bd3f9c915e542330f8ced1,2026-08-25T02:06:12.942824+00:00,checkout,470.2,False
53a39df9b9b929f81ddef87f973f91ff,2026-08-25T02:06:12.605651+00:00,checkout,664.8,False
b64c39993ea8a212b4884ab96583b928,2026-08-25T02:06:12.350346+00:00,site_latency,696.77,False
5b0593d32e02cf3b63e4720d3b55d5be,2026-08-25T02:06:12.539809+00:00,checkout,511.14,False
00010cf9b339e39af2f1473b85a064c9,2026-08-25T02:06:12.781197+00:00,checkout,517.81,False
7f4c300e9c4108cc3f6986a03a5d6e41,2026-08-25T02:06:12.764570+00:00,checkout,402.04,False
1418b331592f21829f37e62884dd7598,2026-08-25T02:06:12.706499+00:00,site_latency,404.6,False
47cdd4309b0a4a9e69d5bd75953886cd,2026-08-25T02:06:12.686510+00:00,site_latency,761.57,False
38c13792a731197089dd1aacab4bccc6,2026-08-25T02:06:12.878010+00:00,api_generic,78.97,False
252c0fa95642801adc1a0d3f107a02ea,2026-08-25T02:06:12.539611+00:00,site_latency,407.6,False
ffc724b2f2f75a5894c0abfd252267fa,2026-08-25T02:06:12.999873+00:00,site_latency,441.15,False
a684786df48cddd107b6d364a7c5356c,2026-08-25T02:06:12.547316+00:00,checkout,516.98,False
f59b7dfabc153ba75052e075ed7d3a93,2026-08-25T02:06:12.075811+00:00,site_latency,673.02,False
8a92f27ed3ac6c58e04f80c2e2fa4a03,2026-08-25T02:06:12.328074+00:00,site_latency,616.18,False
72e8a7703f7cba3a1ec2d8deb5cd5de0,2026-08-25T02:06:11.928780+00:00,site_latency,1066.19,False
a4f346f9284de5145a24e92c4ece2b72,2026-08-25T02:06:12.847860+00:00,checkout,478.13,False
a0d2cda19372cc9e5773613dd7cbc206,2026-08-25T02:06:12.261764+00:00,site_latency,489.8,False
66ea54efb5deb5d357238aead643320c,2026-08-25T02:06:12.589157+00:00,checkout,418.01,False
65a5499b2057bfc0826d0b3615d3fbab,2026-08-25T02:06:12.415066+00:00,api_generic,636.17,True
7f83463cef414a320ac579e608e5b944,2026-08-25T02:06:12.248780+00:00,site_latency,560.89,False
b14179b4a0fdb8d199a32f6e55f43c70,2026-08-25T02:06:12.694057+00:00,api_generic,278.09,True
244d08d7d464e598d4c310504e723ff1,2026-08-25T02:06:12.716134+00:00,site_latency,496.84,False
70ff1de558fbe32feb9198b40bb7dc32,2026-08-25T02:06:14.077094+00:00,api_generic,96.86,False
b06cbd5af96ed05aae3e028838182824,2026-08-25T02:06:13.361109+00:00,checkout,566.07,False
0b10c3f2919903262f80009ea1c83559,2026-08-25T02:06:13.315752+00:00,checkout,338.94,False
f0cb0fbaf2924b725f79b871162f4e85,2026-08-25T02:06:13.417556+00:00,site_latency,444.43,False
23666b75e26972ce0957c4f55d2e2cc7,2026-08-25T02:06:13.610721+00:00,checkout,495.47,False
947b5c8a130f741a66999a87d17168a0,2026-08-25T02:06:13.483838+00:00,site_latency,510.48,False
c3a38f689bec7a24c2436c0a302ff36a,2026-08-25T02:06:13.656178+00:00,site_latency,470.13,False
5face738482b13d9acdb4a7bf9fb33e4,2026-08-25T02:06:13.874128+00:00,pix,519.48,False
eb5ecdc995d544803226716d2583b5b5,2026-08-25T02:06:13.807210+00:00,checkout,429.83,False
575c8402b30e21ee84d122eea87afc91,2026-08-25T02:06:11.180674+00:00,site_latency,2805.95,False
16634ca57653a2832f0f24699093f48d,2026-08-25T02:06:13.548227+00:00,checkout,569.4,False
42cc8f4732b1275a98a7a572d44b587b,2026-08-25T02:06:13.304742+00:00,api_generic,825.87,False
a45597ac57386297d6cfc519c222f7bd,2026-08-25T02:06:12.700714+00:00,site_latency,1550.16,False
e1694b11891cc3366e6cd361d35eb189,2026-08-25T02:06:13.930925+00:00,checkout,439.94,False
52d6ea897e3c65ba59c6b822dde21aab,2026-08-25T02:06:13.066107+00:00,site_latency,562.93,False
69b4340693f17a4c8bb8c4029444956b,2026-08-25T02:06:13.640271+00:00,checkout,573.33,False
a0207c4d82b070507b2347d197a19397,2026-08-25T02:06:13.943678+00:00,site_latency,416.09,False
13a4e8a826b2c03f391d4e9c0df1a121,2026-08-25T02:06:13.192064+00:00,checkout,724.27,False
e10fc9945fd9fd4ecd7d39173c50eb45,2026-08-25T02:06:13.141154+00:00,checkout,593.51,False
d562edc34f88f113fec56105eb6dc5cc,2026-08-25T02:06:13.698108+00:00,checkout,413.6,False
df91f410e69d0b4ec1f16a7197e3317f,2026-08-25T02:06:13.349004+00:00,checkout,630.88,False
9208fe0f5ec3c8748cd0d90061d85a4d,2026-08-25T02:06:13.648474+00:00,checkout,438.23,False
e6b224382c72208a63462617d27bd739,2026-08-25T02:06:13.712755+00:00,site_latency,257.39,False
fd9c74f49b523ed018f77630b25efbba,2026-08-25T02:06:13.758729+00:00,checkout,506.31,False
5a4c3fea7b1b8621a92ddca46760a0ad,2026-08-25T02:06:13.280126+00:00,site_latency,516.82,False
43e68b9b57a787912abeb996c5ad03ea,2026-08-25T02:06:12.541366+00:00,site_latency,1062.19,False
ba19707dd223955105a8100eea12b1ae,2026-08-25T02:06:13.667427+00:00,site_latency,412.28,False
317ee64d8d32550e5ff5f4bc9c4cb821,2026-08-25T02:06:13.835152+00:00,checkout,464.68,False
ff7e63eb39e90cbe1e852a649da212ed,2026-08-25T02:06:13.436407+00:00,checkout,492.86,False
dec3ece674a5f42bcb4352fe70ba6cc3,2026-08-25T02:06:13.825653+00:00,checkout,638.25,False
2a82f5b5474554674745f497546637d3,2026-08-25T02:06:14.254558+00:00,checkout,221.08,False
5145a6c98659380a1284988891b99549,2026-08-25T02:06:13.556215+00:00,checkout,685.05,False
79297078b1a31228aa2dce3cbf2cc4a2,2026-08-25T02:06:12.148457+00:00,site_latency,1596.81,False
ce5a7774032860370dbf3bc148aaacfa,2026-08-25T02:06:13.366339+00:00,checkout,763.45,False
27e87f71197d3fbf4cb57700b2f1d5bb,2026-08-25T02:06:13.281434+00:00,checkout,622.83,True
94ec9c2024cedba82951d07af1ee51bd,2026-08-25T02:06:14.007926+00:00,checkout,442.63,False
044840e18764e997a5e335f4b1a5a031,2026-08-25T02:06:13.798050+00:00,site_latency,539.77,False
7027cd243bb129c9b97e8cf1f809822e,2026-08-25T02:06:13.305620+00:00,pix,547.89,False
7d4f9f836a8c730e371f011017921e3b,2026-08-25T02:06:13.625229+00:00,checkout,582.04,False
63e733df6f262aeb53f3ab86496fa7fb,2026-08-25T02:06:13.236275+00:00,checkout,421.07,False
c99bd4f4cf82a74166933a7ba94f9aa7,2026-08-25T02:06:13.870000+00:00,checkout,435.79,False
f0ce086f8c406341852162999268d8d7,2026-08-25T02:06:13.214295+00:00,checkout,450.72,False
c36469e661ea9aab9b7a5e207b48dfeb,2026-08-25T02:06:13.564597+00:00,checkout,459.37,False
ca95607ba1689ca630c150175c792a3e,2026-08-25T02:06:13.973889+00:00,site_latency,443.39,False
e4a90a990a86ee67702a37274f661567,2026-08-25T02:06:11.808163+00:00,site_latency,2198.18,False
4df017307c081654832ae77dd3c7cec3,2026-08-25T02:06:13.043978+00:00,site_latency,1326.2,False
25f19a25f65177ef5d177463ea084904,2026-08-25T02:06:12.936081+00:00,site_latency,737.24,False
e7b69eab0e7c888efca90a787155456f,2026-08-25T02:06:13.052638+00:00,checkout,1425.37,True
af5be87e19d8de49c52b3b70061d6892,2026-08-25T02:06:13.199074+00:00,site_latency,449.68,False
56da9eff672c340c54637128fcbdbd0b,2026-08-25T02:06:13.615103+00:00,checkout,504.09,False
ff44e13b3c17ca580b427446d7d2823b,2026-08-25T02:06:14.482478+00:00,checkout,569.48,False
03b434fe5d2b265defa9027047e5438a,2026-08-25T02:06:14.392417+00:00,checkout,825.77,False
59ec3ecd15e9562028251298e6955428,2026-08-25T02:06:14.821259+00:00,pix,518.53,False
b99bd186104100eb0b721105b11f2486,2026-08-25T02:06:14.238359+00:00,checkout,605.82,True
d895b8415c940eb9cee39f2c6c5a647a,2026-08-25T02:06:14.484610+00:00,checkout,627.65,False
17c3f2749c5956f8e37f77b86055e8be,2026-08-25T02:06:14.190494+00:00,site_latency,605.3,False
28c3bb759784115a8645aaaa97bd47a8,2026-08-25T02:06:14.133438+00:00,checkout,404.21,False
e76615db732c434113c3d8ad248e7f70,2026-08-25T02:06:14.385990+00:00,site_latency,428.4,False
c0e89fbd420aa92b68dbf1d4e827eeaf,2026-08-25T02:06:14.918802+00:00,checkout,300.68,True
03c20630d0a7b9d30ddc1066772de725,2026-08-25T02:06:14.191341+00:00,site_latency,435.58,False
3d12fb6c76b5eb9f4c01972461c314eb,2026-08-25T02:06:15.050769+00:00,api_generic,64.74,False
bad23c41278b09c0a43a6ff390000c4c,2026-08-25T02:06:14.192283+00:00,checkout,417.14,False
b3649d6280a1cce18e83cad654e4e5bb,2026-08-25T02:06:14.534519+00:00,checkout,352.22,False
512a1dc28f54cf25ac08f91f1be27a10,2026-08-25T02:06:14.123796+00:00,site_latency,467.64,False
64ddb6397536d1c186e410e86c5b1973,2026-08-25T02:06:14.833062+00:00,checkout,462.74,False
6079cbb35237526963c2eec41abf3b9e,2026-08-25T02:06:14.038067+00:00,site_latency,535.52,False
5156f1e4805ec16e1d728cf92d4b524f,2026-08-25T02:06:14.209214+00:00,site_latency,563.63,False
0414ce73c3f8b4b7019220b6f1b4663a,2026-08-25T02:06:13.867457+00:00,checkout,1073.57,True
0a4aac07c3f6c3a06a8eacf56d5364ef,2026-08-25T02:06:14.127120+00:00,site_latency,851.88,False
60b462faa96a16a77f93be52ec077135,2026-08-25T02:06:14.547094+00:00,pix,502.26,False
f6e3a40fccaf5f58063e7d337d2d5f44,2026-08-25T02:06:14.620934+00:00,checkout,609.94,False
2b5a8b0ca77e767cac1aa6e85188e4cb,2026-08-25T02:06:13.936525+00:00,checkout,594.89,False
75671ea6611649dc2723bd73a16d0064,2026-08-25T02:06:14.716139+00:00,api_generic,47.84,False
57f18f97ab25ba1b0bcfc11eab42e927,2026-08-25T02:06:14.372917+00:00,checkout,929.63,False
fb15c2d026e64ce126acb25e2816a4c2,2026-08-25T02:06:14.259444+00:00,site_latency,917.21,False
3edd0a1b4de6ce4b3ee80c8fe570b995,2026-08-25T02:06:14.783675+00:00,site_latency,530.21,False
7445c01f66a3ab5d06b3927b6b6d09a9,2026-08-25T02:06:14.415713+00:00,checkout,416.02,False
195844815c9765022d3abcc58acd8591,2026-08-25T02:06:14.628310+00:00,site_latency,425.97,False
687ffd6834cf05be4fadd58f98cb0e2b,2026-08-25T02:06:14.715286+00:00,site_latency,683.23,False
c6d50c9498c43d4ab55224bbdafe66c3,2026-08-25T02:06:14.649235+00:00,site_latency,160.35,False
a2f46d495f4267a2f2bd5f6b067fba2d,2026-08-25T02:06:11.650984+00:00,checkout,3592.78,False
8c73c7076f9d957150cfb566d43bc6a1,2026-08-25T02:06:14.466587+00:00,checkout,426.98,False
c8589df644017d82a85f71adbb3d0883,2026-08-25T02:06:13.930712+00:00,checkout,643.2,False
76dbc5fbc36d2af8d9517e5e3db24fca,2026-08-25T02:06:14.727225+00:00,checkout,542.42,False
b57ed125fb4c1817182bfafa7b49f331,2026-08-25T02:06:14.597066+00:00,checkout,684.76,False
a5f5c811804dbdd903e5143dd5a4753a,2026-08-25T02:06:14.299317+00:00,site_latency,641.43,False
eb88a0f436c204da0e29f5b10635fb73,2026-08-25T02:06:14.379089+00:00,checkout,514.21,False
2a71e57e538293550f5dc086d8ddf903,2026-08-25T02:06:12.748797+00:00,checkout,1961.74,False
eba057dee2a2fbe5cc2d1a4cda05c5c5,2026-08-25T02:06:14.303279+00:00,checkout,549.55,False
8005a038bcdcd21331b35faed8912057,2026-08-25T02:06:14.463518+00:00,checkout,538.76,False
786e4ce16fa3eabad9ef75ddc1dd114c,2026-08-25T02:06:14.899012+00:00,site_latency,432.16,False
80e0a65c5849325b22bad7ee89d12163,2026-08-25T02:06:14.462897+00:00,checkout,487.26,False
66886196ed4395aef3cfeb01f5c642c9,2026-08-25T02:06:14.188073+00:00,site_latency,516.06,False
577cce859cd4af8689fdc3b926a475ef,2026-08-25T02:06:14.775508+00:00,api_generic,110.45,True
ff8d970fad5ab4c96a03d938bfe211e3,2026-08-25T02:06:14.731618+00:00,api_generic,204.15,True
7cde8c5d2b07287b7419d41f645c6efc,2026-08-25T02:06:14.864087+00:00,site_latency,431.98,False
d6d8817fa27a7cb1cba5b8175dfc6025,2026-08-25T02:06:13.554693+00:00,site_latency,1051.43,False
e5e6a1aa1b39cafb7d896ada8353fa4a,2026-08-25T02:06:13.979833+00:00,checkout,906.36,False
8e52c184a3c71759bb193e37d36ff963,2026-08-25T02:06:14.343918+00:00,api_generic,648.96,False
172b19e956b2d5201a27b2e5c0d5ce0c,2026-08-25T02:06:14.258667+00:00,checkout,620.11,False
1ea0acc3c2489e7b9dc35d80710b061b,2026-08-25T02:06:14.668272+00:00,checkout,565.95,False
8078683d8e44939aad83014fb470ce99,2026-08-25T02:06:14.539204+00:00,site_latency,408.06,False
3437e11bb9a501b83cd4ee2f64a2ae0f,2026-08-25T02:06:14.638423+00:00,site_latency,529.54,False
58440627d2baeae7d9431bbce06315cf,2026-08-25T02:06:14.523758+00:00,site_latency,443.28,False
6cdc5b007624ce162f6b24412965f4d7,2026-08-25T02:06:12.771027+00:00,checkout,2077.67,False
7f4f3d47a82e71859027429fa573ef85,2026-08-25T02:06:13.453989+00:00,pix,1197.73,False
59a4ad13257835da7a3b99709f1814be,2026-08-25T02:06:15.706046+00:00,site_latency,452.5,False
74572e49b68091fe0e7f97a07a920c98,2026-08-25T02:06:16.044350+00:00,pix,126.73,False
1bb575a0a7372086a07b72ccee39edc1,2026-08-25T02:06:15.041464+00:00,checkout,543.02,False
7c19dfdff548eb96be622c336b3f28d7,2026-08-25T02:06:15.043995+00:00,checkout,583.66,False
0a28428b9e9dde9c7ac95976ed4116a5,2026-08-25T02:06:14.856263+00:00,site_latency,913.19,False
3a57b65c2708d689ff0d8a219410b583,2026-08-25T02:06:13.071062+00:00,checkout,2738.87,False
3acd62187ff190ad738a65e8dfc578e8,2026-08-25T02:06:15.207340+00:00,checkout,416.18,False
74ef712571c59e1f7a06b26230de4a75,2026-08-25T02:06:15.382727+00:00,checkout,416.69,False
6fba70f06bb7b4061ea2a6e6acc3c2b9,2026-08-25T02:06:15.498741+00:00,site_latency,402.18,False
ba942315c8c7239f1838b245fd531a62,2026-08-25T02:06:15.704698+00:00,api_generic,30.25,False
e83fb063cbede649d6f6de0b2864f7bf,2026-08-25T02:06:13.673911+00:00,site_latency,2611.64,False
353b628534785f81e08eb2029c851fdd,2026-08-25T02:06:14.850232+00:00,checkout,841.6,False
5af32b29c33cb4a5635ed93acb1f5404,2026-08-25T02:06:15.275316+00:00,site_latency,411.11,False
cd560de110d2524cceee9606e830aeeb,2026-08-25T02:06:15.538726+00:00,checkout,384.07,True
f3f5468959c7bd911a7892ad38c9aa67,2026-08-25T02:06:15.130226+00:00,checkout,455.97,False
e52ec7c235a961303f24d47b2715e990,2026-08-25T02:06:15.477087+00:00,site_latency,441.24,False
e0165fd22b023e89e34f0f81663c1671,2026-08-25T02:06:14.403211+00:00,site_latency,1397.65,False
dccd9514f6c9e3c8bb847aea70cdd47d,2026-08-25T02:06:15.017970+00:00,checkout,944.42,False
3e84bb35255f5e7517c6210ea8f7dc5b,2026-08-25T02:06:11.690530+00:00,site_latency,3820.44,False
48aec974bbed94b899208308035abaef,2026-08-25T02:06:15.135380+00:00,checkout,620.49,False
cc9c2a50aafebd036840c4d701500817,2026-08-25T02:06:15.056349+00:00,site_latency,967.19,False
03209edceef4bb42f8aa7d1edac0d0d5,2026-08-25T02:06:15.272852+00:00,site_latency,478.47,False
e91e54cd0464edafd432176ece40243e,2026-08-25T02:06:15.577110+00:00,api_generic,87.11,True
36da694df04edd4408cb113659603a44,2026-08-25T02:06:15.063797+00:00,site_latency,639.39,False
cbe4e5389c101bf0dace862e169bbdf1,2026-08-25T02:06:15.475608+00:00,checkout,449.3,False
0b9a3b0d23992c4bfe5eadac9f61b5e3,2026-08-25T02:06:15.037601+00:00,checkout,684.42,False
5ca788a07fc62df39e7cc579398005e2,2026-08-25T02:06:15.988398+00:00,api_generic,159.72,True
eebae957477d6aacfba0ed461c7e69fa,2026-08-25T02:06:14.621477+00:00,checkout,1194.71,False
8d4aaa1185ae7bf4c044462283ff0849,2026-08-25T02:06:15.255026+00:00,checkout,488.27,False
4df86ff7a04906286b85adaea2bcdfba,2026-08-25T02:06:15.562867+00:00,site_latency,286.52,False
559ff278b806303eb6577c861330350d,2026-08-25T02:06:15.249440+00:00,checkout,392.87,True
65309b25ac284b4e877340724c85c508,2026-08-25T02:06:15.791497+00:00,checkout,456.87,False
647b062f3ebfdf01e1ecb0464954173e,2026-08-25T02:06:15.149134+00:00,site_latency,407.61,False
58cbfc6469ab2796137731abc4ec1fc5,2026-08-25T02:06:15.609568+00:00,checkout,462.59,False
678d4e1e2a647cd6bbe8ab5f16c0372a,2026-08-25T02:06:15.587472+00:00,checkout,643.32,False
3a8e833740db6e218e43ce0100f11516,2026-08-25T02:06:15.394175+00:00,api_generic,788.99,False
5f31c059230276528a6a3229bd36c3fc,2026-08-25T02:06:14.589211+00:00,site_latency,844.27,False
3f09636f3fb94ca4b76ed072fa0a0317,2026-08-25T02:06:15.664154+00:00,site_latency,412.33,False
675490fb9af1e7507f408361b7a56617,2026-08-25T02:06:15.721987+00:00,checkout,548.6,False
d6e39e0f262c8055f021c45cd122bf03,2026-08-25T02:06:15.140462+00:00,checkout,498.1,False
b7e9e1280285f626f78337b3e913436a,2026-08-25T02:06:15.582800+00:00,api_generic,610.81,False
f8239b0c6604c672131e8daa53bf4a74,2026-08-25T02:06:15.125263+00:00,api_generic,552.92,False
0879470922b9c36616422225f769278e,2026-08-25T02:06:15.464562+00:00,site_latency,477.09,False
2bf4eb972127a16e9961ebc6ee89b536,2026-08-25T02:06:15.680024+00:00,checkout,480.5,False
6def8e2623cd7afb087b8bf8d8b8368d,2026-08-25T02:06:15.204736+00:00,site_latency,677.68,True
7de878a7fc221606c31a917114b25ff8,2026-08-25T02:06:15.721518+00:00,checkout,606.38,False
394701d06aeac6207c7750bcfae9dc41,2026-08-25T02:06:15.108459+00:00,site_latency,675.69,False
79673efe4b4d9749988e4c5346b558a5,2026-08-25T02:06:14.985779+00:00,site_latency,996.79,False
2e3eebf8b4df6d68cd16773e30056726,2026-08-25T02:06:14.969754+00:00,checkout,471.72,False
190057a8f744aaae10e7d7a5d36ab193,2026-08-25T02:06:15.294626+00:00,site_latency,511.47,False
a8e6e4d75a2b1024e93248398ceecb94,2026-08-25T02:06:15.850093+00:00,site_latency,194.5,False
8a6236f28d5054dde0859b2778f09424,2026-08-25T02:06:14.943622+00:00,pix,913.52,False
437741648e5363e94da14687975adaed,2026-08-25T02:06:15.512154+00:00,checkout,703.91,False
661047232ff9a9a99a4b41b1eff0c224,2026-08-25T02:06:15.729574+00:00,pix,108.56,False
a8b08569eb88fb101c5db707fa0ba455,2026-08-25T02:06:15.316980+00:00,site_latency,710.64,True
fe025e7fe47b351c67c24c46b0b7bf10,2026-08-25T02:06:15.314502+00:00,checkout,488.97,False
104858a58072fd44d614b5a232d3531f,2026-08-25T02:06:15.304430+00:00,checkout,553.06,False
1c4ea8ef8482fc1c77186e6ecff18bb2,2026-08-25T02:06:14.821729+00:00,site_latency,616.89,False
bc15b6d620213b9d0631f37c96cc39c7,2026-08-25T02:06:15.335600+00:00,site_latency,487.18,False
370be02e18cd185486fb3bf6f3bed324,2026-08-25T02:06:15.530798+00:00,site_latency,618.81,False
64252df9a034db4393e6e2574bbd2e10,2026-08-25T02:06:15.334933+00:00,checkout,1133.74,False
28a76556c6df8cc5bad1071a94b9d0cc,2026-08-25T02:06:16.562783+00:00,checkout,500.55,False
fb93581f3bce338e372ad00cd943fe6a,2026-08-25T02:06:15.970753+00:00,checkout,460.1,False
787a577ceb743f99f7091b5929545a1d,2026-08-25T02:06:16.289744+00:00,site_latency,473.01,False
de1bcf7d7753801f588dfb6fe78ef097,2026-08-25T02:06:16.432913+00:00,site_latency,435.47,False
6e779c7f648168112b4300101d31a452,2026-08-25T02:06:16.061266+00:00,site_latency,540.11,False
f147ca56f62ba3b9548a63c81077d804,2026-08-25T02:06:16.764270+00:00,site_latency,207.07,True
697567fe96cfde1acca6804fa5dbb262,2026-08-25T02:06:16.164482+00:00,checkout,442.04,False
60793c34e7e668de87c3c573f4d862e8,2026-08-25T02:06:16.315485+00:00,checkout,586.0,False
18016f84f11afd9558e7de3946798278,2026-08-25T02:06:16.527063+00:00,checkout,418.72,False
770eeb6dfd16f17b9165c1f2a97d5041,2026-08-25T02:06:16.175823+00:00,site_latency,1037.34,False
003111cdba5cf61ce5161f9680d61712,2026-08-25T02:06:16.314659+00:00,site_latency,558.77,False
8f9d0acb07d38f2cd49f9497030fce61,2026-08-25T02:06:16.139574+00:00,checkout,404.45,False
192488b7688e2912e2590acbb759c19c,2026-08-25T02:06:15.992336+00:00,checkout,794.51,True
d817b3c643b84e44d5118d829776ddb6,2026-08-25T02:06:16.611437+00:00,checkout,272.95,False
fc8ec167b718271f46f1186f354162e3,2026-08-25T02:06:16.184452+00:00,checkout,428.51,False
41a12ab8fc6430a4774e6d173c57dc9b,2026-08-25T02:06:16.422790+00:00,checkout,191.96,False
9898117239f7dce6085f1c37dcc87101,2026-08-25T02:06:16.015599+00:00,site_latency,824.03,False
03c3d38ba4b03ead77359d720e1723c1,2026-08-25T02:06:16.381795+00:00,site_latency,519.96,False
c21e90b4f5415c2d350c7c186ec556af,2026-08-25T02:06:16.617662+00:00,checkout,467.22,False
44d59d5d13cff7567da9fcb266ed6dbd,2026-08-25T02:06:15.899751+00:00,checkout,866.25,False
05b3fccbfc34240b343fc2a1cf618490,2026-08-25T02:06:16.458470+00:00,site_latency,470.23,False
683f35afa82386f5b647cd94073dbe70,2026-08-25T02:06:16.668096+00:00,checkout,280.09,False
4ee67ca277af4e757c8a3110debd61ac,2026-08-25T02:06:15.657913+00:00,pix,710.19,False
ea5fd7ec5c8e0a110fbc4dfea64b4360,2026-08-25T02:06:16.014505+00:00,checkout,480.43,False
491ebe8ab58b0d8e43994c2fcb014fbc,2026-08-25T02:06:16.581279+00:00,checkout,361.78,False
91851324ff95ae618135e4ba21974a92,2026-08-25T02:06:16.141563+00:00,checkout,534.28,False
777f5ce46bc6d0d40ca1b582e8472a03,2026-08-25T02:06:16.545283+00:00,checkout,408.99,False
77ec072b7937565d00c6b2447ed779b4,2026-08-25T02:06:16.082764+00:00,site_latency,527.62,False
7426029b44251def73adce6f23f9441e,2026-08-25T02:06:16.138864+00:00,checkout,620.42,False
d688425bdcbb0278ecf8f2b42bb10e7f,2026-08-25T02:06:15.433835+00:00,pix,1329.21,False
3d08c1bb80246dc27d90777640c7d7e1,2026-08-25T02:06:16.665341+00:00,site_latency,415.45,False
94c36fe92dafd4f3910f01f38b9d0820,2026-08-25T02:06:15.957725+00:00,checkout,446.45,False
cfa788a48d4a3476499ea80ac23bbe53,2026-08-25T02:06:16.677676+00:00,site_latency,474.81,False
824aeda9914623a20a3306ef954c4aa7,2026-08-25T02:06:16.642403+00:00,checkout,554.54,False
18496298caac5637454e6a357e2f4a72,2026-08-25T02:06:16.066939+00:00,site_latency,403.31,True
35f9f6aab003ffcddf857ff430f21ff8,2026-08-25T02:06:16.527668+00:00,checkout,416.83,False
98abe029d8fa52e9ea076e7dcae0e91c,2026-08-25T02:06:16.443990+00:00,checkout,675.53,True
eadb341c0ff18661718f6cf963b93063,2026-08-25T02:06:15.516692+00:00,checkout,940.21,False
f26ab9130f2f13293d7061da397e8809,2026-08-25T02:06:16.224350+00:00,site_latency,534.7,True
c0e557db1af3115a132abd17a41b50ce,2026-08-25T02:06:16.776185+00:00,site_latency,144.57,True
5a8980955d4f8742fded3d87a0a8c305,2026-08-25T02:06:15.603777+00:00,checkout,800.13,False
cbb9c93b401eea71ddcbb250ee55a02f,2026-08-25T02:06:16.586108+00:00,site_latency,114.28,False
9c7d6ca23db432485642199587fde6cf,2026-08-25T02:06:16.609182+00:00,checkout,403.61,False
65451d442938e8972a09011e6f441343,2026-08-25T02:06:15.517903+00:00,site_latency,1285.25,False
8487fc47cad35362a175c265b73cdd05,2026-08-25T02:06:16.439322+00:00,checkout,660.85,False
0f5f7f7c96e50d643dd4193cf4a47ec7,2026-08-25T02:06:16.223376+00:00,checkout,442.88,False
f67e12c8d3ef5082491c163b51cd0762,2026-08-25T02:06:16.261624+00:00,site_latency,255.73,True
d79331f5b24722418b19403886a327e6,2026-08-25T02:06:16.468399+00:00,site_latency,509.62,False
9ea0932db83e462393db7aa4a913ede4,2026-08-25T02:06:16.286967+00:00,site_latency,906.64,False
8716d4bf425724be672ab6a46d336b57,2026-08-25T02:06:16.964052+00:00,pix,225.42,True
5de9e712a1206d5349e5b13c6be7839a,2026-08-25T02:06:14.813271+00:00,site_latency,1564.84,False
45ca06a2f7aa1db9d2656b9444ff5562,2026-08-25T02:06:15.875672+00:00,checkout,591.55,False
8e6b8cb7823ec32cdd250f352a382f4a,2026-08-25T02:06:16.166257+00:00,checkout,512.63,False
00b37af93459f1f5d6197edd71fadf30,2026-08-25T02:06:15.898431+00:00,site_latency,535.92,False
5d28e5bf73bd337854e3a6ef977a3cd3,2026-08-25T02:06:16.058808+00:00,checkout,417.16,False
665c1fe70cb89207f5ffbd5bb9cf064d,2026-08-25T02:06:16.369444+00:00,checkout,415.89,False
1df43eda29678c17580a0fe1333273cf,2026-08-25T02:06:16.139915+00:00,checkout,751.48,False
5365eb60743e483b33ce593df8d5012c,2026-08-25T02:06:16.160904+00:00,checkout,532.71,False
02c749c79182eed36656d292a1a3bb24,2026-08-25T02:06:15.993260+00:00,checkout,412.23,False
6d5cedb1f170cc873e8e227ed4cfae96,2026-08-25T02:06:16.242421+00:00,api_generic,117.91,True
2d57980e9887167483746cd3c5bb184d,2026-08-25T02:06:16.803076+00:00,api_generic,331.92,True
167fa0311e5b8c464b058aef4339b8c7,2026-08-25T02:06:16.292276+00:00,site_latency,1230.44,True
f19d15f0c91ab67b6006604b4462a804,2026-08-25T02:06:16.827468+00:00,checkout,422.13,False
e1b7f9a7ce241d15ee798f98c2b39364,2026-08-25T02:06:17.783168+00:00,api_generic,261.23,True
30842c684a9b13ffa586144ea7f99480,2026-08-25T02:06:16.988627+00:00,checkout,735.99,False
dc8bbcd09999ed3a72ebe28c01a36356,2026-08-25T02:06:16.944457+00:00,site_latency,761.25,False
11cf2dee49deba6f73b5bb4f10f94ab0,2026-08-25T02:06:16.966007+00:00,checkout,430.64,False
fd9c63a0948725f30a9cfe33f612e1a3,2026-08-25T02:06:16.843735+00:00,site_latency,406.05,False
b87da4a0c27f2d05f00b982f303a4dac,2026-08-25T02:06:17.256055+00:00,checkout,514.84,False
5c7c2e0c26cc9aff9dae61328685a98f,2026-08-25T02:06:17.116582+00:00,checkout,652.72,False
ac1ed918ebf1f0895394540fb4592bee,2026-08-25T02:06:16.932258+00:00,checkout,481.94,False
8f76b66564d54b95d3f1967f0cfc9018,2026-08-25T02:06:17.414160+00:00,checkout,426.7,False
ac50a0c84c9af19721c93278a855503b,2026-08-25T02:06:17.590615+00:00,site_latency,492.43,False
33ffab1361ce84cf7fe122f83b9244dd,2026-08-25T02:06:16.402558+00:00,checkout,1292.74,False
f456e68430f3162591c25aacbd68d6b5,2026-08-25T02:06:17.393172+00:00,checkout,448.02,False
6f5357209b4598a7ab8760d6d59269ce,2026-08-25T02:06:17.139763+00:00,checkout,446.07,False
1d42ff872ee7177f4ce9e9a6c8884c54,2026-08-25T02:06:17.693448+00:00,checkout,183.17,False
5a5a4afd7839a9ed9a496706bf6a9dc5,2026-08-25T02:06:17.872202+00:00,api_generic,134.85,True
0534293b311b1f2acb95de2a0c865b98,2026-08-25T02:06:17.528698+00:00,api_generic,310.97,True
7de697f827ce20fd771ae6bb8c3e0b2f,2026-08-25T02:06:17.067977+00:00,pix,193.27,False
67a31e2ed3a5b1ab081eac8ccf5e7c60,2026-08-25T02:06:17.475169+00:00,pix,106.16,False
5ce5b4ae73e24fd60ac2be1c451c1b2b,2026-08-25T02:06:17.138816+00:00,checkout,620.49,False
dcbaf2a336e9138c80ab88f791301047,2026-08-25T02:06:16.824297+00:00,site_latency,446.8,False
f9e5e29132e2f456b6ee3144d36934e6,2026-08-25T02:06:17.288623+00:00,checkout,607.78,False
bbb9f06cb88446f86ebf12701a4299e3,2026-08-25T02:06:16.949373+00:00,checkout,406.72,False
d229fdc31937e5d1933a70349e2cd6ff,2026-08-25T02:06:16.958177+00:00,site_latency,826.14,False
458603bdac91bc23b2d12d7240cec83a,2026-08-25T02:06:17.497097+00:00,checkout,444.26,False
787ce00afdea90941b84bb19b3b2d0ba,2026-08-25T02:06:16.756562+00:00,checkout,527.25,False
731e0cbce475d88756c6f6100e37a6de,2026-08-25T02:06:16.844355+00:00,checkout,526.5,False
ec229390f9fec3cd7c5e8ce17138b6bf,2026-08-25T02:06:16.473096+00:00,site_latency,878.86,False
9c87ebb82c42912fa61d1d1e6f4c0ed2,2026-08-25T02:06:17.783936+00:00,api_generic,59.66,False
d4a1fbc0b83b6243c5c233a1ba2badea,2026-08-25T02:06:17.649691+00:00,checkout,418.13,False
f4fd4b1be141f7aa1e29f064d1814a71,2026-08-25T02:06:16.705790+00:00,checkout,648.31,False
87a3df2f560181f98988726f6e73f5f1,2026-08-25T02:06:17.447197+00:00,pix,120.07,False
a56082060aaa6c0f94fe50aecf4b7404,2026-08-25T02:06:17.354028+00:00,checkout,690.65,False
302b93fae8045a4109cf308dd6c996d8,2026-08-25T02:06:17.354676+00:00,checkout,484.52,False
e28ed3ed9a59e0fa10a319ad50fde5b4,2026-08-25T02:06:16.901455+00:00,checkout,449.7,False
5a349a4822814c4e57376e31cbd97c05,2026-08-25T02:06:16.874961+00:00,site_latency,419.24,False
fd4e747448dcbc37dbd5af1a3b3b5cdc,2026-08-25T02:06:17.153264+00:00,site_latency,685.71,False
d576fbbc4d9f3148b4839f6557df2667,2026-08-25T02:06:17.358442+00:00,checkout,556.7,False
c9bcaa19f732c4f9edd6f5c979237533,2026-08-25T02:06:16.696898+00:00,checkout,584.88,False
53aaaa7ca0d24b29be7c9c8b6a249943,2026-08-25T02:06:17.164812+00:00,site_latency,707.7,False
e37b4717213b7dd760be6913f9f5ed38,2026-08-25T02:06:16.225971+00:00,checkout,1789.26,False
7710e60b1ad5b13fab39700be8e153d9,2026-08-25T02:06:17.279460+00:00,site_latency,578.3,False
c93b2d7931ad5c9232c04afadea1dbb9,2026-08-25T02:06:16.834963+00:00,checkout,715.91,False
e7ccf83e537af695f4ff5e526c9d1468,2026-08-25T02:06:16.934814+00:00,checkout,637.77,False
1e8c73b676f0159a0241041a036ed906,2026-08-25T02:06:17.076214+00:00,checkout,404.87,False
181071f163b14b3b17379625e8943439,2026-08-25T02:06:17.514934+00:00,site_latency,426.21,False
415ca4d5c1768d972755cfbfc9af04c3,2026-08-25T02:06:16.955680+00:00,checkout,631.45,False
9000263eb840dda46cb2b6a4f69bd8e7,2026-08-25T02:06:16.894789+00:00,site_latency,480.65,False
160fe7af93b33f9ea811e544768e9dad,2026-08-25T02:06:17.076809+00:00,site_latency,473.86,False
d26bc6333bbec7032fd607d060762881,2026-08-25T02:06:15.652903+00:00,site_latency,1922.16,False
2fa0fc9b7acf2d63212f20c176ca1c5e,2026-08-25T02:06:17.698514+00:00,api_generic,142.96,False
73da49c9aaa12321f4fad71ad7ed7a80,2026-08-25T02:06:17.570157+00:00,checkout,638.56,False
35a76d221e8e272471bc14baa83d2e8e,2026-08-25T02:06:17.579892+00:00,checkout,529.53,False
ed430b532a0a6ae6ff5b29e80e5a6740,2026-08-25T02:06:18.251576+00:00,checkout,506.09,False
572a52090f8a1cd5eb8c414f486391c4,2026-08-25T02:06:17.971482+00:00,api_generic,216.39,True
4e815648eec80d47b9f8a977210cffe1,2026-08-25T02:06:18.128465+00:00,checkout,517.8,False
06828da5504f3d285e68fe5270d8b831,2026-08-25T02:06:17.567832+00:00,checkout,582.7,False
dc0c211d2c3e4ba94db6e70874d664c2,2026-08-25T02:06:17.592967+00:00,api_generic,591.46,True
91e95f071b0fe69dc6be0c25d71ae42b,2026-08-25T02:06:18.190642+00:00,checkout,446.07,False
191900db45392cf1442074e8658300d4,2026-08-25T02:06:17.875097+00:00,checkout,448.93,False
eda72597227c5b92132eaa7289032f37,2026-08-25T02:06:18.336165+00:00,api_generic,302.5,True
0addfefd4fa3499e75b84058ac60193f,2026-08-25T02:06:17.032959+00:00,site_latency,1081.67,False
965ef3fbb0864bfa48130e78e426773e,2026-08-25T02:06:18.513379+00:00,site_latency,435.45,False
0f22394ae2697034fc0a1af46e5f3941,2026-08-25T02:06:18.122752+00:00,site_latency,456.49,False
a78a3dfcdbd281f777b946768b9c7d87,2026-08-25T02:06:18.161450+00:00,checkout,577.09,False
1578d6ecf85b71ad34bf5f5407ce14aa,2026-08-25T02:06:18.088829+00:00,checkout,843.84,False
f6be81606fcaf9816619a4c8ac987037,2026-08-25T02:06:17.553996+00:00,site_latency,567.8,False
878f37f9ed45001b9e764b115fa9b467,2026-08-25T02:06:17.792438+00:00,checkout,410.48,False
9ad3e34d279e514e456266cf4efbf66e,2026-08-25T02:06:17.333381+00:00,api_generic,848.05,False
ab8b62e457a57a4873acd0f3aba32311,2026-08-25T02:06:17.400144+00:00,site_latency,750.66,False
e3b9a9fc4c95b140056c1310ba37298d,2026-08-25T02:06:18.254576+00:00,checkout,555.15,False
877e77f9900952c3c59d49df423b8c77,2026-08-25T02:06:18.130522+00:00,checkout,413.76,False
f8a4f2df39af16f9e8f8c327455e28d2,2026-08-25T02:06:18.041131+00:00,checkout,893.09,False
df7c311846e66344160df3edd6483958,2026-08-25T02:06:18.580661+00:00,api_generic,37.05,False
0c93b046fbdf08140da01a3dfcdb32b8,2026-08-25T02:06:18.343452+00:00,checkout,452.88,False
a014aa2e596f49e03e1d340e0effe06f,2026-08-25T02:06:18.506408+00:00,api_generic,301.95,True
67fc3caa53a1a4355da851450fdea989,2026-08-25T02:06:17.718002+00:00,site_latency,676.29,False
313bbefa90c53fa65185c57c2f7023ae,2026-08-25T02:06:17.547701+00:00,site_latency,673.39,False
cc1938650f41e184d39935db868e29b3,2026-08-25T02:06:17.730454+00:00,site_latency,514.59,False
add45026e0efe2233a8c4a300bf0bd86,2026-08-25T02:06:17.869392+00:00,checkout,401.54,False
3a02847729fb8f862ed7069bf20087ff,2026-08-25T02:06:18.003934+00:00,checkout,548.72,False
d6c347a2bdaa865b7df412917e9e1d24,2026-08-25T02:06:18.387586+00:00,pix,175.45,False
5f193aadd5a02c7a5caeda0e74232ac7,2026-08-25T02:06:18.046064+00:00,site_latency,608.84,False
654a88ebd4923432d6c43f22e05f1e25,2026-08-25T02:06:17.853370+00:00,checkout,578.36,False
4957220920f5d3fd5a190ea2210d6a96,2026-08-25T02:06:18.422287+00:00,api_generic,122.49,False
87b12c7cb4eff1368bd2ea9e69028e1c,2026-08-25T02:06:18.049977+00:00,pix,202.92,True
1c909771a67b4666903f1ca16389a09c,2026-08-25T02:06:17.283377+00:00,pix,1029.1,False
c7d959971aa830baaaebcd9669847212,2026-08-25T02:06:18.307150+00:00,site_latency,615.39,False
b290c9ad566972e832c53b5d790530bc,2026-08-25T02:06:17.868494+00:00,site_latency,323.59,False
c964baff954bbbdc82c7b69a767d8a14,2026-08-25T02:06:18.009823+00:00,api_generic,299.32,True
26773044c0fcf54b5fca35cb33628b35,2026-08-25T02:06:17.866409+00:00,api_generic,313.69,True
90d62ad0858e52355094feddd3317a46,2026-08-25T02:06:18.030252+00:00,checkout,548.41,False
75c0132a68bc22695b1908a49a04d27f,2026-08-25T02:06:18.582046+00:00,api_generic,303.99,True
5b11d9f53a7db6e126f591ba894e1782,2026-08-25T02:06:17.982643+00:00,checkout,526.57,False
31593e5d0aededd44edd4ae985d20aed,2026-08-25T02:06:18.010326+00:00,site_latency,470.55,False
fb5c4682dccaf49b36d5a8d45e39586f,2026-08-25T02:06:18.806738+00:00,api_generic,68.19,False
529aaeaedbff980f10b52aac31b7a373,2026-08-25T02:06:17.866277+00:00,checkout,421.87,False
6bc307eb5d86cf196337f011289849bc,2026-08-25T02:06:18.413088+00:00,site_latency,449.1,False
5321487e7c0a8fc41272b0cd7d98fbee,2026-08-25T02:06:16.711494+00:00,site_latency,2081.13,False
8a9e553a38b55fbe93458425ed0f5082,2026-08-25T02:06:18.020167+00:00,checkout,512.07,False
97ac3fa2a96814617ec6ffb528c0f405,2026-08-25T02:06:18.273069+00:00,checkout,531.18,False
ddc0ca028d99500c36d33caaa3608f34,2026-08-25T02:06:17.705237+00:00,site_latency,426.44,False
cf8619de86aa7d12bc9ee6a2e39b6491,2026-08-25T02:06:18.280724+00:00,api_generic,214.33,True
277859e3d36c0baa8230df22fb1bc81f,2026-08-25T02:06:17.707405+00:00,api_generic,492.13,False
8a873f36b83a988c12350114fefa339a,2026-08-25T02:06:17.562155+00:00,checkout,588.89,True
1a47f8e8f806ce6c0a426e135a2da359,2026-08-25T02:06:18.497052+00:00,site_latency,403.28,False
23fb500173a361916c6faf1987aa6d4f,2026-08-25T02:06:18.248476+00:00,site_latency,384.17,True
cb52d323f9c3b2ee1c74b55669a5056b,2026-08-25T02:06:18.541492+00:00,api_generic,130.55,False
55405b998e8cd0e8122219b4340c4e89,2026-08-25T02:06:17.415353+00:00,site_latency,753.84,False
c87f9ba760a62dfad5a71873ea0b2c3e,2026-08-25T02:06:18.223924+00:00,checkout,477.72,False
1da9651b8714b7236685759bf24f53df,2026-08-25T02:06:19.274931+00:00,checkout,494.96,False
c22cd0a6d25248c91290e282584be350,2026-08-25T02:06:19.195723+00:00,checkout,468.28,False
118abd8f777ea4aaa06fa4fcb240884d,2026-08-25T02:06:19.032077+00:00,api_generic,122.56,False
34d0338771a5b004155382ce5f838fb2,2026-08-25T02:06:18.925187+00:00,checkout,513.21,False
621ee67402084d034fcec08153e330ec,2026-08-25T02:06:19.031649+00:00,checkout,605.25,False
bbb143bb08541f957b9d419b354763aa,2026-08-25T02:06:19.169024+00:00,checkout,479.58,False
3764496ec2f987826ca505f0ef1ca88e,2026-08-25T02:06:19.084708+00:00,checkout,639.56,False
2b0109a9b08639a1560f92cd4b2dc60c,2026-08-25T02:06:18.733411+00:00,checkout,430.02,False
8e207db2dea580c2734d32fce5bc8215,2026-08-25T02:06:17.795377+00:00,checkout,1495.16,False
fe356d30427eea74c46c00557bf90c55,2026-08-25T02:06:19.313295+00:00,api_generic,419.1,True
259a32a3ff3c7b2992a11a289ebc11c5,2026-08-25T02:06:18.497404+00:00,site_latency,675.54,False
c5a7be61398194ff7e1cccd59f10ba83,2026-08-25T02:06:18.395642+00:00,pix,631.57,False
f7ec5bac52db6c956c9437e5c565c01a,2026-08-25T02:06:18.184783+00:00,site_latency,931.54,True
50f0fcccd2d373fea249941c6432200d,2026-08-25T02:06:18.510543+00:00,checkout,484.06,False
b1c0c1ee5e8d6211d35c7fe54d8f3ffd,2026-08-25T02:06:18.935875+00:00,site_latency,672.47,False
621692a00057e84bdfcd3fa0f8f2a2a9,2026-08-25T02:06:16.610831+00:00,site_latency,2794.48,False
8107e3881d86ba9d255fafcf3e2a8227,2026-08-25T02:06:18.706746+00:00,site_latency,942.41,False
48fc412a9b6b0c2d76f3eef11725811f,2026-08-25T02:06:18.591881+00:00,checkout,401.75,False
d8acf17130d0a150b1b3c3180484c80f,2026-08-25T02:06:19.512301+00:00,api_generic,68.91,True
48fd9f2e934c0c7e4b29e73abae4315b,2026-08-25T02:06:18.636671+00:00,checkout,484.1,False
aa78072151c691ec21d2202d93831818,2026-08-25T02:06:16.816892+00:00,checkout,2274.84,False
7e38564a9419a58fbe90727babe6e0ef,2026-08-25T02:06:18.213827+00:00,checkout,1163.34,False
d2e687881d9a5365e3a411bf882d81e4,2026-08-25T02:06:18.905440+00:00,checkout,587.54,False
a6280e0d2e3d24bff4a6e6878fbdd211,2026-08-25T02:06:18.568246+00:00,site_latency,423.54,False
2c211d491fa3ff7ab77028b2ad646e43,2026-08-25T02:06:18.848028+00:00,checkout,572.93,False
0437f1d18920034b11dd20c1f248792e,2026-08-25T02:06:18.248656+00:00,site_latency,987.0,False
ccd21b96eeac02aa3cef75a25fb128d5,2026-08-25T02:06:18.937244+00:00,checkout,421.66,False
b71b43180bf3c6ca9f5435deef584b66,2026-08-25T02:06:18.809653+00:00,site_latency,453.83,False
e9d7580019fe9c1fbc55712a4b1aab73,2026-08-25T02:06:19.276508+00:00,checkout,494.15,False
2dde7702e2fc41bd04b98ad1109a2322,2026-08-25T02:06:19.131803+00:00,site_latency,420.99,False
f1910ee2ecfc42b1415a2a872fc89d9a,2026-08-25T02:06:19.400971+00:00,api_generic,399.8,True
7b0392f0d0a1c3d62ea38754edee72e9,2026-08-25T02:06:18.401324+00:00,checkout,704.2,False
b8554dc836b61d7ff371b4cbeb35e166,2026-08-25T02:06:18.536029+00:00,checkout,504.14,False
47596d877c2fc850ec4b7d59ddcbc07d,2026-08-25T02:06:19.058545+00:00,site_latency,585.71,False
96d3cdcc7fe34c6f6faa73a7c40754d1,2026-08-25T02:06:18.727713+00:00,checkout,647.69,False
ac46a7fc83e638c49389b845fde0cae4,2026-08-25T02:06:19.089289+00:00,site_latency,462.14,False
6338dcc0f3e581e4cbcafe93b2ccbe54,2026-08-25T02:06:19.305368+00:00,checkout,434.2,False
a8a979484349cbce26796e24dfe9622b,2026-08-25T02:06:18.858434+00:00,api_generic,481.34,False
9204b600e7660a241d53a17ad4a77e98,2026-08-25T02:06:19.385803+00:00,site_latency,236.66,False
c7097ea744d1a2756611b02d943999b4,2026-08-25T02:06:19.031359+00:00,checkout,579.72,False
75730489bc8dfb7674175787be66a950,2026-08-25T02:06:18.857931+00:00,site_latency,659.02,False
23f7836b8d18fd5d78636711498d5c8a,2026-08-25T02:06:19.030246+00:00,api_generic,434.79,False
f2e418ec281cf6c1b15060c18f2620b7,2026-08-25T02:06:19.611460+00:00,api_generic,232.78,True
a144c1d9a26e22059ccd92df75a667c2,2026-08-25T02:06:18.395859+00:00,checkout,582.9,False
cd31e6a8b615133164235dc3a85a4d61,2026-08-25T02:06:18.944073+00:00,site_latency,453.9,False
0bca88ad994db4babb507e9ee4fc628e,2026-08-25T02:06:18.895095+00:00,checkout,456.53,False
988187bd4b6d024ecb0b3f54b4c1986d,2026-08-25T02:06:18.381453+00:00,checkout,675.69,False
fb2171dbed902825d5ac2a0b788f3627,2026-08-25T02:06:18.830461+00:00,checkout,801.65,False
f11d1bd1d9127e37d6f149884e60785f,2026-08-25T02:06:18.943732+00:00,site_latency,80.5,False
aa0281b4e79809530e8779237bc27576,2026-08-25T02:06:17.355624+00:00,checkout,2252.51,False
29125b4b654413bbe027210f27f159d2,2026-08-25T02:06:19.260000+00:00,site_latency,668.78,False
3b05f0c10526b1555b2179f3ccead640,2026-08-25T02:06:16.989681+00:00,checkout,3118.18,False
f7dd97f19ce579e61724a28cfc752022,2026-08-25T02:06:20.073231+00:00,checkout,400.04,False
a514aec1a6dc7483fc424f51110bcbf9,2026-08-25T02:06:19.902444+00:00,checkout,411.07,False
e2fc0d3d61cdab345284dbe9c0bf1154,2026-08-25T02:06:19.880571+00:00,checkout,423.87,False
02d55ed50f7f1bdd014ba8612e289dd5,2026-08-25T02:06:19.834086+00:00,api_generic,142.97,True
68909b7f51061e14e37a6603f3b13fa8,2026-08-25T02:06:19.211174+00:00,api_generic,669.76,False
c23a11b142af29718156cb93729b9bcb,2026-08-25T02:06:18.496606+00:00,checkout,1805.79,False
6b4253383fd19695885f386d4d0eeaa3,2026-08-25T02:06:19.737093+00:00,checkout,461.71,False
d00dacbc5046a2ceef4128fc20793bf1,2026-08-25T02:06:19.747873+00:00,checkout,556.75,False
6d77696768078b545199d7560ac1768c,2026-08-25T02:06:20.163708+00:00,checkout,563.38,False
755cea74f6ea39a4104abac0e1ff1649,2026-08-25T02:06:19.693776+00:00,checkout,431.63,False
316ff61a432ba652eb349d75c16f48d9,2026-08-25T02:06:19.879476+00:00,checkout,658.78,False
1d787241345aabe2227555574db1a479,2026-08-25T02:06:19.836637+00:00,checkout,604.88,False
441864d8cb55fd5aecc3e57556dcb4ee,2026-08-25T02:06:19.689308+00:00,checkout,406.04,False
323ac385cccf6e4c534362a2d5de00f4,2026-08-25T02:06:20.308236+00:00,site_latency,401.96,False
a8bf519b00d2815117735cca8db49c3b,2026-08-25T02:06:20.483581+00:00,api_generic,154.7,False
338a92ccc0cd66c6551a2a332cc9dd8b,2026-08-25T02:06:19.646029+00:00,checkout,759.17,False
07d9b00fb4c37e94585dc8383802ac70,2026-08-25T02:06:19.785754+00:00,pix,184.36,False
afad7aeb3fe9b641a6747ecbcf28475b,2026-08-25T02:06:19.861388+00:00,checkout,436.96,False
a07142d5f12d5c9734ce3ba3f6923863,2026-08-25T02:06:19.667335+00:00,checkout,445.04,False
34fc52a2d27baa4ee8115381c2876bae,2026-08-25T02:06:19.725987+00:00,api_generic,402.39,True
94aebdb1223cd31b641cab55309097a9,2026-08-25T02:06:19.128547+00:00,pix,1018.54,False
ae4e3d2d7d4f0afc3c63eb2982ded6ce,2026-08-25T02:06:19.292786+00:00,checkout,615.75,False
a47ec1b8ef76341322509f07f444da46,2026-08-25T02:06:19.890364+00:00,checkout,545.97,False
1e6ff049d747d9052ef38aab9e1f0bc5,2026-08-25T02:06:20.237828+00:00,checkout,416.75,False
5a66f12e3d7f742a73d1cec66fd94f7a,2026-08-25T02:06:19.395481+00:00,checkout,485.64,False
7b0b7b58c17240fd1c56e0947cc392c4,2026-08-25T02:06:20.096443+00:00,site_latency,438.57,False
5b1c00d5d12d998d9ad185a40a7b33a6,2026-08-25T02:06:19.635732+00:00,checkout,441.23,False
a5b5609c12ff03d12f1006e950144490,2026-08-25T02:06:19.190096+00:00,site_latency,1539.71,False
145ce852f809d536a561c32c6619510f,2026-08-25T02:06:19.736526+00:00,checkout,731.06,False
ace084ffc286c393ae229cedc54b9a67,2026-08-25T02:06:19.882914+00:00,checkout,641.3,False
1d3ad24eac267f928c81c5edfed0dd0a,2026-08-25T02:06:19.880470+00:00,checkout,440.64,False
9318b50b404e6f723a99a20accd64dc3,2026-08-25T02:06:19.561138+00:00,site_latency,430.34,False
4fc5de285bf50e14fe5fea5d648dc198,2026-08-25T02:06:19.705739+00:00,checkout,520.7,False
eba6099af8f82560db72f3bad590182f,2026-08-25T02:06:19.878239+00:00,checkout,403.29,False
b792dc6fa2994739fcc2860c2c13e110,2026-08-25T02:06:19.433951+00:00,api_generic,833.48,False
8115c63772fbb338f470cc94741dbbfa,2026-08-25T02:06:19.351577+00:00,checkout,596.63,True
f54f88532a33c7138fbdb387b1207ab8,2026-08-25T02:06:19.560610+00:00,checkout,461.73,False
b040c9111e5cd8ae21c76135e929505d,2026-08-25T02:06:19.311712+00:00,checkout,594.2,False
b666598c61466fa54931afe5cd7f3c93,2026-08-25T02:06:19.343443+00:00,checkout,544.91,False
1832f232f25f0ba3220bbd7217f4b5ee,2026-08-25T02:06:20.458527+00:00,checkout,281.7,True
6ae077c73a9b9c4a2da551ebb8b25a43,2026-08-25T02:06:19.368802+00:00,site_latency,716.38,False
b2791978375688d2486993a05ca56237,2026-08-25T02:06:19.823980+00:00,site_latency,503.94,False
4275b756b60d16064fbac91730f5d568,2026-08-25T02:06:19.783777+00:00,api_generic,432.1,False
590459a2fe0fc2db593f4d029887d93d,2026-08-25T02:06:19.844193+00:00,checkout,472.67,False
79d2808020c427bae929e0ac483c2481,2026-08-25T02:06:19.503797+00:00,checkout,832.13,False
51a3525f22785c75c292dcff8cac359e,2026-08-25T02:06:19.882025+00:00,checkout,500.7,False
820adcfe71a6d66a3224825c198a6d10,2026-08-25T02:06:20.304404+00:00,checkout,521.63,False
d9ebed845d9a4cb8dab73fa3f7eeb8eb,2026-08-25T02:06:20.492610+00:00,site_latency,585.39,False
79f644c4a08b27a8650497b6d0e827c3,2026-08-25T02:06:20.736459+00:00,pix,521.63,False
f873b6b631fde0694beadf90ccd1ded2,2026-08-25T02:06:20.472912+00:00,site_latency,524.44,False
702bb26cbd6f208e4609709c09d1870f,2026-08-25T02:06:20.665501+00:00,site_latency,1017.26,False
d9c024956335a587fca4a531d2227458,2026-08-25T02:06:21.150854+00:00,site_latency,446.01,False
67b7fbd495ab99f9015094ff12919145,2026-08-25T02:06:21.134052+00:00,site_latency,435.45,False
24439bb0deeca2c925d3ae80d73b007e,2026-08-25T02:06:20.984596+00:00,checkout,420.79,False
8ddcc89d71ec414c5b8d324963346189,2026-08-25T02:06:20.840894+00:00,checkout,603.6,False
3f4f7d6fd372aaf69f5b3f8dde926685,2026-08-25T02:06:20.331673+00:00,checkout,468.17,False
8acac954018b51a7adace3cfc2d4d79a,2026-08-25T02:06:20.929009+00:00,site_latency,728.99,False
fa27b8d62decd3f76301201b3cd3e914,2026-08-25T02:06:20.729111+00:00,checkout,624.22,False
035550f66fc513c7af13d891056f8aa2,2026-08-25T02:06:20.967272+00:00,site_latency,450.76,False
725dd6921a8f59ee86e4711d281f735d,2026-08-25T02:06:20.369586+00:00,api_generic,1198.24,False
d9ec382c8feb0ad85bd035ba0b55870f,2026-08-25T02:06:20.582636+00:00,pix,223.58,True
25eab0950ae1e72716418a3d518545e1,2026-08-25T02:06:21.089961+00:00,checkout,482.89,False
de9ecead9a61f0a764ee805957be52df,2026-08-25T02:06:20.777491+00:00,checkout,564.68,False
196d9bc9492d431b48ee1d65bdb8befa,2026-08-25T02:06:20.520325+00:00,site_latency,507.26,False
7b6cd11c318beae4a32208f2b2af897f,2026-08-25T02:06:20.666317+00:00,checkout,577.15,False
97fea358b131dc304ae5767b3938c7e8,2026-08-25T02:06:20.584384+00:00,checkout,676.32,False
a8686fedfb2a75ad7ae243ce81cf8e89,2026-08-25T02:06:20.885264+00:00,site_latency,546.18,False
03d5ff37475b20f62868d45f9d538d8b,2026-08-25T02:06:20.585043+00:00,checkout,514.4,False
fb9663b7e0f0ba0c6636fe8bb4fabb72,2026-08-25T02:06:20.469176+00:00,site_latency,468.26,False
f07b7556c8597745cbb005937f944229,2026-08-25T02:06:20.597304+00:00,checkout,409.05,False
e9d1221221cc12d31b048f49948da360,2026-08-25T02:06:20.477199+00:00,checkout,634.37,False
131ab5d4a2f82f2b61b4ad734ffac105,2026-08-25T02:06:20.478528+00:00,checkout,553.26,False
267b9a04a14032573430576e16439132,2026-08-25T02:06:21.141181+00:00,checkout,424.57,False
1ac67616f552b9a3630d70d720634c4f,2026-08-25T02:06:20.770806+00:00,site_latency,527.18,False
2a230cb64f257b18e08f395f92284806,2026-08-25T02:06:20.546660+00:00,site_latency,729.16,False
3ce3728b47a07a8af398cc43324d8e66,2026-08-25T02:06:20.650207+00:00,checkout,277.26,False
2b907e6d9096a2870ba4de21fcdb6997,2026-08-25T02:06:20.548334+00:00,site_latency,561.85,False
04e3af540fa19d2deb4ee38ccc41c2b9,2026-08-25T02:06:20.627119+00:00,checkout,947.4,True
789c1300e1781647e92b3b2cf0b0ac5c,2026-08-25T02:06:20.483183+00:00,checkout,418.43,False
b39035a16177a9dfc161f87d5a84055b,2026-08-25T02:06:20.478628+00:00,checkout,418.5,False
64c60af2a377ad5d3dc179944277420e,2026-08-25T02:06:20.686429+00:00,site_latency,247.1,False
430551a88760e9928a093af69f4ffb1c,2026-08-25T02:06:20.884436+00:00,checkout,648.24,False
f65f6d3bbefb95a9f390cda4350613b0,2026-08-25T02:06:20.369252+00:00,checkout,575.3,False
f3692233752b52d9bada2dc02cb0f985,2026-08-25T02:06:18.802861+00:00,checkout,2861.36,False
109026bac88cab9de23a51271619ac3c,2026-08-25T02:06:20.888876+00:00,checkout,779.95,False
65277ea45266b9ade5090c311de402ac,2026-08-25T02:06:20.989272+00:00,checkout,466.98,False
90920d2bc22c89c229e66f9a106446fe,2026-08-25T02:06:19.991124+00:00,checkout,889.16,False
cae6a7711bc3ec4c759d883257f94731,2026-08-25T02:06:20.730216+00:00,api_generic,724.45,False
a18e348b6b9042cd23e677eeb7966607,2026-08-25T02:06:21.162610+00:00,checkout,521.87,False
463dbc96341bb6502619515d37182110,2026-08-25T02:06:19.839001+00:00,api_generic,1650.58,False
7b28be4d1bc501a1ac2199e5d0336aa1,2026-08-25T02:06:20.421956+00:00,pix,652.18,False
ce8894da5d5823a853750dc0362e94f3,2026-08-25T02:06:21.069958+00:00,checkout,542.73,False
f4d97867aedb22b74961157dabb8bbe2,2026-08-25T02:06:19.386973+00:00,pix,1405.86,False
cd119c77edba1a0bfc7d39cf586c5a7f,2026-08-25T02:06:19.467453+00:00,checkout,2049.54,False
14182b52ffc4f853489ae24aae138df9,2026-08-25T02:06:20.338994+00:00,api_generic,591.17,False
ece3f1fb4167195c9c57d9e849787ec3,2026-08-25T02:06:21.037362+00:00,site_latency,407.37,False
8039eb7b676cc06d0e98e150182deea7,2026-08-25T02:06:20.627615+00:00,checkout,410.41,False
cee465520d3f5afeace7909969e0010c,2026-08-25T02:06:20.468532+00:00,checkout,474.68,False
8470843b8a6b435588695fef6493175e,2026-08-25T02:06:20.783619+00:00,checkout,329.22,False
cb4c81428ef51b6122a71f9abe7387c7,2026-08-25T02:06:20.930767+00:00,checkout,509.02,False
4cc487fcd3263da38d1b06dc48fb290f,2026-08-25T02:06:21.037972+00:00,checkout,521.29,False
64dbdc90b98a916388275a07ceeedf27,2026-08-25T02:06:20.276675+00:00,checkout,522.93,False
a8b5e92d1442b150e1cf574ccd7ba040,2026-08-25T02:06:21.156946+00:00,site_latency,500.72,False
f7949b2fd93b39ba2e5d3cfdcd6ea9dd,2026-08-25T02:06:21.159095+00:00,site_latency,434.15,False
