trace_id,timestamp,domain,latency_ms,is_error
3fd150c28e3bb2560105adc0d11464ae,2026-08-25T02:04:52.191665+00:00,site_latency,254.17,False
af57e54b9d7308441c28081a79aa7572,2026-08-25T02:04:52.665551+00:00,api_generic,120.47,False
241e205431f3be6ae92a2ece0e7263f7,2026-08-25T02:04:53.069240+00:00,api_generic,97.73,False
304cd0ddb6411adbd156e543ca583a5e,2026-08-25T02:04:52.668545+00:00,site_latency,398.17,False
a491ce704cd3604eec406f0a1b8e2d40,2026-08-25T02:04:52.979388+00:00,api_generic,116.99,False
9d24951c040f6b6244b8198ce87ecf67,2026-08-25T02:04:52.817376+00:00,pix,88.88,False
e65d6a17a803b1c8502ebf3b413ded41,2026-08-25T02:04:52.758544+00:00,checkout,506.93,False
dccd90fa9ae9836db18484e911e2c664,2026-08-25T02:04:51.669690+00:00,site_latency,97.71,False
398ed88a5dcb2c94e5fbbccb4972d425,2026-08-25T02:04:52.664633+00:00,checkout,512.39,False
8d104cea41566035fd39331c13523e9b,2026-08-25T02:04:52.215371+00:00,checkout,444.15,False
6e9aef5b6816757e0d48972570e70697,2026-08-25T02:04:51.925691+00:00,site_latency,438.23,False
f0ca87d5d93a0a358e46735d151e01f1,2026-08-25T02:04:52.804150+00:00,checkout,299.41,False
974667bdedfbe3fdc31866e510327ec2,2026-08-25T02:04:52.659052+00:00,site_latency,488.08,False
c84e817d7c0f5f2b78c873c3cd79b058,2026-08-25T02:04:52.257076+00:00,pix,117.58,False
5ff615215d1fb6889b98f47b90084c83,2026-08-25T02:04:52.566393+00:00,checkout,569.41,False
5aa26425cddf80f09dd8e61fa92533d1,2026-08-25T02:04:51.894333+00:00,api_generic,65.26,False
35d0f3211be53919b003a52d3208666f,2026-08-25T02:04:52.978917+00:00,checkout,120.79,False
300f9d250022d51151ea23521c244139,2026-08-25T02:04:52.894970+00:00,pix,82.74,False
63c4b9becb38cd21f7bd211abe4b8a13,2026-08-25T02:04:52.061080+00:00,site_latency,70.39,False
5e009b62ee878a03de5195ff92a72581,2026-08-25T02:04:52.266541+00:00,api_generic,490.31,False
c08e0048b08fcd71e0ff57162b6d0597,2026-08-25T02:04:52.668216+00:00,checkout,498.32,False
a556f9fc90323e3d938c813a4933285e,2026-08-25T02:04:51.953035+00:00,checkout,413.19,False
a9381613518a1bd51794c94e4cbdd71b,2026-08-25T02:04:53.461088+00:00,api_generic,67.73,False
9a3b06a0ffb9cc1e553362e19f848f84,2026-08-25T02:04:51.666814+00:00,site_latency,459.1,False
c5f1f6d55a4b8d4ee956544c20550fed,2026-08-25T02:04:51.764207+00:00,checkout,612.69,False
07408177cf9fbd3658c1e0580bf6edbb,2026-08-25T02:04:53.067475+00:00,pix,98.86,False
4c5526c9a66fed6f4647b9abcaba8014,2026-08-25T02:04:51.800520+00:00,site_latency,103.23,False
6fb3e5407c521dbcd5a7ecb6f16c4abd,2026-08-25T02:04:52.097105+00:00,pix,74.44,False
6252b114532697ab0d39f1260be9b780,2026-08-25T02:04:52.860205+00:00,pix,190.27,False
e010266479bff3d57a1bea5b3ec2f61f,2026-08-25T02:04:52.924656+00:00,site_latency,59.3,False
5094541a803317715bec75b269124c6f,2026-08-25T02:04:53.250502+00:00,site_latency,205.87,False
cfcbc023bddfeb818bbd638031f5d2a9,2026-08-25T02:04:52.580381+00:00,site_latency,106.95,False
d791e9a23b6c51aa437c9378b9f349cf,2026-08-25T02:04:52.918256+00:00,api_generic,89.84,False
ae09c4625fa8b7ffec263f6c798e5c42,2026-08-25T02:04:53.010817+00:00,checkout,497.93,False
d4f12d0f4db98a4cc013ce902a29396f,2026-08-25T02:04:52.856234+00:00,site_latency,496.09,False
3f65e0435a17a7475adf17b341d1eacc,2026-08-25T02:04:53.174263+00:00,api_generic,229.03,False
8f6dfe24a30d67b83eae4d8676edeb13,2026-08-25T02:04:52.657675+00:00,site_latency,201.05,False
da43ca3cb9aba2281fe5eadf8971ad7f,2026-08-25T02:04:52.606026+00:00,api_generic,130.49,False
5366548b165c450fccb2eecf617cd018,2026-08-25T02:04:51.912599+00:00,checkout,454.1,False
f55be869071debfea69a2d93feed5f41,2026-08-25T02:04:53.262765+00:00,api_generic,50.08,False
8bd6702f2890f93400a33891418f4ef9,2026-08-25T02:04:53.244940+00:00,checkout,165.0,False
cea6c7f3cac2cc28e45fa3957616dfc9,2026-08-25T02:04:52.016055+00:00,site_latency,424.33,False
8a285bd01f54a42adb727bb5c181ef18,2026-08-25T02:04:51.740054+00:00,pix,123.71,False
78e33c169e480a2d8a365e3b88fe9ec2,2026-08-25T02:04:52.784159+00:00,site_latency,331.84,False
4aca7111f84d77cbb3a5b25682cb19d6,2026-08-25T02:04:52.338941+00:00,site_latency,206.81,False
3570a8b1eecec783e4db40255b5cffca,2026-08-25T02:04:51.757040+00:00,api_generic,111.65,True
6344b95e95151d5c2a84856bc4212c45,2026-08-25T02:04:52.366191+00:00,checkout,492.8,False
e75843b9c983cbf1ea8a0496bab7a874,2026-08-25T02:04:53.218306+00:00,site_latency,82.73,False
76c0904f407ab93742adcecec16495a0,2026-08-25T02:04:52.788246+00:00,site_latency,107.88,False
ff32a48063a0a601b2b173658f87c721,2026-08-25T02:04:52.980539+00:00,api_generic,112.86,False
cdf41531d1ecc63c0d221eddaeeadb2d,2026-08-25T02:04:51.859581+00:00,site_latency,515.33,False
6491b2e872b1ea7562623787f8a2c6d2,2026-08-25T02:04:52.327873+00:00,site_latency,224.91,False
f5928c5579eec8e0f201051967700231,2026-08-25T02:04:52.857229+00:00,api_generic,70.61,False
aab15386eeddd5bec73177817ab0f63d,2026-08-25T02:04:52.941087+00:00,checkout,455.52,False
ebbc64398d80171cc057a7c6f56462c6,2026-08-25T02:04:52.046916+00:00,checkout,411.48,False
db77faa11407f5d168b30c542d408346,2026-08-25T02:04:52.336632+00:00,checkout,554.03,False
0a1f4e7d176279eba03b66434a878820,2026-08-25T02:04:53.027240+00:00,api_generic,83.91,False
c30a0bcfdbcd2c84f946b4901c707bd8,2026-08-25T02:04:52.821458+00:00,site_latency,373.94,False
51c4cf059b4e7f660f1fd9aaabc5122d,2026-08-25T02:04:51.671413+00:00,site_latency,277.23,False
a569abb8d9109c06a13d6733bfef7666,2026-08-25T02:04:52.655158+00:00,site_latency,199.29,False
776196d2109c623119a2cce5f845e995,2026-08-25T02:04:52.378199+00:00,api_generic,68.11,False
cce68d5dd50ac2534d8e002ac315f418,2026-08-25T02:04:52.568649+00:00,site_latency,247.54,False
5a8d0a76541c457f4b88108f351d34ec,2026-08-25T02:04:52.376798+00:00,checkout,224.28,False
62633b9424e2de5dc24712a44dceed43,2026-08-25T02:04:52.324301+00:00,checkout,479.88,False
7116690e8be6fbac0161a5fb389dc537,2026-08-25T02:04:52.665196+00:00,checkout,507.75,True
cd48823ec8ea53da6a2fb7c283d0fba6,2026-08-25T02:04:53.096350+00:00,pix,142.56,False
c055026e6aa995e8b56ef453f107152b,2026-08-25T02:04:52.128283+00:00,pix,185.27,False
6e39608f24de4bc285f07203e558808c,2026-08-25T02:04:52.432451+00:00,site_latency,798.84,False
843a1bbf88afcdeb078bc63e49e94c27,2026-08-25T02:04:52.602411+00:00,checkout,425.37,False
2acc2390dc2235e459b8aaddf496520e,2026-08-25T02:04:52.660738+00:00,checkout,687.07,False
dd5b618fa45b663356dd4bec99e56a3e,2026-08-25T02:04:52.874599+00:00,checkout,159.81,False
240247f6213f30609c1d3954ca87ee5d,2026-08-25T02:04:53.108160+00:00,site_latency,113.1,False
6540339ae0d37c2eb9837d019f2696d2,2026-08-25T02:04:53.391955+00:00,site_latency,81.36,False
456cf4441e213b49ad4414aa1019390b,2026-08-25T02:04:52.376315+00:00,api_generic,162.68,True
3dbf5bbf20915fe5a7695a1d3bfe5f1f,2026-08-25T02:04:52.719375+00:00,api_generic,83.49,False
1c12c287cf0fc96bffa60b76f6c8f2e0,2026-08-25T02:04:52.497417+00:00,api_generic,276.62,False
7738ec4143eb03bc03d969e0697eddda,2026-08-25T02:04:52.839648+00:00,checkout,204.77,False
3317e76ff8767ed288525bc0befeec05,2026-08-25T02:04:53.214047+00:00,site_latency,176.55,False
24407a819c70342462c9c1d92231fa2b,2026-08-25T02:04:51.807962+00:00,site_latency,103.0,False
01fc3dc388604a231836ba34483e2625,2026-08-25T02:04:52.809640+00:00,api_generic,118.45,False
c55760712e7a74827349bf38fb87df05,2026-08-25T02:04:53.046404+00:00,site_latency,204.15,False
f7a69a50cd1a23085c000027d9e50835,2026-08-25T02:04:51.803418+00:00,api_generic,88.28,False
51be09e47f9ae785e58eb06548c4e4bb,2026-08-25T02:04:52.391442+00:00,checkout,446.5,False
3559402c625c7dbe7c61c641f6412eaf,2026-08-25T02:04:53.047891+00:00,checkout,296.32,False
61586732696364cb78c0e7b3450c8ba5,2026-08-25T02:04:52.894482+00:00,api_generic,453.03,False
27f67b3bed01868d539c94e80ca9d2ac,2026-08-25T02:04:52.663556+00:00,api_generic,104.87,False
f6f0ce3249e2c04d10d001789543392b,2026-08-25T02:04:52.784714+00:00,checkout,413.28,False
ba78844969b39efc01b45aa728ea1582,2026-08-25T02:04:53.150722+00:00,api_generic,156.36,False
52818d47931f6f9b3d7cd2b5fa4dce6f,2026-08-25T02:04:51.905094+00:00,api_generic,247.23,True
a37aa7ef62cff185e35f3d5fd026a756,2026-08-25T02:04:51.888038+00:00,checkout,485.28,False
4af83d0089985a039428ce1b0074211a,2026-08-25T02:04:52.958447+00:00,checkout,527.81,False
eda2478176c99b7d0a4d2b14bedbcf9e,2026-08-25T02:04:53.148635+00:00,checkout,147.06,False
ef14d97a80cfb561b75015584a209bf4,2026-08-25T02:04:53.106379+00:00,pix,139.71,False
9411387da26407299e4735b19d0a0ea7,2026-08-25T02:04:51.807464+00:00,site_latency,463.54,False
d9fdeb9f97c3aae1ae43ee8191faa7d5,2026-08-25T02:04:52.541997+00:00,site_latency,434.19,False
3520cf93dd885108ae513e89d2d2d7d1,2026-08-25T02:04:53.384655+00:00,api_generic,73.66,False
7256763196cf6b2627dd696428d95b69,2026-08-25T02:04:52.500409+00:00,site_latency,448.89,False
ef9e89775c6cb12f9aceed8490ac1c34,2026-08-25T02:04:52.738040+00:00,api_generic,409.34,False
9011e2934888b0986642155f0a018e77,2026-08-25T02:04:52.916380+00:00,checkout,581.23,False
73f74f8f7ee8887a26d0fe7d8487b2e7,2026-08-25T02:04:52.040686+00:00,api_generic,54.27,False
d89fa48a7564135cfb0ce4a8b7d11163,2026-08-25T02:04:52.506750+00:00,site_latency,209.86,False
c8cd165998cab88ad4d21fb5038fe4d6,2026-08-25T02:04:52.007554+00:00,checkout,240.88,False
7a9422626ef6e985e047d185d24ead09,2026-08-25T02:04:52.322582+00:00,checkout,840.47,False
1071497a90b4b991888acff62f447aaa,2026-08-25T02:04:53.042034+00:00,api_generic,91.23,False
1cadcfc39d9d944bc0289ccac6b1afc2,2026-08-25T02:04:51.663451+00:00,checkout,1719.77,True
9ef6bb83107c201b2803c93b48c428ca,2026-08-25T02:04:51.669084+00:00,checkout,712.3,False
64a0667cb4b3615db2dbeb1ed695b699,2026-08-25T02:04:52.453185+00:00,checkout,425.25,False
99948dd2792672f3c6b774c8e1d8c445,2026-08-25T02:04:52.009239+00:00,api_generic,181.55,False
3922dc81ff31aa54d70deec28f5d02f8,2026-08-25T02:04:53.835416+00:00,api_generic,132.76,False
d6ff614d16c29fdae1e601cd4d4db66c,2026-08-25T02:04:53.672880+00:00,site_latency,137.35,False
86089295c3ed2dc3be7e02c8f8919f30,2026-08-25T02:04:53.986516+00:00,checkout,437.65,False
f59e2021d0f3bcc718c8d1af7eeb489c,2026-08-25T02:04:54.283777+00:00,site_latency,154.2,False
1a18b6afd8e94b077b136f720ee7419b,2026-08-25T02:04:53.595000+00:00,checkout,496.23,False
e8fee57e67e85b2e6b2016b244548f3b,2026-08-25T02:04:53.490559+00:00,site_latency,157.04,False
12087738b0c87565a9ac897eb8a19fdb,2026-08-25T02:04:53.164680+00:00,checkout,620.72,False
2dd03fd3774fdee0f79caab2e64794a7,2026-08-25T02:04:54.057832+00:00,site_latency,89.08,False
3d2d4eddc5cc02e18de353f77f075643,2026-08-25T02:04:54.202985+00:00,api_generic,91.61,False
2f852c834b7b33bd5d1252f458399b87,2026-08-25T02:04:54.255267+00:00,api_generic,93.52,False
0f2d89933866ac539c9fe9117095cc3a,2026-08-25T02:04:54.019440+00:00,checkout,420.24,False
1930d73b78a389d45dc6c7cd0f280977,2026-08-25T02:04:53.153486+00:00,site_latency,550.03,False
0baafa70f97f294eb63ad675c906e0c9,2026-08-25T02:04:53.614898+00:00,api_generic,58.52,False
1bcb677df217db6a86f841ac380e4069,2026-08-25T02:04:53.166300+00:00,checkout,437.25,False
1c07dbeec878eba37748e707987ab32e,2026-08-25T02:04:53.786622+00:00,checkout,537.82,False
413b2903986716de4dced2ccc01b5dd9,2026-08-25T02:04:54.132791+00:00,checkout,400.54,False
d86199d53ec963e49fdf0e7d2083c95e,2026-08-25T02:04:53.232554+00:00,checkout,404.0,False
eabb5928175248a5a04add18646f222a,2026-08-25T02:04:53.993346+00:00,api_generic,78.62,False
09f38c79363e9705993d795b00c77eb8,2026-08-25T02:04:53.904410+00:00,api_generic,94.41,False
c92cdcfce2dee9ca6a65889a703251fe,2026-08-25T02:04:53.914058+00:00,checkout,433.2,False
76f012a2be88579c54ca1770b2b7ad6e,2026-08-25T02:04:53.498866+00:00,site_latency,447.22,False
391eab31e550585af2d5b94aa31efd5f,2026-08-25T02:04:54.154205+00:00,pix,184.37,True
d069677499b85d1221c1630cf7c6a349,2026-08-25T02:04:53.845282+00:00,pix,165.58,False
7804d12f45744aaeb776a3594e667331,2026-08-25T02:04:54.009714+00:00,pix,97.42,False
ec59e365e5676fd75180329a54dd89e3,2026-08-25T02:04:54.127931+00:00,site_latency,404.91,False
9390600f7825981f80fc6baa0bea6bd9,2026-08-25T02:04:53.602887+00:00,api_generic,235.43,True
ad1f2310182b2600df6a3914c7c92029,2026-08-25T02:04:53.795844+00:00,checkout,366.6,True
66fdae35ae9fdc4c08896e70c1353d89,2026-08-25T02:04:54.307602+00:00,api_generic,225.91,True
2542f4658c7591e889a04e34514b62c9,2026-08-25T02:04:54.057601+00:00,checkout,461.25,False
a5d616b8dd246ac80262fdde34d368d5,2026-08-25T02:04:53.365511+00:00,site_latency,412.85,False
1e43853dd2b9355e946e1ad8191df275,2026-08-25T02:04:53.720868+00:00,api_generic,120.75,False
437de4484a1e24d89d1346691d63f587,2026-08-25T02:04:53.379793+00:00,checkout,539.06,False
b68971d9523ded7cd687c7730b27eed0,2026-08-25T02:04:54.330896+00:00,api_generic,75.94,False
12784d720fcb5fb283b2be382d7c236e,2026-08-25T02:04:53.339312+00:00,site_latency,599.12,True
a90b943fbec3d56c3738f576d6d2a1af,2026-08-25T02:04:53.845392+00:00,api_generic,94.58,False
6b82dd3186ca1996232bc59e5a9f7a82,2026-08-25T02:04:53.749465+00:00,api_generic,126.66,False
2a0c085cba539cac610601a238b17ee2,2026-08-25T02:04:54.017912+00:00,api_generic,52.79,False
c17cb29e2ed6ee9b8503e23771b88194,2026-08-25T02:04:53.682336+00:00,api_generic,114.69,False
3d3901395e223a29cabbacd408548de3,2026-08-25T02:04:53.727719+00:00,checkout,759.15,False
49f771fceabea7f29cc9337a4f68ccdd,2026-08-25T02:04:54.050605+00:00,api_generic,404.35,False
39831ed04ccfacce3baa1c6a443e273f,2026-08-25T02:04:53.218813+00:00,site_latency,556.05,False
35529c0b8a7158479db461361bf33c4a,2026-08-25T02:04:53.836615+00:00,site_latency,554.29,False
87fbffbbfdf1eb838121d934c26bacf7,2026-08-25T02:04:53.111093+00:00,checkout,657.95,False
69031bfb11e05562698bfbe42345d04b,2026-08-25T02:04:53.690894+00:00,api_generic,110.57,False
935382cd21e65de28d383bfba5f92df6,2026-08-25T02:04:53.130864+00:00,pix,560.44,False
0240307a4fdaf36c18a60b87d1134907,2026-08-25T02:04:53.224630+00:00,checkout,1010.96,False
a5a3f07b2127fd62cc3694158b81f9e7,2026-08-25T02:04:54.168013+00:00,pix,235.77,False
2289f451ba2175c6d99abdced266f784,2026-08-25T02:04:54.380480+00:00,api_generic,82.46,False
b33d9a6d95227ca4cb587025a131d311,2026-08-25T02:04:53.097538+00:00,checkout,621.98,False
f6e976ae7d254f1c12f13990bd47a9d2,2026-08-25T02:04:53.602629+00:00,checkout,335.29,False
f842bdf26f1d7794654ba97a10f26366,2026-08-25T02:04:53.703286+00:00,site_latency,674.17,False
7d03b1d2c659ac13c4085ebbd78f7a7b,2026-08-25T02:04:54.071936+00:00,pix,438.87,False
a27c171b573136db078004098c56af7c,2026-08-25T02:04:52.665743+00:00,checkout,1188.22,True
a75b1f4c0564a8ab1c4f1d7635071a59,2026-08-25T02:04:53.195330+00:00,checkout,628.73,False
52b7dbf122588bd5bb7096e89167548e,2026-08-25T02:04:53.855525+00:00,checkout,435.18,False
09298468a614f27852bc36d12039d17e,2026-08-25T02:04:53.916425+00:00,site_latency,201.49,False
9264c4a32972484591dd24b5836887e4,2026-08-25T02:04:54.262398+00:00,api_generic,186.48,False
e367f6b6b7b622e2d5e3eecf2b5f6e41,2026-08-25T02:04:53.441841+00:00,checkout,141.95,False
f81cd94d9a05af87759aefdd2d010758,2026-08-25T02:04:53.981928+00:00,site_latency,223.27,False
ae17e7c7863dc6fb2983459e8f0f2c18,2026-08-25T02:04:53.818476+00:00,checkout,386.53,False
f11fd5072e8e726822a9f6b20b4c8cef,2026-08-25T02:04:53.196672+00:00,checkout,406.67,False
fb882448e94e5f53d372bab87bc909e0,2026-08-25T02:04:53.478594+00:00,site_latency,719.48,False
9277cd1e8f45f11836a121a1d158a177,2026-08-25T02:04:53.597333+00:00,checkout,621.32,False
a1414368095bb0305d1ff6ea4790754a,2026-08-25T02:04:53.387540+00:00,site_latency,194.59,False
862bbf6b22fc71a33306ac5505247bd1,2026-08-25T02:04:54.102578+00:00,site_latency,78.66,False
83311fa6f8379c1cdad16bfe86408cea,2026-08-25T02:04:53.672988+00:00,checkout,572.62,False
ff4584ec542fb270e2b6a44a041f50ca,2026-08-25T02:04:53.888232+00:00,checkout,620.48,False
f9e51e25769743f5cc88deee72d643ef,2026-08-25T02:04:54.093928+00:00,pix,157.15,False
438f2e4c4b076ec2dfbb6298c6a9321c,2026-08-25T02:04:53.861171+00:00,api_generic,147.02,False
d1f7c1a709baeaa819bfba098caf2763,2026-08-25T02:04:54.199096+00:00,site_latency,128.62,False
c6d4c6ac7aacf9c5603c38d57885ad42,2026-08-25T02:04:53.810192+00:00,api_generic,58.79,False
6b423b859672a6c1807871e5cd9f7b02,2026-08-25T02:04:54.052610+00:00,api_generic,72.33,False
82eed1a3b64cc06b3b201b25809571c8,2026-08-25T02:04:53.669471+00:00,checkout,457.21,False
de2ff108ad354126308aa5eba34cc04e,2026-08-25T02:04:53.690777+00:00,api_generic,114.17,False
e1e7697c01c6f0bed00ff5f56c02a9ae,2026-08-25T02:04:53.602316+00:00,checkout,300.43,False
044660fe9fac2f01f978690c056e6a7c,2026-08-25T02:04:53.792189+00:00,checkout,491.62,False
0ef4d24b29e7dee72d1d7fd7da950be0,2026-08-25T02:04:53.753492+00:00,pix,172.08,False
c50b21bddfa9a0ea0b2d70326df800e7,2026-08-25T02:04:53.432300+00:00,site_latency,157.64,False
88b8cbaa8a4285514e28ff247b444f31,2026-08-25T02:04:53.605234+00:00,pix,183.24,False
b7c860f5e99bbf6aadd7cbf4762711de,2026-08-25T02:04:53.676543+00:00,api_generic,113.71,False
f8b4d6f7be32fa33af9aaf71ece33993,2026-08-25T02:04:53.951164+00:00,api_generic,75.58,False
1e695911d5a8122fb221ce1cd3dc64e7,2026-08-25T02:04:53.028960+00:00,api_generic,888.94,False
19378094b36c1094d07e576ce77d5ac2,2026-08-25T02:04:54.377889+00:00,site_latency,119.65,False
0b5e322b9884dd4f5c9d9f7f6830ff7b,2026-08-25T02:04:53.536570+00:00,pix,112.71,False
2d8c34e9fb03be23efc072bb21903eac,2026-08-25T02:04:53.300975+00:00,checkout,535.76,False
4cb7555436c8310883f8de990d2133e4,2026-08-25T02:04:54.266478+00:00,checkout,140.58,False
b6f8f788f3a3a4796f33ba6cc04ea3da,2026-08-25T02:04:53.960490+00:00,site_latency,71.59,False
eef4703c2e2a892bdab811d6ec58d284,2026-08-25T02:04:53.488464+00:00,site_latency,148.47,False
a29cdf69a4c37dec6d4a973728c3dbbc,2026-08-25T02:04:53.176935+00:00,checkout,798.3,False
9d2dc40739a524ad99209d7946dd09ea,2026-08-25T02:04:53.460911+00:00,site_latency,274.39,True
f6009e4cea6075d6c4a8916aa5f66118,2026-08-25T02:04:53.673077+00:00,site_latency,131.44,False
1e856491d2605eda3264df23581c39a7,2026-08-25T02:04:53.806496+00:00,checkout,438.48,False
dd86313a90e73497fd0c2c0e62f3253b,2026-08-25T02:04:53.856164+00:00,checkout,544.53,False
9fdfbf73c6ae1a1d13adf1aad1aa8056,2026-08-25T02:04:53.446984+00:00,site_latency,197.9,False
dc58bfcc218a7b21b37b53c8ad8e57b6,2026-08-25T02:04:54.217471+00:00,site_latency,226.73,False
db2f82f03640cda3d60d78d22cf505a1,2026-08-25T02:04:53.776145+00:00,checkout,486.92,False
65b34338dce7dadc8cd81d7ff793a1c3,2026-08-25T02:04:54.221414+00:00,api_generic,74.43,False
ce65b22a903c169b57253ad844e6d554,2026-08-25T02:04:53.490459+00:00,site_latency,122.33,False
e5539c6b92475d1906ce2d8ec2366250,2026-08-25T02:04:53.692266+00:00,checkout,746.0,False
28db8b045ceafbbfcbcd6ee79cd1e790,2026-08-25T02:04:54.263021+00:00,api_generic,114.26,False
ea238e1ae03984430c52675eca9e53eb,2026-08-25T02:04:54.095852+00:00,api_generic,59.81,False
2edd5dcef260780892b6e5176a46a284,2026-08-25T02:04:54.148955+00:00,pix,104.48,False
3d4b2640be7d3106f5650f16b198e594,2026-08-25T02:04:53.670983+00:00,site_latency,275.56,True
04e0bebde620cfbf11e4370d36201728,2026-08-25T02:04:53.134608+00:00,api_generic,1022.62,False
5528229a87adfb0944d66e87da0aadb0,2026-08-25T02:04:53.183310+00:00,checkout,702.96,False
989086d452d387ced4090e0f2f529240,2026-08-25T02:04:53.521576+00:00,checkout,469.19,False
ab1d76cf74802c848ac6ec7ddaf7ea8e,2026-08-25T02:04:53.861605+00:00,checkout,553.03,False
6c0707ae83b5b73b77a86893d8243f76,2026-08-25T02:04:53.704865+00:00,site_latency,350.18,False
7e43d89a2383f5054907ae2ea1d217cf,2026-08-25T02:04:53.836450+00:00,checkout,268.29,False
9c3437503f0570c901a8c4ac6b1933c1,2026-08-25T02:04:53.801429+00:00,checkout,584.39,False
761219d5937c8c64b79de3d8f6867b8e,2026-08-25T02:04:54.305427+00:00,pix,186.44,False
391a24377452f730d12c139bdedc0b85,2026-08-25T02:04:53.873933+00:00,checkout,565.96,False
512918110a0bcaa8441908dc7a8e2a46,2026-08-25T02:04:52.558967+00:00,site_latency,1287.1,False
737a08577385c3c6151def860a52e9a3,2026-08-25T02:04:54.122524+00:00,site_latency,112.8,False
c7361ea5b4a32a65852a512d4f4af1c6,2026-08-25T02:04:54.450169+00:00,api_generic,60.98,False
8b6f64ab9576af36fbe0d9038282981a,2026-08-25T02:04:52.932939+00:00,checkout,947.78,False
f39cc24958a18b46fed8468059c81523,2026-08-25T02:04:53.169303+00:00,pix,747.15,False
a17e62d0f2b20ee6153c21bb0d84d5e3,2026-08-25T02:04:54.198038+00:00,checkout,159.1,False
eff3d1529999f955a9b5bd7852a0606e,2026-08-25T02:04:54.093444+00:00,api_generic,308.98,False
94b8e540588bea792b7f2d1743dc1073,2026-08-25T02:04:53.733830+00:00,site_latency,248.14,False
19337f867c3d14759b6e012f74d04a69,2026-08-25T02:04:54.334935+00:00,api_generic,93.65,False
ae414237892cda58005943d71e30d4f9,2026-08-25T02:04:54.012221+00:00,site_latency,321.21,False
29891aee09cb12ce911cbfade3985237,2026-08-25T02:04:53.510119+00:00,api_generic,60.2,False
5938ce7dd56bb283ea36e4a7fd372f94,2026-08-25T02:04:54.017251+00:00,api_generic,182.1,True
613f269ff1890bccc8b736dc6312de15,2026-08-25T02:04:54.034865+00:00,site_latency,257.46,False
e0e09aa9e4340f46c0436b6e674eb967,2026-08-25T02:04:53.505541+00:00,site_latency,354.34,False
d50fed15ad5a182278b9d1fed0c807af,2026-08-25T02:04:53.849247+00:00,checkout,504.44,False
8d8902ced8c9928baf309d06b030bcab,2026-08-25T02:04:54.429161+00:00,api_generic,65.35,False
7e7ceb6df2bc5254d14fad8ee3143ca6,2026-08-25T02:04:53.987843+00:00,api_generic,190.76,True
081afbd27a3ae9770b873ef1fc587956,2026-08-25T02:04:54.000579+00:00,checkout,413.67,False
d7247aad165c5be89b780836285537da,2026-08-25T02:04:54.052503+00:00,pix,192.92,False
74c1d0ee48de02e8d964d4e9de05a238,2026-08-25T02:04:53.887843+00:00,site_latency,568.41,False
59b82098dd3895dae199b18ee92fb17b,2026-08-25T02:04:53.289591+00:00,checkout,598.29,False
f4dc30a499b6fec717a7d4c545e6beb8,2026-08-25T02:04:53.866815+00:00,site_latency,414.25,False
095697ccd4c9f09166447426d69f2a63,2026-08-25T02:04:53.392412+00:00,checkout,744.63,False
34f0bb7aeb3095c11b60271c91d836fd,2026-08-25T02:04:54.530638+00:00,site_latency,460.89,False
d00ce7be03e760fd36c130c02b23f668,2026-08-25T02:04:53.890793+00:00,api_generic,761.84,False
13d9ab25084f9d0591a05fdf26ca3aff,2026-08-25T02:04:54.408993+00:00,site_latency,346.67,False
a78edf6c48cd9a3a3d16e87cb68a348b,2026-08-25T02:04:54.377247+00:00,checkout,417.99,False
1a54bb538b8687d24bc91182f8fe438b,2026-08-25T02:04:55.264305+00:00,site_latency,154.03,False
6c87dea535c2002f94331fca5b0dcdff,2026-08-25T02:04:54.480361+00:00,api_generic,89.47,False
9906e102b07efcb47de36fcbfb78b6c1,2026-08-25T02:04:54.947754+00:00,site_latency,42.59,False
f70414f73a9df58d1611f90b0697d21f,2026-08-25T02:04:55.017449+00:00,api_generic,28.07,False
420f4caef9e07c9c879a7bc4dfdf4fc8,2026-08-25T02:04:54.488696+00:00,pix,233.31,False
714271bc7258d0407405f382fccaa5a1,2026-08-25T02:04:54.742462+00:00,api_generic,62.86,False
f45d9adf2e08069af740175bb49ae642,2026-08-25T02:04:54.777347+00:00,site_latency,266.46,False
01af29c97ac9596c531042cc0028c997,2026-08-25T02:04:54.279718+00:00,site_latency,496.67,False
061379677350e0c58fad5b21237c8942,2026-08-25T02:04:54.783705+00:00,site_latency,161.67,False
ee929a5a372d72d2c5262bb220b8b09e,2026-08-25T02:04:54.430176+00:00,checkout,468.76,False
d1eb1ee5056eed0f7b4b9a6b24978e6b,2026-08-25T02:04:54.246343+00:00,checkout,475.85,False
5301bcd18cebb55b9f2c7a2db94c4075,2026-08-25T02:04:54.797403+00:00,pix,67.47,False
2fd346b39639b6a465cd91194dd13404,2026-08-25T02:04:54.627811+00:00,site_latency,243.96,False
995b075d8fe0c1fc357af7f08d0d2b79,2026-08-25T02:04:54.727337+00:00,site_latency,194.9,False
cdae76afe62337b73ee146deb69e32a0,2026-08-25T02:04:54.576965+00:00,checkout,434.16,False
56e854180bc970a73f5bb5aef57591f0,2026-08-25T02:04:53.691792+00:00,site_latency,1021.53,False
1e7dc65f4e9bb118ca42ae422901990e,2026-08-25T02:04:55.219577+00:00,pix,60.3,False
e4056d3558957fc029322b9527e60799,2026-08-25T02:04:54.640893+00:00,site_latency,557.0,False
f701626ab2f61dbfb539080434fd6adf,2026-08-25T02:04:54.717981+00:00,api_generic,60.13,False
9e27032dd7b5ec8f517b929255f5c9c3,2026-08-25T02:04:55.075179+00:00,api_generic,150.05,False
4fdd03fd352b4db20e7803d1bb422296,2026-08-25T02:04:54.796674+00:00,api_generic,80.02,False
ec1f27bafaa8ab3d60c5439303e242a7,2026-08-25T02:04:54.839710+00:00,api_generic,185.87,True
9a4c603fde468bd56cd54412217a4a8f,2026-08-25T02:04:55.115817+00:00,site_latency,162.79,False
29bf10565ea5f897dec09df0bb6eebd4,2026-08-25T02:04:55.132818+00:00,api_generic,101.91,False
eac2a3209269a0619417fad0a307e640,2026-08-25T02:04:55.297642+00:00,site_latency,85.54,False
65f3cec38dd75f45bba3954342757c0e,2026-08-25T02:04:54.934631+00:00,checkout,472.3,False
4f003afc3a29f6871b191abc9ab3ecf5,2026-08-25T02:04:54.284179+00:00,site_latency,404.73,False
18486eb1426f7314dac9cd64d8eb0250,2026-08-25T02:04:54.784977+00:00,api_generic,81.47,False
8378cf41be113956638c6f03f1525f3c,2026-08-25T02:04:54.549822+00:00,api_generic,35.09,False
f2852411a02ea45f0dc4a7467f0c72a8,2026-08-25T02:04:54.208718+00:00,site_latency,439.64,False
deed4c096920aef714b6535f26a4f460,2026-08-25T02:04:54.464544+00:00,checkout,400.05,False
cfb25f35f9e8dd610f3007fd25b3bee7,2026-08-25T02:04:53.939935+00:00,checkout,807.06,False
01d214a3e1bf1fe1b8ffff4fd12070c4,2026-08-25T02:04:54.593618+00:00,pix,150.26,False
2e55a00c444f918daed6876b998ffe59,2026-08-25T02:04:54.917417+00:00,checkout,114.25,False
a1c78e4789d87209f3625792f2d6879b,2026-08-25T02:04:55.045130+00:00,site_latency,250.99,False
b30dc0011abb827522e1d16bbcec9988,2026-08-25T02:04:54.725243+00:00,site_latency,480.81,False
a475753181cc8f7288c32f219adb5b03,2026-08-25T02:04:54.396497+00:00,checkout,337.24,False
0f06a62ee261d590f23cf15c38411146,2026-08-25T02:04:54.719440+00:00,site_latency,113.28,False
f341d0ed800701ef6487962cfc37cfd3,2026-08-25T02:04:54.709784+00:00,checkout,555.77,False
4f0c5b1cf868f875557ef01b430fa192,2026-08-25T02:04:54.709656+00:00,site_latency,420.26,False
a734efbd92556fab1b05ef945de91ef0,2026-08-25T02:04:54.816895+00:00,pix,97.73,False
0bf7267676e4ef43627c9a90624e67ba,2026-08-25T02:04:54.882880+00:00,pix,370.41,True
7c9432a7e6386e8202c844e4ea4d4074,2026-08-25T02:04:54.683408+00:00,api_generic,377.4,False
65f374c22d7334ff3ae60ee4758d46bc,2026-08-25T02:04:54.472498+00:00,site_latency,186.51,False
303e7d814023a18464948069a49a8e8e,2026-08-25T02:04:54.719001+00:00,site_latency,552.88,False
9519cdb6b41f3f6881a6f0c64ed14bfa,2026-08-25T02:04:55.084817+00:00,site_latency,179.54,False
945e1c822ad58648b50e4e72d9d59a99,2026-08-25T02:04:54.129255+00:00,checkout,434.75,False
e20b7150e03e278cd0623fc24a875f75,2026-08-25T02:04:54.707688+00:00,checkout,493.44,False
6839406a6ee643b28865ef4a3dbb6f4c,2026-08-25T02:04:54.240108+00:00,site_latency,336.23,False
00b3e3bb8ac9cb1039f9c4ba0787ecd2,2026-08-25T02:04:54.281020+00:00,site_latency,423.39,False
317c800c7528f12191e72bb7deb8d82c,2026-08-25T02:04:54.913997+00:00,site_latency,152.88,False
5a9ec297e23be3e04dc8906c641b97cd,2026-08-25T02:04:54.841424+00:00,checkout,326.6,False
b0aba80e420edf0e24c5394716b42357,2026-08-25T02:04:55.031631+00:00,site_latency,116.85,False
f956758ef881fb1a6f2f6a023871f2fc,2026-08-25T02:04:54.809332+00:00,api_generic,98.15,False
1f4792c333fcd0fefaf2a16906375bba,2026-08-25T02:04:54.803303+00:00,site_latency,324.21,False
f7f97d3a8b60c34e6437eb1de7780419,2026-08-25T02:04:55.073945+00:00,api_generic,129.79,False
31d09bab4e3ea3421839dc9767697770,2026-08-25T02:04:54.892957+00:00,site_latency,388.48,False
a9baeb738de1b90adc04a0ef7b831094,2026-08-25T02:04:54.194002+00:00,checkout,395.63,False
aa73e8aa68f8a16b61622431998fc411,2026-08-25T02:04:54.710560+00:00,site_latency,182.45,False
a33a75798d2677143ead2057d7e9ccb7,2026-08-25T02:04:54.431299+00:00,checkout,769.56,False
a691b5d6bfa2814ad3066a86a62177c4,2026-08-25T02:04:54.756996+00:00,checkout,447.2,False
fb7b2fd5333a4070c33b62fe8ba236cf,2026-08-25T02:04:55.199161+00:00,api_generic,62.13,False
d515bd00004f2b02bcdb7e90c0f883b9,2026-08-25T02:04:55.121342+00:00,pix,244.95,False
aab4ba27ffed018cef67fd0614f1d154,2026-08-25T02:04:54.822678+00:00,checkout,387.54,False
c74316ccf02b88563382c821cb6428bc,2026-08-25T02:04:54.943808+00:00,pix,130.51,False
984c8f7f86cdb43b849cb5c1a9b43497,2026-08-25T02:04:54.166790+00:00,checkout,854.62,False
6d7503f2af218b3b065e957bb776bea1,2026-08-25T02:04:54.778067+00:00,site_latency,502.1,False
a44a5fba5c2714014bdda1c43c3a0417,2026-08-25T02:04:54.411896+00:00,site_latency,427.85,False
bf27a846ce74267720848eb461970586,2026-08-25T02:04:54.660237+00:00,site_latency,160.56,False
021c626181bddf21da0d6e2660bd3428,2026-08-25T02:04:53.672513+00:00,checkout,1114.63,False
71667dd59898a07336f8004161c85ca7,2026-08-25T02:04:54.493677+00:00,site_latency,458.22,False
d7e800899e08451575d350d48026c715,2026-08-25T02:04:54.734962+00:00,checkout,522.79,False
e37909429c2b73eef279025c2772e44d,2026-08-25T02:04:54.924046+00:00,site_latency,445.14,False
f43e769c69308d1c587e65624e3db59e,2026-08-25T02:04:54.639277+00:00,api_generic,76.08,False
1c57cd39096f1948d9e0c3764cb24473,2026-08-25T02:04:54.148447+00:00,checkout,569.58,False
d5d64f867d45145134999f0523150acf,2026-08-25T02:04:54.701367+00:00,api_generic,49.35,False
2bfa1bcf5eb61ee248fba79ba6e50ecd,2026-08-25T02:04:54.387484+00:00,site_latency,413.8,False
ac9dbc3ffbb745fe61d10a2813920894,2026-08-25T02:04:54.868593+00:00,api_generic,42.25,False
9da8e8320474da13007ec41cfba0efa2,2026-08-25T02:04:54.949465+00:00,pix,66.25,False
c2349d9ff48b89d6e401f693da218d9d,2026-08-25T02:04:54.645498+00:00,checkout,475.9,False
85381167aeeb05106997ab6196919f84,2026-08-25T02:04:54.296996+00:00,site_latency,412.21,False
09ee68764570079ca0683ac0d8c0c41d,2026-08-25T02:04:54.809499+00:00,site_latency,80.88,False
37ddf883166658f62ed2169d552b41a7,2026-08-25T02:04:54.966256+00:00,api_generic,58.0,False
94c0edd841a5965b2cc17a9b8cd12d3a,2026-08-25T02:04:54.251047+00:00,checkout,452.48,False
01ef67a20c027fa7187e81f31119e02b,2026-08-25T02:04:54.444152+00:00,checkout,509.07,False
dae3ec4c838ecd98c144c6a991b85d1e,2026-08-25T02:04:54.478535+00:00,api_generic,80.38,False
c082ae0d345d38808bd554d2013c05f0,2026-08-25T02:04:54.687234+00:00,checkout,356.06,False
9781e286f293db08a709c9ce29cde216,2026-08-25T02:04:54.568210+00:00,api_generic,433.5,False
c532776d5c0b1da5867f645983796065,2026-08-25T02:04:54.997943+00:00,api_generic,92.87,False
4a246f1d5c83e67c08f6cddfe6dc3a39,2026-08-25T02:04:54.651025+00:00,site_latency,220.97,False
068024c016aad274cff1926552fc5fec,2026-08-25T02:04:54.566905+00:00,site_latency,81.24,False
a924fe6e7aa8f093a5ce89dbfe71265f,2026-08-25T02:04:54.717461+00:00,site_latency,208.44,False
82af03c026b64749b8c9789769974db9,2026-08-25T02:04:54.811695+00:00,site_latency,330.11,False
6705f1e6cd10813fdeb8d7ebcad6be70,2026-08-25T02:04:54.954127+00:00,checkout,278.99,False
3bbfb37dd9409316b8bf89a6664c077c,2026-08-25T02:04:54.137008+00:00,checkout,640.61,False
cc796fc84adb9e794d99ba827d630e70,2026-08-25T02:04:54.792595+00:00,site_latency,259.29,False
7e384d61f79d87226cada48461b23eaf,2026-08-25T02:04:55.145373+00:00,api_generic,101.49,False
7d976d42947ffae70bc2c8b1cb2b2da4,2026-08-25T02:04:54.445368+00:00,api_generic,186.86,False
94a8ef299692c8fb907bcb7191ff6f8f,2026-08-25T02:04:54.563345+00:00,checkout,480.23,False
c01041a569a05e331f26bd0df628c258,2026-08-25T02:04:54.102116+00:00,site_latency,1021.99,False
00ca3c80196c883688372a6ec84ced38,2026-08-25T02:04:54.473429+00:00,api_generic,174.51,False
3d607dbb63fb49924e32748471ad2456,2026-08-25T02:04:54.577063+00:00,api_generic,51.92,False
ef816ae18e55bb22b320cca6100958b8,2026-08-25T02:04:54.781068+00:00,api_generic,537.85,False
9e9f4587f26545291609c39c0e5b6acd,2026-08-25T02:04:53.385188+00:00,checkout,1904.88,False
2deb5f54e82aa2b08a2ad3eaae10b1be,2026-08-25T02:04:54.282278+00:00,site_latency,555.91,False
cd6dab327f5cbb80cccad3662db5e337,2026-08-25T02:04:54.797623+00:00,pix,133.91,False
5b01f431a958a4f83ae36165d91e9eef,2026-08-25T02:04:54.440230+00:00,api_generic,119.48,False
41122e68771c6cb1b234d902e71a0265,2026-08-25T02:04:54.860610+00:00,checkout,452.05,False
6634be418a1738e4d670e64880da0184,2026-08-25T02:04:54.927466+00:00,api_generic,407.58,False
0e20d529cdb7061183e5f30501600c2d,2026-08-25T02:04:53.838026+00:00,site_latency,1535.51,True
8d0c9f1250f0ac55b5933f3c50233e6f,2026-08-25T02:04:54.277698+00:00,checkout,656.98,False
b1c14a80ac472d751495d8c5d9426bb8,2026-08-25T02:04:53.815057+00:00,site_latency,1414.56,False
ec97f1d2d99c5043bd0eafae3836d8bd,2026-08-25T02:04:54.749393+00:00,checkout,448.19,False
56a021979be1632137f8bdcd9c65f096,2026-08-25T02:04:54.488219+00:00,checkout,566.2,True
b61406022b8ffaa40aa076b625e0edcb,2026-08-25T02:04:55.144616+00:00,api_generic,44.66,False
6b2badf1b74c54977981910feeebdc6f,2026-08-25T02:04:55.209253+00:00,api_generic,79.29,False
0ec45663a6b1c3fb08cfe453219a195c,2026-08-25T02:04:54.568053+00:00,api_generic,131.77,False
c521d226b5b42029aa864da279132f40,2026-08-25T02:04:54.651361+00:00,site_latency,492.61,False
b06f1fdfe1c79bffa3b30a0fd9357044,2026-08-25T02:04:54.641092+00:00,checkout,568.38,False
e9ad5a529afe2250560fa82733d421ad,2026-08-25T02:04:54.727800+00:00,checkout,424.52,False
1fa2e5566c3fe8d8abf07e877c41910f,2026-08-25T02:04:54.456657+00:00,site_latency,892.11,False
a07e215d4d87b65e181355fd26c26e4b,2026-08-25T02:04:54.286474+00:00,site_latency,411.92,False
7b46c4d9abdd4f5f8dfa5f78882807e0,2026-08-25T02:04:54.212410+00:00,checkout,703.56,False
5c922780b5b26802b543210bd6a2bfeb,2026-08-25T02:04:54.075243+00:00,site_latency,650.57,False
a163b7159dd72391e609e32645cf9464,2026-08-25T02:04:54.611256+00:00,pix,145.79,False
a9ad5d88c97f46546f1316317dca1593,2026-08-25T02:04:54.961329+00:00,api_generic,260.98,True
297c3b11ad0ff9e799c855eef3225376,2026-08-25T02:04:54.663645+00:00,api_generic,58.89,False
38661afe249169573761ea7e635247fb,2026-08-25T02:04:54.909293+00:00,api_generic,68.59,False
ce1f47c394a00fe9d702534504913ac3,2026-08-25T02:04:54.979608+00:00,checkout,239.45,False
b6545d4c3f62dd393453da51d7daa2b9,2026-08-25T02:04:55.839401+00:00,site_latency,362.98,False
6d3888fbd255fafaa09bc81195de2454,2026-08-25T02:04:55.088305+00:00,checkout,428.82,False
b63796aa82e9a1fef4367248327112a4,2026-08-25T02:04:55.002820+00:00,site_latency,672.75,False
f95b55b4ba5f6ceb0b1fa107ed363690,2026-08-25T02:04:55.962112+00:00,api_generic,76.1,False
39cd527e15914a3ab7a3fefeb4c8a206,2026-08-25T02:04:56.067898+00:00,api_generic,88.68,False
b5f33b4e05abef3f6b3e67c9303153b0,2026-08-25T02:04:54.768237+00:00,site_latency,867.76,False
47dd5e5bd68bba495f386fb59925cf60,2026-08-25T02:04:55.914303+00:00,site_latency,122.29,False
ced83463f315ccf593b39a57fa1c3101,2026-08-25T02:04:55.565272+00:00,checkout,272.73,False
02cfbf56d799b8983a25f00eb39f1481,2026-08-25T02:04:56.143078+00:00,api_generic,175.27,False
97dfba36c9d3d07a76d463848b39ffb8,2026-08-25T02:04:55.830714+00:00,pix,94.95,False
3b49d6c79bd60ce10ee0a5ca5a826659,2026-08-25T02:04:55.912054+00:00,api_generic,206.12,False
364210b3633c9a14743fd7457d3d4ae9,2026-08-25T02:04:55.602971+00:00,api_generic,87.13,False
efe61fde65b8f5c017bbed689fc7d9dd,2026-08-25T02:04:55.835505+00:00,site_latency,204.58,False
6205a787ac55a0b781a3588cc5b4175b,2026-08-25T02:04:55.477385+00:00,site_latency,439.21,False
13061340069afff33d0e5520fe75e6f5,2026-08-25T02:04:55.383153+00:00,checkout,657.85,False
8b06b0f77a79d6dcfd624ac5eb2abf6f,2026-08-25T02:04:55.720113+00:00,checkout,400.1,False
52fbd3e33a29de702feea9c2c4ce49b7,2026-08-25T02:04:55.325224+00:00,checkout,485.34,False
5ea98da960cf440feabb396bf696ed7f,2026-08-25T02:04:55.602136+00:00,checkout,252.2,False
104f7f35ff47611fe47b27ef50b819fb,2026-08-25T02:04:54.256501+00:00,site_latency,1650.34,False
ef31f8873bc7cd85fa617e4b47866372,2026-08-25T02:04:55.490012+00:00,pix,595.63,False
236a53f1fba2b9e5e7ff2e6e3f6bae25,2026-08-25T02:04:55.477208+00:00,site_latency,204.28,False
d1fadd4c172f35914e5fe0324cc05b19,2026-08-25T02:04:55.628788+00:00,checkout,261.43,False
59f60c52e81907fec9f5f7a4c24608f1,2026-08-25T02:04:55.505631+00:00,site_latency,330.24,False
d3625da5432c0586a653ff9332828194,2026-08-25T02:04:55.706226+00:00,checkout,546.79,False
d5c75ecbc6730fbb2c61bed6404117d1,2026-08-25T02:04:55.486370+00:00,checkout,409.98,False
a7a206fa1b599ab7bd4e1a0d9caa76d6,2026-08-25T02:04:55.116009+00:00,checkout,750.43,False
ce7b9d0b1a3accb8f6b34b7733937c71,2026-08-25T02:04:55.352379+00:00,api_generic,463.17,False
e08813a035a7f931e042e3af101458d7,2026-08-25T02:04:55.384549+00:00,checkout,225.05,False
ed49a9f304c1bdf7e2d2ffb2ef9a2fea,2026-08-25T02:04:55.808147+00:00,site_latency,422.13,False
1214dcd94d982c5a0947fe353d18b393,2026-08-25T02:04:55.811991+00:00,site_latency,348.2,False
c37962cfe24df37a4061a7509e4723be,2026-08-25T02:04:55.494912+00:00,checkout,167.48,False
1a89128cec723ff7dffd2c837484ad4e,2026-08-25T02:04:55.666218+00:00,api_generic,37.3,True
acb3e41a9b5ce61ccb351816acd9350b,2026-08-25T02:04:55.296491+00:00,site_latency,235.38,False
1dc46906e27743a8b9a724f0702b211a,2026-08-25T02:04:55.477812+00:00,api_generic,216.42,False
4dfff97f1a04b8631862a078846ae2ae,2026-08-25T02:04:55.603183+00:00,checkout,431.61,False
15daf9c41eaa4cba5697f8aef06cf361,2026-08-25T02:04:55.666100+00:00,site_latency,522.5,False
b984453a4df11d546f2364157f11acf8,2026-08-25T02:04:55.689156+00:00,pix,144.95,False
43f98c0c5de5f8c0211796c08fbed0b0,2026-08-25T02:04:56.108594+00:00,api_generic,150.4,False
bf001256f37cc1945c151691949941c8,2026-08-25T02:04:55.546738+00:00,site_latency,257.51,False
4d5c4c547bf07762e62df0b79aad79f6,2026-08-25T02:04:55.551741+00:00,checkout,417.74,False
4050f4a2e58ea4b8367d67f32514e855,2026-08-25T02:04:54.345535+00:00,checkout,1292.84,False
6161a3c9846513c9fedd153c31e8f0ce,2026-08-25T02:04:55.174181+00:00,checkout,437.6,False
cde08385c028d86b493d8a3c4a3dcc6c,2026-08-25T02:04:56.189816+00:00,pix,118.95,False
20801a777d9d621575acac7d242b14da,2026-08-25T02:04:56.068360+00:00,pix,70.21,False
4ff01efa95a29582f518cd6b4f7e148f,2026-08-25T02:04:56.109978+00:00,site_latency,48.89,False
bba54cf98585b3a925156068262cca52,2026-08-25T02:04:55.916563+00:00,checkout,266.04,False
3ce4271236dc1f66309c858b0ccaf62c,2026-08-25T02:04:55.907959+00:00,site_latency,74.19,False
aa11562213484a0e95296d18e542fdd8,2026-08-25T02:04:55.938505+00:00,checkout,394.31,False
08fccebee56511b41a35ce3b2d47f82c,2026-08-25T02:04:55.023144+00:00,checkout,432.25,False
586d9e6f79c6a0f2b90222ba8b0f5eed,2026-08-25T02:04:55.631397+00:00,site_latency,409.09,False
9add8bd93c564c1d0cc96c709627cd1e,2026-08-25T02:04:55.629825+00:00,pix,51.32,False
4fa89eb1495457118c3eadfd362fae8a,2026-08-25T02:04:55.605745+00:00,pix,272.92,False
083980f87b5c90c0166a3faa15a65650,2026-08-25T02:04:55.621614+00:00,site_latency,476.18,False
ba393c6a46106bc720fb7333e2b467f3,2026-08-25T02:04:55.814105+00:00,api_generic,102.91,False
b7ac2e233410114d5ad4b055808bcec1,2026-08-25T02:04:55.645229+00:00,api_generic,148.87,False
8749b5aa70b7d29ced78eab8ed374c2c,2026-08-25T02:04:56.185503+00:00,api_generic,95.45,False
ae390fdf06b220684fe778148ea4852e,2026-08-25T02:04:55.648051+00:00,checkout,436.53,False
dfab3433cababcb0492fbbc406b13d0c,2026-08-25T02:04:55.107463+00:00,checkout,512.82,False
a97ac87609596daf2e816e712a2d4b41,2026-08-25T02:04:55.215014+00:00,checkout,447.14,False
2a1db63be6587d5450acaccb4d5b5e16,2026-08-25T02:04:55.078743+00:00,checkout,366.89,False
9c23713c72500c98b537308bd3622f5b,2026-08-25T02:04:55.796761+00:00,api_generic,32.49,False
6eefbbbec9b823a58fd1a35e4eb85d49,2026-08-25T02:04:55.808041+00:00,api_generic,64.35,False
80d54d8baa995be93b9e2c5b5c1f1733,2026-08-25T02:04:55.585397+00:00,api_generic,20.4,False
2617888a8f22f296ce13dd2d2eff9b67,2026-08-25T02:04:56.042637+00:00,pix,64.61,False
681c85b5e7a1f68bd673b25538643aa3,2026-08-25T02:04:55.908530+00:00,site_latency,231.93,False
db99a66c5c13e4a8be917c1c12e6fff0,2026-08-25T02:04:56.042933+00:00,api_generic,139.92,False
95e0d9667db8a08c735fafa7945494ac,2026-08-25T02:04:55.472979+00:00,checkout,143.21,False
606c2190acb24528fdaea009b408813e,2026-08-25T02:04:55.842823+00:00,site_latency,382.85,True
20f99981b63940475aef94e6937cf05e,2026-08-25T02:04:55.707501+00:00,checkout,382.44,False
c9a5634ca51647cf5552ab06f1af8fc3,2026-08-25T02:04:55.076230+00:00,checkout,435.34,False
fb53c6dc6275056756f5cfbe03b4d0eb,2026-08-25T02:04:55.736231+00:00,pix,156.7,False
85738603e0ab9cf108f93bdf58766abb,2026-08-25T02:04:55.981267+00:00,site_latency,127.38,False
19239694634ce8750e0ffacaf425b2cd,2026-08-25T02:04:55.385389+00:00,pix,64.21,False
89298575f3cb5066290972b43b6ac6b3,2026-08-25T02:04:55.794037+00:00,api_generic,243.47,True
67850a498bcebc0ba1efad21af1c7208,2026-08-25T02:04:56.076123+00:00,pix,129.13,False
d50689a1a3af7bb8614935282fef0f0e,2026-08-25T02:04:54.980389+00:00,checkout,487.38,False
f1541a25efe009c3116e1869e5131d88,2026-08-25T02:04:55.278567+00:00,checkout,450.25,False
b791801faf9f3e6772c54df8e77342ea,2026-08-25T02:04:56.075506+00:00,api_generic,88.76,False
cc8b16468e838e30bfef64e60223666b,2026-08-25T02:04:55.764405+00:00,api_generic,45.24,False
be57f305d60cfe45b0e08af88e4228ef,2026-08-25T02:04:56.105068+00:00,pix,140.23,False
8942ae79d2b78ce336fdfe53f0e1c5c2,2026-08-25T02:04:55.648558+00:00,api_generic,200.82,False
38c6ecc1f09219f9dfbe10b3a91aa653,2026-08-25T02:04:55.369151+00:00,checkout,487.05,False
f92e1aea373e42453caf283140d93b82,2026-08-25T02:04:56.060533+00:00,site_latency,105.49,False
96648fa64ebe1a7fd64b64417c131ae6,2026-08-25T02:04:54.991498+00:00,checkout,464.35,False
2f2d24b87bacf29087178f39eb2a5bd5,2026-08-25T02:04:55.003295+00:00,checkout,1057.52,False
660e54a8e5722ed03e0d583b85de753e,2026-08-25T02:04:55.408172+00:00,pix,114.39,False
6bc909b2e82c673ffbab3654151cbebe,2026-08-25T02:04:55.336260+00:00,site_latency,420.46,False
c54d4d75c31f28feb4cabe71dffb2f14,2026-08-25T02:04:55.984561+00:00,site_latency,209.68,False
2aaa7d32f9820019154aa9747bd60d50,2026-08-25T02:04:55.330446+00:00,site_latency,612.16,False
c0d2103b2e4249bc3e809bd8d6dc1240,2026-08-25T02:04:55.919877+00:00,site_latency,171.13,False
d997630d3d1d808845a65b2c2a7631f6,2026-08-25T02:04:55.316700+00:00,site_latency,473.48,False
b95bdd3194bff082f2f03bdb12a76cdc,2026-08-25T02:04:56.066700+00:00,api_generic,78.45,False
9eceaea9382c25737d168d4b7258cb98,2026-08-25T02:04:55.737502+00:00,checkout,439.12,False
4dc5799849d5eea4f96277401aded4a6,2026-08-25T02:04:55.000180+00:00,checkout,500.22,False
681c6cedfb0d500f1c89ba45c50cf334,2026-08-25T02:04:55.026893+00:00,site_latency,1061.71,False
7eec01fe1310369a4b55b721c92fc7c0,2026-08-25T02:04:55.666902+00:00,site_latency,69.38,False
b5cc666ff5c0d2af448123742e866b4e,2026-08-25T02:04:55.908672+00:00,site_latency,421.36,False
373c470721015608cd0ff27fd0996d2a,2026-08-25T02:04:55.494129+00:00,api_generic,82.2,False
4531bd04b13c372fdec7fd2b31eca30f,2026-08-25T02:04:55.798132+00:00,site_latency,239.62,False
4ae59aaa846a377deb3f470e638e9a99,2026-08-25T02:04:55.255550+00:00,site_latency,193.81,False
755fff1a44a999c730fe68b65eb3009a,2026-08-25T02:04:55.611738+00:00,site_latency,164.07,False
f4c748cf1440f66b8c7cbeea200b22e0,2026-08-25T02:04:55.404467+00:00,pix,84.37,False
0f5f38e70f24737d07048c8fe616f4f3,2026-08-25T02:04:55.423831+00:00,checkout,212.49,False
c9ca990aac80b1c4a80f64898e1da3e8,2026-08-25T02:04:54.746286+00:00,checkout,742.71,False
45e3e1918782b6ce147244094bdab34e,2026-08-25T02:04:54.897777+00:00,checkout,602.36,True
53f2c3d402ecef8e02b2eb17169d4946,2026-08-25T02:04:55.487194+00:00,site_latency,131.72,False
0f0f045a49bd6aeac3f3f33a05e99ffd,2026-08-25T02:04:55.325434+00:00,pix,163.21,False
d053c52bdc79eb54dc3aa651b51d3801,2026-08-25T02:04:55.466583+00:00,pix,665.72,False
b8b0ea1061875b1bc35f4ea3038ce04e,2026-08-25T02:04:55.122870+00:00,site_latency,432.05,False
cadf482419074eb8a0bb4662404c6db5,2026-08-25T02:04:55.678982+00:00,site_latency,450.16,False
2a75eaeabdd84408a1358eef069e72ed,2026-08-25T02:04:57.077632+00:00,api_generic,45.67,False
f054d26445ab66bb5c89c9d84d98bc8c,2026-08-25T02:04:57.113140+00:00,site_latency,139.94,False
cef51ddc0e720784fba1e4d59443c97b,2026-08-25T02:04:56.197935+00:00,checkout,591.19,False
a85eabe2eef2c775be14aa1e85494832,2026-08-25T02:04:56.726244+00:00,site_latency,77.51,False
0d9f7cf86ce54a33c03a2698c6e17f46,2026-08-25T02:04:56.913750+00:00,site_latency,154.15,False
7cd12eb7f539db608e7365dd8f0b19a9,2026-08-25T02:04:56.530719+00:00,site_latency,552.53,False
035e35cc4b908f5c8fdd18de42ac64f9,2026-08-25T02:04:56.792715+00:00,checkout,439.22,False
253ca665061b43edd2bbefb31ce8225d,2026-08-25T02:04:55.920073+00:00,site_latency,676.6,False
9a886a1dd29da419458f97552213a0d8,2026-08-25T02:04:56.055388+00:00,checkout,992.52,True
b8874dbee739077090c094b4eecaee75,2026-08-25T02:04:56.439600+00:00,site_latency,801.97,False
3239df09d367c2f3b030e717d6485a0c,2026-08-25T02:04:55.983330+00:00,checkout,464.03,True
3bb9efc433f9c81b0ad2c79d8175e990,2026-08-25T02:04:56.730190+00:00,site_latency,296.56,False
8a75c7fbea186a0fce048d344c6b3843,2026-08-25T02:04:56.190338+00:00,site_latency,217.92,False
403dde1500c8c87c0b541ba2e5b57315,2026-08-25T02:04:56.926163+00:00,site_latency,233.94,False
4847cfaef023a9586ad243bcd6630a3a,2026-08-25T02:04:56.451937+00:00,api_generic,246.33,False
f5d32796064398358bfcdda5372f0c57,2026-08-25T02:04:56.999089+00:00,site_latency,152.67,False
80108f942ab363f21c0291b9dc96685d,2026-08-25T02:04:56.814532+00:00,site_latency,430.23,False
fa068b006b653a2d2daefee871d5c2bd,2026-08-25T02:04:56.501682+00:00,checkout,483.48,False
8efa93ba1880719986895eb0db4159f8,2026-08-25T02:04:56.184469+00:00,api_generic,835.27,False
0bd93f7e357df1ed63807b5cbf38c074,2026-08-25T02:04:57.226426+00:00,pix,60.02,False
37e295971cc73f5a8f8df06ca1450c49,2026-08-25T02:04:56.204086+00:00,site_latency,423.7,False
8af45528a4e7302cc86b2a251e444958,2026-08-25T02:04:56.441143+00:00,pix,128.28,False
5cbe42d12291a2a4b18add97591c1e30,2026-08-25T02:04:57.021140+00:00,checkout,254.53,False
059b8a38c3b2ef293db40a5684f75a8a,2026-08-25T02:04:56.848440+00:00,site_latency,306.96,False
9578a2ce03aec3f748b899b02d7f602a,2026-08-25T02:04:57.036237+00:00,api_generic,30.33,False
266971610d9ed4698ed3eeb6ffc63e12,2026-08-25T02:04:56.344090+00:00,pix,49.83,False
ad657a6c3bc5cc984be47276fba7eccd,2026-08-25T02:04:56.503668+00:00,api_generic,40.97,False
dc3d091bf1dc0812d957dd8a82dc637d,2026-08-25T02:04:56.075892+00:00,site_latency,812.49,False
2a8a38d6d58de623d8b19249ed7fd7c2,2026-08-25T02:04:56.791209+00:00,site_latency,420.89,False
220e0717bd358ce38ef40316482cb215,2026-08-25T02:04:56.631267+00:00,site_latency,451.15,False
8434c5c57090c2a74cdfebbdf10f49a1,2026-08-25T02:04:55.960061+00:00,checkout,465.44,False
529625726f11bf73b3148e9f1250edcd,2026-08-25T02:04:56.068977+00:00,site_latency,434.72,False
e3390e852b383febbfcf4a18d0162f58,2026-08-25T02:04:56.420610+00:00,api_generic,117.42,False
b9090a6fe2fc72cd4a5fb9613e7c8ad6,2026-08-25T02:04:57.047235+00:00,api_generic,78.4,False
59b95be7b107aa4e6328b175acde79f4,2026-08-25T02:04:56.131127+00:00,checkout,367.84,False
658978a4c6285ad26e2a4644305778f9,2026-08-25T02:04:57.098988+00:00,api_generic,142.85,True
3508d1e497f25db7d5e422a022b50e63,2026-08-25T02:04:57.041082+00:00,checkout,161.16,False
a5dede3c31ff8fe7d00862d1a4572308,2026-08-25T02:04:56.319949+00:00,checkout,414.35,False
8df628e3875560589f4a2abbdbc47b2f,2026-08-25T02:04:57.166149+00:00,site_latency,104.57,False
78b5b662d2f497e0e3f11351540dfa1c,2026-08-25T02:04:56.518491+00:00,site_latency,111.02,False
b470cc33f480036f20ad9b2eeb2ad074,2026-08-25T02:04:55.950758+00:00,checkout,476.13,False
64a51bb4d58cf7699c9f81515d6707ff,2026-08-25T02:04:56.195375+00:00,checkout,241.67,False
b4eaa9b7ced32c488dd38c2a5a0c2144,2026-08-25T02:04:56.889922+00:00,checkout,271.19,False
d6a90e4f329d1f5e9a5307133384630e,2026-08-25T02:04:56.430545+00:00,checkout,210.69,False
ce30589a766758e13c34d69064443202,2026-08-25T02:04:56.359648+00:00,site_latency,411.02,False
466662f98354939902fde3d131b0ef2a,2026-08-25T02:04:56.989638+00:00,site_latency,82.27,False
142992001b12a1eeeeb11e67a352b338,2026-08-25T02:04:56.406265+00:00,site_latency,104.56,False
2a3779ac8086b8be49e479d567ac544e,2026-08-25T02:04:55.556417+00:00,site_latency,818.46,True
0e96270e244a61f2b59eb43a078cbdf3,2026-08-25T02:04:56.787893+00:00,site_latency,396.03,False
0ab182e3494c611213f66c7b713a1105,2026-08-25T02:04:56.158393+00:00,checkout,657.35,False
48ffc4e4cd8ce8cdbc83fe626fbf8184,2026-08-25T02:04:55.827435+00:00,checkout,528.82,True
b791624db7362855afaa4145f20652ac,2026-08-25T02:04:56.279582+00:00,checkout,548.49,False
81e3438203b302e01800e927c257bce8,2026-08-25T02:04:56.068514+00:00,checkout,432.11,False
92728a1ab4972511652c8ac910df883f,2026-08-25T02:04:56.523483+00:00,api_generic,61.0,False
b8ffa1251794e9ac4fe8b67f808123e5,2026-08-25T02:04:56.464537+00:00,checkout,452.68,False
481fbf30565565c5a735862ae67c7ed7,2026-08-25T02:04:56.238067+00:00,pix,137.03,False
33fa8129339ac5d2bbfb9b23a62b64e8,2026-08-25T02:04:55.969414+00:00,checkout,457.77,False
0621b2ba34202d1c5df317edded728a8,2026-08-25T02:04:56.398697+00:00,checkout,209.05,False
aa2c4b5644a74a391a556e50b81c9daa,2026-08-25T02:04:56.738593+00:00,site_latency,351.99,False
f9a44e8bb4adb23131a221b0b96e6af4,2026-08-25T02:04:56.925188+00:00,site_latency,312.71,False
40f3b7caaddbb955ddc69e7703bc3486,2026-08-25T02:04:56.162745+00:00,site_latency,823.73,False
aa5588ef5eff5dd64b9b60883eaadf14,2026-08-25T02:04:55.917739+00:00,pix,544.5,False
d4d16783df896d0d3a5055c89d34c54c,2026-08-25T02:04:56.737242+00:00,api_generic,147.27,False
144e9558334d929b330df4fba6386ad1,2026-08-25T02:04:56.584872+00:00,site_latency,291.06,False
68408d1edfb85dca62f7bd556725349d,2026-08-25T02:04:56.451079+00:00,pix,71.08,False
6ace46a553847cdec153b80b11132389,2026-08-25T02:04:56.929796+00:00,site_latency,158.0,False
675520299ae1c82f406a4b28c271ad31,2026-08-25T02:04:57.038538+00:00,api_generic,42.17,False
ed104d72dc2197c7aa21a334730f8504,2026-08-25T02:04:56.261195+00:00,site_latency,233.3,True
4f03d9f8017822bd7829327d741c4265,2026-08-25T02:04:56.155020+00:00,checkout,542.42,False
c4a0340d1730ed5826199798b129bc2a,2026-08-25T02:04:56.630848+00:00,pix,68.24,False
3118d9c96da01352fef4e1a67f8dd114,2026-08-25T02:04:56.627465+00:00,site_latency,146.01,False
cdf709ad8e7afd8d00d63f38843454c4,2026-08-25T02:04:56.054744+00:00,checkout,975.22,False
8cbadf768750800d7d57a64ddf9c55fe,2026-08-25T02:04:56.726026+00:00,site_latency,310.98,False
636ab55423653ec78dce8faaa796c864,2026-08-25T02:04:55.837271+00:00,site_latency,698.64,False
652cd05e781ea7a8b8c44d55c51b30f0,2026-08-25T02:04:56.754129+00:00,checkout,432.59,False
1e58be9bdb409d1b3cde1b4301e6f146,2026-08-25T02:04:55.813240+00:00,checkout,1104.85,True
a3fd76038ac3c96a53e15561f0853de0,2026-08-25T02:04:55.471835+00:00,site_latency,964.69,False
6e4296ac6a969ce33cf5a6365b453bd8,2026-08-25T02:04:56.295913+00:00,site_latency,469.0,False
1bbe9934c7f3d0d7ebad134ba067f07f,2026-08-25T02:04:55.973363+00:00,site_latency,493.26,False
5b95c1e3b33fe58af8a6de8ef1ab3b99,2026-08-25T02:04:56.501164+00:00,checkout,222.98,False
5b322819fd0fa48e88005fe8ac11b743,2026-08-25T02:04:56.565462+00:00,checkout,400.74,False
82d1399c60fb2cebc0a993c932bfb70b,2026-08-25T02:04:56.519703+00:00,site_latency,176.44,False
618f5386b649b88697118352dcb65e06,2026-08-25T02:04:56.798654+00:00,checkout,401.99,False
98472323cfe85234bddc962afde032ce,2026-08-25T02:04:56.146741+00:00,checkout,412.96,False
80ed6d69d7d72589b794e5b06bf137fd,2026-08-25T02:04:56.798048+00:00,pix,143.91,False
7c7eae4d8f553fbd29eac57c67638f9c,2026-08-25T02:04:56.355949+00:00,api_generic,131.92,False
bd19bebc0590f789e2ca311308e4302a,2026-08-25T02:04:56.315547+00:00,checkout,654.67,False
d00f3812213c431cb7a1851f4fe5fba6,2026-08-25T02:04:56.469946+00:00,checkout,442.49,False
6ab9cf2c118e963e6dc51440c92894b6,2026-08-25T02:04:55.246810+00:00,site_latency,1794.58,False
d2c8f51fcda82ea5acbcb289bcd63f24,2026-08-25T02:04:56.060162+00:00,checkout,775.14,False
f19caef17a3e10be49c5ef365a94a70c,2026-08-25T02:04:56.590823+00:00,checkout,445.95,False
a39de3113885e6a03711f673e2649446,2026-08-25T02:04:55.834028+00:00,site_latency,586.64,False
96296b1476ecc65d299e1440ec5063d9,2026-08-25T02:04:56.948843+00:00,site_latency,177.29,False
ed77eb9693bdf65baecb2b0a032f5900,2026-08-25T02:04:57.084079+00:00,site_latency,191.15,False
2912501e55ab981c29cac370c60b06d2,2026-08-25T02:04:56.585727+00:00,api_generic,111.14,False
189c8e2e3f166b6626328aab23f64040,2026-08-25T02:04:56.446808+00:00,site_latency,435.78,False
f8b4a8ca6ec86da3bf568570905022d9,2026-08-25T02:04:56.143983+00:00,site_latency,253.25,False
db8ec677f0000c2793e1aa0a786b257f,2026-08-25T02:04:57.151721+00:00,api_generic,52.27,False
fed48257e3ba85e00e238badc7036c2c,2026-08-25T02:04:56.602719+00:00,pix,137.48,False
c819b0a6e1fc976e23cd0339b54c7146,2026-08-25T02:04:56.465986+00:00,api_generic,100.16,False
fe2c68e7148c38be729cc1d437cf3ca0,2026-08-25T02:04:56.474690+00:00,checkout,231.12,False
87fcfe543605aafb5b07f8ca4a97c6d8,2026-08-25T02:04:56.601907+00:00,checkout,542.54,False
6f522f9fd7d588650df45dedf67d363f,2026-08-25T02:04:56.374832+00:00,site_latency,543.49,False
b1d4142be451951d5c98a1d37b712c95,2026-08-25T02:04:56.648893+00:00,site_latency,103.35,False
ab2f2270d87c75ff40cb3b3d2436563b,2026-08-25T02:04:56.240402+00:00,checkout,544.88,False
eb65f8dca38e91a59161a9f03ca67ec2,2026-08-25T02:04:56.121335+00:00,checkout,416.35,False
9f48f60cf64938fe379af05cb9f1a9de,2026-08-25T02:04:56.182208+00:00,site_latency,585.84,False
251dc5536144a674325480305c5d5060,2026-08-25T02:04:56.752186+00:00,checkout,460.28,False
b1ec3995e19a09a533ef12163a076e5d,2026-08-25T02:04:56.406750+00:00,checkout,509.11,False
dad17ceaa25085cc7dd4ab5063f94ac2,2026-08-25T02:04:55.912374+00:00,site_latency,487.45,False
738e678f94a2ff91bb292fec81b2eeb9,2026-08-25T02:04:56.260727+00:00,site_latency,230.12,False
2ce792b251e9dfb502e729c041029421,2026-08-25T02:04:55.345836+00:00,api_generic,1148.95,False
35fcc49daa9ec2da6ec8e8a60bf06c8c,2026-08-25T02:04:55.911510+00:00,site_latency,421.59,False
73d52a8133266d3aa16a1071ec2ac19e,2026-08-25T02:04:56.497788+00:00,api_generic,141.69,False
fee27dcabf130513ff80d6549a1550ca,2026-08-25T02:04:56.378855+00:00,checkout,252.04,False
85109fd632e6a1f2feb831d80d6eb91e,2026-08-25T02:04:56.448774+00:00,api_generic,275.78,False
5ef8a579cec6a65d5ceefee83db6773d,2026-08-25T02:04:55.907716+00:00,site_latency,1276.55,False
cc2d0a6ca32254e62c16b23bf055a7bb,2026-08-25T02:04:56.396724+00:00,checkout,137.29,False
3cc0341765d13c09cddb2a3178eb145f,2026-08-25T02:04:56.832724+00:00,site_latency,81.6,False
b645f184818a96b444e83707786c75f4,2026-08-25T02:04:56.055189+00:00,checkout,428.71,False
293b104d25344831712df68adb3bd299,2026-08-25T02:04:56.875007+00:00,checkout,506.81,False
0e3be0eefcb2f0e38d69390ed262ecfa,2026-08-25T02:04:56.817119+00:00,api_generic,558.22,False
04461a520e827dc2da6350d1504e6963,2026-08-25T02:04:55.159575+00:00,site_latency,2513.09,False
3298413118819d7ce33f22b5ea35dd18,2026-08-25T02:04:57.990669+00:00,site_latency,162.72,False
c86908e98d394a0eab7ef9c631c2fb33,2026-08-25T02:04:57.419323+00:00,api_generic,93.68,False
445d4e44577f21fa9d44aa94cf9ee271,2026-08-25T02:04:57.936698+00:00,checkout,218.09,False
75a6d958a18cc16c0ba71a9ce1e16205,2026-08-25T02:04:57.311094+00:00,pix,113.34,False
f0a822dbf0f3b8b9fa481ff2a61f2d59,2026-08-25T02:04:57.659617+00:00,site_latency,257.39,False
19bb0518f11841a5f09e7d11e5efc5d2,2026-08-25T02:04:57.877142+00:00,api_generic,147.45,False
2f27119aec481ca282c17c4d2f328ccc,2026-08-25T02:04:57.556867+00:00,site_latency,73.24,False
e2635cec6d4f55855889d333dc9e614f,2026-08-25T02:04:57.187299+00:00,checkout,245.79,False
dd939efecb4bd10213b4608ade93371f,2026-08-25T02:04:57.432053+00:00,site_latency,141.95,False
867793bf07363adb275d355313aa211c,2026-08-25T02:04:56.726928+00:00,checkout,762.09,False
3542196290b5f787174dc509922197c5,2026-08-25T02:04:57.127155+00:00,api_generic,721.01,False
1ce95f958fc37f47e1f9c1a4b11d8a7a,2026-08-25T02:04:57.031364+00:00,site_latency,432.55,False
cf7f609ec2a12af4809350df799286e3,2026-08-25T02:04:57.434252+00:00,site_latency,103.29,False
6b6b7277baa17589a73c102f6ee1080a,2026-08-25T02:04:57.250661+00:00,site_latency,409.01,False
1c8f52d9f9c0e75d9ee0a178dd55fc58,2026-08-25T02:04:57.753134+00:00,pix,138.84,False
a0dfd284bd7dab9ce8924c4fd7bc800b,2026-08-25T02:04:57.871065+00:00,site_latency,203.54,True
c3f98ecf420067e8d890efd12717bc12,2026-08-25T02:04:57.577647+00:00,api_generic,178.04,False
6f601b427d02da8a710b09f1ffa3434f,2026-08-25T02:04:57.773720+00:00,api_generic,96.3,False
a12131a9640bdcdff4aacec61065992c,2026-08-25T02:04:56.785240+00:00,checkout,1020.43,True
7bc5421ae61fdc1406a43b12da66f167,2026-08-25T02:04:57.362549+00:00,checkout,575.35,False
c8fe228f7897244f2b882d73c8fb8a2d,2026-08-25T02:04:57.553964+00:00,site_latency,243.73,False
3f4752749bc1f8c7f5984f9d360c338a,2026-08-25T02:04:57.245995+00:00,checkout,436.01,False
830da7f96be4d0c40753d60c2e20f1e2,2026-08-25T02:04:57.717420+00:00,site_latency,149.3,False
99a2eefe959461e67cf844d62292bc0c,2026-08-25T02:04:57.346528+00:00,checkout,176.81,False
b2bf1b830df95049ce3f703576849d84,2026-08-25T02:04:57.171124+00:00,site_latency,139.0,False
2209c87724de579c00b6b5638d2a489b,2026-08-25T02:04:56.967454+00:00,checkout,564.6,False
86e65225270a9ba5416dd1fbb176301e,2026-08-25T02:04:57.633604+00:00,site_latency,143.01,False
527a93fc4e1d2781e9976b0eebff6933,2026-08-25T02:04:57.739153+00:00,api_generic,44.01,False
ae1462eaaac1483cda9f5eb247197258,2026-08-25T02:04:57.771608+00:00,pix,92.14,False
a2232e285f6e90a1b5c932188e92f0fb,2026-08-25T02:04:57.082292+00:00,checkout,852.47,False
027b64f76b65882ea4a3cb794f0455d9,2026-08-25T02:04:57.520197+00:00,api_generic,108.59,False
f24175ac2adf4f038fa1fb926e0f124c,2026-08-25T02:04:57.343815+00:00,site_latency,343.65,False
127cb775834256ec0e88da09c1486f1c,2026-08-25T02:04:57.104747+00:00,api_generic,255.73,False
c207915e2ada5774573f57340120e739,2026-08-25T02:04:57.325831+00:00,api_generic,49.9,False
9309e6d52145699bef7046139e550e30,2026-08-25T02:04:56.875899+00:00,site_latency,484.8,False
626671f5ae0c829a2c9f1f6537c7d0f6,2026-08-25T02:04:57.481576+00:00,pix,87.19,False
7831461d6f73ac264ac8220426ff209c,2026-08-25T02:04:57.546049+00:00,site_latency,406.06,False
ce1144b90175b01088378d7e1d9a113f,2026-08-25T02:04:57.111951+00:00,site_latency,352.22,False
955f1d7208aa2cb2561588b6b1149913,2026-08-25T02:04:57.606040+00:00,site_latency,142.97,False
0ef283da477d2f60c2940b27c54fc559,2026-08-25T02:04:57.817237+00:00,api_generic,201.13,False
a9a148eab496f33e6fad7d4f1e52e30e,2026-08-25T02:04:57.083203+00:00,checkout,461.52,False
11f106410a8c40047cc2a5f5554d7683,2026-08-25T02:04:56.881098+00:00,pix,936.45,False
6efaaa281b3d58fd2a2cc84a4dbba05d,2026-08-25T02:04:57.800576+00:00,checkout,207.76,False
cb864c9b0ba7d90b4960bef0081ba2b4,2026-08-25T02:04:57.910010+00:00,site_latency,160.59,False
f442be0bda86cf18c407e7e95a1dad88,2026-08-25T02:04:56.882058+00:00,api_generic,425.31,False
cb6fb82c12b7ffcb52cb1a95971ddae1,2026-08-25T02:04:57.554970+00:00,site_latency,467.34,False
eb69a5c9dabf16519f7bbd6a87d2c92e,2026-08-25T02:04:56.786606+00:00,checkout,1126.03,False
257c1cef5cad11569ff3809afa30d2f4,2026-08-25T02:04:56.923225+00:00,checkout,474.39,False
f17ddcdf312b6834a3e570c91f6953e5,2026-08-25T02:04:56.651901+00:00,site_latency,649.52,False
2ec7d36303ed87091a452dc0a5c96021,2026-08-25T02:04:57.257620+00:00,site_latency,98.83,False
e8ae8e75958bbf623522d598808bab0b,2026-08-25T02:04:57.197817+00:00,checkout,448.8,False
36229a85ba39725c36ffb96b033c50aa,2026-08-25T02:04:57.420885+00:00,site_latency,296.57,False
e8de456e568267aa60e6d86c3dda4b1e,2026-08-25T02:04:57.904064+00:00,site_latency,278.67,False
124b335c16e9d3d5825b817923603b73,2026-08-25T02:04:57.540473+00:00,site_latency,124.23,False
5595f6eb7113b58012da50898c23e47e,2026-08-25T02:04:57.470201+00:00,site_latency,406.41,False
650d9038f1b0fc48fc4b24dbfa7c1694,2026-08-25T02:04:57.920641+00:00,api_generic,52.86,False
4f8d223522d9149b689850b12750e5b5,2026-08-25T02:04:57.315394+00:00,api_generic,50.38,False
f7638f7234b997ee3bd4ba9855d62097,2026-08-25T02:04:57.462747+00:00,site_latency,510.51,False
67409d5f1077f8977be6957f35eef6bd,2026-08-25T02:04:55.588645+00:00,site_latency,2129.49,False
f0c96d98560073b4cf1187eb2dcb318b,2026-08-25T02:04:57.720972+00:00,api_generic,162.21,False
21eccc9668ca45d1fbb652e00c558de2,2026-08-25T02:04:57.383460+00:00,pix,131.03,False
58b3b77a8b02bba56aec6b052e3be4ef,2026-08-25T02:04:58.010401+00:00,api_generic,112.67,False
f7c0011d9bb66441d3c91eecf018f5d7,2026-08-25T02:04:57.204544+00:00,site_latency,581.25,False
e7cf5ff6d8af630439efddd9e197f9b2,2026-08-25T02:04:57.214239+00:00,checkout,711.57,False
8e15a27a2251844380fa9860ba5a889c,2026-08-25T02:04:57.702772+00:00,checkout,479.8,False
54998a62348ba486d1caac851fff9221,2026-08-25T02:04:57.223560+00:00,checkout,442.54,False
3dcb67ee294564c366ed221a350be0e3,2026-08-25T02:04:57.847700+00:00,api_generic,59.81,False
e441d6d643cec3f549a265703653002c,2026-08-25T02:04:57.286400+00:00,pix,134.14,False
9abad3889140064ab371da9f39f009c6,2026-08-25T02:04:56.571040+00:00,checkout,844.89,False
c0023c4c41624cfdeba21c61aec23f48,2026-08-25T02:04:57.849430+00:00,checkout,195.23,False
a0a57a9b6df16ac28aadf59cbc65b550,2026-08-25T02:04:57.720004+00:00,pix,180.18,False
afca3ecd0e9277b3af5037e08dc66e13,2026-08-25T02:04:57.256760+00:00,pix,150.45,False
49dc6e2488d71443a4cd94e7d933f9bc,2026-08-25T02:04:57.419495+00:00,site_latency,58.93,False
a3e769e1d8d7865e2859b1ab4e1298ef,2026-08-25T02:04:57.043040+00:00,checkout,468.14,False
89e47292e6f3a0fa98a68850d64f37a1,2026-08-25T02:04:57.647952+00:00,checkout,100.49,False
64e77ef33619e1273d8c4d694867db62,2026-08-25T02:04:57.024574+00:00,checkout,434.16,False
28c27d8a27474403d63258732aae8a48,2026-08-25T02:04:57.243704+00:00,api_generic,100.64,False
156f0a171e79a675d9de82985a22e0e5,2026-08-25T02:04:57.504380+00:00,api_generic,243.79,True
3ae7280a99c8628651c89afa61f40e27,2026-08-25T02:04:57.851461+00:00,site_latency,133.07,False
a48985636f5ca5ddbdaa3bb7264c4af2,2026-08-25T02:04:58.123042+00:00,api_generic,80.94,False
693de7523cfbf588553a699ee046405b,2026-08-25T02:04:57.519025+00:00,checkout,550.02,False
2b738244643ef6b18746618d6c4565df,2026-08-25T02:04:57.529840+00:00,api_generic,151.89,False
2da5e4873cbbb225262e0f5a60bc5bce,2026-08-25T02:04:57.315152+00:00,checkout,746.84,False
b9ece9f9b0bc51fb3264fa6dcbf62b15,2026-08-25T02:04:57.689558+00:00,checkout,381.3,False
f68d4c618a318ecc4b55c552ce551fb1,2026-08-25T02:04:57.032644+00:00,api_generic,275.04,False
66554a783cb9a0f25bd4bac3e55e2f48,2026-08-25T02:04:56.288167+00:00,checkout,1273.78,False
de0ff04a155856901972fea388b5bef8,2026-08-25T02:04:57.465804+00:00,checkout,444.24,False
204166340afc51816736d52759d60616,2026-08-25T02:04:57.643684+00:00,site_latency,447.15,False
f75301fb6635938f45e5ecb6a9181cd7,2026-08-25T02:04:57.690669+00:00,site_latency,371.0,True
edac17cb0b76320807d01c2d94022f5f,2026-08-25T02:04:57.481765+00:00,site_latency,713.93,False
d3007ec1575c81f8437f9b3600918e25,2026-08-25T02:04:57.559398+00:00,site_latency,226.76,False
1c10fd70a53ba8e39fe00070b67020f6,2026-08-25T02:04:56.856441+00:00,site_latency,440.7,False
398f1c979b88550ae4d8e8f39f4df85c,2026-08-25T02:04:57.054691+00:00,checkout,520.92,False
bcf987d7bf1aec3c94d6484f89dedb78,2026-08-25T02:04:57.626069+00:00,site_latency,141.07,False
32f4c2b7c1770c54beb766de4a147ef9,2026-08-25T02:04:57.746863+00:00,site_latency,180.26,False
de62c26d04328859ad09632697bf7526,2026-08-25T02:04:57.458387+00:00,site_latency,426.6,False
c8ada44c66df33e833c831771913bbfa,2026-08-25T02:04:57.865013+00:00,api_generic,111.76,False
e3aad27756a28e46e6cb203f13c81ade,2026-08-25T02:04:56.723646+00:00,checkout,759.8,False
c3352c0b199c2317d3d891b8d6af768d,2026-08-25T02:04:57.525607+00:00,pix,154.33,False
a02a4d44a3d62072bfb254c73f6208c7,2026-08-25T02:04:57.322006+00:00,checkout,549.11,False
e17e26c71cb24b8944130a28cffc5bdc,2026-08-25T02:04:57.535042+00:00,checkout,484.07,False
7e2dd38cea41bf1fc9422261bd5d96be,2026-08-25T02:04:57.238266+00:00,checkout,167.67,False
2832aa9556c9abc625e2fb8be71695c2,2026-08-25T02:04:57.051171+00:00,checkout,400.48,False
53471e0acb62bb15eeeb084e938a0d6d,2026-08-25T02:04:57.587890+00:00,api_generic,99.78,False
2a3cfd4fef875af198da695cba919570,2026-08-25T02:04:57.825995+00:00,api_generic,28.89,False
f2e9043edcf061c1ec09b43134291e2a,2026-08-25T02:04:57.089078+00:00,site_latency,218.46,False
df803239efdc12a2e04830b38fb055c5,2026-08-25T02:04:57.249547+00:00,pix,158.95,False
49887218da0d965876590eb7290053b0,2026-08-25T02:04:57.221112+00:00,checkout,274.12,False
a895764ebe93de0e5a5021b294b5f107,2026-08-25T02:04:57.760819+00:00,site_latency,139.61,False
0cd38f9731120d419521b25cbddae9e9,2026-08-25T02:04:56.882254+00:00,checkout,518.2,False
37a9a2f7d003089b756bd9eb205cf40c,2026-08-25T02:04:57.748920+00:00,site_latency,130.12,False
6d79447f9d4c5c097f7b7efe74270f51,2026-08-25T02:04:57.547588+00:00,api_generic,83.3,False
28bb9ef2887fad1a1d6e9f2bb2bae3bd,2026-08-25T02:04:57.344265+00:00,checkout,453.73,False
4cf6e2023d3cd3bde2ec90fb3deb3d47,2026-08-25T02:04:57.280944+00:00,api_generic,136.5,False
f00d0a915c7b14523e428549477864a0,2026-08-25T02:04:57.461022+00:00,api_generic,151.15,False
6f72483469e49fbb55639b8c2e820111,2026-08-25T02:04:57.993390+00:00,pix,191.1,False
dc527e038554c9e15e223fe530f58d1d,2026-08-25T02:04:57.779165+00:00,api_generic,63.98,False
66abbc26080346e34eb6e9d7ffdac079,2026-08-25T02:04:58.848300+00:00,pix,134.64,False
6b2a02ded8506ab819cdd408159327af,2026-08-25T02:04:57.814722+00:00,site_latency,415.28,False
511b80be084e49ef8f27c5e6bd48b3b6,2026-08-25T02:04:57.704216+00:00,checkout,623.68,False
c9007c25615408e48ce733f8e421ceeb,2026-08-25T02:04:57.558663+00:00,site_latency,796.18,False
0ec36bb922d0cb7a35b3f46678936b84,2026-08-25T02:04:58.042951+00:00,checkout,411.64,False
44f3937f3fa57d5874165ccc7b53f275,2026-08-25T02:04:58.125365+00:00,checkout,497.86,False
ff3c235b59fe97614730b8e2a5d585b5,2026-08-25T02:04:58.344665+00:00,site_latency,494.22,False
aae6bb1e90e9aa4494ae685410004a7a,2026-08-25T02:04:58.681273+00:00,site_latency,278.03,False
1b6be8c12725a2d1f40ca26dbc78731f,2026-08-25T02:04:57.582116+00:00,site_latency,642.7,False
007baf749c2606b55319e786857c767d,2026-08-25T02:04:58.239848+00:00,pix,133.08,False
cb39bda963ab3ed600586f1459d399e1,2026-08-25T02:04:58.779569+00:00,pix,81.65,False
b02163fc3cab5172b0aa23cac4d9ce43,2026-08-25T02:04:58.043474+00:00,site_latency,194.34,False
f4a1ec27fd1da06f9660f148e8f2c058,2026-08-25T02:04:58.668553+00:00,checkout,416.83,False
5048bb5cc238bb121db028b748953cbc,2026-08-25T02:04:59.048560+00:00,api_generic,96.13,False
aedba9f0f1f6677eca02c0aeee336689,2026-08-25T02:04:58.534398+00:00,checkout,267.35,False
af03c597722391ae63177e95eefbcf38,2026-08-25T02:04:58.862501+00:00,site_latency,144.61,False
51ad9479f7c3b43b49f46b46fad7737c,2026-08-25T02:04:58.182050+00:00,checkout,323.28,False
f78005ecda2113437d94b270c06c518f,2026-08-25T02:04:58.767704+00:00,site_latency,265.5,True
c07fe2f99f541563442ebbf489a14313,2026-08-25T02:04:58.317328+00:00,site_latency,67.78,False
282bc1e704f8b29dfdd1c457f9245ee3,2026-08-25T02:04:58.582894+00:00,api_generic,187.64,True
564e707578575050638198931aa29c32,2026-08-25T02:04:57.951858+00:00,site_latency,642.89,False
0546b64e06a33e17f76d667c9bbb152b,2026-08-25T02:04:58.426336+00:00,api_generic,240.2,True
f915635126fa153eb2d0775f882accd7,2026-08-25T02:04:57.720779+00:00,api_generic,948.09,False
ddf15af06117f59f86770caa7db27c8f,2026-08-25T02:04:58.595299+00:00,pix,146.5,False
336306d88f38a6171b9e28cd9b5447e2,2026-08-25T02:04:58.721200+00:00,site_latency,161.23,False
99d68a0d045b8f2ad81879e11e977db8,2026-08-25T02:04:58.266252+00:00,site_latency,680.83,False
d6fd3369d9342406be1016b489df0e81,2026-08-25T02:04:58.029329+00:00,checkout,544.61,False
2b3bb2a64af82f77b1631f10ff3bfb60,2026-08-25T02:04:58.495313+00:00,checkout,180.46,False
9c0a01fa684c1d2541c71388e4546ef7,2026-08-25T02:04:58.726125+00:00,checkout,348.11,False
f8a804ef8eddd5906ead4bcf50bc75da,2026-08-25T02:04:58.883969+00:00,api_generic,141.67,False
b0941da227945aebe68c9eb625f43b48,2026-08-25T02:04:57.890782+00:00,checkout,581.2,False
3405fd275addb1fd2a871089d129ef8c,2026-08-25T02:04:58.483078+00:00,api_generic,72.2,False
7b32867f5af72052c07186b4e180b058,2026-08-25T02:04:58.229951+00:00,site_latency,190.23,False
fb271932d6afc6a976eb9a7b36cb8ef5,2026-08-25T02:04:55.327953+00:00,checkout,2971.94,False
6b983b36d590a1cd7a6fcdef7fb07ee8,2026-08-25T02:04:57.787527+00:00,api_generic,591.76,False
e3705be9cf02229984f49d47576fdee1,2026-08-25T02:04:58.235162+00:00,site_latency,117.39,False
721f1d6007e0fdb466f68ba2e8f55c49,2026-08-25T02:04:58.771855+00:00,api_generic,68.35,False
423431280ea08e209eaef266faca86b5,2026-08-25T02:04:58.489765+00:00,site_latency,429.8,False
786d2b380ed1f903e8ffd8579b60930a,2026-08-25T02:04:58.129038+00:00,site_latency,424.9,False
f970233be80cb871f80e57ca8bc6b8f9,2026-08-25T02:04:58.464528+00:00,site_latency,441.71,False
0289a2e369788033d902a61df15db160,2026-08-25T02:04:58.803130+00:00,site_latency,324.17,False
60ee6ce7e3ea7efd0da15534060b08f9,2026-08-25T02:04:58.397252+00:00,site_latency,594.74,False
383a327a4004a0211458fdc7518ea060,2026-08-25T02:04:57.274827+00:00,site_latency,1083.69,False
23a0c5ee2c603c06a09be8eb12715c1d,2026-08-25T02:04:58.137259+00:00,site_latency,477.75,False
5ed2bd99fb6f3f4671fd4650e759d0db,2026-08-25T02:04:58.859034+00:00,site_latency,188.71,False
4c2f91a201af6a76edc280a303917da2,2026-08-25T02:04:58.329250+00:00,checkout,592.1,False
9c411c608611f11a6dd11f8986546d02,2026-08-25T02:04:58.252438+00:00,pix,87.15,False
2e2fb375e1765ff2ef1d3719f6fe7971,2026-08-25T02:04:57.783118+00:00,api_generic,542.8,False
5dbc6ac9fe01464fbac9f27aa5d7d94b,2026-08-25T02:04:58.244419+00:00,checkout,697.85,True
91cc22962814e81504c102eda1a5bbd7,2026-08-25T02:04:58.371643+00:00,site_latency,562.45,False
e044ad8703a03faaceb29fdcba230602,2026-08-25T02:04:57.990773+00:00,checkout,431.56,False
e05f7282639185b30933150676eea195,2026-08-25T02:04:57.633786+00:00,checkout,874.17,False
d933989a05ab1193b0860c3d647ac12f,2026-08-25T02:04:57.883740+00:00,checkout,632.24,False
9033c3610879a9e67ba7db903e53a5b0,2026-08-25T02:04:58.521585+00:00,api_generic,90.3,False
78c6f8c2472715d350d077efed567f4a,2026-08-25T02:04:58.788999+00:00,site_latency,255.7,True
729e92ce4d7e56c0d94622929c0b6962,2026-08-25T02:04:57.779695+00:00,checkout,647.05,False
4df0f26d9fad9d719401a8fde4877b6e,2026-08-25T02:04:58.618110+00:00,site_latency,193.02,False
297f4f7e5e7bd320639203c45726a7b9,2026-08-25T02:04:58.627930+00:00,checkout,186.12,False
600f2472d1060479af732d93f4a5310f,2026-08-25T02:04:58.874301+00:00,pix,133.11,False
de800885b7b5a183f837f8d01e53cfc3,2026-08-25T02:04:58.238595+00:00,pix,162.19,False
ee4e71eea39ed2d83d69b6e1e335b248,2026-08-25T02:04:58.084908+00:00,site_latency,439.0,False
764760a85ecfa2957e4505895f2f1ba3,2026-08-25T02:04:56.157842+00:00,site_latency,2450.12,False
a661662ff4d2d7685f4e7d032fcac41e,2026-08-25T02:04:56.953708+00:00,checkout,1285.45,False
9625e71522252e6a1e42733b1b836165,2026-08-25T02:04:57.402342+00:00,checkout,1078.14,False
3e3867073646b787a6da003173f75a12,2026-08-25T02:04:58.675728+00:00,checkout,244.03,False
0f60cd3e6227234da5d5b710634a2198,2026-08-25T02:04:58.619987+00:00,site_latency,415.2,False
dc7ca4205cb8f750bcbdc84794480276,2026-08-25T02:04:58.298976+00:00,checkout,220.7,False
e8c0b601ca2c3afcbe093f90f94691bc,2026-08-25T02:04:58.924590+00:00,site_latency,178.58,False
0e252acc95a5211c696ed6fab2cec4e8,2026-08-25T02:04:58.344384+00:00,site_latency,153.68,False
9eb9e570a00625ef82d9a9b46b9b3d2b,2026-08-25T02:04:58.303140+00:00,site_latency,315.0,False
fc98d7b77bddac76bfbcc9d956e874cf,2026-08-25T02:04:57.961012+00:00,site_latency,295.96,False
21183853a25fdda092a2dde741693491,2026-08-25T02:04:58.154749+00:00,site_latency,473.21,False
235536580843619aec7c5422f62ad3b0,2026-08-25T02:04:58.270377+00:00,site_latency,555.02,False
53c2a440ce3f31298d5eb46eda545d77,2026-08-25T02:04:58.235578+00:00,site_latency,612.07,False
81898e5eef6f412cc737f38e5430a17d,2026-08-25T02:04:58.456895+00:00,checkout,492.09,False
d7c6ebb278a3d9c37cf49f6eaa67fbdb,2026-08-25T02:04:58.684523+00:00,api_generic,440.25,False
1c3b74ddb2b244982d151355a803ee95,2026-08-25T02:04:57.936102+00:00,site_latency,657.05,False
d6cd3c6b1e47140e16ab43991bc5c5c7,2026-08-25T02:04:58.928407+00:00,pix,128.28,False
ad7206d6810f7448eb186ada2b60d77e,2026-08-25T02:04:58.048116+00:00,api_generic,410.77,False
35af25da39a02e8428334d22cc500c84,2026-08-25T02:04:58.534627+00:00,site_latency,185.09,False
76dcc6b3d68ef79c2a842523f4e30e93,2026-08-25T02:04:59.000973+00:00,api_generic,79.53,False
41654b76440b38fed0efbfbe6a09cc64,2026-08-25T02:04:58.460275+00:00,checkout,444.26,False
55b6c8ed71e090c612c2093df855bab9,2026-08-25T02:04:56.975533+00:00,api_generic,1377.39,False
b691f7276e4992be33e0023f7bac061e,2026-08-25T02:04:58.114109+00:00,checkout,666.41,False
93d47e4aaea6d427656dbee302409a7d,2026-08-25T02:04:58.017201+00:00,site_latency,474.18,False
f6dfabad19e786f743a8cc3348d33569,2026-08-25T02:04:58.061621+00:00,api_generic,322.01,True
3a5eafbf787a71e56658367f0f5e3ed9,2026-08-25T02:04:58.473330+00:00,site_latency,477.07,False
e8d3488f432cd80615bb823b716716cc,2026-08-25T02:04:56.276365+00:00,checkout,2479.69,False
95f64fd3af3ebecc41ea7b676b9159c1,2026-08-25T02:04:58.490173+00:00,api_generic,207.67,False
7e926fa2bfbec5dc36116f75c8c54dfd,2026-08-25T02:04:58.605007+00:00,site_latency,130.18,False
9914e42856960ef8d38de3eb9c7f300a,2026-08-25T02:04:58.699282+00:00,site_latency,355.67,False
56619dbc66b82e58eff7309bb366e684,2026-08-25T02:04:58.260114+00:00,site_latency,414.02,False
3392fa91d4eb84921276ef7ef4bb7ad0,2026-08-25T02:04:58.020976+00:00,site_latency,506.26,False
69b4e47cd2bc586a1b8d9b35818e744f,2026-08-25T02:04:57.766895+00:00,checkout,477.59,False
e719208843eb16bdf743d6df6a1f1a3a,2026-08-25T02:04:58.492662+00:00,api_generic,28.97,False
649f144f5187a0d868a07004903a04c6,2026-08-25T02:04:57.918292+00:00,checkout,349.18,False
4f9c838064e54700e396d89bab58de88,2026-08-25T02:04:57.969967+00:00,checkout,329.77,False
63d8a05adcdbfc8c2b81e56319be475f,2026-08-25T02:04:58.308777+00:00,pix,128.8,False
1912a9fdfdab187c62e95138e14b376a,2026-08-25T02:04:58.444736+00:00,api_generic,101.75,False
97a3bbf1f55071524895f6d062739142,2026-08-25T02:04:58.924196+00:00,api_generic,144.47,False
6070bbfa96d752c1aeedf283258d243a,2026-08-25T02:04:57.869900+00:00,site_latency,627.68,False
04b9c7e2e673adc0052cafdf2509d6c1,2026-08-25T02:04:58.705146+00:00,checkout,261.59,False
5043e71b9ee96dbf9e355a277ee9b960,2026-08-25T02:04:58.614976+00:00,site_latency,256.55,False
968538acad74aae83da6e2c584ed7dc5,2026-08-25T02:04:58.618723+00:00,site_latency,161.34,False
42ecd748ab6823a77e07edbf4170afe3,2026-08-25T02:04:58.243523+00:00,checkout,536.79,False
d66e345006d2ce89c133e32a118a571b,2026-08-25T02:04:58.630290+00:00,site_latency,299.32,False
4cbd749bb5073b6e2d03fd025982e778,2026-08-25T02:04:57.566049+00:00,checkout,884.98,False
f4bb69e9782650457cf5271ddee83b51,2026-08-25T02:04:58.041354+00:00,api_generic,413.51,False
0ad5094780cda07de778e46362adb01d,2026-08-25T02:04:58.530116+00:00,api_generic,130.34,False
0d5692238d821fda943010dc92c403de,2026-08-25T02:04:58.243885+00:00,checkout,177.71,False
849ffcb4547d8a58ed8d40dd1e666840,2026-08-25T02:04:57.390107+00:00,api_generic,979.19,False
06a3604a30c83e6ab741ea99d7a34cdf,2026-08-25T02:04:58.372889+00:00,api_generic,84.06,False
9313939c02e79beca6578b463fba7d12,2026-08-25T02:04:58.354604+00:00,site_latency,104.93,False
be4090273238940f2115c2727ec65be0,2026-08-25T02:04:58.100129+00:00,api_generic,501.85,False
eab18b0f0c3997b34e0f51407dcf2f8d,2026-08-25T02:04:58.003589+00:00,checkout,520.53,False
bd7916a19244b595aae02da25109d19d,2026-08-25T02:04:58.087483+00:00,checkout,309.81,False
464b831391590bf58ecf3ed65a0b0e34,2026-08-25T02:04:58.713755+00:00,site_latency,192.73,False
d1a65cfc6ebd4b379f1426811570e442,2026-08-25T02:04:58.274413+00:00,site_latency,145.13,False
6cbf8590c82b0044820da3728d934e47,2026-08-25T02:04:58.049515+00:00,checkout,207.15,False
d873b654094eaaf2e58cd6acedb48b75,2026-08-25T02:04:58.661907+00:00,checkout,339.4,False
40c2ab8936b62154bf954f5fa18aa022,2026-08-25T02:04:58.342401+00:00,checkout,193.59,False
fcfdb4d97ff23d07df3bbe63c458899c,2026-08-25T02:04:58.658417+00:00,site_latency,349.22,False
9c89e25b035b52efaa0b2f6ed7acdbed,2026-08-25T02:04:58.610150+00:00,checkout,417.13,False
346c328ef3a7e0a350ef070360e1827c,2026-08-25T02:04:58.738209+00:00,checkout,220.66,False
05663f8c259b07b6112857d333d4943e,2026-08-25T02:04:58.247973+00:00,checkout,631.25,False
9c21af128ca7991059ee40160d03ab89,2026-08-25T02:04:57.753387+00:00,checkout,542.54,False
bcda6f99495a98495f98026828c76142,2026-08-25T02:04:59.016347+00:00,site_latency,122.55,False
c905139aef2901fc43e8c8b032b756ea,2026-08-25T02:04:58.657970+00:00,site_latency,136.45,False
df48d500c68bf6b5accdcdf458697fb5,2026-08-25T02:04:58.729523+00:00,site_latency,403.26,False
b427d9531c498378ff5b38718b33dd63,2026-08-25T02:04:58.741587+00:00,api_generic,341.27,True
bfc0b02d3432f0143c79bd5b77650e4f,2026-08-25T02:04:59.410931+00:00,pix,121.78,False
4a90ed1416c9aa86c62f80d7f8ef1353,2026-08-25T02:04:58.807629+00:00,site_latency,360.82,False
d3ec696c6ffa89c3f493b3113387bbe3,2026-08-25T02:04:58.984251+00:00,checkout,511.0,False
a4752e5089b09242383b154b54827cb5,2026-08-25T02:04:59.737480+00:00,api_generic,143.19,False
fdd2a2ad9a342640ccced7fe4cab4716,2026-08-25T02:04:59.190166+00:00,checkout,296.22,False
b8cfeefe06984cdf329b3cf42c4160fd,2026-08-25T02:04:58.937518+00:00,checkout,250.93,False
8501b109aded64cb0c3a24925ba9c1fb,2026-08-25T02:04:59.499415+00:00,site_latency,105.27,False
4565c1c7a750316cbd26fcc601668e0b,2026-08-25T02:04:59.532670+00:00,checkout,435.15,False
75e503d95b5b52d533c746fa8c11c7cb,2026-08-25T02:04:59.397252+00:00,checkout,198.69,False
aff6e09b89459d52fbd14f0ceed0dfa5,2026-08-25T02:04:59.600353+00:00,api_generic,39.27,False
0fb2fafca8a0ab3843dfd4b92c78004d,2026-08-25T02:04:58.581278+00:00,checkout,699.66,False
6d8d6c036c7981790229a82c3ac99aa7,2026-08-25T02:04:59.383172+00:00,checkout,187.66,False
02857111135ddeea8d24230db7ac8ec8,2026-08-25T02:04:59.742437+00:00,api_generic,85.5,False
c78390c4c89988843799ce7c6dc76ddf,2026-08-25T02:04:59.157480+00:00,api_generic,86.16,False
8fc943352959b93f836515b1b61f938e,2026-08-25T02:04:59.381630+00:00,checkout,478.38,False
933d8cf1f9777bdad00a7b2c90ac0c32,2026-08-25T02:04:59.727916+00:00,api_generic,212.5,False
1eeaa032a0116f7aa34288d56964d57d,2026-08-25T02:04:58.880631+00:00,checkout,447.34,False
d42e00e27f07df2a328493fd7796bcbf,2026-08-25T02:04:59.038671+00:00,site_latency,220.26,False
15295ffda27f69f6c953a10b3a261dc9,2026-08-25T02:04:59.189774+00:00,site_latency,200.01,False
10068c3cdbbebe5388893fb925673991,2026-08-25T02:04:59.003079+00:00,checkout,420.55,False
fa815b305d75a0a43705f00bd4aa941a,2026-08-25T02:04:58.596118+00:00,checkout,700.8,False
dcbfe7523a4d8c9ae9871e3efe815033,2026-08-25T02:04:59.904067+00:00,site_latency,98.5,False
a6237a6e99434167930718b5ef24bcbc,2026-08-25T02:04:58.524583+00:00,site_latency,838.08,False
d3b64d71109285fa3afbc2b50263663e,2026-08-25T02:04:59.252135+00:00,checkout,341.2,False
65c55d7dbd8541d7b89fe60d9c07847f,2026-08-25T02:04:59.250166+00:00,pix,112.77,False
6798ad42cbc96bf892f14f2c5f1ddfcd,2026-08-25T02:04:59.533810+00:00,site_latency,407.89,False
144f55a7a4a0abee1a8349e287ac8815,2026-08-25T02:04:59.552923+00:00,api_generic,74.97,False
fd2aa4f5545a0b798538312beceea808,2026-08-25T02:04:59.002579+00:00,site_latency,267.46,False
af34948a7bf58a9209ca09afdbb44cf4,2026-08-25T02:04:59.030287+00:00,checkout,507.86,False
f740f9c6065738160b6bff370cbb546f,2026-08-25T02:04:59.049165+00:00,site_latency,144.79,False
23c208886bb56443b0ff440e92019c52,2026-08-25T02:04:59.262796+00:00,pix,129.25,False
1b0ed24ac5242918a0fe7e7e6927618a,2026-08-25T02:04:59.489272+00:00,site_latency,273.51,False
e377f5a0e511058810dc0e110925bfc5,2026-08-25T02:04:59.189560+00:00,api_generic,89.11,False
bbe16c6f35331c0760237c1774e83f37,2026-08-25T02:04:58.617069+00:00,site_latency,741.68,False
208c469c5a0f72479fb93d3351ad00e8,2026-08-25T02:04:59.360582+00:00,site_latency,111.84,False
fee359a2647a5adfc6c2b16c7f38ae4d,2026-08-25T02:04:59.037164+00:00,checkout,539.41,False
751446473fb097c1b4b98a5d9b4e79bc,2026-08-25T02:04:58.813330+00:00,site_latency,541.31,False
ab1909674d1cf282fe4a7e78dd0ec8f2,2026-08-25T02:04:59.284807+00:00,api_generic,86.04,False
70ea156adbff86ca2750a183cad731da,2026-08-25T02:04:59.452664+00:00,site_latency,193.12,False
f05e7462148c427400cb73bf5e016615,2026-08-25T02:04:59.717490+00:00,api_generic,121.8,False
91114d1bfbe7b91d9dbec27ee9fe4e83,2026-08-25T02:04:58.666492+00:00,site_latency,750.57,False
8da2d2a1f0af0faf079122d2bb7be1bb,2026-08-25T02:04:59.245464+00:00,checkout,387.15,False
9a57446834da6c6d0f7436b63c1a99e1,2026-08-25T02:04:59.885099+00:00,api_generic,71.01,False
552c36edb50b1fd90d40cb79dad6ad16,2026-08-25T02:04:59.095989+00:00,site_latency,150.65,False
94f432894925ed6a181b4320adbd9a06,2026-08-25T02:04:59.271999+00:00,pix,570.34,False
542f2a4c440a840dc620ed99482d82cd,2026-08-25T02:04:59.780299+00:00,api_generic,78.38,False
ef6a1d70efde60cec86e9231eb9c60fa,2026-08-25T02:04:59.311260+00:00,api_generic,34.88,False
1ef0a05e6305f35e3d56ba646a5045c6,2026-08-25T02:04:59.716419+00:00,api_generic,79.44,False
7d9548710336cbfc044f204db95cdfd0,2026-08-25T02:04:59.392572+00:00,site_latency,472.3,False
305cf0c3d19efe0d8c46809972bc2b28,2026-08-25T02:04:59.032007+00:00,site_latency,892.76,False
11dec4a65f8cf3bfee3ead042280c8bf,2026-08-25T02:04:59.719736+00:00,api_generic,65.73,False
56698801ad90bd51d3c1678406ca3001,2026-08-25T02:04:59.096710+00:00,site_latency,535.0,False
f2242103fdd0f9729932657d9816183a,2026-08-25T02:04:59.829196+00:00,api_generic,155.51,False
12692271194b5490707bd0062f44b18e,2026-08-25T02:04:59.220924+00:00,checkout,543.29,False
21dc36bb793bd0c8cac93a6e5883734c,2026-08-25T02:04:59.318983+00:00,checkout,473.48,False
0f6cf3db98f84c2da5964fd70b7b6da9,2026-08-25T02:04:59.633263+00:00,api_generic,50.9,False
7c371e3cf19f5ec9aa0c2576565e8caa,2026-08-25T02:04:59.606308+00:00,site_latency,85.28,False
ed5405e7669d2b2a2f84cb62f2fb28cd,2026-08-25T02:04:58.932959+00:00,site_latency,383.27,False
f59300d618ad73a7f8f786bc4985ee16,2026-08-25T02:04:58.936023+00:00,checkout,574.71,False
9137a06c6aa0a70357f3e2edb9d52a8e,2026-08-25T02:04:58.577748+00:00,checkout,646.07,False
c6a6ad60955627be9a202ab2225c4a01,2026-08-25T02:04:59.610975+00:00,site_latency,120.9,False
f8efd6f3947fe17efc5eb371e75e3e41,2026-08-25T02:04:59.385345+00:00,checkout,441.15,False
cf6be3eb3223daa84d35e30d3768ff3b,2026-08-25T02:04:59.873441+00:00,api_generic,65.68,False
087ebd4488f41d18cc35ae33c0f99d83,2026-08-25T02:04:59.584915+00:00,api_generic,64.47,False
2d7336a2e984af0be51ada063849cbb5,2026-08-25T02:04:59.157358+00:00,checkout,548.9,False
46308f22582ac7e3de7a847a1012f819,2026-08-25T02:04:58.952587+00:00,checkout,407.55,False
822c280a7deadd78942c3621c95eaf79,2026-08-25T02:04:58.906199+00:00,api_generic,261.37,True
9c96fdb4d599f2ecb401859cba1ad975,2026-08-25T02:04:59.393749+00:00,site_latency,238.67,False
eccae71d692999488a42713a0de89cbd,2026-08-25T02:04:59.337604+00:00,site_latency,153.86,False
4b9e9d3bfa0e31856d151169c422f19c,2026-08-25T02:04:59.317624+00:00,checkout,261.3,False
ed3324aa9312112ca19df8b830243acb,2026-08-25T02:04:59.059080+00:00,checkout,700.23,False
e4be138cd67dd37bdf12d48fe33a5470,2026-08-25T02:04:59.765895+00:00,pix,76.68,False
0260c8ea1658ff27eae857e0cfa259bc,2026-08-25T02:04:59.071542+00:00,checkout,464.17,False
f3dbcd8f8b91d034a9a03fdb22c75665,2026-08-25T02:04:59.360058+00:00,site_latency,182.82,False
a4b1c10a16672aabfc8fe61d96c6454d,2026-08-25T02:04:57.944942+00:00,site_latency,1229.52,False
d7fa4201129e50f81b21385a0b23ab74,2026-08-25T02:04:58.967900+00:00,checkout,330.24,False
9eccae8c381eea85567bd460ddec16fd,2026-08-25T02:04:58.768336+00:00,api_generic,646.27,False
73e765f552a2d8eded8dd2098cfc01c3,2026-08-25T02:04:59.157694+00:00,api_generic,337.25,False
3e319f9a57f265649f241a059eea8362,2026-08-25T02:04:58.243715+00:00,site_latency,1404.15,False
6f12bde82e62d6393e2f9baabe9ba49a,2026-08-25T02:04:58.260962+00:00,site_latency,1732.18,False
376cf0806ea3f772f3fdfc9f469efbe7,2026-08-25T02:04:58.875360+00:00,site_latency,293.26,False
5e09b33b7dc2d428bae45483f0726d17,2026-08-25T02:04:59.315557+00:00,api_generic,117.97,False
79cbb36273db55c9ace04d27cf86ce24,2026-08-25T02:04:59.035098+00:00,site_latency,518.62,False
a8b3026ae0e7cecb0658c3158e1d4084,2026-08-25T02:04:59.515442+00:00,site_latency,331.64,False
57abd4d205fdd2c08de7d7db46e94f1a,2026-08-25T02:04:59.063177+00:00,checkout,522.31,False
dd441495b50a2cda6b9fe8e95b182c9b,2026-08-25T02:04:58.913347+00:00,site_latency,244.39,True
90703105843132b58ade05be65f3fefe,2026-08-25T02:04:59.189156+00:00,checkout,495.2,False
de8fe996c4244f138c692d2c2dfd7aed,2026-08-25T02:04:59.041086+00:00,api_generic,163.16,False
f0109a60c788cb683075832700413091,2026-08-25T02:04:59.859955+00:00,site_latency,111.69,False
70abe6cc5e7b4194830673f85de38ee7,2026-08-25T02:04:59.924721+00:00,pix,65.55,False
d02fc60e072f456dcc35cc5c08d22893,2026-08-25T02:04:58.965583+00:00,checkout,629.87,False
35d5455c5b71c114cd3150d34383f522,2026-08-25T02:04:59.460623+00:00,api_generic,70.67,False
e664898206249e4edbd319fd61ae2fc7,2026-08-25T02:04:59.051399+00:00,api_generic,138.98,False
edad8f8ff08ce1ee0af4f9d9290f72fd,2026-08-25T02:04:59.736776+00:00,pix,80.77,False
292f06a25df58b0bb81b9cb5bea2fcdd,2026-08-25T02:04:59.481454+00:00,checkout,258.89,False
8a02edb3b75dd15fe22e2136e2c78a11,2026-08-25T02:04:59.043277+00:00,checkout,437.25,False
fc2e4faaf81960af3e020e3f473a416c,2026-08-25T02:04:59.467212+00:00,checkout,405.62,False
e22341379415a9b089ac7c489cc52e60,2026-08-25T02:04:59.632391+00:00,pix,177.04,False
3fb48f040a6069981372bda868386293,2026-08-25T02:04:59.862684+00:00,api_generic,58.83,False
98dcedd6e959113910e95efc70c413f3,2026-08-25T02:04:59.903618+00:00,api_generic,32.26,False
6e0ec6fcf7f6b3c3e48a091d7cc74237,2026-08-25T02:04:59.134065+00:00,site_latency,367.54,True
5a1c5770ce819e0f431ea74fa6f2a9b1,2026-08-25T02:04:59.659570+00:00,site_latency,207.57,False
6fb51fcd92d76c81b43c2cfa395db19e,2026-08-25T02:04:59.092881+00:00,checkout,278.31,False
56963dfad0f8a4a779a401f773a5fc12,2026-08-25T02:04:59.700423+00:00,site_latency,146.91,False
c8d47af1efdc31a2e107cf4060d5a585,2026-08-25T02:04:59.594882+00:00,site_latency,407.4,False
78860d2af5da49d9c24d4999c0c59e62,2026-08-25T02:04:59.650282+00:00,site_latency,225.6,False
c2afc86b24797daca066f346e3b0d503,2026-08-25T02:04:59.708782+00:00,site_latency,202.2,False
1c96b6d705e2999ac17207368e0b6a7b,2026-08-25T02:04:59.220741+00:00,site_latency,93.75,False
dda7bcef47266a52634c052257ee1e69,2026-08-25T02:04:59.636987+00:00,site_latency,77.68,False
4c1ec34b60744c706d3f67bf5877b061,2026-08-25T02:04:59.429475+00:00,checkout,427.23,False
ade07744ec3525ff3b8dea0e96d5abb9,2026-08-25T02:04:59.178303+00:00,pix,168.08,False
9ac88c66157e9c68093bb0dd096389d7,2026-08-25T02:04:58.893927+00:00,site_latency,414.05,False
371c9c623b57c8a745e35a79d0cc16cc,2026-08-25T02:04:59.562411+00:00,site_latency,390.05,False
e3af2147528f21c9a5da1abce0421748,2026-08-25T02:04:58.916335+00:00,checkout,366.39,False
a59c8fdd6a00ad73938d984634a2c26e,2026-08-25T02:04:59.599386+00:00,site_latency,121.78,False
e80b5368d0b7a84817393629df8d5760,2026-08-25T02:04:59.157587+00:00,api_generic,91.0,False
d507506474e7e5c20594314946119901,2026-08-25T02:04:58.873077+00:00,site_latency,510.86,False
989aa007d5970dc86f69a5938626481c,2026-08-25T02:05:00.171532+00:00,site_latency,410.83,False
eae9e615d50b4eb7f1212719ab3932eb,2026-08-25T02:05:00.576075+00:00,site_latency,222.53,False
1797da523a60ab58c7f3ecb72f92c11f,2026-08-25T02:04:59.632948+00:00,site_latency,453.99,False
12b36ad1cb39d1e2cfeab872278561c0,2026-08-25T02:05:00.700208+00:00,api_generic,96.92,False
924173145a5f5735b368d05538178d94,2026-08-25T02:05:00.330136+00:00,checkout,454.49,False
bcb80da1d1da92b53ec900b5b13aa251,2026-08-25T02:05:00.607029+00:00,api_generic,81.08,False
fb6d5e49f3a7fb16bf4862f54dc7efc5,2026-08-25T02:04:59.683458+00:00,checkout,411.32,False
2975a189a94c1ab332f7cdd9639c716e,2026-08-25T02:05:00.450571+00:00,checkout,138.38,False
0d28459c6c7c6a5d47ccae65b3c29e78,2026-08-25T02:05:00.596954+00:00,api_generic,150.83,False
985d4e3880986fd8afcbba4ec1c433d1,2026-08-25T02:04:59.792130+00:00,checkout,612.93,False
65450fc349aebf1060396515797feedb,2026-08-25T02:05:00.198968+00:00,site_latency,236.62,True
68ba1c7c46945145049c28290bd55cee,2026-08-25T02:05:00.601577+00:00,pix,128.86,False
f6b12488a71c65c4eb077d887f8bd607,2026-08-25T02:05:00.672203+00:00,api_generic,164.19,False
42fd282e66175b8b72a6da203f599ad3,2026-08-25T02:05:00.282940+00:00,pix,73.86,False
6100697d4a4b4586ab41b05d891aa40d,2026-08-25T02:04:59.867083+00:00,checkout,540.44,False
8324474bd1d816e330786c679c063fea,2026-08-25T02:05:00.387073+00:00,api_generic,73.21,False
41929f8ada1f36e4b844ccd36d876eb5,2026-08-25T02:05:00.402888+00:00,api_generic,54.43,False
3cefa6e6e8f1d6e02eb7c22621800d40,2026-08-25T02:05:00.203780+00:00,api_generic,58.27,False
c0661cf184a8136d89fcae2fd87c5f39,2026-08-25T02:05:00.387273+00:00,api_generic,135.77,False
eb34fab47d309285a86cc9a263b868d8,2026-08-25T02:05:00.699517+00:00,api_generic,122.07,False
b3434a0afd27036717209cdf9e19ff14,2026-08-25T02:04:59.576534+00:00,checkout,459.37,False
d1456f4b4dd475de48848736946b12ab,2026-08-25T02:05:00.434356+00:00,site_latency,166.69,False
272dae404cd2203fb40a8bdaa17a2c0a,2026-08-25T02:05:00.442688+00:00,checkout,395.04,False
d097a912075e8cfeb6170aea56c4d917,2026-08-25T02:05:00.026536+00:00,api_generic,107.58,False
77ee20e6ac1a69997949ea80bc358495,2026-08-25T02:04:59.975424+00:00,checkout,459.16,False
f025f189d2e09247e9a62b8bfc621f1c,2026-08-25T02:05:00.335971+00:00,site_latency,146.71,False
f05d55d5e1ff875d32c7f1a582b12133,2026-08-25T02:05:00.174340+00:00,site_latency,118.87,False
6c4ec5a444f70b780c483b0c5a811d4c,2026-08-25T02:05:00.381455+00:00,checkout,412.87,False
8b78c34d0b5efe72edfa9f84d14bce8b,2026-08-25T02:05:00.390361+00:00,api_generic,87.33,False
8d4b4bf5efca4443987eeff7e0d37597,2026-08-25T02:05:00.296879+00:00,site_latency,490.42,False
3e6449a2ea2b72d85bd05ad05d74b5be,2026-08-25T02:05:00.300538+00:00,checkout,193.7,False
405c234026d193ebbb33e3744473f694,2026-08-25T02:05:00.639496+00:00,site_latency,91.3,False
18cf83df2e72c56e5a4ec52c7d91a75a,2026-08-25T02:04:59.822376+00:00,checkout,349.36,False
61b7de8cade10aaf9232f1f4a5b7383f,2026-08-25T02:05:00.214892+00:00,api_generic,137.97,False
0a7ff564071522e805332cc9b1c89c04,2026-08-25T02:05:00.242146+00:00,site_latency,188.42,False
56b527449a959a95b599540d643a15e5,2026-08-25T02:05:00.077357+00:00,api_generic,108.09,True
cbed76ed4b6fde9da3200fb525ca8eaf,2026-08-25T02:04:59.635027+00:00,checkout,473.97,True
7a93054da4360c9a2ccdfe393f13f488,2026-08-25T02:05:00.435519+00:00,site_latency,289.26,False
6147cfe5dbf18845e498349e2e18d50f,2026-08-25T02:04:59.941665+00:00,pix,118.14,False
3fed33afd11957c2bebefcb268c34c49,2026-08-25T02:05:00.468149+00:00,site_latency,213.76,False
2b4d197bdd251a0f7a291f4029fb36ed,2026-08-25T02:04:58.953183+00:00,checkout,1230.68,False
3218d207afe66b52a60583a0c6dbcf96,2026-08-25T02:05:00.026697+00:00,site_latency,253.82,False
4b71b03b258bc6a0fe48f31a46377eec,2026-08-25T02:04:59.949714+00:00,api_generic,245.22,False
2a6976441d555c16e8469c582a7376d9,2026-08-25T02:05:00.295535+00:00,checkout,233.12,False
f9ce2087246b1c5b0f084740a99a947f,2026-08-25T02:05:00.468940+00:00,api_generic,66.61,False
d3f110c659623f99572324d564e34f84,2026-08-25T02:05:00.621135+00:00,api_generic,83.17,False
5ba0d8a24a6632f40159ed78ca9c9688,2026-08-25T02:04:59.694195+00:00,site_latency,467.54,False
607b17da2c6f3575f112ef4e13af46c3,2026-08-25T02:04:59.849017+00:00,site_latency,462.03,False
aa2fc5ec2cfc5cb17e452b02ef9bf6b5,2026-08-25T02:04:59.801776+00:00,checkout,268.51,False
25050e35e6af6629941d79b0905325ea,2026-08-25T02:05:00.050276+00:00,checkout,417.42,False
e9b9eab95ce7a967d7c7357310697284,2026-08-25T02:04:59.841303+00:00,api_generic,226.33,False
ac322ef30014b85fd7745c6415cdf601,2026-08-25T02:04:59.718239+00:00,checkout,506.4,False
90049f27215ed9901a62b9099cf93c53,2026-08-25T02:04:59.931643+00:00,site_latency,101.94,False
d5324b6afa669bbc00821dc62714fbe6,2026-08-25T02:05:00.089553+00:00,pix,73.76,False
2c20719b4b473b8fb209ee39ca976ac5,2026-08-25T02:04:59.940381+00:00,checkout,273.13,False
c8900afb61de7dac89619fe225e52b3c,2026-08-25T02:05:00.051352+00:00,api_generic,100.38,False
f083fcd424ba7a114f8f111767171dc1,2026-08-25T02:05:00.613816+00:00,api_generic,107.2,False
5bd88f53a5c1e8a8e535fe08b3db5aa6,2026-08-25T02:04:59.960693+00:00,site_latency,120.73,False
6cf0a6d3a5cdb38262241b2dd43e4a7f,2026-08-25T02:05:00.528252+00:00,api_generic,95.05,False
87d72b2a1ac72fd00d16292c9e075f38,2026-08-25T02:05:00.289228+00:00,pix,84.79,False
3ad526bdd36807648502ce6a5b346867,2026-08-25T02:05:00.202424+00:00,checkout,238.91,False
25cd0cbaf3450145edc6b387a78dd4ab,2026-08-25T02:05:00.044489+00:00,checkout,743.09,False
71c9373002d4bd907280d0be17ed7486,2026-08-25T02:05:00.303678+00:00,pix,145.4,False
b3fab995a81a29b3bd4d0726e2088971,2026-08-25T02:05:00.382341+00:00,api_generic,242.61,True
d237c598033df3b1e3a1fb41b84bda62,2026-08-25T02:05:00.137176+00:00,checkout,625.11,False
d304bc093505eac775e2ec0286291a94,2026-08-25T02:04:59.738681+00:00,checkout,525.18,False
57239d0b05fac11c46e1c58bd30a47e6,2026-08-25T02:05:00.482644+00:00,site_latency,137.16,False
684e1e4255c5a00be5366d330ee61d39,2026-08-25T02:05:00.292752+00:00,checkout,449.7,False
5c7ad59142fcd5acbf599afaa5f4473d,2026-08-25T02:04:59.686786+00:00,checkout,434.26,True
02db7891b5379af116fd620f5e48e64b,2026-08-25T02:05:00.196699+00:00,api_generic,257.24,False
9721026429c656fec9f64e1c1fd2eb49,2026-08-25T02:05:00.381560+00:00,api_generic,70.5,False
0130e234fc83cdb5a50220a6fa2fa002,2026-08-25T02:05:00.383428+00:00,site_latency,116.06,False
a176e2c6a7610d0a3d31deba32879253,2026-08-25T02:04:59.788100+00:00,checkout,517.61,False
4e35d56f2ea947e617afc9cf931eed71,2026-08-25T02:04:57.991748+00:00,site_latency,2832.12,False
4fba2540feb654e32c98f4a55e5a09ad,2026-08-25T02:04:59.947814+00:00,pix,123.26,False
2f164b0dd998c1ac62ae383757ecbb9e,2026-08-25T02:05:00.382685+00:00,pix,156.24,False
b23583426c7d9225fc941781cdba151a,2026-08-25T02:04:59.883508+00:00,api_generic,145.28,False
03f915ed2033ddd1a0a7da63ee27c13b,2026-08-25T02:04:59.949213+00:00,api_generic,120.77,False
9e4f61382eff90cbba01a8e2210327e1,2026-08-25T02:05:00.124830+00:00,api_generic,266.3,False
5e834d75dfc37c5604f5a58a3defc73f,2026-08-25T02:04:59.942961+00:00,site_latency,435.82,False
647664cfa1f3e2abdb0c192826ade6fc,2026-08-25T02:04:59.951293+00:00,checkout,314.03,False
ce23cf6613158491b8fc3bd8b5243136,2026-08-25T02:04:59.964976+00:00,checkout,453.75,False
3984b4947456539ddafa65d55f1444fd,2026-08-25T02:05:00.295973+00:00,api_generic,63.19,False
f7962a5ec7057f0d3221e744d999adf4,2026-08-25T02:05:00.708124+00:00,api_generic,60.28,False
a49b83c8370459da019f6e08b981364f,2026-08-25T02:05:00.285557+00:00,api_generic,47.0,False
8fecdda67c51c305f25a5e2925a553c4,2026-08-25T02:05:00.285064+00:00,site_latency,447.06,False
c3f14209a17bcdb1c9494a02859ea1d8,2026-08-25T02:04:59.973056+00:00,checkout,416.0,False
936694e16419a0d37ee5b9e757162e2d,2026-08-25T02:04:59.710239+00:00,site_latency,423.35,False
2eea907b156055736d4b577cf9eefbb3,2026-08-25T02:04:59.586784+00:00,site_latency,471.43,False
64174fa29fbbf422e1da99b56720a811,2026-08-25T02:04:59.383780+00:00,site_latency,1310.06,False
203a2f0baa01ccc4dbfb6361fda19dcb,2026-08-25T02:04:59.969072+00:00,api_generic,67.12,False
fdf07fb41f2d0c9cfdaff095223573be,2026-08-25T02:05:00.049723+00:00,api_generic,75.4,False
30f3dc8565b6bae6d0868945aa827151,2026-08-25T02:05:00.006107+00:00,api_generic,284.11,False
16b14c2fa3752f9138832af5c8416454,2026-08-25T02:04:58.273558+00:00,site_latency,2507.84,False
99d27501f7ceb6a3098f4b6dbac42b12,2026-08-25T02:05:00.342661+00:00,site_latency,102.52,False
b4cc9218265816c79b223413f83327ef,2026-08-25T02:05:00.081395+00:00,checkout,231.01,False
84ea0e73eb166ee7a3a075e66605b373,2026-08-25T02:04:59.918573+00:00,api_generic,307.66,True
ccb25e0f395b7fc7b4cae67e578052fc,2026-08-25T02:05:00.569177+00:00,checkout,236.17,False
c45594e576c2285eced253d569864b20,2026-08-25T02:05:00.316281+00:00,api_generic,59.1,False
bf01fe175b33ab6bf94e4491e80144cc,2026-08-25T02:05:00.584869+00:00,site_latency,167.37,False
e4f8638fb45b61a648516d0308a2173b,2026-08-25T02:05:00.110782+00:00,checkout,547.3,False
1288cf9a795b2f1b45048b5a44e82843,2026-08-25T02:04:59.872774+00:00,site_latency,558.81,False
0b4f3784c009d2a0a93c43c548e56470,2026-08-25T02:05:00.043810+00:00,site_latency,163.43,False
14f9d958e7e1156ad83e9ed32e1f2c7b,2026-08-25T02:05:00.004689+00:00,pix,94.25,False
010b91456ded3ef290e55be92819cb1a,2026-08-25T02:05:00.185898+00:00,site_latency,476.52,False
8a949c43cc9e1527b8b0979cc25c1170,2026-08-25T02:04:59.820396+00:00,checkout,501.4,False
dbfee262c6e8c296200bed606348d036,2026-08-25T02:05:00.906773+00:00,checkout,539.79,False
3adfcd4af62c32d421540a21c2ba01cd,2026-08-25T02:05:01.093729+00:00,site_latency,124.7,False
aee28a6995de46497352adec515f7d1c,2026-08-25T02:05:01.162498+00:00,site_latency,415.01,False
c1cb8d7e763fe06e607a109d7b7b4baf,2026-08-25T02:05:01.201092+00:00,site_latency,251.71,False
c18bad621f2eb2f4303390d183e96f01,2026-08-25T02:05:01.074000+00:00,checkout,584.2,False
34bd62e0547c17d1818bd29ca44f3add,2026-08-25T02:05:01.348399+00:00,site_latency,121.75,False
499db3864a99c21748ab4586ecc19565,2026-08-25T02:04:58.849436+00:00,site_latency,2576.46,False
6350cf782e3a1c02a540b232fdb43bfd,2026-08-25T02:05:01.062788+00:00,pix,66.76,False
ea10d0c084f8cb59ddf1c78ff2a5bfdd,2026-08-25T02:05:01.532344+00:00,pix,127.95,False
97408cd74c28b6396aa68a22025c2e55,2026-08-25T02:05:00.995233+00:00,checkout,422.7,False
c98b52bfd72532db99d7c9528ce538a4,2026-08-25T02:05:00.733504+00:00,api_generic,756.94,False
dd2bfc14130fceba910ec04ef5a72e74,2026-08-25T02:05:01.331550+00:00,pix,107.53,False
97178bab2ff77573c810416f30da4375,2026-08-25T02:05:00.106566+00:00,checkout,1716.09,False
6f6807677857aaf6fa03d21ee644f7a9,2026-08-25T02:05:01.028607+00:00,site_latency,103.85,False
750355534d908da2a5f6c37272f13889,2026-08-25T02:05:00.691024+00:00,checkout,669.22,False
0b2293fd36c2ba5c82771ac4fbf3b0f0,2026-08-25T02:05:00.783431+00:00,site_latency,143.1,False
e7bce81a653bbd299165f67c398abaa7,2026-08-25T02:05:01.538443+00:00,api_generic,191.18,False
ac6fe2ca56bd9d010774c49722ca9150,2026-08-25T02:05:00.408754+00:00,pix,573.72,False
b3ce62a9c137ca85d75f04445b020979,2026-08-25T02:05:01.048898+00:00,api_generic,136.19,False
5d79868fea4bf732791a332f0c6df80b,2026-08-25T02:05:00.910616+00:00,checkout,574.17,False
9b061e3104a306a2f5b7aee6238e1fc9,2026-08-25T02:05:01.301573+00:00,site_latency,352.46,False
865177c4214aacb0eb1eb16f04361ea2,2026-08-25T02:05:00.467653+00:00,site_latency,824.1,False
6ab611185cdfaa122774a3f6219f0fb6,2026-08-25T02:05:00.878320+00:00,pix,148.8,False
01572f76e9a9c6486374cfd43e8b30a9,2026-08-25T02:04:59.836957+00:00,site_latency,1942.17,False
49b32dbefaa738a43cc74b8497d84c71,2026-08-25T02:05:00.735788+00:00,checkout,515.61,False
890d58452c8f3e8d6b3978afea8df1b1,2026-08-25T02:05:01.176702+00:00,api_generic,80.87,False
fedc20ff66b9be771f079e0c05fabb5d,2026-08-25T02:05:01.442480+00:00,checkout,379.91,False
058610330182d72de4be0bae59b46cb1,2026-08-25T02:04:59.565153+00:00,checkout,1698.27,False
6279796dece3e95261b7808b2129012a,2026-08-25T02:05:01.054741+00:00,site_latency,130.04,False
65d5c9be03b2e8034285a9f170f9207d,2026-08-25T02:05:01.077674+00:00,site_latency,186.04,True
d927647e9df209704f4a908447f68bd9,2026-08-25T02:05:00.863640+00:00,api_generic,140.82,False
d157e79c87d62db727735e8b004811d2,2026-08-25T02:05:01.305022+00:00,api_generic,97.09,False
c4d67e9e86654a41ff542da50f6cdb05,2026-08-25T02:05:00.683482+00:00,site_latency,616.63,False
f37457d51eab1a1c493882e5b3b7b6fb,2026-08-25T02:05:00.607749+00:00,site_latency,737.59,False
ff89536d6325f371cefd0deb394f25a5,2026-08-25T02:05:01.474058+00:00,site_latency,101.54,False
69ab1dbf7850668d9946b5101520985c,2026-08-25T02:05:01.273298+00:00,checkout,534.08,False
b6be7df1d021e7cb6fbf415c825e94f7,2026-08-25T02:05:00.812804+00:00,site_latency,137.74,False
5fc429b59918d1054e4eb24c19ccd1c4,2026-08-25T02:05:00.942334+00:00,api_generic,215.76,False
0f7feb3ab71d1fcfb40ade1f31a2b1b3,2026-08-25T02:05:00.773054+00:00,api_generic,151.15,False
7af39d2fc3a0bddab0dfbab48a8139fd,2026-08-25T02:05:01.003047+00:00,checkout,215.64,False
5f42c29880a1db7bae38b6b1799dac08,2026-08-25T02:05:00.964016+00:00,checkout,843.93,True
31fc9b34b2298bfcf4f3eba69890644a,2026-08-25T02:05:00.592891+00:00,checkout,565.5,False
eed91a8c4e759f4d9dd205734866aad1,2026-08-25T02:05:01.454089+00:00,site_latency,148.94,False
f39d593408f2e8843771bbac58420657,2026-08-25T02:05:01.067578+00:00,api_generic,145.75,False
4f26e99127f87328e48abb7dd82dcf85,2026-08-25T02:05:00.697533+00:00,checkout,295.27,False
af1de5f502c4e77bc3d5585e5c1bce3c,2026-08-25T02:05:01.173750+00:00,checkout,611.97,False
184b389d02a269bd8feaa7c4c66f0eaf,2026-08-25T02:05:00.878211+00:00,site_latency,92.06,False
22619e476765d97df5eabbedbab65932,2026-08-25T02:05:01.123389+00:00,site_latency,150.19,False
c0aabf00105e66786984b1ae6201d234,2026-08-25T02:05:00.952078+00:00,checkout,458.24,False
30bface0f5d5584bb0c72b3cf7a1e0a3,2026-08-25T02:05:01.152141+00:00,pix,283.2,True
6ce1e11aefdab7c8075707b55448c746,2026-08-25T02:05:01.134028+00:00,site_latency,201.63,False
18f5162c6419a3de95bbe13ed975cf5a,2026-08-25T02:05:00.540161+00:00,checkout,331.69,False
1e95ecc71ad1c863b0c9f143e8dac525,2026-08-25T02:05:01.380357+00:00,api_generic,50.96,False
01d32d57e9c39a668292a67b6bc85981,2026-08-25T02:05:00.976189+00:00,pix,128.94,False
a60a70f08b4cbe92f8a4da5c473c32ef,2026-08-25T02:05:01.364654+00:00,checkout,426.47,False
b099f6498de5b591598ff5a77e2e8a77,2026-08-25T02:05:00.925380+00:00,pix,127.02,False
abd6059f867bcd048f4c239893243e8a,2026-08-25T02:05:01.613655+00:00,api_generic,73.94,False
c12bc0dc0fe3b06917ed239f5186c1d6,2026-08-25T02:05:01.084396+00:00,site_latency,297.24,False
5d40de382fae20b22c53c1bcba934bcf,2026-08-25T02:05:01.366063+00:00,pix,125.12,False
72314999866d03e893bc346c56e0be31,2026-08-25T02:05:00.418697+00:00,api_generic,1246.23,False
eafa21cdf74460d3a21865e6232c2b63,2026-08-25T02:05:01.176123+00:00,site_latency,532.48,False
7566cf8c2095715c4aee79655f4dd3a9,2026-08-25T02:05:01.569318+00:00,site_latency,179.78,False
46f477d8cf554d7695d8aadc7da1dfac,2026-08-25T02:05:00.789495+00:00,pix,183.02,False
36cc857c5a765be60ff457044ba5d756,2026-08-25T02:05:00.548414+00:00,checkout,519.41,False
5f2b2a7f3e365526a261e4fb460fe670,2026-08-25T02:05:00.829137+00:00,checkout,608.11,False
66d4c07b922662b879350d49d036f45a,2026-08-25T02:05:00.952587+00:00,api_generic,40.52,False
9c038e026788de07f2b34569456746e9,2026-08-25T02:05:00.383893+00:00,checkout,600.73,False
fe403bfc07ff0e6a652d393639f0aa2a,2026-08-25T02:05:01.184296+00:00,site_latency,233.93,False
bafd947b478f096875d05a88737130b6,2026-08-25T02:05:01.335624+00:00,api_generic,49.73,False
a75fd718be5f86c106c23f8b16d09dfb,2026-08-25T02:05:01.215832+00:00,checkout,449.36,False
c0fbe89bf8e65522b29ce9f6d6f5902f,2026-08-25T02:05:00.278915+00:00,checkout,1050.06,False
8fb47c864430e5de113ec28d8a7a5659,2026-08-25T02:05:00.713252+00:00,site_latency,450.7,False
78a9dea9dcd42f9b8a714f6c61b6abd3,2026-08-25T02:05:01.539963+00:00,pix,216.73,False
a2463d05baad742741b140de6b7d4c55,2026-08-25T02:04:59.809364+00:00,site_latency,1065.87,False
72711d5cb7631f3abee9054e093dd5e7,2026-08-25T02:05:01.262240+00:00,checkout,525.74,False
841d4d428a9d0557aef76e314ebfb916,2026-08-25T02:05:00.997165+00:00,api_generic,24.02,False
92178bfe99896719e59c0169cd01b2af,2026-08-25T02:05:01.273123+00:00,pix,189.41,False
eeefc8272e6ab2b4524da935d09554a6,2026-08-25T02:05:00.749630+00:00,pix,152.78,False
948b4e95fe6301dc04214dc9dc5a573c,2026-08-25T02:05:00.555070+00:00,checkout,466.4,False
ee510902d2d019a7c2787e70abb456b2,2026-08-25T02:05:00.794034+00:00,site_latency,296.17,False
74a55a3976372224bab7bd9dc1be591c,2026-08-25T02:05:00.922576+00:00,site_latency,294.56,False
305fc005b89430bb9c2cb6dd0e11aa64,2026-08-25T02:05:00.772806+00:00,site_latency,131.26,False
7d0983a792249bd3be3603e607ffc610,2026-08-25T02:04:59.019192+00:00,checkout,2138.52,False
0fa208d19226c1adccfc8590ef77209e,2026-08-25T02:05:01.273998+00:00,checkout,243.43,False
df18572e3f3757d95249f64b55c25ec8,2026-08-25T02:05:01.447271+00:00,site_latency,128.64,False
2ce7e8679a1655935537d382b4f89117,2026-08-25T02:05:01.105081+00:00,checkout,543.44,False
20bd401de3024949c90dc89b72d682cf,2026-08-25T02:05:01.073797+00:00,pix,153.48,False
bb2afb4f8fd59d0d936e00f8279e193f,2026-08-25T02:05:00.765689+00:00,checkout,406.92,False
4556fb81eac952f38da173e8f25e4cea,2026-08-25T02:05:00.814510+00:00,checkout,455.68,False
8e06154e38c5d92c37a9c61adbcd86f4,2026-08-25T02:05:01.056247+00:00,checkout,619.97,False
3a0f73f7fde05902fae0f338d4c4c16b,2026-08-25T02:05:01.350265+00:00,checkout,423.04,False
b4ce37fe7a29b348b7227b9e19d27a4b,2026-08-25T02:05:01.622980+00:00,site_latency,133.39,False
f0696df7ea5e645216069b36537a7d4b,2026-08-25T02:05:01.333048+00:00,checkout,493.44,False
8c2ed0f1a0f755781e4adc196a3ad4c3,2026-08-25T02:05:00.796853+00:00,pix,96.81,False
69c2e7076c1b593dbcfe31bb4ebdb05a,2026-08-25T02:05:00.254418+00:00,checkout,758.71,False
04fb22d043648f033d031d698170b027,2026-08-25T02:05:01.008535+00:00,api_generic,56.46,False
d26c65fdc7a9de84ea18c02040197756,2026-08-25T02:05:00.950255+00:00,site_latency,176.74,False
c37e17f308affb4840c361241f6ce494,2026-08-25T02:05:00.828318+00:00,checkout,571.93,False
e3fdd70b193a3a0aa172a61f6e606391,2026-08-25T02:05:00.722693+00:00,checkout,149.5,False
9ad14e70bebc925bb2a58ab0cb1ea33d,2026-08-25T02:05:00.941907+00:00,site_latency,305.96,False
c103bc439b0835c629edff9c9f5a7d54,2026-08-25T02:05:01.043829+00:00,site_latency,117.05,False
c33b6e8049d6295e01611b90797de2c8,2026-08-25T02:05:00.974675+00:00,site_latency,403.07,False
560e134fbc8f4fc6dc96026f549a6d3a,2026-08-25T02:05:00.192040+00:00,api_generic,885.79,False
a23adecd77907fe0b158b1f7da1a5834,2026-08-25T02:05:01.293685+00:00,site_latency,469.24,False
2f6ef00d075155416f8b67760e587494,2026-08-25T02:05:00.946899+00:00,site_latency,121.72,False
580a6813b9a595d54d132d3eefb9555e,2026-08-25T02:05:00.768356+00:00,site_latency,510.47,False
16f6ef3347c6a112cdb0daba9bcbfb79,2026-08-25T02:05:01.160838+00:00,checkout,323.03,False
5a86d141f9815c4b604c0f49cdc0cd05,2026-08-25T02:05:00.744048+00:00,site_latency,211.07,False
2a01ae186c6ddb82dbae651e5264c1d8,2026-08-25T02:05:01.032877+00:00,api_generic,67.75,False
3d26f9a5551465237ec0ff40c37369a3,2026-08-25T02:05:01.322952+00:00,checkout,455.68,False
073f9f480929dfb93695986e3c6217c0,2026-08-25T02:05:01.166446+00:00,pix,57.29,False
4f0a39680393ba295f06c6e3fe345f26,2026-08-25T02:05:00.900526+00:00,pix,441.75,False
4c9d49648c6a551c72abbcd285c88876,2026-08-25T02:05:01.247824+00:00,api_generic,128.15,False
8b086ff19f177f229c36e55fefff1347,2026-08-25T02:05:01.475850+00:00,checkout,190.68,False
b9b76b560c0247d39cac35c26e836a0e,2026-08-25T02:05:00.891489+00:00,api_generic,91.25,False
f49194796f2cd672c735ab547c05a6dd,2026-08-25T02:05:01.166941+00:00,checkout,569.52,False
70d3cd351a45980c42b8a5cfdca99979,2026-08-25T02:05:00.987654+00:00,api_generic,716.13,False
77dc78c69aed13ca51aacaf24b26b818,2026-08-25T02:05:00.458790+00:00,checkout,449.79,False
f16117bcb8cda8f0952cdc5ba04acd8d,2026-08-25T02:05:00.672798+00:00,checkout,651.82,False
ba2f924fcbf7905ec37d414047913f1f,2026-08-25T02:05:01.194513+00:00,checkout,518.02,False
eb65b6e6994136a3ab688238ca20d3a4,2026-08-25T02:05:00.878089+00:00,site_latency,246.68,False
545db8de568abb15fa201aaac2629fe4,2026-08-25T02:05:01.159695+00:00,api_generic,60.3,False
4e0d4fbc81a7b063abadc1667c483b0d,2026-08-25T02:05:00.536757+00:00,checkout,316.59,False
8b13eeb39a04de2e411bcd4a454ded57,2026-08-25T02:05:00.878870+00:00,site_latency,271.25,False
de553b7fd155fbaab27b16a381faeffa,2026-08-25T02:05:01.594695+00:00,site_latency,221.67,False
f58b1b20697e32c12ca0c806f73ae60f,2026-08-25T02:05:02.103346+00:00,api_generic,86.6,False
d9bf05d355854574f4dfc41a86fc4b53,2026-08-25T02:05:02.183232+00:00,site_latency,372.45,False
8a8239f2bb63ccaf36bcd10525a00dcb,2026-08-25T02:05:02.239816+00:00,site_latency,125.54,False
19bde8e087cddb8d6e9fd3b8911370f7,2026-08-25T02:05:02.449068+00:00,checkout,237.63,False
a72aa982a463b46fbb0af912fd9e0a37,2026-08-25T02:05:02.219285+00:00,site_latency,247.02,False
9973e4d47d7f2e84e2a387e191f1707b,2026-08-25T02:05:02.098089+00:00,checkout,498.47,False
e726932526938e5830700e675581b90a,2026-08-25T02:05:02.330544+00:00,site_latency,279.91,False
42fd2b4933b092ed1163f6bab9b7e797,2026-08-25T02:05:01.857415+00:00,checkout,435.53,False
5d2eedd2c94bae54bfcc432e69829ee4,2026-08-25T02:05:02.176513+00:00,site_latency,210.5,False
ebf45d17928ff986ec1e2512b5073b71,2026-08-25T02:05:01.580701+00:00,checkout,1171.07,False
a3c83e9c8938692e4eaaf9a23c63472e,2026-08-25T02:05:02.386002+00:00,api_generic,79.94,False
aa386e615f9222329be4a58b6c171992,2026-08-25T02:05:02.395471+00:00,api_generic,106.67,False
ba7e6f4291a5d47407b2539bc4080a44,2026-08-25T02:05:02.008548+00:00,api_generic,181.65,False
3ce4262ce62a6d24bcbe995618f7ca35,2026-08-25T02:05:01.689058+00:00,checkout,177.29,False
f00b07f1b6a0883353e0c59fa16be2fd,2026-08-25T02:05:02.186630+00:00,site_latency,515.46,False
0f3977fe4bc35940afd400a8924405c7,2026-08-25T02:05:02.004632+00:00,api_generic,563.45,False
f234b9a2e6ffd1c2db4fed95f31016d6,2026-08-25T02:05:01.782617+00:00,site_latency,72.86,False
ca58a20485d269a35a3a7d20ed16da6c,2026-08-25T02:05:02.186457+00:00,site_latency,187.45,False
d7749800acda25ee4e7cfe9b09c76104,2026-08-25T02:05:02.276564+00:00,site_latency,120.1,False
a5c9130fd2475cc2f91ce6139ad88c26,2026-08-25T02:05:01.934504+00:00,api_generic,52.3,False
7d90d658f33f10565cedc7f902a9b6d8,2026-08-25T02:05:01.757278+00:00,site_latency,404.34,False
8a0c85763604e2fa0e51b75cc5b1bcd3,2026-08-25T02:05:01.818363+00:00,pix,92.15,False
c89f43f163a424c03bcb7560b9a92d4f,2026-08-25T02:05:01.922119+00:00,pix,119.63,False
5616075dc8b108be26b2db3a079d056c,2026-08-25T02:05:01.579473+00:00,site_latency,515.31,False
4a0a4915155ce926faf5d7417b192a0f,2026-08-25T02:05:00.591705+00:00,site_latency,1533.85,False
0701726cc892467284214d53a31c6218,2026-08-25T02:05:01.858002+00:00,site_latency,252.45,True
9f1f7c694a05a4031cf34517188d7c8a,2026-08-25T02:05:02.452811+00:00,site_latency,246.26,False
3b1048b9a06ac18a7238620c9504319a,2026-08-25T02:05:01.473617+00:00,site_latency,458.27,False
36070961dbe9ed1a884af75dfe7a9fe7,2026-08-25T02:05:02.222344+00:00,site_latency,113.27,False
09eb8646cfb50cdfdc9dc16b8fb85b8f,2026-08-25T02:05:01.393006+00:00,site_latency,539.44,False
1e1e050d02571110dec702ccbebce025,2026-08-25T02:05:01.427115+00:00,site_latency,481.37,False
2c2819321974a88ecf5f50ebc6d89966,2026-08-25T02:05:01.791080+00:00,checkout,524.58,False
14ace4cf8dabeb88528c91031a3410c8,2026-08-25T02:05:02.407612+00:00,site_latency,49.43,False
d5bd80fcbd1b9a6eeb1aad4ed2b2eb39,2026-08-25T02:05:02.022335+00:00,checkout,267.31,False
7018ca5c3bc5c23b82a6cdcd054312c0,2026-08-25T02:05:02.007575+00:00,api_generic,214.11,False
5cce362e9c0a811b87bcb8ca419d5f24,2026-08-25T02:05:02.206861+00:00,site_latency,82.51,False
087ed4e4d4a459096c444d3ca753a2ab,2026-08-25T02:05:01.849300+00:00,checkout,530.0,False
14d038d6fb7600fa5da5b9cc115f2875,2026-08-25T02:05:02.157480+00:00,site_latency,405.76,False
fc8675096f56ac9f20316bcc96f39a05,2026-08-25T02:05:01.584613+00:00,site_latency,732.34,False
cbf07d55444bfcf1e4846f9aa9810210,2026-08-25T02:05:01.993955+00:00,checkout,491.96,False
218bd18fda75e634d4e6104747f4a168,2026-08-25T02:05:01.856805+00:00,api_generic,59.05,False
a325f215a593b52a119cdbafef994ae3,2026-08-25T02:05:01.933207+00:00,checkout,437.63,False
a30003a906ce723209b8dc3e16494daa,2026-08-25T02:05:01.336970+00:00,checkout,629.44,False
abe9cb79d9976577dec0193f9a087695,2026-08-25T02:05:02.460681+00:00,site_latency,237.73,False
c4d606575b74b957d97cbc5a22eae9ed,2026-08-25T02:05:01.694123+00:00,site_latency,188.67,False
9b92b191b0df8c1b55bf8354c1307c43,2026-08-25T02:05:01.575550+00:00,checkout,401.7,False
9823c4a17a5f08de9d2d0ae196d28686,2026-08-25T02:05:02.046146+00:00,api_generic,127.84,False
95fd7d4981c8392d1a0c6995f96efdd1,2026-08-25T02:05:02.296359+00:00,checkout,442.09,False
061bbb25ebabea2b552566a4beeaa915,2026-08-25T02:05:01.658161+00:00,site_latency,1005.63,False
cb8b2b20160f7c05fb696429e89b2206,2026-08-25T02:05:02.212179+00:00,site_latency,454.14,False
dfff82f4c6f0ad5c28cc631c391c704b,2026-08-25T02:05:01.722591+00:00,checkout,367.81,False
b2c4a303be838e19b53119b0b0fb5e9a,2026-08-25T02:05:01.997429+00:00,api_generic,447.13,False
00c2c3cb492c1486b71b3f6e2a6a0d9c,2026-08-25T02:05:02.033906+00:00,site_latency,500.17,False
34d711834140d0cd6993a4dc18c493de,2026-08-25T02:05:02.488668+00:00,site_latency,156.43,False
cb26e774573dbb3ce42c72bce440a173,2026-08-25T02:05:01.403729+00:00,site_latency,1175.48,True
ca88301e4379665c58beaf18b108a8e5,2026-08-25T02:05:01.085620+00:00,checkout,911.07,False
3a1eddfbb60bd659e96468f3bc3f221e,2026-08-25T02:05:01.993481+00:00,site_latency,63.57,False
dd56c4d483a8fe18b03cfbcbcc1e15a0,2026-08-25T02:05:02.441448+00:00,api_generic,45.89,False
58ec391740710d2c9c6aea11e2204c2d,2026-08-25T02:05:01.980176+00:00,api_generic,58.7,False
f1c0495251b3dcef0e24288069848ab6,2026-08-25T02:05:02.042238+00:00,api_generic,46.65,False
faac28933da179e2fd5d2cd572e7d0fc,2026-08-25T02:05:02.328682+00:00,pix,133.98,False
5308bd1316b7906e3451b3fd0d369151,2026-08-25T02:04:59.046607+00:00,checkout,2979.5,False
cfa3189c57c1485fa0df0cc68a322f61,2026-08-25T02:05:01.546853+00:00,site_latency,582.67,False
9e63853df0e95bf1960e302f41dac4d8,2026-08-25T02:05:01.790574+00:00,site_latency,118.39,False
587d113fc36d681687a3dd9aea29c1f3,2026-08-25T02:05:01.738266+00:00,checkout,442.8,False
4f92e1682234044a5ca3cf998f7aaa83,2026-08-25T02:05:02.179523+00:00,site_latency,422.97,False
6057a3ba624665db725f4c326cb0eea7,2026-08-25T02:05:02.105727+00:00,site_latency,185.9,False
d08f95afe6ae4cede8e0209ea816a251,2026-08-25T02:05:01.636669+00:00,checkout,494.94,False
444397752353318b17ef7d202b20d489,2026-08-25T02:05:02.224611+00:00,site_latency,407.3,False
7bb7eae8566d1bae0c20cf222ba3dade,2026-08-25T02:05:02.330062+00:00,checkout,199.62,False
05f3800de144011f1b52245463fc1be2,2026-08-25T02:05:01.860080+00:00,pix,723.5,False
be61f08cdb7b3888685168fcc8221729,2026-08-25T02:05:02.042770+00:00,site_latency,210.88,False
9852ac6e5a8068a0d21b123e0474e5ec,2026-08-25T02:05:02.059388+00:00,checkout,394.59,False
7aa3cc372721724921893f003ae4e23f,2026-08-25T02:05:02.464710+00:00,pix,68.99,False
d247832c2213b0e548a67425a8940152,2026-08-25T02:05:01.660666+00:00,checkout,463.25,False
19265610cd4436e026661d19e36d7ebb,2026-08-25T02:05:01.779065+00:00,checkout,435.26,False
0a5e307920fdc50c15258c5fd7784fc2,2026-08-25T02:05:02.665149+00:00,pix,74.92,False
6a6d2aac4ab9e6e2d9c692123e876fae,2026-08-25T02:05:02.314723+00:00,checkout,406.28,False
d50754e253f3dcd5984e90bb3e145509,2026-08-25T02:05:02.272245+00:00,api_generic,450.8,True
ad14bc0d3bad4969c8d2caa57ae5482f,2026-08-25T02:05:01.862807+00:00,site_latency,563.11,False
94026db354bfbe4ac602cde145dfdf88,2026-08-25T02:05:00.391076+00:00,site_latency,2205.96,False
7d8f75b9b8d5e59d645733ae2e478cdd,2026-08-25T02:05:01.995436+00:00,checkout,455.62,False
831e3dc145f41cf6eda2fa698dd1363b,2026-08-25T02:05:01.368848+00:00,checkout,497.09,False
7f402ac3a54fd25d057d69e9906d470c,2026-08-25T02:05:02.110355+00:00,api_generic,106.64,False
656d3c3b18a0eec27838bb18e1162511,2026-08-25T02:05:02.443373+00:00,site_latency,153.45,False
b06f02b0c4d5e918d1ad1f4e16bf928b,2026-08-25T02:05:01.355170+00:00,site_latency,662.75,False
ddc73d48f76129665ed1f6133ba749b7,2026-08-25T02:05:01.935554+00:00,site_latency,632.3,False
8516b6299b7ed605d53cff2e43460dc8,2026-08-25T02:05:01.221524+00:00,site_latency,621.64,False
517071059da35b243d1a4993c5f05080,2026-08-25T02:05:02.482660+00:00,site_latency,164.05,False
7ce1495cd36a75d2b2fbeb49772029f8,2026-08-25T02:05:02.643930+00:00,api_generic,104.4,False
ecb4d5b7c5310b4e4aecf04217451d52,2026-08-25T02:05:01.656896+00:00,checkout,404.87,False
3e1d1f130811c6226611ee4c5ea72301,2026-08-25T02:05:01.488714+00:00,checkout,496.34,False
efdd25665427278901b2ba5deb2f6294,2026-08-25T02:05:01.677912+00:00,site_latency,519.36,False
d353dab71ff1dc921f731e4e9f62a167,2026-08-25T02:05:02.553490+00:00,api_generic,41.62,False
f6cc2683812220c05896247ef79a22dc,2026-08-25T02:05:01.668685+00:00,checkout,377.5,False
3fa22c5f7daca0d8dd8c1a506bbafd91,2026-08-25T02:05:02.134131+00:00,api_generic,28.91,False
05a8145efd41cc7e1811d3d4992e9a06,2026-08-25T02:05:01.432778+00:00,checkout,596.01,False
c3f600445707a838b7847638b0103c9c,2026-08-25T02:05:02.091861+00:00,pix,111.26,False
c7f769de9a9c220d3beb321379cd36f4,2026-08-25T02:05:02.028738+00:00,site_latency,152.57,False
351b20a9468fd099d3871ea02dc85dd7,2026-08-25T02:05:01.662760+00:00,site_latency,183.9,False
e795fb4b7e81acaafeb47f4e9b504553,2026-08-25T02:05:01.766288+00:00,site_latency,238.67,False
33199168b3839c9e655df9b372399570,2026-08-25T02:05:01.747356+00:00,api_generic,111.02,False
cdd928cbc151139c21cd659192fea1ef,2026-08-25T02:05:01.773222+00:00,checkout,475.16,False
f6b003c3eab79ddd1bc2231b766ecaa9,2026-08-25T02:05:02.673794+00:00,site_latency,61.71,False
8b953f3935764a7e6882487567c012e6,2026-08-25T02:05:01.867119+00:00,site_latency,125.11,False
1116cc6e95ab52c244d2ca30d91999c1,2026-08-25T02:05:01.381580+00:00,site_latency,466.99,False
eb929a9fe02e654092c1e94234a6f253,2026-08-25T02:05:01.657276+00:00,site_latency,433.34,False
fae6717b557098d73821f256374be227,2026-08-25T02:05:01.923409+00:00,checkout,278.33,False
a315336d0ebb4cf22ffb7e124c03bd80,2026-08-25T02:05:02.250848+00:00,site_latency,349.79,False
2fb776e7f1db0f6b426b4ba5491ad440,2026-08-25T02:05:02.135340+00:00,api_generic,135.33,False
c11d7e384296c9d893be71a7e59b7e5c,2026-08-25T02:05:02.392959+00:00,checkout,199.19,False
b9b7ff333ab9321a865ba25944bdeb0b,2026-08-25T02:05:01.382922+00:00,pix,820.61,False
c0b084ce2e2ece31c11010f1b05bf12a,2026-08-25T02:05:02.051090+00:00,site_latency,153.7,False
4244f0bcb694b82b65cc60d8fff77a36,2026-08-25T02:05:02.225053+00:00,pix,146.1,False
0fae43e7235c0998fe1f2f3da0b105e0,2026-08-25T02:05:01.667339+00:00,api_generic,231.21,False
8992715841797f4f178bc71b8b7dcd32,2026-08-25T02:05:02.536592+00:00,pix,137.25,False
eb70b0091f516c94eb17a2bdb5382833,2026-08-25T02:05:01.933401+00:00,api_generic,49.95,False
87348fcebd6d0f787ff602ebef0e2c90,2026-08-25T02:05:02.022516+00:00,site_latency,402.3,False
294114ca14a049dbed064bdd976b5439,2026-08-25T02:05:02.241140+00:00,site_latency,405.28,False
1fb3a0bc184143401e49244c7ad48910,2026-08-25T02:05:01.473747+00:00,site_latency,428.42,False
051936aa5ed280bd9f4fba7dbcf652fa,2026-08-25T02:05:02.360949+00:00,site_latency,518.4,True
77eee934c6fe474cd1024892d21953dd,2026-08-25T02:05:02.863701+00:00,checkout,507.54,False
ff6b88e5bac4d6b65595b0030c0f757e,2026-08-25T02:05:02.937843+00:00,site_latency,551.38,False
3f3a7dfd35442b20b43063f0111503d0,2026-08-25T02:05:02.208676+00:00,checkout,1071.48,False
388135f228bb76c6a9c46df9336c4700,2026-08-25T02:05:01.907389+00:00,checkout,926.02,False
69005a03af061d82f33a0fa1060503b1,2026-08-25T02:05:03.395292+00:00,api_generic,104.16,False
358fd8ba4e37438325027edc5a7108e4,2026-08-25T02:05:02.923944+00:00,checkout,193.8,False
d9b340f0712bd732969bf99c1cddbac9,2026-08-25T02:05:03.157612+00:00,site_latency,64.53,False
d089d575f72c94ab7b97afd904b8df36,2026-08-25T02:05:02.873328+00:00,site_latency,526.07,False
482b56e344c614ee4eb834498b77f816,2026-08-25T02:05:02.821826+00:00,site_latency,323.97,False
89ff9620312f82746a8250f3ba6b3ebc,2026-08-25T02:05:03.054615+00:00,pix,256.18,False
299fc8103d1e34754c386c4e8fab861a,2026-08-25T02:05:02.617607+00:00,checkout,189.64,False
a886ade4418b9d5869e66dbb1b76b6ad,2026-08-25T02:05:03.085457+00:00,api_generic,254.71,True
486c5bbac6eb13b04ce3423b0a2ebe49,2026-08-25T02:05:03.293060+00:00,api_generic,89.33,False
08ec6c98806effae78671f16d66e92c0,2026-08-25T02:05:02.811219+00:00,site_latency,402.97,False
aa2b556aa682da8fd3233c606bceaec9,2026-08-25T02:05:03.119168+00:00,checkout,437.23,False
e2f76bc7b5b98357c4cdb83434be7c46,2026-08-25T02:05:03.367656+00:00,checkout,127.72,False
d7da9c9ea87bba75e19480d60a91b7ec,2026-08-25T02:05:02.719810+00:00,pix,125.35,False
d362cf1714513834bc063b9fdae57eca,2026-08-25T02:05:02.964057+00:00,site_latency,231.34,False
39e7a8ce617b049d1dcf321842ee2bd1,2026-08-25T02:05:02.643317+00:00,checkout,157.16,False
ed0e04c6ceb7af323267f30acfccd836,2026-08-25T02:05:02.655437+00:00,checkout,176.36,False
eea2f7b3399c2143e19dad585a1dd600,2026-08-25T02:05:02.544137+00:00,site_latency,685.03,False
a3cd3cede49f97ebcf5fe29a4ed3a208,2026-08-25T02:05:02.883958+00:00,checkout,532.32,False
a489b354b4e0ae51dcd2cb9a83eabb09,2026-08-25T02:05:02.513578+00:00,checkout,709.86,False
80a4898669fda0604f26d5a59d0ef6bf,2026-08-25T02:05:03.350856+00:00,site_latency,136.33,False
9bb19c730eeb54f81b92b863097d567e,2026-08-25T02:05:02.518652+00:00,checkout,348.07,False
a5950e9fcfe9d8f4f0b858d0bfa943be,2026-08-25T02:05:02.775710+00:00,checkout,405.09,False
873d78b1418829b8b1db775bc208914a,2026-08-25T02:05:03.144345+00:00,checkout,447.23,False
ff3862439124046575f859d0d6ee4bd2,2026-08-25T02:05:02.826293+00:00,pix,77.32,False
416024f77745dafe6b63fc8a0d563070,2026-08-25T02:05:02.642189+00:00,pix,208.34,True
45b305f5905ffa50266ea131faaf4855,2026-08-25T02:05:02.585606+00:00,site_latency,329.26,False
9a1acf03f03f668a10e56ce2373235b8,2026-08-25T02:05:03.127014+00:00,site_latency,227.52,False
58ca916b06a356ffa70ea654c6c60fde,2026-08-25T02:05:03.136913+00:00,site_latency,161.55,False
6d68284e70dae44707574cc717c86e96,2026-08-25T02:05:03.227525+00:00,pix,135.25,False
559064ec50cec6111dbac5f4b9cd9d94,2026-08-25T02:05:03.291505+00:00,site_latency,322.22,False
c9a61f4d34f41b5a1e5c63e1e54a32d2,2026-08-25T02:05:02.671595+00:00,checkout,248.25,False
228597acd48c3dad8348f65192a3de62,2026-08-25T02:05:02.934062+00:00,pix,71.39,False
3f008ac40cda4d8184f93cbae825b72c,2026-08-25T02:05:02.802347+00:00,api_generic,79.59,False
8cbfa857476e7072feb5811edf2c3bf1,2026-08-25T02:05:03.345539+00:00,site_latency,191.75,False
22b8d5d1a403ba0ef02ba5e19c2891ad,2026-08-25T02:05:02.879286+00:00,api_generic,79.66,False
4c62756969b6410eaed9913d5b1661cd,2026-08-25T02:05:02.439200+00:00,api_generic,436.57,False
477f697e93967edabf49b2dbf0e453f6,2026-08-25T02:05:03.395401+00:00,site_latency,126.69,False
8e96419eeca49510b680b795b0a41f34,2026-08-25T02:05:02.432139+00:00,api_generic,1186.77,False
3e9695b25c25b8abd709ba33719ce2a5,2026-08-25T02:05:02.241680+00:00,pix,1025.16,False
7e78c935e5bc144691f115dca1e2e5ab,2026-08-25T02:05:03.290125+00:00,api_generic,97.88,False
5657c01f05e49fc1c8d176ffd8bd5449,2026-08-25T02:05:02.811344+00:00,checkout,482.69,False
06b086fdd77ef0873468ec779703c487,2026-08-25T02:05:03.245436+00:00,api_generic,153.35,True
170a2b1976456712547f70f801e10dbc,2026-08-25T02:05:02.829196+00:00,checkout,590.59,False
5b9b5a2f0725f3cf46c8e76fb397e481,2026-08-25T02:05:02.727211+00:00,pix,144.62,False
675663561a22fdd325bc1da3013224af,2026-08-25T02:05:02.960334+00:00,pix,96.4,False
e39aa0d96247202900022aaddab476cc,2026-08-25T02:05:01.436721+00:00,site_latency,1454.85,False
1f6a9258bdc551833b505e343f600dcf,2026-08-25T02:05:03.216549+00:00,site_latency,169.85,False
acd83d550605ba5ff321330774448634,2026-08-25T02:05:02.846569+00:00,checkout,725.16,False
9541119a9540656f4a9c8eedbb6ec45d,2026-08-25T02:05:02.823835+00:00,site_latency,273.09,False
14750772eac9135d25578fbb45c683f8,2026-08-25T02:05:02.335560+00:00,checkout,680.81,True
3e2dc9a788b44e0d02e37c19da4ca046,2026-08-25T02:05:02.589695+00:00,site_latency,440.06,False
242b8d16f6269d8a09a879c6c6ac2ffb,2026-08-25T02:05:03.036677+00:00,site_latency,94.17,False
12d01d05084eb68afd43a566654bf026,2026-08-25T02:05:00.674505+00:00,checkout,2124.65,False
b0c11f4a96f4cd5ae8e4c3273485368f,2026-08-25T02:05:03.359482+00:00,pix,162.28,False
01274df79f0d43304fd829ff23733c7f,2026-08-25T02:05:02.458593+00:00,checkout,675.46,False
367f6cf55edaa854629830ef2c5b837a,2026-08-25T02:05:03.471462+00:00,pix,142.63,False
b4ea0dbcccdc764516c499f3b4907bcb,2026-08-25T02:05:03.094315+00:00,api_generic,149.03,False
a632a1054418f508dde57776e5b3c9be,2026-08-25T02:05:02.688645+00:00,pix,130.26,False
9f4c3a440d5a9e03044aae33afa7816a,2026-08-25T02:05:02.798543+00:00,pix,114.63,False
94e2f40da17d27dd82dd372b4e0f14c7,2026-08-25T02:05:02.691911+00:00,api_generic,184.66,False
ccc514951eedf601bbd113ae08f504a4,2026-08-25T02:05:03.175523+00:00,site_latency,164.32,False
5ffab1a8037532d3da6924e5c1f5da3d,2026-08-25T02:05:01.767691+00:00,checkout,1055.41,False
ce42c573d925a3a91016084612b229bb,2026-08-25T02:05:02.906234+00:00,checkout,548.32,False
b6c67984f97343d2bb18ff401b80eb72,2026-08-25T02:05:03.077417+00:00,api_generic,68.11,False
41c537487702d31c4c8f95f75d40472d,2026-08-25T02:05:02.571172+00:00,site_latency,251.67,False
636e9bcc66d8c8651b52826795ff0d93,2026-08-25T02:05:03.081525+00:00,pix,126.05,False
3d3828085930275d06135bfacbc70d8b,2026-08-25T02:05:02.683391+00:00,site_latency,181.85,False
834dd101387641ba40f6ef31527ac66b,2026-08-25T02:05:02.676184+00:00,site_latency,408.07,False
cb85a4659af31e2f5f0749d34ba06f0d,2026-08-25T02:05:02.935006+00:00,site_latency,195.03,False
6ec19aee2eb29e79d34cde6544b8e81f,2026-08-25T02:05:02.866681+00:00,checkout,257.87,False
3e08ba6bf857585a4644615f2f53653f,2026-08-25T02:05:02.415443+00:00,checkout,373.69,True
6f87522085185994be444b91a5c4ac46,2026-08-25T02:05:03.199109+00:00,checkout,326.51,False
580a4a1c6a74a28f9bc78412e34b1adb,2026-08-25T02:05:02.704684+00:00,pix,112.39,False
c5dfb5ebc837a90ecc7d67a6c5458a30,2026-08-25T02:05:02.556689+00:00,checkout,786.8,False
90776bf44f13e8dbda02779f22b28bef,2026-08-25T02:05:03.038228+00:00,site_latency,279.11,False
7609c2c004487fae030d48208a088542,2026-08-25T02:05:03.156770+00:00,api_generic,175.98,False
350b7c5aee3d4ff572994ff9fe498806,2026-08-25T02:05:02.365012+00:00,checkout,479.83,False
8cb02082bedbf38c43fea3ff8ef7f2cb,2026-08-25T02:05:02.664197+00:00,checkout,445.62,False
7318a6a830b78a9c374d36b53b58e3f4,2026-08-25T02:05:02.386621+00:00,checkout,765.99,False
ea5a58d0c4f576a99b63e2ee51e58c52,2026-08-25T02:04:59.353477+00:00,checkout,3849.74,False
5fba5379e045d1381feac10a843508d0,2026-08-25T02:05:03.249163+00:00,pix,101.73,False
950f0cfed989300e8996d23afd8e0ac8,2026-08-25T02:05:03.307302+00:00,api_generic,145.6,True
427d56ab77abe633f39a8a2cd48ee04e,2026-08-25T02:05:02.987354+00:00,pix,190.7,False
6dc4e506afc3de716ae3be442735f3d3,2026-08-25T02:05:02.677563+00:00,site_latency,121.79,False
b025837ab1ad9a6ace79d45427caa2f9,2026-08-25T02:05:02.724843+00:00,api_generic,79.44,False
fdedb41bbdf3bdff37f1e00fa60b2973,2026-08-25T02:05:02.609281+00:00,api_generic,253.15,False
0799711c0e4c37f7326cf9fe697c6116,2026-08-25T02:05:02.369431+00:00,site_latency,419.1,False
15e46be3322094b788c0f65fb5a4ec59,2026-08-25T02:05:03.282371+00:00,site_latency,130.58,False
f500e06970a8f9a435edf867595f5b9a,2026-08-25T02:05:02.677801+00:00,site_latency,182.87,False
90bc3672d811291baf28e57dc4d7b9c5,2026-08-25T02:05:02.824352+00:00,site_latency,143.89,False
1a01f36f2ca0faae0a0304717097d011,2026-08-25T02:05:02.706338+00:00,site_latency,898.79,False
0e79394ebfd8cdc54025cd1c52e0bfcf,2026-08-25T02:05:03.423924+00:00,api_generic,73.52,False
9edd6d55b42928eaf51641dc0a0e0b19,2026-08-25T02:05:00.845759+00:00,site_latency,1954.03,False
ffc5c391f064c2448d3c26fddcee2dba,2026-08-25T02:05:03.119633+00:00,api_generic,179.13,False
fa401985e2a2e5645ce9b22149d942f1,2026-08-25T02:05:02.819608+00:00,api_generic,49.44,False
8adf10155c08d536bf6082e8bf9976b2,2026-08-25T02:05:02.916183+00:00,api_generic,163.22,False
5560154d421481c3450d343ec1687533,2026-08-25T02:05:02.798429+00:00,site_latency,142.58,False
75b3f633aa86e28e76c0134905af934d,2026-08-25T02:05:03.096526+00:00,pix,151.09,False
b19b648177d2810065e853e0f09a4a8f,2026-08-25T02:05:01.018009+00:00,checkout,1918.33,False
1f16e15b3359efb4512800832e13e41c,2026-08-25T02:05:03.028284+00:00,pix,210.1,False
672c11d8259ae9779d6f4dcc4e54007c,2026-08-25T02:05:02.203500+00:00,site_latency,589.32,False
a38aae23cc6df07893eaea1707ee7fa7,2026-08-25T02:05:03.200064+00:00,checkout,264.78,False
ff8c628c141421c25ae6977eda0201b4,2026-08-25T02:05:02.802599+00:00,site_latency,167.98,False
dc6d5b17ba2cdfb22fe6c312faa879dc,2026-08-25T02:05:02.963625+00:00,site_latency,252.98,False
a9a1744d1971b5fee4c8484930a678d7,2026-08-25T02:05:02.775531+00:00,api_generic,85.45,False
b84efb3837e728dfe1233ab72c2966fd,2026-08-25T02:05:03.190091+00:00,pix,109.25,False
2f22f7993dac9a843beb6071ff0e8a28,2026-08-25T02:05:02.668984+00:00,api_generic,113.07,False
bac14d4e348dce123c417c27bcd80b5e,2026-08-25T02:05:02.595084+00:00,site_latency,228.19,False
1bc6c1be331137f9f795262f871e2cc5,2026-08-25T02:05:02.607811+00:00,api_generic,546.41,False
5e9293b9b734f199f5db24ab9b537678,2026-08-25T02:05:02.438116+00:00,site_latency,403.17,False
13128a35a51584f41252bf0b36f49547,2026-08-25T02:05:03.434132+00:00,site_latency,103.35,False
e02bbebe71e1b69caa8c21304fd2e9d7,2026-08-25T02:05:03.536865+00:00,site_latency,52.94,False
0111f935db7aa49d89bd4015ede27b0c,2026-08-25T02:05:03.053542+00:00,checkout,443.7,False
163b9185f2375eda2db6f31987a50949,2026-08-25T02:05:03.403646+00:00,api_generic,127.15,False
dba82fc5b05c38bf3fccf168658ee232,2026-08-25T02:05:03.871452+00:00,site_latency,276.79,False
353dc61c316fd2fe134185eefc910673,2026-08-25T02:05:03.962555+00:00,site_latency,98.81,False
7bcfe81187cf986447f5c63e2aa63fb3,2026-08-25T02:05:03.508911+00:00,site_latency,409.86,False
43d857840c572fe2214afea2b3cdc921,2026-08-25T02:05:03.523443+00:00,checkout,460.07,False
ed71b6ae95cc434daef9ae3633bf1dec,2026-08-25T02:05:03.074353+00:00,pix,670.19,False
dc3c2d7aeb4a353cc29abcf64f2a08ff,2026-08-25T02:05:01.910943+00:00,api_generic,1893.54,False
d2d2656199514b285a5f0c10d627494f,2026-08-25T02:05:03.870384+00:00,checkout,439.99,False
3c5bca1cafcf960758cb2aaf30b086d7,2026-08-25T02:05:03.625530+00:00,api_generic,200.98,False
e0af744cfb321ce0462eef54e08ba549,2026-08-25T02:05:04.055667+00:00,checkout,292.49,False
73c78e59e4dbd6f5b0d0cce591a83ec7,2026-08-25T02:05:03.804427+00:00,checkout,669.0,False
8fe151a526ff7302c137bc3545754e88,2026-08-25T02:05:04.038686+00:00,checkout,418.0,False
c5e35dc2718a5f6350f38ed841b058ae,2026-08-25T02:05:04.029161+00:00,api_generic,139.66,False
656fd2b250787ce29d792dbbaaf36428,2026-08-25T02:05:03.185393+00:00,checkout,548.09,False
c404caaa29f632631be868943524bdc2,2026-08-25T02:05:03.585561+00:00,checkout,527.57,False
a2ce9f81083a085bf9f6957b1b9a32af,2026-08-25T02:05:03.953375+00:00,api_generic,100.76,False
d5bdf2565a0f309b7abd70737b577bf2,2026-08-25T02:05:04.100199+00:00,site_latency,151.57,False
f1ce979ae43a088ad75467d60c6e6c7c,2026-08-25T02:05:03.606539+00:00,site_latency,634.3,False
eac68016bff165f72b4544724a2bb8ea,2026-08-25T02:05:04.146825+00:00,site_latency,106.83,False
33fdc2742a3b3586f2470700bff3722e,2026-08-25T02:05:03.334163+00:00,pix,609.93,False
1faaa929535ce8389e0d36d8dff2ae57,2026-08-25T02:05:03.659600+00:00,checkout,153.9,False
2ade70dbb729e340ff5a86a3cad76ed2,2026-08-25T02:05:03.947596+00:00,site_latency,408.34,False
1ff8cc8a843afc0d3ea983ab20d4e75c,2026-08-25T02:05:03.761002+00:00,checkout,414.29,False
14efd3b85d471e96443db9f1986f5209,2026-08-25T02:05:04.373174+00:00,checkout,84.06,False
8f2df04d71d041b1817a64edc767e973,2026-08-25T02:05:03.827806+00:00,site_latency,247.34,False
99dcbd7cb980e42f6e656ab85853c298,2026-08-25T02:05:04.280846+00:00,site_latency,161.3,False
16a73920ddfb1b8a9213bbde9802b529,2026-08-25T02:05:03.524522+00:00,checkout,500.38,False
4d44176f114dd565d6ecec02d72d869e,2026-08-25T02:05:03.622207+00:00,api_generic,109.26,False
060f78c791e693fb5fab11b134ba3bba,2026-08-25T02:05:03.586390+00:00,checkout,352.98,False
0dea589205ec12a8f813f5e6913f3d36,2026-08-25T02:05:04.011028+00:00,api_generic,57.57,False
cbcf14b40c59e491293d21f20c759514,2026-08-25T02:05:04.205990+00:00,api_generic,51.96,False
c75208d5d3f6d30f837bed494741322d,2026-08-25T02:05:03.659408+00:00,site_latency,719.11,False
0b0daabbe506539838bfc8e9df096b10,2026-08-25T02:05:03.404069+00:00,checkout,253.52,False
1b3f87548d345a5880ec842cd312b97f,2026-08-25T02:05:04.279721+00:00,api_generic,106.59,False
2b5a764a89cefccc27448255e7838b77,2026-08-25T02:05:03.748823+00:00,site_latency,316.39,False
102739e0c9e3f5c61e7cc5e7f6acd879,2026-08-25T02:05:03.668601+00:00,checkout,515.78,False
2b739a5d9e55b48c485e98530211122a,2026-08-25T02:05:04.201043+00:00,api_generic,205.87,False
43e582112e0746fe45354d6b26036c02,2026-08-25T02:05:04.063967+00:00,checkout,230.2,False
e97cb5cd86d108b8a509f7fc735224a7,2026-08-25T02:05:03.498727+00:00,api_generic,159.5,False
23b5a28f5b0c0c0309acc1e29965f2df,2026-08-25T02:05:03.678097+00:00,site_latency,291.09,False
f5ac3f597c1206d585cee6535068dc86,2026-08-25T02:05:04.053449+00:00,site_latency,104.79,False
5cd2b74996b32e67b028a3971d6cede5,2026-08-25T02:05:03.683548+00:00,site_latency,459.67,False
e9fbfe5a0211274316819c4edb0977c6,2026-08-25T02:05:04.396755+00:00,api_generic,49.46,False
bb4543ce536030a534b0711e2e09db32,2026-08-25T02:05:03.403904+00:00,checkout,598.81,False
9642f794e599dcc3a4478e3a08d7193c,2026-08-25T02:05:03.826944+00:00,checkout,552.68,False
29cd79badef0e0605a270bbefd6754e9,2026-08-25T02:05:03.684273+00:00,site_latency,132.42,False
cf0f34226f54108c29a100515a7b27c5,2026-08-25T02:05:03.875399+00:00,site_latency,109.47,False
e912a931c166943c602c92b63e99cac7,2026-08-25T02:05:04.335853+00:00,api_generic,36.7,False
27b5e57d9ef6a208eabcd83b36fa9a22,2026-08-25T02:05:03.988528+00:00,checkout,414.4,False
4126b89e6eefd9fb586186333a6d87ae,2026-08-25T02:05:03.204416+00:00,site_latency,574.51,False
5cf2ecd34da1fb553a00a3376bdfa077,2026-08-25T02:05:03.075256+00:00,site_latency,659.27,False
b78c4cebd0d6bfe7f701163a6430259f,2026-08-25T02:05:03.637435+00:00,checkout,551.07,True
7e530d6dc76da1f015c2f5b730908002,2026-08-25T02:05:04.430083+00:00,api_generic,75.14,False
3a1364b82e35b0ae2727c80f24932b5e,2026-08-25T02:05:04.146562+00:00,api_generic,96.12,False
eb406f195f8f3fc5fee1d7ddac635f74,2026-08-25T02:05:03.730181+00:00,checkout,305.09,False
e78c5b14623728f3f2c08fa4b6a6fd6a,2026-08-25T02:05:03.965675+00:00,site_latency,149.31,False
285d6109976d68f1df3350bfe6e9f7d6,2026-08-25T02:05:03.568729+00:00,checkout,533.65,False
6113ddc0dfe739ac5dee839ae07afc02,2026-08-25T02:05:04.147339+00:00,checkout,206.3,False
9999a1bd6a981f86ffd897d4625b7eef,2026-08-25T02:05:03.318896+00:00,checkout,811.47,False
be48fcf040b6e0305358039bd99f0a4b,2026-08-25T02:05:03.543781+00:00,api_generic,103.71,False
a24bdd8ff964c5b84b8b00de30e8830c,2026-08-25T02:05:03.871931+00:00,api_generic,110.5,False
0f56ccdb93fb6ca984940877791009bc,2026-08-25T02:05:03.448186+00:00,api_generic,212.86,True
5ae99ffc12789b89ef25f1981ac65628,2026-08-25T02:05:03.659505+00:00,checkout,402.3,False
a77ffb57bc62d3621572b2a2659b0c0c,2026-08-25T02:05:03.076947+00:00,site_latency,1155.37,False
8b3c4847421edd320a93f01a5ab6dedb,2026-08-25T02:05:03.597509+00:00,checkout,337.58,False
6fedd185d1fa9ad4eb6a534f0e2e542a,2026-08-25T02:05:03.766422+00:00,checkout,424.25,False
f0278db7350b11245d91fad20d0c1057,2026-08-25T02:05:03.200247+00:00,checkout,460.19,False
9bc23dc41f008ee23080a26188edb2d4,2026-08-25T02:05:03.596170+00:00,site_latency,251.15,False
4bd6aba899c3209ab1fc50f23d9a48cd,2026-08-25T02:05:04.300100+00:00,site_latency,127.75,False
9be27cbae22a647874d1e975c6391349,2026-08-25T02:05:03.858863+00:00,checkout,177.95,False
661a102bef01719556b83c22d6c5b8ba,2026-08-25T02:05:03.439801+00:00,site_latency,424.48,False
ae66202cc36d56e0706d4fe43a1098e6,2026-08-25T02:05:03.748353+00:00,site_latency,207.83,False
e40bec8ca300318e98d961a047486493,2026-08-25T02:05:04.175230+00:00,site_latency,293.96,False
fc7e904dc8c9350dc26b056530ffd4ba,2026-08-25T02:05:04.063373+00:00,site_latency,427.77,False
5d8652d396fc9560a7a967ffaa5e3e1c,2026-08-25T02:05:03.972232+00:00,pix,106.7,False
a7a94fcd7693ba21e6507d0b9c3c412a,2026-08-25T02:05:03.302926+00:00,site_latency,895.09,False
bf6a965aeb5e8c818b20896114a9fdd5,2026-08-25T02:05:03.182396+00:00,site_latency,483.34,True
4ad7fc0d01f64d4ebda0b355f56d4d06,2026-08-25T02:05:04.206245+00:00,site_latency,166.55,False
e583c9c159e348f8594ce82a48d8131a,2026-08-25T02:05:03.368641+00:00,checkout,362.98,False
5b812741d8b328b9207331677c9a475c,2026-08-25T02:05:04.044145+00:00,pix,211.51,True
e2cf81ec2e5c3b86af16fe8c23773acd,2026-08-25T02:05:03.200748+00:00,checkout,658.46,False
82dfb7357e9b477ac8bc1ccd10165b88,2026-08-25T02:05:04.041048+00:00,api_generic,218.96,True
4debbf9d387825f00818d20c39082fb9,2026-08-25T02:05:03.767036+00:00,pix,104.45,False
06287303476df6247252f67327b4dead,2026-08-25T02:05:03.677973+00:00,site_latency,93.39,False
256981fa796a0c15a6df7d029e2981c6,2026-08-25T02:05:03.982330+00:00,api_generic,46.22,False
a5db72a6b097cc66d599f986d465ad44,2026-08-25T02:05:03.760853+00:00,api_generic,117.31,False
8291392d453d8118b7e1f98df3ed2e33,2026-08-25T02:05:03.684367+00:00,checkout,685.83,False
f33349d6eaa6de51651143db34ba2ded,2026-08-25T02:05:04.105970+00:00,pix,122.95,False
b00fb37c2cfc9f45fcc38098bfc40809,2026-08-25T02:05:03.813462+00:00,api_generic,106.2,False
dd3415412cf1fcb7a417d43ca45d7b0a,2026-08-25T02:05:03.922140+00:00,site_latency,345.55,False
37a608cd614ef65b58cf5a279f06092a,2026-08-25T02:05:03.355812+00:00,pix,489.65,False
150fa56dd5e3be3bb260a61fceef8532,2026-08-25T02:05:03.406784+00:00,checkout,262.39,False
aa61e39d27b4fb803fc6621d87e5bbd6,2026-08-25T02:05:03.931427+00:00,site_latency,251.41,False
09fe3a64d528c8cc5c41d9929936f07e,2026-08-25T02:05:04.006055+00:00,site_latency,152.4,False
89496524e5dd934a38e744c58fce8a7d,2026-08-25T02:05:03.846117+00:00,api_generic,262.82,True
8b1a77dc5690216a3c525cc46aece37c,2026-08-25T02:05:03.954182+00:00,site_latency,297.87,False
7c99a5a4af2ab9cc2929d3d7cdb4400c,2026-08-25T02:05:03.584776+00:00,site_latency,276.6,False
6f297d9a382e80ba9165c668d307a206,2026-08-25T02:05:03.954973+00:00,api_generic,25.23,False
136b77434016b79de382a0b3574b1b20,2026-08-25T02:05:03.154189+00:00,checkout,593.19,False
a4b8b1e948fc0b57670607dd06017970,2026-08-25T02:05:03.777361+00:00,api_generic,70.74,False
991d5a1a89179d23afa277ff4765615a,2026-08-25T02:05:03.991657+00:00,checkout,420.82,False
13899747b5b3423b078e2c43430d250a,2026-08-25T02:05:04.365147+00:00,api_generic,83.59,False
9050f4e32ff346f1d461e4d3da2ccb4e,2026-08-25T02:05:03.101300+00:00,site_latency,757.61,False
bf4109e5f56940847efb0ece04382352,2026-08-25T02:05:03.267210+00:00,checkout,464.05,False
81cfd28fe1a1e2703a174e310d381dfb,2026-08-25T02:05:03.496772+00:00,api_generic,239.69,False
1b2d07eece6d5dca2635ebe10537674b,2026-08-25T02:05:04.365629+00:00,api_generic,105.86,False
82191eeadc656916d03db750458af6d2,2026-08-25T02:05:03.668226+00:00,checkout,591.28,False
07c24f7c40c221271cc282212117f082,2026-08-25T02:05:03.557907+00:00,pix,176.87,False
80b19910c31ee9d6cafe710ce3b191de,2026-08-25T02:05:03.860610+00:00,checkout,528.34,False
16b22bcb943af3bb273682ed58660c4f,2026-08-25T02:05:04.077438+00:00,pix,187.38,False
a4df5ee603792747c26af59a883a1a42,2026-08-25T02:05:03.748603+00:00,site_latency,615.05,False
17be42abee24c5d7fd37bdf0f7ca7612,2026-08-25T02:05:03.798225+00:00,checkout,153.27,False
96139d00e63034185b95f8d5160709b3,2026-08-25T02:05:04.214100+00:00,api_generic,64.41,False
de7c6a66f7ed2d0efdb099377b6ca4c8,2026-08-25T02:05:03.403459+00:00,site_latency,259.93,False
f94d61f13e0775cfb314c92492ed73d8,2026-08-25T02:05:04.296699+00:00,site_latency,97.4,False
ebb373a8f0156ddb1c3734d01967d1d9,2026-08-25T02:05:03.760250+00:00,checkout,123.47,False
75857ac493a7074212e89cb6c595991f,2026-08-25T02:05:03.678202+00:00,checkout,495.26,True
44492c46b54f13cd47a546f3079457dd,2026-08-25T02:05:03.229133+00:00,site_latency,621.07,False
6d6483d02bf7570853f3a4959f14974f,2026-08-25T02:05:03.617956+00:00,site_latency,521.31,False
30e79d0d6c1b70355643ec69a0082a79,2026-08-25T02:05:03.668749+00:00,api_generic,65.6,False
6d8c2eda2e298b9944f4bb32415ffb64,2026-08-25T02:05:03.807311+00:00,pix,61.06,False
2b1d03239a275ae71405e1c99b13d370,2026-08-25T02:05:03.543917+00:00,checkout,1074.02,False
48961b971ff32dd150f38784db351ed7,2026-08-25T02:05:05.083695+00:00,api_generic,55.19,False
db639bc124bf403622a3fe137b34157a,2026-08-25T02:05:04.795837+00:00,api_generic,128.75,False
a5aa80ccde012f83c49353bf61bab85f,2026-08-25T02:05:04.396641+00:00,checkout,617.72,False
7fa27bde1e8ffa3e73e8e8e36caf32e9,2026-08-25T02:05:04.654173+00:00,api_generic,218.21,False
02c03cf857d2736b08423ae156f3ed14,2026-08-25T02:05:05.035592+00:00,api_generic,58.34,False
92ae51ea1631e45f0c700a3d33c5cafa,2026-08-25T02:05:05.066279+00:00,api_generic,219.7,True
8dc160b7a51370606dba6b5fe70653c5,2026-08-25T02:05:02.802076+00:00,checkout,1726.96,False
2360d4459e2126cb5a846dae0a8cfbdf,2026-08-25T02:05:04.836333+00:00,api_generic,157.01,False
6fdf5f793e8083d29f046433c4da78a0,2026-08-25T02:05:05.146260+00:00,api_generic,96.12,False
865edb0a50cbd115a2260e34dd202edc,2026-08-25T02:05:04.695279+00:00,pix,115.82,False
1ce7202c49f009b37626580fac34df90,2026-08-25T02:05:04.875073+00:00,site_latency,123.2,False
fb84e98aada64a388f70dc23afd3e325,2026-08-25T02:05:04.999747+00:00,pix,102.2,False
da134c29646343f40bffef3983d84814,2026-08-25T02:05:05.101272+00:00,site_latency,193.27,False
ac12c34af4c65d49e3248179a9281008,2026-08-25T02:05:05.231753+00:00,api_generic,109.17,False
e53983992df0e009de37c66689f17aed,2026-08-25T02:05:04.604978+00:00,site_latency,114.4,False
d7aeaffecc9d3d61e4ba5ad55f2ed86a,2026-08-25T02:05:05.062436+00:00,site_latency,184.51,False
0f33bba32bb6feded4cbd4da7235747e,2026-08-25T02:05:05.146029+00:00,api_generic,83.39,False
17885ba814621bcbbd42ee78100c9f32,2026-08-25T02:05:04.681505+00:00,site_latency,423.95,False
7b7550fa60945042cc8708ae3083ab11,2026-08-25T02:05:04.936913+00:00,api_generic,60.77,False
e68471f5eda9fa0cb2d4235dd26bc3cb,2026-08-25T02:05:04.138405+00:00,site_latency,507.79,False
fa191b837fd0ddb4a81d58bf662d66c2,2026-08-25T02:05:04.392554+00:00,site_latency,314.28,False
ea0ba69886de74c3105449f367405cc5,2026-08-25T02:05:04.551110+00:00,api_generic,247.14,False
445cc43225ab5bb682bfc0738677f497,2026-08-25T02:05:04.557074+00:00,checkout,393.58,False
72389faf8f254fab18b9b1cb6f144e42,2026-08-25T02:05:04.640047+00:00,checkout,728.88,False
c20bb7d574b3a6f94c8b5495eba35e19,2026-08-25T02:05:04.789667+00:00,api_generic,102.3,False
2a8a058479953bc20fdda294e8e0b20f,2026-08-25T02:05:04.289784+00:00,site_latency,468.82,False
76856d4ab0ef076bad541b6ce0deaa73,2026-08-25T02:05:04.884628+00:00,checkout,431.37,False
b9f4f3de46f10cf7d065a85d0a64c17c,2026-08-25T02:05:04.545617+00:00,site_latency,437.83,False
35c63f2d3647789672d12175c083caa4,2026-08-25T02:05:05.242346+00:00,pix,158.88,False
19f3c460967b06591b7d6ffa1d5fed21,2026-08-25T02:05:04.129058+00:00,checkout,413.35,False
152f23e16a4bba10aab347c2cf3ebf34,2026-08-25T02:05:04.725914+00:00,site_latency,103.05,False
7a03ee4a7baf305054591dc5572c21c0,2026-08-25T02:05:04.798907+00:00,api_generic,125.29,False
e7296a2fe98cc1b170da8834ef17e439,2026-08-25T02:05:04.669770+00:00,checkout,168.63,False
71f15365f743fa6758aa7cc52f1f31f3,2026-08-25T02:05:04.233729+00:00,checkout,824.34,False
29f6579e05c0ce566baee33bc2d357df,2026-08-25T02:05:04.301112+00:00,checkout,587.53,False
42db45fc000d79c5056c39349d02c938,2026-08-25T02:05:04.799196+00:00,site_latency,92.3,False
c756c6f244a0b702c33b494441bb5b70,2026-08-25T02:05:04.136473+00:00,site_latency,435.61,False
902892bad288c4eeb294fc0d2fdfc375,2026-08-25T02:05:04.380178+00:00,site_latency,215.45,False
854654b011a34a2d86b56f9ba15cab2f,2026-08-25T02:05:04.348115+00:00,checkout,227.17,False
e61f63436d3ff7493074f3f8d2c28353,2026-08-25T02:05:05.029922+00:00,api_generic,48.75,False
688ceb1ea4446a04b2ae982912d96275,2026-08-25T02:05:04.910502+00:00,site_latency,422.0,False
878f42d011b62e9168515e6ec640a7ab,2026-08-25T02:05:04.604148+00:00,api_generic,34.72,False
ba23cd02a9220715e67eba76dd000d43,2026-08-25T02:05:04.459672+00:00,site_latency,254.41,False
025420301d4dd70521f80bebde1eadcd,2026-08-25T02:05:04.605712+00:00,checkout,576.3,False
22a8efe9a431a734e8706188b6cc7ef8,2026-08-25T02:05:04.377333+00:00,site_latency,242.81,False
9ce82c2bdb2a4003a4f9876ccbe315ee,2026-08-25T02:05:05.248613+00:00,pix,78.81,False
ed011ee6a386d3d7fecdbbcb9593364a,2026-08-25T02:05:04.996337+00:00,api_generic,71.88,False
c634eade7f37f3d257065cd3c087f40d,2026-08-25T02:05:05.110792+00:00,pix,94.82,False
d0bda06290175ac122255e3667b18896,2026-08-25T02:05:04.645657+00:00,checkout,542.53,False
cdae079a772e68f8a2564ec7c9bdb2f7,2026-08-25T02:05:04.781421+00:00,site_latency,459.54,False
bffb9cf9cd22162ba146d5be3f21a861,2026-08-25T02:05:04.979829+00:00,checkout,245.4,False
68d9b2f7bc099c004dc3c90ed54da17b,2026-08-25T02:05:05.249406+00:00,site_latency,101.34,True
3ba2558cd8011987a8fe19f03e1ff826,2026-08-25T02:05:04.043258+00:00,checkout,614.7,False
521f07f8959f0a1837097407d27e9510,2026-08-25T02:05:05.221701+00:00,site_latency,158.5,False
9552d418388b3ffbf69f4473c4978bca,2026-08-25T02:05:04.549083+00:00,pix,71.31,False
65313a74aadc66684c9bbae451a3979d,2026-08-25T02:05:04.795967+00:00,api_generic,153.11,False
636e9da56e44681997047672ceb820c7,2026-08-25T02:05:04.802629+00:00,api_generic,66.64,False
a4e990b1b5115b88a2614b223358dd4c,2026-08-25T02:05:04.790815+00:00,api_generic,99.57,False
95d39dd19ab7420578f0738f76b035f3,2026-08-25T02:05:04.549751+00:00,api_generic,86.38,False
dba5f2b8f75285e1dd698d0bb1340f1c,2026-08-25T02:05:04.879707+00:00,checkout,429.68,False
698119769c8a3e826836a7eb84926b5a,2026-08-25T02:05:04.581623+00:00,checkout,217.6,False
0bc7a662a7c4c92eb0681f0883d2fb5e,2026-08-25T02:05:04.387096+00:00,checkout,465.18,False
e9a396195db2843a1ef982d9cb1049d2,2026-08-25T02:05:04.630691+00:00,api_generic,262.81,True
ac37c80529812c6f9517475a8aa36c7c,2026-08-25T02:05:04.939261+00:00,checkout,423.17,False
795046be02a16179df652aeac01a31cc,2026-08-25T02:05:04.796478+00:00,site_latency,438.78,False
e696828cded82cbb7350647221b30e63,2026-08-25T02:05:04.115520+00:00,checkout,459.47,False
c527a9948c5ecba29e516101b1bbb16b,2026-08-25T02:05:04.304737+00:00,checkout,389.9,False
b95cea139000ee41d5123f90fb9ece12,2026-08-25T02:05:04.825780+00:00,api_generic,96.18,False
cdd965dca82caf52ada439cfb22d7421,2026-08-25T02:05:04.892592+00:00,api_generic,73.94,False
31606d9e1f83791b8b1fe88991567479,2026-08-25T02:05:05.165364+00:00,site_latency,56.65,False
57b7fa730186cdde27575210fb4af0bc,2026-08-25T02:05:03.622711+00:00,site_latency,961.11,True
ad3d2b0961d29f6629e89a54a9ecf715,2026-08-25T02:05:04.790706+00:00,api_generic,306.57,True
644e453f445e4d188a79f2c39455bfd1,2026-08-25T02:05:05.101092+00:00,api_generic,111.34,False
b9f3afff0566a378ec05517a2c85c7ef,2026-08-25T02:05:04.596980+00:00,site_latency,206.26,False
5f69d5dcce01e407262712a9404b7805,2026-08-25T02:05:04.232797+00:00,site_latency,481.53,False
02616eab1c5be80c2ff7677258e22757,2026-08-25T02:05:04.610306+00:00,api_generic,221.58,False
c56f7c8333fe0d3d4dcef9c20d7b11e4,2026-08-25T02:05:05.037925+00:00,site_latency,85.49,False
a0c3fb84cc745091ad60a4862c335115,2026-08-25T02:05:04.808922+00:00,site_latency,137.4,False
44e05bbfbf5d92d57eae597d4fabe485,2026-08-25T02:05:05.213800+00:00,api_generic,70.62,False
05ab5198c760fafb9d9ccee344cb60e2,2026-08-25T02:05:04.038187+00:00,checkout,545.34,False
ce60941d984744b8e8288dd7b01305ca,2026-08-25T02:05:04.037975+00:00,site_latency,735.96,False
ee05946d5902bfab263d428d71edc3f7,2026-08-25T02:05:04.954328+00:00,site_latency,152.56,False
184b847c03deb8ce3eaa21a9a7ce6b05,2026-08-25T02:05:04.355547+00:00,checkout,576.4,False
d990a43a2cad739d4c876331105b69fc,2026-08-25T02:05:04.389810+00:00,site_latency,139.44,False
ee0055febc0b41999350677a91741cfc,2026-08-25T02:05:04.243804+00:00,api_generic,430.71,False
25a0520308f03c241843a4977a7b1280,2026-08-25T02:05:04.607207+00:00,api_generic,109.22,False
c8a1f7a65cb081a36c3cff21c174062b,2026-08-25T02:05:04.813318+00:00,api_generic,261.47,True
cd0ae38007ed20902822036fc3c3cc69,2026-08-25T02:05:04.797130+00:00,site_latency,191.99,False
1d1df669e3bd2dc2aa4369333ec10172,2026-08-25T02:05:04.721044+00:00,site_latency,468.55,False
dd3b6af364520c73ae15dc0db2445fb7,2026-08-25T02:05:04.544226+00:00,api_generic,90.27,False
7081cfd955486eb7b8932347f579c4a4,2026-08-25T02:05:05.154466+00:00,api_generic,54.84,False
8d9c64ad5fcb8e9dbad82f8e95154848,2026-08-25T02:05:04.808461+00:00,site_latency,434.18,False
389fd71e8b8de6fa80e6e621c3bef2a5,2026-08-25T02:05:04.720931+00:00,pix,219.4,False
0c85b547d5b4fab5e9d5b8c061ad09d4,2026-08-25T02:05:04.480086+00:00,api_generic,97.46,True
8e48041cd3dc484d1e18ea36affcc6f4,2026-08-25T02:05:04.726113+00:00,site_latency,369.32,False
7c2f1f7e61793f0b7e7715cb128904c0,2026-08-25T02:05:05.050082+00:00,api_generic,91.0,False
be4c7896a0e7bc94497b26b36c9bf2b3,2026-08-25T02:05:04.608780+00:00,api_generic,144.74,False
389e64e082e1bd3f213273ab1eb53271,2026-08-25T02:05:04.345031+00:00,checkout,550.08,False
8440ba969deaa9b7c229fcb5d67c3fb9,2026-08-25T02:05:04.483371+00:00,pix,117.02,False
bcd63fe909060afcb1e29f5b37b579d5,2026-08-25T02:05:04.447528+00:00,checkout,282.11,False
4cf11e23a20abe09c4095215178c5307,2026-08-25T02:05:04.789492+00:00,api_generic,97.57,False
7ed025c0fc10832028aadf8d0b5e05d7,2026-08-25T02:05:04.923173+00:00,api_generic,118.93,False
965689fec0c9c2bb80a8946ca4265cea,2026-08-25T02:05:04.807559+00:00,site_latency,286.83,False
7db92feb38b23eec044347d5344a0d45,2026-08-25T02:05:05.072239+00:00,api_generic,119.54,False
d9b6045e6abceab3a3ffcffcd649bd90,2026-08-25T02:05:05.113317+00:00,api_generic,50.28,False
9ed68e066e698f6f9b8686d8b8f21c49,2026-08-25T02:05:05.135642+00:00,site_latency,234.97,False
147f2b4e85a72cdc5d32d0b575c36204,2026-08-25T02:05:04.652678+00:00,api_generic,146.75,True
3d2d9bbd9c14e9079f0ad42975223e31,2026-08-25T02:05:04.301308+00:00,checkout,621.05,False
3f5687804a19a7cbf05b1772f213a6ad,2026-08-25T02:05:04.439402+00:00,api_generic,102.58,False
17db4464d8269f1f5752ac88367f6fcf,2026-08-25T02:05:04.358680+00:00,checkout,418.07,False
4fb119deeb9bf3b6e8d2a1df820ce712,2026-08-25T02:05:04.454738+00:00,site_latency,310.86,False
4eb49f276b2af18056c75f8ef82ffdf4,2026-08-25T02:05:04.387463+00:00,checkout,717.62,False
081f40057fb4a9dc438c63911dbd01d8,2026-08-25T02:05:04.337306+00:00,checkout,206.16,False
2c011a81d71a9cae82309a8565167acd,2026-08-25T02:05:04.727458+00:00,api_generic,96.61,False
20acd19547787306c8c1f8dba5631faa,2026-08-25T02:05:04.461068+00:00,checkout,418.68,False
625d7456d45cc02b374f2dcd68dfd541,2026-08-25T02:05:05.253372+00:00,api_generic,76.53,False
587054e1a779ad669279f3961ec5d370,2026-08-25T02:05:04.387334+00:00,api_generic,154.9,False
901107a880b4cc8d08d4d005075c7e19,2026-08-25T02:05:04.545334+00:00,site_latency,198.46,True
6bb6b85d89f74b416f182b4d589066a4,2026-08-25T02:05:04.379550+00:00,site_latency,403.78,False
59b7bd4de3048d212e25bc48185168c5,2026-08-25T02:05:04.296487+00:00,checkout,611.8,False
66eb66f922cf28893c336f08b931cd19,2026-08-25T02:05:05.243026+00:00,site_latency,91.32,False
8e8d262cbfdb46240d86c0193b2afcc0,2026-08-25T02:05:04.377140+00:00,site_latency,434.21,False
e982219038cc7e6a6bdb64788bbfacbe,2026-08-25T02:05:04.689013+00:00,checkout,427.85,False
43a17e9257034ffd3d9b56cca91ec5ae,2026-08-25T02:05:03.888910+00:00,checkout,638.45,False
e2acb5620efa9dccb060725c6038b30d,2026-08-25T02:05:04.457074+00:00,checkout,424.73,False
c1b16743d7f734e6624b1604498a0ac3,2026-08-25T02:05:05.277546+00:00,api_generic,123.46,True
ab2f1b979bf6407c8342343854d0f47e,2026-08-25T02:05:06.047357+00:00,api_generic,279.08,False
376d3744990a4dbe521a366b700f38d0,2026-08-25T02:05:04.886572+00:00,checkout,719.42,False
6d45109b9d0ad51e771e28afa5b3757b,2026-08-25T02:05:05.144095+00:00,checkout,526.6,False
75e663c4880e3e13da07013a0fff4185,2026-08-25T02:05:05.848674+00:00,checkout,465.49,False
3a41cc51967668a45284651e706f0b27,2026-08-25T02:05:05.607685+00:00,api_generic,94.8,False
2ca0463d48acdbbd24ea90b2ba47360e,2026-08-25T02:05:05.173643+00:00,checkout,541.76,False
19b6988020c0ef0876cf9b65c3578ea7,2026-08-25T02:05:05.689561+00:00,site_latency,510.43,False
aaf749bae6842b6f54397e4b9c4bfe37,2026-08-25T02:05:05.765970+00:00,site_latency,475.82,False
72efb69c87b867b1125f59fb75062f4b,2026-08-25T02:05:06.092812+00:00,pix,152.94,False
57309b88ed444e6f2263406bff35453f,2026-08-25T02:05:05.345173+00:00,api_generic,87.64,False
03380e6f1a8f3992cfdfb79926ca2601,2026-08-25T02:05:05.375877+00:00,api_generic,55.0,False
5c351e0877fc3293c444093fd76a9b1a,2026-08-25T02:05:05.011179+00:00,checkout,419.53,False
6988e2f945c6a92c326a90c11b4c3907,2026-08-25T02:05:05.501408+00:00,site_latency,406.03,False
7a2e801243e8c9d41f8088889a4c59ac,2026-08-25T02:05:05.632829+00:00,api_generic,478.97,True
927899caa37e3813e609da420dbf8938,2026-08-25T02:05:05.620319+00:00,checkout,547.28,False
a6013b53a1f005bfb30d0cfa7bb5894d,2026-08-25T02:05:05.389822+00:00,checkout,414.33,False
81d300c9b88dbffadcc3b77e297a8122,2026-08-25T02:05:04.883513+00:00,site_latency,621.71,False
2ea114770e4a223ffee8f323ac043ac9,2026-08-25T02:05:05.434903+00:00,site_latency,61.27,False
62fe2be112e0cc74200da5730d971805,2026-08-25T02:05:05.987034+00:00,checkout,184.53,False
f09cbc32e1db36b18412ac9ebdb5e1c6,2026-08-25T02:05:05.689337+00:00,api_generic,84.5,False
9a970f8db719000a11b3fd630dfe45e8,2026-08-25T02:05:05.327388+00:00,checkout,467.8,False
8367670c9e082e1ee118d8b49b7c8573,2026-08-25T02:05:05.837201+00:00,site_latency,96.18,False
4dc151ee526d341c8ddf4ab40abd623a,2026-08-25T02:05:04.956273+00:00,site_latency,607.72,False
da16ae9492d44741a33b4abcfb74d339,2026-08-25T02:05:05.356920+00:00,site_latency,224.61,False
4ea3a38486e04e0aa2b1b54475e89c08,2026-08-25T02:05:06.015918+00:00,site_latency,69.14,False
966c640b0dd5948d2914baf8dd92415b,2026-08-25T02:05:06.079928+00:00,api_generic,160.12,False
c1faa40e64ca784beb4d9bff90de24af,2026-08-25T02:05:05.819015+00:00,checkout,509.94,False
235607ce6f6763bdfedaa6700538762a,2026-08-25T02:05:05.929460+00:00,api_generic,99.13,True
487f85d7c3883fbb3c4f00a47bd2c7c1,2026-08-25T02:05:05.440592+00:00,site_latency,59.95,False
ed9184839e4440b9a64888bf092b65e1,2026-08-25T02:05:05.126657+00:00,api_generic,544.49,False
c5baffbe5271b9bb7b8c60582419b7b6,2026-08-25T02:05:05.377097+00:00,checkout,95.03,False
602ba7eb193d249fbbf0fd35a2084caf,2026-08-25T02:05:05.694134+00:00,site_latency,176.38,False
1c3f8c83adb97360af3361debf18b5b0,2026-08-25T02:05:05.077538+00:00,checkout,566.81,False
014820952ff53bf3c1d5f1eb4b480745,2026-08-25T02:05:05.719505+00:00,site_latency,186.08,False
f5189bed7472d710aa000050c34ec60f,2026-08-25T02:05:03.388944+00:00,site_latency,2243.06,False
bce9ec67b94b15148e0362f3410dc123,2026-08-25T02:05:05.764285+00:00,api_generic,103.73,True
f08061244cf510bf5c367541138f8727,2026-08-25T02:05:06.177933+00:00,pix,109.89,False
f08fe5ff6cf0376d1b15585103de8006,2026-08-25T02:05:05.701986+00:00,checkout,582.33,False
6ae73c88d40cc09333299989b8c297fc,2026-08-25T02:05:05.441189+00:00,checkout,152.55,False
f396b08da86702c9ae9da73228d512dc,2026-08-25T02:05:06.000781+00:00,checkout,223.15,False
fa70740c1c9d88be269875976af818cd,2026-08-25T02:05:06.173497+00:00,site_latency,62.59,False
37e234c4d6574d5d4739eb0dd8bf53f5,2026-08-25T02:05:05.367754+00:00,site_latency,319.91,False
b054a807668c94ab266994095f6a3bab,2026-08-25T02:05:05.051641+00:00,checkout,772.47,True
991c3a8894d820aaaa69e10a738f9e54,2026-08-25T02:05:06.097208+00:00,api_generic,103.77,False
a7ba0e5185c16d9a2e958dee42531dcc,2026-08-25T02:05:05.436360+00:00,pix,81.86,False
80517525acb2efd28adadcf7922a05df,2026-08-25T02:05:05.361266+00:00,pix,180.72,False
31435e118a0f6ccf22ccc5ca09f521f8,2026-08-25T02:05:05.450436+00:00,pix,192.14,False
b7f82478c5e0369a2b2ba4f28f697a52,2026-08-25T02:05:05.096961+00:00,site_latency,415.81,False
17deed9d3d25745ed96835b92034e3d5,2026-08-25T02:05:05.639670+00:00,site_latency,218.65,False
dd819ef5edd130e874ae99c76a1d06e3,2026-08-25T02:05:05.444763+00:00,checkout,530.43,False
08086997d0cda7e0fc017af9ef235212,2026-08-25T02:05:05.911739+00:00,site_latency,134.2,False
0681fbbb5a10d4a93e953830d9dfa917,2026-08-25T02:05:05.373009+00:00,site_latency,220.31,False
0278dfac26df4011636cb1f4fe989656,2026-08-25T02:05:05.536934+00:00,api_generic,123.67,False
3854bd9a40f1a584c299028626fefa75,2026-08-25T02:05:05.302641+00:00,site_latency,543.67,True
b17e37704f2aa15721043baf8e4ea941,2026-08-25T02:05:05.385251+00:00,api_generic,37.19,False
e04d7878c1f2fac6260b0141566d95bc,2026-08-25T02:05:05.631968+00:00,site_latency,458.78,False
8545a6f3e258c7a10ad71551e54ce408,2026-08-25T02:05:06.033126+00:00,site_latency,74.34,False
a4d4d45e740663c2f7d37f9c619f36ba,2026-08-25T02:05:04.589185+00:00,site_latency,1580.63,False
1039dc2c1e3710a971f20da5ae1d9a77,2026-08-25T02:05:05.757784+00:00,site_latency,77.59,False
29e9c76be12d7f803ff2f1ffcf1afa50,2026-08-25T02:05:06.024366+00:00,api_generic,40.28,False
4de34c41709d8b8b1fc8ba185fa8835a,2026-08-25T02:05:05.442518+00:00,site_latency,882.29,False
2d213e6fdf6c78ef87dc4aa5059e7eae,2026-08-25T02:05:05.964347+00:00,api_generic,86.63,False
53eebe910fd9a6142db58c4cf7ba8004,2026-08-25T02:05:05.712200+00:00,pix,158.61,False
8c785f4b92ca11125949da056ccac04f,2026-08-25T02:05:06.132823+00:00,api_generic,31.09,False
fef284d23ec5e18a2cbfb8c5294bcb0d,2026-08-25T02:05:05.179262+00:00,checkout,461.91,False
f7365f1b81ce09d14a45feb7085dfc6a,2026-08-25T02:05:05.625770+00:00,site_latency,207.77,False
c8ab0bea70029deafc056b7405669162,2026-08-25T02:05:05.297389+00:00,pix,166.59,False
617d44de9df808c1f5d4dc3fc2100b04,2026-08-25T02:05:05.355541+00:00,checkout,218.28,False
abcde3df6a6bcee5801c8937897c8882,2026-08-25T02:05:05.951982+00:00,api_generic,87.03,False
7282060189f12e634ab4ef119b7cca33,2026-08-25T02:05:05.759781+00:00,site_latency,103.32,False
f05b192d8741d43982b00f8e8e5809cb,2026-08-25T02:05:05.719001+00:00,api_generic,376.91,True
b8fa222a8b8b8d8d83391170e4281a30,2026-08-25T02:05:04.849287+00:00,site_latency,585.65,False
dfb81dbd24fa6483c7369fb49bae44a6,2026-08-25T02:05:05.686870+00:00,api_generic,39.33,False
6e7ca22a9db5a32ea7734fabb79edeaf,2026-08-25T02:05:05.877818+00:00,checkout,255.54,False
70a45eaff9b17463d5ea5f44b38ea86d,2026-08-25T02:05:05.773782+00:00,api_generic,46.43,False
4ab9553d3dea405e35c518e22cd0a91c,2026-08-25T02:05:05.190309+00:00,checkout,597.41,False
f1d5dd365e3aa6f39d4489a0a46e79db,2026-08-25T02:05:05.729418+00:00,api_generic,300.26,False
56a8a406a8c1dfac2ac86d03154119da,2026-08-25T02:05:05.507298+00:00,checkout,558.81,False
ef39dd6117f29425be42d9f996afaa0a,2026-08-25T02:05:05.775245+00:00,site_latency,478.17,False
e2f263f9c8db6618da82d2e18095b920,2026-08-25T02:05:05.857363+00:00,api_generic,116.15,False
dc680aa494bf7956713a91d051f317aa,2026-08-25T02:05:05.298242+00:00,site_latency,233.48,False
b377d7672445d6cd03613a0db9d86bb4,2026-08-25T02:05:03.780138+00:00,site_latency,2030.03,False
8ef6ce07097a0139fc7f1a9c8ac9f9ad,2026-08-25T02:05:05.451721+00:00,checkout,719.59,False
53e216d15ffd64b8a0e0c46df00d0307,2026-08-25T02:05:05.239517+00:00,site_latency,207.63,False
bb01df6b0840c34c418e279a3fd3c30a,2026-08-25T02:05:05.677692+00:00,checkout,496.07,False
9826e54ae5a2d880de55ffd3989d951e,2026-08-25T02:05:05.676070+00:00,site_latency,573.59,False
d467e7fdc1cbfd64a73c8c630b38f296,2026-08-25T02:05:05.984139+00:00,api_generic,183.9,False
59b3eb531defe6e161e5ab98ab90848b,2026-08-25T02:05:05.537834+00:00,site_latency,338.24,False
4f4641fa52a0c173099d3a3b23aef849,2026-08-25T02:05:05.635106+00:00,checkout,259.97,False
a5abfffbf0cbdd4582cd4668487fb985,2026-08-25T02:05:05.755844+00:00,api_generic,222.53,False
f3b937ac35922547864d3eea6d15186d,2026-08-25T02:05:05.339731+00:00,checkout,530.41,False
b007886c0c0ebbf8b5661cdcd0d8be84,2026-08-25T02:05:05.665284+00:00,api_generic,52.02,False
0111d95111b8865d97698a6e29d2cfd2,2026-08-25T02:05:05.628188+00:00,site_latency,423.11,False
d594c0bd97696e40d9f654bfbb12b13b,2026-08-25T02:05:05.328692+00:00,checkout,186.03,False
15bcd975b95331c9a15d58431b4546f6,2026-08-25T02:05:05.450911+00:00,site_latency,173.42,False
e222c977038876138657a0ca80cf08f5,2026-08-25T02:05:05.667650+00:00,api_generic,70.07,False
a9f783ca3ace861b68c3532f09f48902,2026-08-25T02:05:05.756416+00:00,site_latency,289.01,False
99f8a937c90f6c73975a4d8cc24e5307,2026-08-25T02:05:04.597670+00:00,checkout,981.22,False
48a8e88667067461c829fa820f92bede,2026-08-25T02:05:05.195730+00:00,checkout,651.54,False
14d99b01e8631755017f8b9f10e1841d,2026-08-25T02:05:04.647929+00:00,checkout,774.16,False
6a8b86ffceca0aaf8966fe4e19513601,2026-08-25T02:05:05.400951+00:00,site_latency,182.12,False
257182b679fd6229d209b20ffb84f17e,2026-08-25T02:05:05.258010+00:00,site_latency,579.23,False
b1341f320113fa1eed53ed9bd94edbc0,2026-08-25T02:05:04.881101+00:00,site_latency,550.34,False
e330319266454d17e43f42b805839fac,2026-08-25T02:05:05.381275+00:00,pix,466.37,True
ae258fa71d902a8be839c9deae1db5f0,2026-08-25T02:05:05.944854+00:00,api_generic,77.31,False
1e1324ff1af4d194fee19ec421a85bf6,2026-08-25T02:05:05.605951+00:00,checkout,668.48,False
3db6fd71f16a6de0a5658d79a76acd6d,2026-08-25T02:05:06.205784+00:00,site_latency,111.38,False
968e5ef0a787417d8caf98e12a6b532d,2026-08-25T02:05:04.891924+00:00,checkout,538.59,False
0266410e8ae62386d68639216c980cda,2026-08-25T02:05:05.552931+00:00,checkout,481.1,False
834d802b6daddca61a3830a798133def,2026-08-25T02:05:05.595309+00:00,api_generic,89.3,False
0ce9c3b5c4b0d632fb586b5504332cac,2026-08-25T02:05:05.334769+00:00,checkout,459.88,True
0c74e83d5d3cd5d94fed666060977b54,2026-08-25T02:05:05.855241+00:00,api_generic,372.29,True
db70a70c133ef1510549e8d2659261ac,2026-08-25T02:05:05.934787+00:00,checkout,276.73,False
7368dac791e44365727708f2216b818b,2026-08-25T02:05:05.864936+00:00,api_generic,72.03,False
6953e2b3d72e840378f5130be99e790a,2026-08-25T02:05:05.829656+00:00,site_latency,120.43,False
accf4e56dab8f2c61994137e433f2c2a,2026-08-25T02:05:05.298066+00:00,site_latency,196.48,False
886a2200dd227f2f712877b9c39afde2,2026-08-25T02:05:05.436505+00:00,checkout,536.51,True
b487438ff43b41566ec5c8e16d6fd1c5,2026-08-25T02:05:05.469918+00:00,pix,165.94,False
f6e2c867bc30e7f781d3f0048efc4296,2026-08-25T02:05:06.178688+00:00,api_generic,84.48,False
22d642862297b6fc267b0810cb1ec0cd,2026-08-25T02:05:05.519440+00:00,site_latency,165.34,False
de5120ddcbb030cf6a18e00d6a894001,2026-08-25T02:05:05.025631+00:00,checkout,526.9,False
697fd747a0e107fa1f64d3418841e771,2026-08-25T02:05:05.672228+00:00,pix,138.25,False
9c429df2eefff9bf3b1c94f0e911358c,2026-08-25T02:05:06.165508+00:00,api_generic,129.15,False
12fd3a029a172f75c93015af2609031f,2026-08-25T02:05:05.621424+00:00,checkout,428.2,False
34e2afda505300f0d167b49103a60cf7,2026-08-25T02:05:05.811897+00:00,site_latency,355.95,False
acb4eb055107845610259a78c9485baa,2026-08-25T02:05:06.074958+00:00,api_generic,142.79,False
c82090a69ce1a3eed81ca1c579889ab4,2026-08-25T02:05:05.221974+00:00,api_generic,277.16,False
f96d89eddfe7fae11840d73a346ba91a,2026-08-25T02:05:05.704631+00:00,checkout,488.66,False
f0eb60535f5559650d9876e1970fc08e,2026-08-25T02:05:05.981675+00:00,api_generic,107.69,False
aefb4b6766f8b368c98b8b29505bd472,2026-08-25T02:05:06.058501+00:00,api_generic,61.46,False
012646bbaaa5e1f42b6e4b48e9852e9f,2026-08-25T02:05:05.434777+00:00,checkout,217.14,False
08d6b59fa883b5927fcf394a83e96187,2026-08-25T02:05:05.554148+00:00,api_generic,118.79,False
511e4be5f4d3532c204ff58ba409edaf,2026-08-25T02:05:06.035304+00:00,api_generic,182.21,False
a44a99446624bf6374f611e0b091f7bb,2026-08-25T02:05:05.600003+00:00,pix,106.4,False
16ed7afe9742c19d536d5b094555c8cc,2026-08-25T02:05:05.778966+00:00,site_latency,266.7,False
ef4969a7a3d4bd9b27b0db5a867a3e91,2026-08-25T02:05:06.227485+00:00,site_latency,341.89,False
f305ff6243cab1578b808642cd1ba99c,2026-08-25T02:05:06.549252+00:00,api_generic,45.87,False
991c2059025a7ceeb02c6f42c2d7d6fb,2026-08-25T02:05:04.218264+00:00,checkout,3015.13,False
5652001ce6da9e828cc28ffdc8e3ee59,2026-08-25T02:05:06.749832+00:00,checkout,403.16,False
d3184efbc9d3f6ea3f842bb4ebcaf077,2026-08-25T02:05:07.098146+00:00,site_latency,193.77,False
cc1cb200ee942baec362bb6e7667fe0f,2026-08-25T02:05:07.004138+00:00,pix,89.57,False
253cd4dd5e9c659508223d3130920ed8,2026-08-25T02:05:07.173978+00:00,site_latency,108.01,False
51b401e44b32a6f2f4e0f08ea8b356fe,2026-08-25T02:05:06.235205+00:00,api_generic,126.92,False
ee85e35e905ac1defb7785b4989ab332,2026-08-25T02:05:06.181477+00:00,checkout,563.99,False
eee5cc147bb0e2c7403f1ebbc30d96cd,2026-08-25T02:05:06.830126+00:00,site_latency,210.95,False
7cbef0b2ce3900c2702071c8d90a939e,2026-08-25T02:05:06.608651+00:00,api_generic,36.62,False
d8e785e250dba06750d978a678632e3c,2026-08-25T02:05:06.214032+00:00,checkout,642.79,False
590abf64c84fda4a476c496290753e2e,2026-08-25T02:05:06.431180+00:00,checkout,689.01,False
4ca7ca0b938ca5862212e9f86908ef70,2026-08-25T02:05:06.592826+00:00,api_generic,99.14,False
5df38d9b0a873a5d9ba63b9e8814c558,2026-08-25T02:05:06.745417+00:00,site_latency,405.43,False
5f30ffd056b00cf05d40ac09c0fdecf6,2026-08-25T02:05:06.469711+00:00,checkout,200.21,False
c40173acd989d437b0be78536116398d,2026-08-25T02:05:06.072812+00:00,checkout,517.57,False
aa5be5f5e793f5f5affe35973bbcf585,2026-08-25T02:05:06.109440+00:00,checkout,499.76,False
1b1ffcbf7630f37c73e02a08092bf582,2026-08-25T02:05:06.322624+00:00,api_generic,44.49,False
785fedc6fe355cd7f467b82e1f068e7b,2026-08-25T02:05:06.960243+00:00,api_generic,139.34,False
11e5760a75a7811c11962434ba025597,2026-08-25T02:05:06.181264+00:00,api_generic,252.53,True
0e23f0057bd7910a1840cc723340c343,2026-08-25T02:05:05.956657+00:00,checkout,555.42,False
cdad8ecb94b0749a9e0996e7d8ee6b4d,2026-08-25T02:05:06.873904+00:00,checkout,307.67,False
8f0283863d9af91078be6d7f166047f1,2026-08-25T02:05:06.024900+00:00,checkout,501.86,False
e24df02aada06736276ea60646ebd62d,2026-08-25T02:05:06.432590+00:00,site_latency,424.67,False
fd6d4d6a9eed04d0e780004c064e1afe,2026-08-25T02:05:06.116905+00:00,site_latency,740.17,False
f1a56816db00bb446712e843eda56ef4,2026-08-25T02:05:06.460937+00:00,api_generic,84.8,True
67b929ac1ec019591b23130aa90ca863,2026-08-25T02:05:06.696775+00:00,api_generic,86.28,False
b6b4208da811fd336d42cbcde81066c9,2026-08-25T02:05:06.570877+00:00,site_latency,321.62,False
a02d1f222b06ece6f0af68f445219583,2026-08-25T02:05:05.890878+00:00,site_latency,623.11,False
ec26b970e38ff2fadf16456f6dfe232f,2026-08-25T02:05:05.603908+00:00,checkout,778.16,False
103153b979ebe51d2bb5a4bc9dd4d23e,2026-08-25T02:05:06.372884+00:00,site_latency,409.41,False
3b8188478c9a4341a277daa160ee8776,2026-08-25T02:05:05.727555+00:00,checkout,1144.58,True
5f9e7bd1892793f96af4a262e24d53b4,2026-08-25T02:05:06.374260+00:00,checkout,802.8,False
5c14b3940d872760c9963349f832ee96,2026-08-25T02:05:06.616821+00:00,site_latency,141.69,False
480791e733326aac8c0f6fe23b69aced,2026-08-25T02:05:07.124575+00:00,site_latency,124.94,False
4a039c92237d00fe1598a7d9db558506,2026-08-25T02:05:06.374402+00:00,checkout,346.72,False
1723570f4d759cf09d0bca1c7e662439,2026-08-25T02:05:06.747758+00:00,api_generic,62.86,False
c0252285610998af057c31b9ed89b07e,2026-08-25T02:05:05.347588+00:00,site_latency,1860.63,False
0ae2fed81df2475065bd0a6d6bd86db7,2026-08-25T02:05:05.908873+00:00,checkout,453.55,False
39e0707f7e16acefb77d0f14e9251b42,2026-08-25T02:05:06.391184+00:00,checkout,266.54,False
0ba0d3876835ef8dcf54d8324a2928d3,2026-08-25T02:05:06.762360+00:00,pix,130.65,False
51a479bdd9cf7f26d37d47d3e2c309f2,2026-08-25T02:05:06.409029+00:00,api_generic,133.89,False
0c4a844f17cb34004a840cef8bc65500,2026-08-25T02:05:06.375792+00:00,api_generic,52.94,False
c17888c0aaebca59e1021dc8ad93b408,2026-08-25T02:05:06.386083+00:00,site_latency,323.69,True
69bbc91e75a72317edaba623a9c5a10d,2026-08-25T02:05:06.052573+00:00,checkout,400.13,False
6b238138d2162941529cabde1124c4d4,2026-08-25T02:05:06.195092+00:00,checkout,835.13,False
c024927b3e450ad25b552fe209b9a2e5,2026-08-25T02:05:06.787641+00:00,checkout,380.14,False
09f4244c4c72a92ede6392b47aabd37e,2026-08-25T02:05:06.669832+00:00,checkout,613.54,False
51b9331703f9fa53599ee5b52a91ed12,2026-08-25T02:05:06.431741+00:00,site_latency,219.81,False
d4190fbca7d4fb9ea48ca0dcd3bebabb,2026-08-25T02:05:05.754085+00:00,checkout,670.69,False
e672373b800307eca102e590dba50371,2026-08-25T02:05:06.733213+00:00,site_latency,420.04,False
cdfcd29800b74b757a8359dd94fe0fac,2026-08-25T02:05:07.040123+00:00,checkout,224.48,False
48e1ec5cc4b239a0993a995cc7c3a795,2026-08-25T02:05:07.076568+00:00,pix,125.81,False
f6a66ae254acba1ba5bcd5becd55ce90,2026-08-25T02:05:06.417009+00:00,checkout,558.41,False
a3a4449e0a3a671cd9e3f11a9b476ae1,2026-08-25T02:05:05.890474+00:00,checkout,569.11,False
8b4a4020e95a8360acdf83e1de240c26,2026-08-25T02:05:06.031547+00:00,checkout,1022.64,True
01f7b2bc8987504d615269f772a71081,2026-08-25T02:05:06.364841+00:00,site_latency,580.95,False
c5eb7b22d76b1b54a762fff2c706c5c5,2026-08-25T02:05:06.859104+00:00,site_latency,322.14,False
2d11000e485426b9d60348ea38b3610f,2026-08-25T02:05:06.528762+00:00,checkout,510.75,False
3701c89acfc561f65753f94b0daa3f5e,2026-08-25T02:05:06.650780+00:00,api_generic,154.21,False
79ca1163c85ac116a0d9070855f0ce41,2026-08-25T02:05:06.375357+00:00,checkout,215.31,False
9e8b263bb77c294149a0458ffa844769,2026-08-25T02:05:06.959739+00:00,pix,143.52,False
16aa480fb3c1c62a8a05807b5382c05f,2026-08-25T02:05:06.130247+00:00,site_latency,275.75,False
b88959a6585f4a044bc1cedadab336b9,2026-08-25T02:05:06.375598+00:00,checkout,347.11,False
ce3a2bf86a6d5d195a5904471630c1f4,2026-08-25T02:05:06.214558+00:00,site_latency,297.06,False
c050523b6f5f06ffbd406feb30d72c0e,2026-08-25T02:05:06.647171+00:00,api_generic,97.28,False
2bd6c1d77445460447c90fe4364b7897,2026-08-25T02:05:06.249098+00:00,site_latency,134.94,False
234b408dec3f010c9b680dd69be1fcd5,2026-08-25T02:05:06.743830+00:00,site_latency,542.08,False
fd6846b0090a942971619e6c4c4b6844,2026-08-25T02:05:06.637157+00:00,site_latency,60.82,False
597176786840ac0733abab96f18d0f7e,2026-08-25T02:05:07.131444+00:00,api_generic,52.5,False
6a050ad336cbc7ad3ecdecec950ece78,2026-08-25T02:05:06.236035+00:00,checkout,528.14,False
c4fa4042cd3fbcabb59aa10ee35ecc48,2026-08-25T02:05:06.653769+00:00,api_generic,345.96,False
441d713fa82ef7ca1b0370e8a18a665e,2026-08-25T02:05:07.073785+00:00,site_latency,181.95,False
901c0470cc475f77a9fcaef824881a5f,2026-08-25T02:05:05.781134+00:00,checkout,787.93,False
f870ff4ff90f12843bae0759b7ad8d47,2026-08-25T02:05:05.488288+00:00,checkout,1084.67,False
1734629f30fdfb4c28aca9f777a8660e,2026-08-25T02:05:07.147827+00:00,api_generic,78.63,False
83d14af02e3718524d6d8e1b3bda441f,2026-08-25T02:05:07.006958+00:00,site_latency,273.15,False
3bff380ef5b44ba133a77a42156577f7,2026-08-25T02:05:06.039476+00:00,checkout,464.67,False
fee2e84c3155bd774b9501bbc22aa994,2026-08-25T02:05:06.553226+00:00,site_latency,52.44,False
aa887f8fb82948c3b37567b3bf556fca,2026-08-25T02:05:06.218427+00:00,checkout,361.05,False
8236a3c70607d44e7644115ac4abc6c4,2026-08-25T02:05:06.030834+00:00,site_latency,440.06,False
57d8ea1bd3e79c9fe18ed1a7e71c1ef1,2026-08-25T02:05:06.710437+00:00,site_latency,340.26,False
8cbade2f72e0df12b2818d037cb04626,2026-08-25T02:05:06.248090+00:00,checkout,494.99,False
719cbfc5946e50d23c18475a195e2ebf,2026-08-25T02:05:05.643161+00:00,checkout,1256.25,False
308942a8fd45804fe605c29c929624b2,2026-08-25T02:05:06.604496+00:00,checkout,229.87,False
951e15f1920a52357bd2c55f024c12cb,2026-08-25T02:05:06.976659+00:00,checkout,210.26,False
488a577b575361cf7fa970419c6a8755,2026-08-25T02:05:05.884907+00:00,site_latency,589.96,False
c2960182e1768c339489c953c307cf3a,2026-08-25T02:05:05.920865+00:00,checkout,792.69,False
1ca07061fab5d64d02650031929ef68c,2026-08-25T02:05:06.405669+00:00,api_generic,139.78,False
324d57efda564d51344f8373d9c9bc69,2026-08-25T02:05:06.434499+00:00,checkout,261.83,False
ed8c0bf665e3fbf1aca0ff4a1eb460ab,2026-08-25T02:05:06.376537+00:00,checkout,639.83,False
6ffb02ca3174992cd68ba6d3bde2ddf1,2026-08-25T02:05:07.175341+00:00,site_latency,88.73,False
2c2f621e1beef1cd651982468dacb68f,2026-08-25T02:05:06.495072+00:00,checkout,298.48,False
aaba7f7908ad657593a428f9b63a56e2,2026-08-25T02:05:06.594522+00:00,checkout,408.24,False
802298d12c19b5a766c4a0b600c92f49,2026-08-25T02:05:06.457352+00:00,site_latency,181.54,False
f8c62be2a5fd54274484be97a06591db,2026-08-25T02:05:05.647087+00:00,checkout,1132.33,False
3a8a3ac701901be0ecfe0e22f991089d,2026-08-25T02:05:06.205615+00:00,site_latency,308.07,False
338b9e0ef24099a01e4256218bfc482d,2026-08-25T02:05:05.100337+00:00,checkout,1725.3,False
adeb8b70a106e46795fc0a8c640c4e0f,2026-08-25T02:05:06.872076+00:00,site_latency,213.97,False
26a917463e73b7cfa15d9f6090696b13,2026-08-25T02:05:06.913999+00:00,site_latency,209.43,False
74245c1a97da698ecadf5d46b2b7f6c9,2026-08-25T02:05:06.576273+00:00,site_latency,63.29,False
f7fb0114c6e7ca1b58652687016c226d,2026-08-25T02:05:06.652793+00:00,checkout,253.95,False
402d60d734cac183cb7184c1b7ed29e8,2026-08-25T02:05:06.358529+00:00,site_latency,126.58,False
24c8ff401127765c2c0e06fb5e5a4eb3,2026-08-25T02:05:07.213529+00:00,api_generic,81.69,False
77143631324a82538e15787bf102ee15,2026-08-25T02:05:03.931048+00:00,site_latency,3065.88,False
ce3c5bae3caa9af89427b423c39155cd,2026-08-25T02:05:06.618591+00:00,checkout,499.64,False
6564ce2b0303ccd88c25e6397ee41ccf,2026-08-25T02:05:05.861912+00:00,checkout,689.94,False
0abb4126df230bd80e07cb47f7ad4489,2026-08-25T02:05:06.788267+00:00,site_latency,105.23,False
086fb495898dd9c2f3e125480f3d8b17,2026-08-25T02:05:06.171231+00:00,checkout,501.35,False
6ec62c59c8928af44ccb5e3494f7258f,2026-08-25T02:05:06.680981+00:00,api_generic,104.85,False
052c2f79af7405301988fd2ecc4ce440,2026-08-25T02:05:06.978005+00:00,checkout,222.53,False
a37dab73f405c4ea588a542b521e26d8,2026-08-25T02:05:06.644927+00:00,site_latency,610.28,False
c2b866ce7d6ff889c6b51f29d275fb81,2026-08-25T02:05:06.842463+00:00,checkout,385.73,False
b206a7abf70a9e236b2f87a73e83b47a,2026-08-25T02:05:07.069519+00:00,checkout,224.01,False
71ee4acc07ec1fbde00121886fb4c348,2026-08-25T02:05:06.614035+00:00,checkout,525.94,False
ad0f356b8dc7332097990da111f65b35,2026-08-25T02:05:07.764082+00:00,site_latency,58.04,False
87fe68c4f8d468d8fcc4f3aeb9ed0388,2026-08-25T02:05:07.374036+00:00,site_latency,533.49,False
63f3b8c1c0021ddd64acf8fd0c661c2b,2026-08-25T02:05:07.663038+00:00,pix,76.62,False
42084f74976407301646fb3acc1db2fc,2026-08-25T02:05:07.184871+00:00,site_latency,510.55,False
073c482bed6e1c4dc7671415e30339e5,2026-08-25T02:05:07.284305+00:00,api_generic,213.22,True
fc3368c0432c76dd4772159494e55aaf,2026-08-25T02:05:07.781977+00:00,checkout,128.9,False
3b635cfd5197870f89b76c8d01361fba,2026-08-25T02:05:07.606963+00:00,site_latency,245.71,False
42dc3f5fefdf430fe6a01a96cebe72b1,2026-08-25T02:05:06.996862+00:00,site_latency,423.5,False
c6afd43294c77f2b4c343edfcb74e451,2026-08-25T02:05:07.314458+00:00,site_latency,425.41,False
0855827bca3fcd268bcf658a657ca796,2026-08-25T02:05:07.965761+00:00,pix,83.96,False
41f083bc8d420c844746c527d2a9c0c2,2026-08-25T02:05:07.405376+00:00,api_generic,311.0,False
76a70c2eed05ed338d24c018d29330f0,2026-08-25T02:05:06.332623+00:00,site_latency,1010.08,False
ae159d81d51aef51bd39e4f55f5f0647,2026-08-25T02:05:07.390303+00:00,checkout,170.05,False
82165bf40fec36058a078496e4eb72fd,2026-08-25T02:05:07.421606+00:00,checkout,656.63,False
a24e4800fe25066c68efedb989c0cdea,2026-08-25T02:05:06.916425+00:00,api_generic,792.72,False
04a4e69203376ccfb7117abf537d8851,2026-08-25T02:05:07.740312+00:00,site_latency,134.18,False
b45985c316c94a99f5b5294153dfee05,2026-08-25T02:05:07.848128+00:00,api_generic,182.2,True
6a081e86dab2539610bfa471cd3cb936,2026-08-25T02:05:07.987515+00:00,pix,145.93,False
4c9f4014414601bfa4824994caf30b2a,2026-08-25T02:05:07.354084+00:00,site_latency,461.48,False
9a9f76cadf62714b494630c17ea8c596,2026-08-25T02:05:07.485460+00:00,site_latency,366.72,False
4b9da4943b57d340dc454b7c64ab8e2d,2026-08-25T02:05:07.685350+00:00,api_generic,103.61,False
d253d07f6c05c558bdf5868af7e7507e,2026-08-25T02:05:07.683464+00:00,api_generic,128.83,False
182a2304840fa564616f489b72fa79da,2026-08-25T02:05:07.865111+00:00,api_generic,87.99,False
8d743b999c833b76fc148ba173f5c2ea,2026-08-25T02:05:06.679152+00:00,site_latency,837.38,False
d032a09768a110e4fb0910c7275b046d,2026-08-25T02:05:07.512785+00:00,site_latency,433.51,False
3eaf66d12cd05143b5d6a37902c25152,2026-08-25T02:05:07.155902+00:00,checkout,305.88,False
7642856a37bf886137b3ed6ff96c8996,2026-08-25T02:05:07.200488+00:00,checkout,483.03,False
9aef5142703b4629a86df9abff1a338c,2026-08-25T02:05:07.928288+00:00,pix,140.11,False
ab57df568eb7f91bf802b24f80a2dbe0,2026-08-25T02:05:06.595050+00:00,site_latency,755.84,False
55aa096982dc31389c5941e906caf8d6,2026-08-25T02:05:07.113675+00:00,site_latency,232.89,False
1a7e9d3de5f1a471ce3f421bf746fbaa,2026-08-25T02:05:07.296441+00:00,site_latency,411.27,False
88b1465824010c95034ad7514951e209,2026-08-25T02:05:07.373396+00:00,pix,102.44,False
8b9c9d005650c51794140d5a53efbfd9,2026-08-25T02:05:07.547446+00:00,site_latency,199.22,False
a8ff188be542a1f1c0591f1b89b5a544,2026-08-25T02:05:07.061807+00:00,pix,566.54,False
87c162f5f66e36bb3e3bc580b541cffd,2026-08-25T02:05:07.692527+00:00,pix,75.29,False
12c616fc91cf8fafeb661ec8ea817108,2026-08-25T02:05:07.606358+00:00,site_latency,108.13,False
3e4f66fb79a165dd357570543c9767f8,2026-08-25T02:05:07.881123+00:00,api_generic,105.51,False
cce29ee9d90d8796f1ab77406d43b00c,2026-08-25T02:05:07.708484+00:00,checkout,420.28,False
960c27fedb5ea0bb772139c43727d826,2026-08-25T02:05:06.857711+00:00,checkout,596.47,False
b8ce7c462f179d59d0ad2735ef06d240,2026-08-25T02:05:07.718221+00:00,site_latency,338.61,False
874975f6b04abc33abfb9cc54cba2314,2026-08-25T02:05:06.895911+00:00,site_latency,794.08,True
e441c37984243ba97ec4d3d7e2d0a992,2026-08-25T02:05:07.570724+00:00,checkout,420.52,False
3345d138a844f99f3965505775f15fe0,2026-08-25T02:05:07.162205+00:00,site_latency,453.89,False
e6a15e9d2b7728dfeb3ea764ac917df3,2026-08-25T02:05:08.069805+00:00,pix,94.02,False
1a835b6126278384d31b69575564eb94,2026-08-25T02:05:07.774790+00:00,api_generic,71.36,False
29511c89bf88417e403d990d7e684ab8,2026-08-25T02:05:07.689794+00:00,api_generic,62.55,False
b5bc7ac127aaa97e95f945fdcda3dcea,2026-08-25T02:05:07.103200+00:00,site_latency,474.84,False
6cc37ae00c5f862db9787c5895ae89e2,2026-08-25T02:05:07.510688+00:00,site_latency,412.91,False
1b16f66d2c181e66f91eaa67dcb90e14,2026-08-25T02:05:07.874145+00:00,pix,64.43,False
bf41b6edbacf672cc7094d35a4382f31,2026-08-25T02:05:07.144591+00:00,site_latency,218.0,False
75265facd8a6cd36c7bc694d8e48f305,2026-08-25T02:05:07.659972+00:00,checkout,400.18,False
811df6255bb94bc486638b23683bb1cb,2026-08-25T02:05:07.295181+00:00,checkout,382.44,False
b40d6db9d2292448769c08dcf14f0aee,2026-08-25T02:05:07.150812+00:00,site_latency,616.57,False
d4fb0789e3c90c98480c5e58da89faf2,2026-08-25T02:05:07.658967+00:00,checkout,253.95,False
d9d1d93f494cd2bccbf5cfc5a2025aee,2026-08-25T02:05:04.968141+00:00,checkout,2841.06,True
561fff3cd9f3bbf76f48a4c7647f7d03,2026-08-25T02:05:07.192115+00:00,pix,159.94,False
aedfb6c08b2b58b9004e01f9da1f71e5,2026-08-25T02:05:07.390959+00:00,checkout,254.99,False
d865f455b43e4c46ebf1ac0929b11356,2026-08-25T02:05:07.697907+00:00,checkout,453.18,False
80e5543e6c9342e8b78d37e2f10e8014,2026-08-25T02:05:08.000774+00:00,api_generic,143.52,False
60fef29e0719b31b9aaec0124c78b020,2026-08-25T02:05:07.389323+00:00,checkout,210.61,False
ae55ecf5d1c7a999a61ed80f7e181d1c,2026-08-25T02:05:06.497584+00:00,checkout,1167.03,False
2566db7e0026a80ac7d1c3ab83c387e6,2026-08-25T02:05:07.572110+00:00,pix,160.56,False
5448a835c17365645454bd20bdafc6b0,2026-08-25T02:05:07.562038+00:00,site_latency,206.39,False
5208f9763a3876d9baa330166a7768ab,2026-08-25T02:05:07.565741+00:00,site_latency,467.26,False
a80714bab175fa400c409be6a69f3d4b,2026-08-25T02:05:07.372485+00:00,site_latency,190.83,False
a04cf560880bf07db41c83a795f21aa7,2026-08-25T02:05:07.506043+00:00,api_generic,75.57,False
5056e8f64ebbb00c293803f98020767b,2026-08-25T02:05:07.230436+00:00,site_latency,430.5,False
231b50ce39548040a27d2023928d4bb4,2026-08-25T02:05:07.052996+00:00,site_latency,580.39,False
317ece2e5675ce429c9d57d9b8719f8b,2026-08-25T02:05:06.955978+00:00,site_latency,460.32,False
c08f066acff6806dd1933566c1bbcb4d,2026-08-25T02:05:07.394935+00:00,site_latency,407.92,False
967e523aaa9f828b9b4867263ac82665,2026-08-25T02:05:07.735263+00:00,api_generic,131.66,False
6f2d69b7cf8449b52667c6c7ab4f1f96,2026-08-25T02:05:08.022349+00:00,api_generic,129.02,False
d913e7dec69199dda50d38c11a18d2ff,2026-08-25T02:05:07.825535+00:00,checkout,271.63,False
ec104dd266181c9c48d9dc91524d5958,2026-08-25T02:05:05.449260+00:00,site_latency,2152.72,False
b105f8c3092c3c6bdb92fc25284bf802,2026-08-25T02:05:07.466504+00:00,checkout,371.84,False
fe2a52f39e0f55bc77ddb03cbd5ed464,2026-08-25T02:05:07.461727+00:00,site_latency,160.26,False
99edcfa4d8ab80bf84050853a6314dd3,2026-08-25T02:05:07.309202+00:00,api_generic,83.18,False
98586670522af3fc50ffbe353d0b50a3,2026-08-25T02:05:07.400597+00:00,api_generic,225.31,False
2d0e5d0d4e17e696e43cd9f4dee72cbf,2026-08-25T02:05:08.031585+00:00,site_latency,76.62,False
ed9a06bc072e77f4a837cc5b1720057a,2026-08-25T02:05:07.551172+00:00,site_latency,600.43,True
5c8f5d8e7444772b6a0e1b66ce7401d0,2026-08-25T02:05:07.452149+00:00,site_latency,134.2,False
d7420e24dde576ab7847c9c82231c78e,2026-08-25T02:05:07.492623+00:00,site_latency,104.3,False
d358ddad89b0fac0b96c3b6963b27c19,2026-08-25T02:05:07.669078+00:00,checkout,436.92,False
66388821ef24fe8d3de100b9f49d2260,2026-08-25T02:05:07.790628+00:00,api_generic,101.17,False
2d76ad5a32e24e0938bb18844f628fa7,2026-08-25T02:05:06.765110+00:00,checkout,1176.36,False
44cf0cb3f31fc505bbc6e9314feb962b,2026-08-25T02:05:07.257331+00:00,site_latency,645.75,False
dc4aec14ac0153b3dd392dca57ab4543,2026-08-25T02:05:07.712903+00:00,site_latency,210.43,False
aa63e7dbaf34f7360ddf450268bf6f22,2026-08-25T02:05:07.477202+00:00,api_generic,56.69,False
545e8f8721b5a5aa01a2b61b6451d0cb,2026-08-25T02:05:07.660870+00:00,api_generic,180.47,False
5fac4018e2671f2ad58787aeb66bb1b9,2026-08-25T02:05:06.815154+00:00,site_latency,912.0,False
5939bb5b22ac87213704fbd530a6692e,2026-08-25T02:05:06.975378+00:00,checkout,618.95,False
d3d2e38ca9f864f7e8ba78acb699980f,2026-08-25T02:05:06.201485+00:00,checkout,1420.73,False
4759896c67d650ec91dfc90a797015fe,2026-08-25T02:05:07.806576+00:00,api_generic,156.4,False
74c1825538c683dbf7a331817fda3af9,2026-08-25T02:05:06.716526+00:00,site_latency,641.84,False
2d5e063e08a9d6327d58de22bcde9012,2026-08-25T02:05:07.581230+00:00,site_latency,413.95,False
e36db8d6e86688e7fef174e54544e3ae,2026-08-25T02:05:07.910050+00:00,api_generic,214.08,False
958a0ff5fe0219c487b6ad087d9a6c42,2026-08-25T02:05:07.891308+00:00,site_latency,292.19,True
af8592856a8e7550c2c477be1bc8764b,2026-08-25T02:05:07.034099+00:00,checkout,438.76,False
fffab905034477b9b0d59052b12f3506,2026-08-25T02:05:07.376000+00:00,api_generic,76.57,False
9a21636a36b504a7038f136fce2ffa76,2026-08-25T02:05:07.553733+00:00,site_latency,139.13,False
39871360f560ea3c48aa88372154ff3f,2026-08-25T02:05:07.959925+00:00,api_generic,111.91,True
f1c34f39099d47aa6d78e0e8bfb52e2b,2026-08-25T02:05:07.679533+00:00,site_latency,252.27,True
f53f27b364903b6560179cc4f9c4919f,2026-08-25T02:05:07.236193+00:00,api_generic,112.56,False
41c964fa16983a22eba0a650f8b9906a,2026-08-25T02:05:07.444452+00:00,site_latency,248.12,False
d3ffd4e9cc0aa1c72f90588b262d89a3,2026-08-25T02:05:07.391133+00:00,site_latency,457.03,False
ede9fd4e908570d36d42defbe913fa8c,2026-08-25T02:05:07.454129+00:00,checkout,630.21,True
76d837b901e01ef246b8c8e3955638da,2026-08-25T02:05:07.920562+00:00,api_generic,106.05,False
c80c3c8da00484a2a68bbc59242a8f08,2026-08-25T02:05:06.861054+00:00,site_latency,578.8,False
779bbdad6589838588c7c54dba9aeacf,2026-08-25T02:05:07.484779+00:00,site_latency,146.92,False
abded798f073e81d130aca7cba3ed071,2026-08-25T02:05:07.794205+00:00,api_generic,58.69,False
ff145cd1425f9efa58a7f8154e8b6bd9,2026-08-25T02:05:07.391347+00:00,api_generic,146.17,False
7dfdf5f329ece8eac7fc8ca022fe96e5,2026-08-25T02:05:07.064995+00:00,site_latency,389.61,False
ecf4d474893ca89cc3cc370febc139d6,2026-08-25T02:05:07.618108+00:00,pix,117.21,False
7f7ea1ab3b985d114cbe8e4be04112ab,2026-08-25T02:05:07.648670+00:00,checkout,143.97,False
b5dc07f77a2fc25751ca537b71d66f86,2026-08-25T02:05:06.890224+00:00,checkout,995.3,False
02cf89a63ec4cbe17672b4826d4c7744,2026-08-25T02:05:07.280960+00:00,pix,153.22,False
c3f707edc280b4e05eb45c30d9746cf6,2026-08-25T02:05:07.776666+00:00,site_latency,259.43,False
f36549a22286dfde8c04acf845925887,2026-08-25T02:05:07.167742+00:00,site_latency,232.13,False
dc5ad1cd7bb43f65e715b1b883fbde6a,2026-08-25T02:05:07.896288+00:00,pix,163.66,False
87f2d15166ea762bcb49110bc4dd5e5b,2026-08-25T02:05:08.063127+00:00,api_generic,70.69,False
04b195f52422292126a2075c5298acab,2026-08-25T02:05:08.007023+00:00,site_latency,38.39,False
b4c494142919a7a42bfa3d30de5975c9,2026-08-25T02:05:07.390531+00:00,checkout,608.64,False
dbdc5fb1fc8990956e101d058efc17ae,2026-08-25T02:05:06.997699+00:00,checkout,461.03,False
88f8f1491a89b262d438f3c2d78edcc9,2026-08-25T02:05:07.895165+00:00,pix,109.64,False
f82c9280c5b12ce1224adac55ab82001,2026-08-25T02:05:08.484806+00:00,pix,118.5,False
4f1c53ed3bc6ca9d786435c2082eeb10,2026-08-25T02:05:08.852143+00:00,site_latency,45.7,False
9d60f78e48460ba4d24b80e79cdc9f7f,2026-08-25T02:05:08.562826+00:00,checkout,417.7,False
0aa6fa0d615c68b77474e2bde2c408ed,2026-08-25T02:05:08.413142+00:00,api_generic,60.99,False
b3489520e12edb277a68aa90518d2852,2026-08-25T02:05:08.491400+00:00,site_latency,163.16,False
93a0a8025ff37f40b982d139e351e4bc,2026-08-25T02:05:08.837706+00:00,site_latency,208.87,False
cce80f13a6e7801602f6a98f2cef1f85,2026-08-25T02:05:08.599737+00:00,checkout,258.18,False
dd3fd4b286e70bce8f0ad5cdf8ce1194,2026-08-25T02:05:08.262603+00:00,api_generic,77.0,False
795677940fa38f2a25d77ab0165537e8,2026-08-25T02:05:08.063381+00:00,checkout,573.33,False
027eae1e9dc3ecfea26a21823d03b697,2026-08-25T02:05:06.936565+00:00,site_latency,1343.76,False
5073d5230b7fce07b9ace05bbffe66a6,2026-08-25T02:05:08.131764+00:00,checkout,263.16,False
fc2db412fd9508dda4028ff3e7b2a73e,2026-08-25T02:05:08.462273+00:00,site_latency,182.97,False
9b46269d041e8e26b0ba53bfc2851d0c,2026-08-25T02:05:08.421773+00:00,api_generic,58.75,False
2d457822ae8f89f89ca88ae042dfc1d6,2026-08-25T02:05:08.738680+00:00,pix,145.42,True
654e3ad7ff76bdb69bd6d0541608d4e1,2026-08-25T02:05:08.836416+00:00,site_latency,191.8,False
f5d848b9179a8f25ab23fc9937c82183,2026-08-25T02:05:08.332705+00:00,api_generic,170.64,False
ee31db5af2ef162870ed0eef8058fa1e,2026-08-25T02:05:08.314946+00:00,site_latency,390.73,False
32abf258a745708b1a9adbc8450f543b,2026-08-25T02:05:07.921918+00:00,checkout,417.23,False
8f6b9d4dac6dbd159f29d9e2730e2f18,2026-08-25T02:05:07.874446+00:00,checkout,504.59,False
071267a361b4c839101c21de2c03e524,2026-08-25T02:05:08.423194+00:00,pix,127.0,False
bcd803ed69a6a407fa1d0b1b33ede9dd,2026-08-25T02:05:08.323403+00:00,pix,58.6,False
c89f4e2595ddd5ddddd0d1828dfc86e1,2026-08-25T02:05:08.604790+00:00,api_generic,145.27,False
74e4bf29b10836dad29f0a67ea5a8b79,2026-08-25T02:05:08.055359+00:00,checkout,464.75,False
0f62807633753b01f9a8ec0eb6de38f3,2026-08-25T02:05:08.165177+00:00,api_generic,50.56,False
8e947ca834cc04c3b53303a538db0e7d,2026-08-25T02:05:08.183138+00:00,api_generic,59.76,False
75948492f33fafd4af770675022c0e1b,2026-08-25T02:05:08.287269+00:00,checkout,321.9,False
d698667ff4fa4d358082ff95ddc68a2b,2026-08-25T02:05:08.083092+00:00,site_latency,166.86,False
b71bcb25ba843888b009b1f271c3b9ce,2026-08-25T02:05:08.295881+00:00,site_latency,615.04,False
2626a214dda247f279b874c3e2163906,2026-08-25T02:05:08.553342+00:00,api_generic,48.42,False
ef36b4ce91cb69dbc8f8dd5b12e8a5f2,2026-08-25T02:05:08.715349+00:00,site_latency,175.51,False
4519c5c71f9ce35bcdc44f612f6a94b2,2026-08-25T02:05:08.801268+00:00,checkout,248.53,False
b27bc0572ab39e909272b6fbca26bb7c,2026-08-25T02:05:08.625491+00:00,checkout,454.4,False
7ffbcb2e74250f93687a8bf9bdec9720,2026-08-25T02:05:07.954987+00:00,checkout,300.84,False
31ce490c36295f124f8c473db81b7176,2026-08-25T02:05:08.472144+00:00,site_latency,225.19,False
d5add44d6a0e49c3f647749b28fa20ed,2026-08-25T02:05:08.577896+00:00,checkout,489.72,False
5302943395cecf053b44f46ce654393a,2026-08-25T02:05:08.865244+00:00,api_generic,110.83,False
683c11e719f0c39ce360ee36f9eaf675,2026-08-25T02:05:08.261365+00:00,site_latency,493.78,False
be8c3d4f9b939bbd5707961f7c3c9f5b,2026-08-25T02:05:08.037826+00:00,api_generic,298.42,False
13030dfd03f40f720ba3326f86b0be04,2026-08-25T02:05:08.063876+00:00,site_latency,400.57,False
eb294455943f663d18ce52a471296a35,2026-08-25T02:05:08.284510+00:00,api_generic,464.16,False
ae3093aeef928b57f6c06e86bf4a99c7,2026-08-25T02:05:07.855628+00:00,checkout,364.2,False
4a3155fa9c1eccbb30c93b1926bd55e3,2026-08-25T02:05:08.603252+00:00,api_generic,129.0,False
ff50bb4f0bad869481a02a4e9708575e,2026-08-25T02:05:08.586251+00:00,checkout,400.91,False
3e2348c95e5ce1e4c49b2a281de54d1d,2026-08-25T02:05:08.315697+00:00,api_generic,40.3,False
76e2ae4aa06b356a77417880c0b1f93b,2026-08-25T02:05:08.234491+00:00,site_latency,142.54,False
4e3d6a1f93c1cf961a9e17fa75d06866,2026-08-25T02:05:08.048269+00:00,checkout,436.58,False
5b2eb65da546571cfe0273aa9a84be20,2026-08-25T02:05:08.793369+00:00,pix,70.98,False
00789223638addc4422ae0971440e129,2026-08-25T02:05:08.376783+00:00,api_generic,91.83,False
bc7e6ba793eec0ea3b6ebcfd8c5a2024,2026-08-25T02:05:08.138621+00:00,site_latency,752.55,False
a84d6d3db4822d7537ebfc1bf160444b,2026-08-25T02:05:08.384222+00:00,site_latency,257.58,False
4f5b24d9a257c3f466554b0b4c8a5d45,2026-08-25T02:05:08.703411+00:00,pix,65.61,False
4387457021ef474a2d514900a0e1fb7b,2026-08-25T02:05:08.059902+00:00,checkout,357.45,False
9fd31d32bbac82fd5e01a543ebb836fd,2026-08-25T02:05:08.096871+00:00,pix,139.52,False
9e5ba7ecfd52a26f80336e8de5f6ee2d,2026-08-25T02:05:08.735810+00:00,checkout,158.6,False
f5b19dd8dcf65a88dddbd32c53949a3f,2026-08-25T02:05:08.926030+00:00,site_latency,130.1,False
1e81066d1df2ab8c1a8f8c7b877f9760,2026-08-25T02:05:07.872711+00:00,checkout,540.52,False
bd9fa1e74f0b4cba326105e006bbad18,2026-08-25T02:05:08.315874+00:00,api_generic,63.56,False
53c86a5ff6fcc5944fd857bc0b3bc1ee,2026-08-25T02:05:08.209926+00:00,checkout,442.69,False
fe26931fb6b5d3aa9d14a39295cbbb37,2026-08-25T02:05:08.299805+00:00,pix,140.6,False
ffa6a02959bcfc0603f9d289d47fe57e,2026-08-25T02:05:08.576447+00:00,site_latency,122.93,False
e51ec7fdc764a2482ddcf3f17589343f,2026-08-25T02:05:08.099963+00:00,pix,128.9,False
964f50bfd06131db139e52e56a698649,2026-08-25T02:05:08.901907+00:00,site_latency,190.8,False
b459c74027d3496069bc560bc4aa9d73,2026-08-25T02:05:07.739345+00:00,checkout,954.03,False
ea8da0b2093631482daf8e88f80dbef3,2026-08-25T02:05:08.130445+00:00,site_latency,179.97,False
a708ff1f4e89681c3d5389ad1d2cb012,2026-08-25T02:05:08.342377+00:00,api_generic,116.42,False
5b7c8394216229c5efb37eb14fab0eaa,2026-08-25T02:05:08.919372+00:00,checkout,130.03,False
e4198afb5362a82559420bfdad4721ce,2026-08-25T02:05:07.802786+00:00,checkout,719.28,False
656a81244359dd3fd5eb8b9adc9ba751,2026-08-25T02:05:08.537397+00:00,pix,114.61,False
757f027f992976fa1fd564a79f6b30ad,2026-08-25T02:05:08.767270+00:00,api_generic,52.32,False
c1e331470bdaeb9a4023925ae9ab5aa1,2026-08-25T02:05:07.423038+00:00,api_generic,889.91,False
6f46f7eeeda1275b7c32506c6d682351,2026-08-25T02:05:08.847636+00:00,pix,76.97,False
08dae4bd02000a844225271c2dde1589,2026-08-25T02:05:07.996687+00:00,checkout,504.64,False
2654a0801c202f816806809faade94ab,2026-08-25T02:05:08.342573+00:00,site_latency,286.18,False
afee4854073a0fbc6c6c67d5d007bf67,2026-08-25T02:05:08.387768+00:00,pix,137.66,False
8a18a7df0dbac1e3ad24ac177f4d4c88,2026-08-25T02:05:08.332518+00:00,site_latency,335.02,False
a1897d98741781a95dcdc7cb7f83279e,2026-08-25T02:05:08.264217+00:00,checkout,450.7,False
bf64125a3c5d6a07cb71983b9045fc19,2026-08-25T02:05:08.011725+00:00,checkout,475.02,False
206346ff2ef8a45db4b282b5e1a5d34e,2026-08-25T02:05:08.538677+00:00,checkout,246.51,False
556c5bc11c55b48a1e51811e7a683de8,2026-08-25T02:05:08.223590+00:00,checkout,486.43,False
a65e349a41a5a032dc989d8264368ef1,2026-08-25T02:05:08.334226+00:00,site_latency,565.66,False
df4bb76fc76836ea3fc9bffc4c699326,2026-08-25T02:05:08.635951+00:00,site_latency,139.82,False
bd0fc4a99a52430b231ecef1e92d13f3,2026-08-25T02:05:08.327280+00:00,site_latency,407.51,False
72ffe890adf527bc20d6b37804aa9d53,2026-08-25T02:05:08.286407+00:00,checkout,174.37,False
71780dbb2470a2b52056d1e0b075ff1c,2026-08-25T02:05:08.918374+00:00,api_generic,186.15,False
c02db5d5cb43ff29e6279102de8b4c6d,2026-08-25T02:05:08.416844+00:00,api_generic,193.77,False
70bfc723c903845ef8a33dda69900286,2026-08-25T02:05:08.522894+00:00,api_generic,49.2,False
f1291a29dcb030c76b98cfc32972412c,2026-08-25T02:05:08.213450+00:00,api_generic,764.1,False
9b19d5667cd81fc50e9b739aef78cf3a,2026-08-25T02:05:07.284520+00:00,checkout,1752.65,False
384858034ec1f40dbd7d7cc2765a4ce4,2026-08-25T02:05:08.062346+00:00,checkout,444.93,False
dd924259d46dbb05c71550db5bad18f8,2026-08-25T02:05:07.912881+00:00,checkout,697.34,False
02277e6b7a4d9bce5ddfab473fb1534c,2026-08-25T02:05:06.446842+00:00,checkout,2338.61,False
9040525a88e51721093bd42aa2e1e7ec,2026-08-25T02:05:08.074143+00:00,site_latency,450.82,False
a7bc77293dd3a8cedfc128104bf08c9b,2026-08-25T02:05:08.513523+00:00,site_latency,264.92,False
8e9b4d7a53117f430d2ddf3a76ab0f6e,2026-08-25T02:05:08.230466+00:00,site_latency,481.7,False
7d213f5a3bdcd249839ca0e9e41cb926,2026-08-25T02:05:07.667500+00:00,site_latency,1388.38,True
7694cdf2ece397c8429a6e589c2fdad6,2026-08-25T02:05:05.773283+00:00,checkout,2471.78,False
833841ea269857d3fbbd70fd911c45d1,2026-08-25T02:05:08.529069+00:00,site_latency,111.17,False
ce5801fceb7436fa597fa8b5624821f6,2026-08-25T02:05:08.659422+00:00,api_generic,109.13,False
9ecebd65a114ffcc7ab34f4f7681eaee,2026-08-25T02:05:08.793545+00:00,pix,69.24,False
a97c1fe141361f6f783f558a20b0118a,2026-08-25T02:05:08.135844+00:00,checkout,621.17,False
683032d4aa4c3b12de24153a1317bc40,2026-08-25T02:05:08.588758+00:00,checkout,507.18,False
76a208c0f3465607e7f4088e5cc20c67,2026-08-25T02:05:08.210284+00:00,site_latency,410.93,False
311e833da583015100353e273df1ef35,2026-08-25T02:05:08.127050+00:00,checkout,645.13,False
b37c5aaef4361a66dcef50c976691e6d,2026-08-25T02:05:08.109378+00:00,checkout,514.02,True
1cacc76645b21c68de470ccd1fb5b6e7,2026-08-25T02:05:09.062234+00:00,api_generic,41.68,False
de3a9369c394389db999fd50fa852cbe,2026-08-25T02:05:08.350503+00:00,pix,150.58,False
4ef3351a230225c8259080dedd506419,2026-08-25T02:05:07.593574+00:00,site_latency,970.45,False
cb3d220e78311e0944d6b564d1e01aeb,2026-08-25T02:05:08.322077+00:00,site_latency,400.52,False
61da3a9cbb22b9839ad5724731bc2a3f,2026-08-25T02:05:07.520406+00:00,site_latency,749.16,False
6186f8f29664cfa049ae9f4b2de3afed,2026-08-25T02:05:08.864039+00:00,api_generic,106.4,False
a1751aad1f16a78704580e9e56f8bf74,2026-08-25T02:05:08.783653+00:00,api_generic,117.68,False
2f24f58e8328e6056df6af1b3bb55244,2026-08-25T02:05:08.051422+00:00,checkout,185.58,False
55d30ae3bf978810febbcdbc23e2ef70,2026-08-25T02:05:07.929612+00:00,site_latency,355.15,False
7af60c28cf9c7509d1797a7a13f427bc,2026-08-25T02:05:08.738894+00:00,site_latency,307.46,False
fb43efb230919c1c10054c3531c8f94e,2026-08-25T02:05:08.141121+00:00,api_generic,103.67,False
00e23f1c62ab39d0dded1c347c0a08e1,2026-08-25T02:05:08.866452+00:00,site_latency,187.82,False
9a90ebe986e37950568a5e00dcdbc24c,2026-08-25T02:05:08.859173+00:00,site_latency,222.23,False
1a56a9051167dad557f82b05fb8d62d7,2026-08-25T02:05:08.506706+00:00,site_latency,111.28,False
be4295554a726f8a98e444a7fa01c801,2026-08-25T02:05:08.419549+00:00,site_latency,386.89,False
d485759fb5565325d2565f09e45d5261,2026-08-25T02:05:08.826416+00:00,checkout,265.26,False
ba907822b0edd04c970a7fda6dbe75ed,2026-08-25T02:05:08.400997+00:00,api_generic,39.69,False
c6033ec4d8bb41eff7fdfac849708817,2026-08-25T02:05:08.702765+00:00,api_generic,105.12,False
3fbca82d39c90adf5f4422b6a847b9bb,2026-08-25T02:05:08.361348+00:00,api_generic,452.43,False
deee2d0b6756276268f30290b82735ad,2026-08-25T02:05:09.370439+00:00,checkout,333.66,False
007d5c680819b1faa6b59c65f6d24d44,2026-08-25T02:05:09.040243+00:00,checkout,634.05,False
39b2aad4dd6571df03159b974abe918a,2026-08-25T02:05:09.681351+00:00,checkout,402.81,False
15e28f7ebc465e1d981f7fff62f244da,2026-08-25T02:05:09.005610+00:00,api_generic,148.78,False
e88aae4e4571fc5ae7934a93aefca276,2026-08-25T02:05:07.497996+00:00,checkout,1791.11,False
dcdded3906494a3bde6960a94adf16b4,2026-08-25T02:05:08.895626+00:00,checkout,348.4,False
2a847978db6729dd97ff42000b05a586,2026-08-25T02:05:09.203499+00:00,site_latency,472.94,False
07d42c0addf869802c664b4b9ebaedbb,2026-08-25T02:05:09.625734+00:00,site_latency,265.57,False
12e25803081964f29c1854346eaaf020,2026-08-25T02:05:09.959628+00:00,api_generic,48.94,False
d3e19905a754dafdddcc9017d60fd353,2026-08-25T02:05:08.730977+00:00,checkout,402.03,False
0e91511d05235380416e7cf4497afd1b,2026-08-25T02:05:09.534202+00:00,pix,149.38,False
1029aff3518511598ff74b8936a24b43,2026-08-25T02:05:09.418371+00:00,site_latency,409.63,False
e82e7f980aef8de0e0431fcdd07da4f7,2026-08-25T02:05:09.870090+00:00,checkout,193.48,False
7a4b1c63a0f7b704301fb3af3f07996d,2026-08-25T02:05:09.032354+00:00,pix,101.81,False
81ab9e581a32bb72260901d39fa26954,2026-08-25T02:05:09.276813+00:00,site_latency,535.05,False
fab6d7adc57ebe6378b688b924df25bb,2026-08-25T02:05:09.860806+00:00,site_latency,192.06,False
82d2e2a0e87612e084c8eb1840e58fea,2026-08-25T02:05:09.187021+00:00,checkout,695.02,False
aa1a8a3b00a17a1ec5b2d266ae054106,2026-08-25T02:05:09.652895+00:00,checkout,326.53,True
3a55b7ef006d96cc3bae166ccc617dc4,2026-08-25T02:05:08.576948+00:00,pix,1431.24,False
eaa5b7b2de9c8aced45d3c2e39cd35d6,2026-08-25T02:05:06.364647+00:00,checkout,3083.24,False
1f18cde5e9cfbe328f506d37a28f35a8,2026-08-25T02:05:08.864798+00:00,checkout,448.85,False
ce219c73d0231196f6d7606e45a4d889,2026-08-25T02:05:08.735302+00:00,checkout,551.85,False
2b5dc4924d0bf35271392f61ccfbb51a,2026-08-25T02:05:09.720754+00:00,pix,193.05,False
1d52933ab28c1e4743e0b7ccd33479d2,2026-08-25T02:05:09.015071+00:00,api_generic,118.22,False
9db96a41f09639c70481a24c38968229,2026-08-25T02:05:09.312196+00:00,api_generic,56.03,False
ac8f19ef6b23f925acdbc4fcb2d8de5f,2026-08-25T02:05:08.567863+00:00,api_generic,940.68,False
4bf1d5fdf2375b2bfc3e06b3b79f80cc,2026-08-25T02:05:09.375323+00:00,checkout,425.25,False
7c7e62b69169727dfbec192cc4c5eee4,2026-08-25T02:05:09.181710+00:00,pix,120.82,False
789eaaa779a9ac2782e8a23f35d46cc2,2026-08-25T02:05:09.529835+00:00,checkout,475.08,False
77713e97b97adcca11620d4121b8664b,2026-08-25T02:05:08.887068+00:00,site_latency,509.33,False
d975a91e22fdfcda170cc929de4a5da9,2026-08-25T02:05:09.951862+00:00,pix,107.89,False
2acfb8eecc83f975793f49ac4056dc8d,2026-08-25T02:05:08.935293+00:00,site_latency,430.04,False
483456f375083e3de7f4e23aadeba3c9,2026-08-25T02:05:09.049757+00:00,site_latency,424.41,False
016c7bc8d0a585ec8ff42fb13136b391,2026-08-25T02:05:08.856252+00:00,site_latency,660.2,False
384dde207ccfec97548badb8457c7a35,2026-08-25T02:05:09.436948+00:00,checkout,323.85,True
2096f5102ae5dc05a630b030678ca4c1,2026-08-25T02:05:09.537165+00:00,pix,113.83,False
c32164c8fd738681ee28ca4ac2c13794,2026-08-25T02:05:08.660331+00:00,api_generic,666.77,False
be50eb09ec608ec34964aca6361f1094,2026-08-25T02:05:09.694266+00:00,api_generic,47.46,False
c7c09d7a746e413a634acc6235c59578,2026-08-25T02:05:09.571308+00:00,site_latency,413.0,False
21e20356eb06259b95e851baedff53ff,2026-08-25T02:05:09.519213+00:00,checkout,445.91,False
abfda1ff8b14fa387596565b0802173b,2026-08-25T02:05:08.958015+00:00,checkout,468.96,False
450a85c4219c7d858b8b875aee351da6,2026-08-25T02:05:08.735419+00:00,checkout,510.03,False
3147d6c0bb1cab822abbe9b36264958f,2026-08-25T02:05:08.988561+00:00,checkout,602.75,False
48ba65d5ad856066f49c2e67897b18fa,2026-08-25T02:05:09.459319+00:00,site_latency,484.91,False
609b390b552ca14073635d205abc380d,2026-08-25T02:05:09.372898+00:00,site_latency,239.5,False
8e98ec4a6b30ab0158ec9b9d9ba27ad9,2026-08-25T02:05:09.306905+00:00,api_generic,282.91,False
36fa9ea4f5319ca38f521515787b8dde,2026-08-25T02:05:09.289045+00:00,checkout,445.6,False
21f2de03f45eb79f4ef2edac50c49613,2026-08-25T02:05:09.325822+00:00,api_generic,631.53,False
ad8767286b129ec08c6bb686e000eb63,2026-08-25T02:05:10.018059+00:00,api_generic,45.7,False
95293e3c113eb804497f7027a3521dd6,2026-08-25T02:05:08.913840+00:00,checkout,647.75,False
fbb7df1a2aab2516a365eb9e272f2520,2026-08-25T02:05:09.887796+00:00,site_latency,168.85,False
68c6cb0c68f3b47e0a3efa8a91c3b109,2026-08-25T02:05:09.444194+00:00,checkout,376.87,False
c314d2a7342c4cc19e5d365cab2ce168,2026-08-25T02:05:09.275998+00:00,site_latency,404.92,False
43e9062bc8fe286cd062585e44ba3ba3,2026-08-25T02:05:09.195848+00:00,api_generic,103.08,False
31d584b9d9d817f08371aea7b9fd611e,2026-08-25T02:05:08.831847+00:00,checkout,631.8,False
e84b4a0dde4518208a59bc7ff01513fe,2026-08-25T02:05:09.294500+00:00,checkout,578.66,False
7b30902b96b0dbec443be0c75ca6bf16,2026-08-25T02:05:09.444621+00:00,checkout,401.1,False
0b3f7234d43c0e9dcc95d691403d6413,2026-08-25T02:05:09.178841+00:00,site_latency,471.62,False
8d778b3f77161dbd9ba82b3c0311e104,2026-08-25T02:05:09.790618+00:00,site_latency,64.06,False
ade1fda6ad0fc303931ba3adb8be5f31,2026-08-25T02:05:09.680882+00:00,api_generic,260.36,False
f541c4eb923d158bc8a65aaa441d53e0,2026-08-25T02:05:09.655236+00:00,api_generic,24.71,False
4a8be389d76f32cf08ec9f8eee9dac1e,2026-08-25T02:05:08.723707+00:00,site_latency,514.9,False
93ac24f7eabdb3f5028525b5c249067d,2026-08-25T02:05:09.206265+00:00,checkout,619.02,False
fa7a7893c8859a4d02a272ceb77fa11a,2026-08-25T02:05:09.760575+00:00,site_latency,196.52,False
c380f9c1664ba247de12ad405f973a37,2026-08-25T02:05:09.547904+00:00,site_latency,467.62,False
76d97dedf3d95f49779a6d28039abce3,2026-08-25T02:05:09.158576+00:00,site_latency,196.51,False
3b7604be0c335a5b840cde69e41b433e,2026-08-25T02:05:09.065307+00:00,checkout,288.35,True
a542e0d323ce1b84f15433e3146fe7a1,2026-08-25T02:05:09.262665+00:00,site_latency,198.36,False
83decb90aa4253690e453f3f52adf328,2026-08-25T02:05:08.753568+00:00,api_generic,533.38,False
befe2084e787d04033fa6cdb3e271d8f,2026-08-25T02:05:09.146787+00:00,checkout,484.99,False
b5e839864cd3559f68302f9ea66fa51c,2026-08-25T02:05:09.300052+00:00,checkout,473.33,False
28e5e170a0478e33c9016dabc7e8c9ba,2026-08-25T02:05:09.832922+00:00,api_generic,137.02,False
94f08eb09cebfce6904243d7ed30d329,2026-08-25T02:05:09.379455+00:00,site_latency,144.78,False
203ab4c9e04a1379ae7b56d911b0ec4f,2026-08-25T02:05:09.286145+00:00,site_latency,294.31,False
d1b7b36f7eb1bacf6586dc3b4f119c29,2026-08-25T02:05:09.428389+00:00,pix,85.27,False
36867b968e9edf0b9f88356531e59f20,2026-08-25T02:05:09.434832+00:00,site_latency,88.92,False
32ce653746e2035ee191124013173cbf,2026-08-25T02:05:08.892654+00:00,checkout,351.15,False
9e424e43e8e3907989406e15f2525689,2026-08-25T02:05:09.076680+00:00,site_latency,114.06,False
ce4df692bd5ca07a44b528cd870eef2c,2026-08-25T02:05:09.648940+00:00,pix,182.49,False
7db28213915d61b37c564b8334b56772,2026-08-25T02:05:09.164904+00:00,checkout,733.28,False
ebd96abefc45c3e51d321a996bfe825b,2026-08-25T02:05:09.102818+00:00,checkout,242.98,False
6a702df81334fa71281c8ba8b851c940,2026-08-25T02:05:09.288459+00:00,api_generic,339.77,True
2d16452767440037f07d44b026d82cb0,2026-08-25T02:05:09.839801+00:00,site_latency,130.52,False
87c2b3e33d488545002c819ea0cdbcb1,2026-08-25T02:05:09.932051+00:00,api_generic,83.17,False
d0fcf0ea063fb14dcb33220fa64b6415,2026-08-25T02:05:09.913744+00:00,api_generic,127.95,True
e75e1be962133351fedd48512b77de0d,2026-08-25T02:05:08.508298+00:00,site_latency,920.32,False
f7e664b049f152d2ea9b9cbfb7e2838c,2026-08-25T02:05:09.480309+00:00,pix,109.07,False
e67a249fe531fcfae15203c27059107e,2026-08-25T02:05:08.713732+00:00,checkout,713.01,False
908807986048a10ad8300b59f11fc8a9,2026-08-25T02:05:09.580415+00:00,checkout,423.86,False
a6a1e073b0b45ded90a0576c0a52ae25,2026-08-25T02:05:09.057595+00:00,checkout,936.21,False
282ed25f064565f1b6c01ee55378d4be,2026-08-25T02:05:09.107632+00:00,api_generic,206.29,False
7cefda23bc85cb7a80ec55543a74320f,2026-08-25T02:05:09.854629+00:00,pix,81.66,False
8a553b6568bcfe93b349f536ee3faa1d,2026-08-25T02:05:09.494806+00:00,checkout,494.86,False
ec75132bb23f61ca23de3d5ee9cb3da7,2026-08-25T02:05:09.794103+00:00,checkout,247.96,False
375d34bd7d168e5c8a9ca2cecf46b4b2,2026-08-25T02:05:09.049356+00:00,checkout,613.52,False
48bc3593577bfae6d7c016ec9754adad,2026-08-25T02:05:09.851555+00:00,api_generic,58.65,False
380515bb4d813a20c279a426c8522623,2026-08-25T02:05:09.437888+00:00,pix,216.7,False
db91c8b49b0d46b50f9986c788acb70c,2026-08-25T02:05:09.301965+00:00,api_generic,169.99,False
d082a41f87ba84d6e58ae57b41f40a8d,2026-08-25T02:05:09.637944+00:00,api_generic,120.25,False
05eb7a9ff5f91baf08e16bbdcca360b4,2026-08-25T02:05:09.316137+00:00,checkout,695.66,False
3f1c19620edf036a57d3013adf800d4c,2026-08-25T02:05:09.719765+00:00,pix,101.0,False
11dd147bc7c0afa6627bbfd96532dc5c,2026-08-25T02:05:09.430559+00:00,api_generic,490.55,False
aec52371937eba516b3488db6961586b,2026-08-25T02:05:08.931202+00:00,site_latency,272.63,False
157b015a6f26cd3bc0437a459a76f903,2026-08-25T02:05:09.042867+00:00,api_generic,243.43,True
da2a54d204bfcb3122554ef58f07a1aa,2026-08-25T02:05:08.914726+00:00,checkout,609.23,False
1da017992c7c1c6763e6958932e7927f,2026-08-25T02:05:09.382869+00:00,checkout,485.6,True
41245d801c8c5fd8194da10826ce35b9,2026-08-25T02:05:09.120635+00:00,api_generic,54.26,False
17bb082b174f1ca74bf2c6ad6880ee12,2026-08-25T02:05:08.751281+00:00,checkout,681.76,False
e44278bbefb3cea8d64f786a221e5d90,2026-08-25T02:05:08.285528+00:00,api_generic,860.39,False
d294fd13b9ddea200080a5358b643c46,2026-08-25T02:05:09.908528+00:00,site_latency,120.96,False
a7339e9012339295107784f096a11f22,2026-08-25T02:05:08.591334+00:00,checkout,561.59,False
4255a6e5cfd7982f346a201e88f0fd03,2026-08-25T02:05:09.659847+00:00,site_latency,162.6,False
8235f406ac9e0fabca3a4a0830b08172,2026-08-25T02:05:09.502708+00:00,checkout,312.72,False
db13a4d3773c809f5d4093246e82dbb6,2026-08-25T02:05:08.956818+00:00,checkout,865.88,True
8650a578d1aacc69de3a568f8a4a581f,2026-08-25T02:05:08.915653+00:00,checkout,429.94,False
ab900f9b13e1d2a637ee1ea0e2fde47d,2026-08-25T02:05:09.281178+00:00,checkout,813.04,False
04830b7508f4a8a6e80727ea01ba6995,2026-08-25T02:05:09.187448+00:00,checkout,493.03,False
5bb3f06db72f00d76b5d9b1323d0ce3c,2026-08-25T02:05:09.649268+00:00,site_latency,398.41,False
00b36f7d020086d6cf8b2394fc503a4a,2026-08-25T02:05:09.276704+00:00,checkout,609.68,False
601d270b5b371086a4c8650389ad355c,2026-08-25T02:05:09.280367+00:00,site_latency,453.95,False
dc938f4f6b9dae3b5c6df145a55fc65d,2026-08-25T02:05:09.823093+00:00,api_generic,34.86,False
a3393f6ed9d118526788bc0e0675d6c9,2026-08-25T02:05:09.197425+00:00,api_generic,641.09,True
997134166f692be00f4322cf63e0d7df,2026-08-25T02:05:09.069438+00:00,checkout,533.06,False
3587a6ede454cdf771c9f0ccf3ed2887,2026-08-25T02:05:09.685115+00:00,pix,110.43,False
0f3d5d424d03b123ca4688276899ea7f,2026-08-25T02:05:09.106000+00:00,site_latency,85.17,False
6eb425f517fd539ee6bdbd4946b10eed,2026-08-25T02:05:09.600874+00:00,checkout,225.78,False
b4c6ddfad54ef0d9052abb93f5107d85,2026-08-25T02:05:08.692194+00:00,checkout,640.37,False
d3048775de57d47e72411707fd410fb7,2026-08-25T02:05:09.625317+00:00,api_generic,117.75,False
a9bbd18e430d8a3daa69bad7cbf98520,2026-08-25T02:05:08.820855+00:00,site_latency,567.67,False
f81d2f3624beb414bdba8412b4389f2b,2026-08-25T02:05:09.410441+00:00,site_latency,52.57,False
41affa58392ee5f30553137bc2a3cfba,2026-08-25T02:05:09.339516+00:00,checkout,184.01,False
55273d1fbd70ded864e47acabfcbd4eb,2026-08-25T02:05:09.578291+00:00,checkout,223.69,False
f731045765e0b5c0f08366c01e5d6515,2026-08-25T02:05:08.921423+00:00,site_latency,252.08,False
0bae137d8bf2cd0da437d9bdd72e565f,2026-08-25T02:05:08.920194+00:00,checkout,259.83,False
4da1262f1310e2822a81e82510030cfb,2026-08-25T02:05:09.151055+00:00,site_latency,80.42,False
5b79cfe1d5c43fb367ba203c5fddca1b,2026-08-25T02:05:10.251733+00:00,api_generic,63.29,False
25cdf74e28311d01b5f49ddeface4d53,2026-08-25T02:05:10.181446+00:00,site_latency,208.2,False
fb1b27fabaa5a96716dbaa67a93000be,2026-08-25T02:05:10.552190+00:00,site_latency,131.25,False
77f1ae1e3ac2e690829f0d4fa15f2ee2,2026-08-25T02:05:09.281393+00:00,checkout,1139.98,False
53cd87da7535ef47e41a64282a1b60eb,2026-08-25T02:05:10.237489+00:00,checkout,396.42,False
2c87be24cd3ea7ccb43fb2e6dc8d28fd,2026-08-25T02:05:09.911768+00:00,checkout,515.15,False
deb05dbc64f2e404e66e9baffe3799e2,2026-08-25T02:05:10.158167+00:00,pix,110.51,False
5f6ed22fc0cf284c2c6a7920113c7ee3,2026-08-25T02:05:10.386771+00:00,site_latency,178.29,False
d41873a80bb9f3db6838624c7097868c,2026-08-25T02:05:09.957062+00:00,site_latency,182.64,False
c7b1b5b1138199b7a17a135232a0078b,2026-08-25T02:05:10.221706+00:00,checkout,523.52,False
6ae48a4c69f5c14735b4251f6ea9b8e2,2026-08-25T02:05:10.726561+00:00,api_generic,232.22,False
95261a77a233a2f8b0ca1b199b053cff,2026-08-25T02:05:10.430852+00:00,checkout,528.24,False
91f069e097fa813616587f3fe2e02fb5,2026-08-25T02:05:10.620347+00:00,site_latency,201.39,False
48d8d88cf42cc38451ce11167c35f41a,2026-08-25T02:05:09.931887+00:00,checkout,915.43,False
2f48e892752099c542073b195656594d,2026-08-25T02:05:10.458304+00:00,pix,188.4,False
40f88e97ef2932ef39e7f67c3777e3b4,2026-08-25T02:05:10.658372+00:00,site_latency,205.66,True
239d2d37c36e8799b592da31005baea9,2026-08-25T02:05:10.107806+00:00,checkout,193.5,False
c2e1d477fe41c39ea925168ef69ca6b4,2026-08-25T02:05:09.895748+00:00,checkout,506.81,False
2558c53be1dac4004eefd5477f76441b,2026-08-25T02:05:09.859876+00:00,api_generic,611.51,False
69d4dc111039ae9908488c9dfb11dfbf,2026-08-25T02:05:10.066236+00:00,api_generic,70.52,False
f399eb1f27525d7e09d481d8e8010e02,2026-08-25T02:05:10.239621+00:00,checkout,195.86,False
dc4976b7136e9d4bd48ae3280ed9546c,2026-08-25T02:05:10.684695+00:00,site_latency,232.92,False
03bd39f174fb96da364751ffe7d3d80b,2026-08-25T02:05:10.858335+00:00,site_latency,163.84,False
41c35e1a3622d5fb7cc882f80c818d6a,2026-08-25T02:05:09.742996+00:00,checkout,433.41,False
a65f88d709f89a802472eb093888d3c9,2026-08-25T02:05:08.907286+00:00,site_latency,1338.34,False
d3eafb4adb4faa5bb2ec614abda7f362,2026-08-25T02:05:10.285691+00:00,site_latency,327.53,False
de4aee647d8feb1f819b885a2dacf09a,2026-08-25T02:05:10.424720+00:00,site_latency,190.33,False
92441a01ef9ff32fec82821b2fbd25f6,2026-08-25T02:05:09.938818+00:00,checkout,314.65,False
1657f31d3b3d1c3510cb167df7b80560,2026-08-25T02:05:10.607360+00:00,checkout,328.52,False
386456aeeeda8acddd990210d3e3a321,2026-08-25T02:05:10.059167+00:00,checkout,621.7,False
4d2bc6308cc9a23623f1d009f564b52f,2026-08-25T02:05:09.990914+00:00,site_latency,716.39,False
e7cb68e5b55d20f972fd23aa233424f4,2026-08-25T02:05:10.595355+00:00,site_latency,98.9,False
fd81c82bdd865e98ea1f57b668f77a3b,2026-08-25T02:05:10.235523+00:00,site_latency,489.28,False
26c519382c26f5928e3b59e32639b8d2,2026-08-25T02:05:10.251213+00:00,api_generic,64.1,False
f0f306039e1e1dffe1f2b7bd0915dc4a,2026-08-25T02:05:10.563529+00:00,site_latency,269.83,False
5712bad7a723a9612ee8a0aeb8aca2dd,2026-08-25T02:05:10.367143+00:00,site_latency,55.57,False
00ae617c38243b7c71935594b58c7eb1,2026-08-25T02:05:10.246724+00:00,checkout,455.29,False
586a236013067b0c650491dab5b1058a,2026-08-25T02:05:10.163761+00:00,api_generic,31.52,False
4859b8b049b5695c987dc9df8c5ef710,2026-08-25T02:05:09.803649+00:00,checkout,425.28,False
1bc84f567e73738d545d595abec85caa,2026-08-25T02:05:10.730005+00:00,site_latency,256.1,False
69c1fb4c37d68c699ac9b20834d96082,2026-08-25T02:05:10.222230+00:00,site_latency,603.05,False
4d659d9a946b6f2bad213427b33ad73a,2026-08-25T02:05:08.901259+00:00,site_latency,1954.59,True
81187320aa4a6a1fdee976ec7238be8f,2026-08-25T02:05:10.061416+00:00,api_generic,90.45,False
3bb62fd5825ba3379c586530f685116e,2026-08-25T02:05:09.682913+00:00,checkout,773.32,False
c382a6b3542e6ac5555390f7ef56c3d2,2026-08-25T02:05:10.635922+00:00,api_generic,58.07,False
b7e4dbe2551a8e10977be7d77335b331,2026-08-25T02:05:08.528910+00:00,checkout,1838.27,False
6ef127d8b31cce5e31052f488df65fa9,2026-08-25T02:05:10.032261+00:00,checkout,416.2,False
ca17add5b458352677aefa601ca1fc17,2026-08-25T02:05:09.762269+00:00,api_generic,609.13,False
ab1e3c9c4d1d85258ad650748adb0976,2026-08-25T02:05:10.019237+00:00,site_latency,458.32,False
91d1800d076890937d7aa7fda65e3569,2026-08-25T02:05:10.404594+00:00,pix,220.27,False
e154f3ae8fe3d2c9fa411e48f6f3c099,2026-08-25T02:05:09.906142+00:00,site_latency,510.19,False
67f16d33be126c7372789397486c537c,2026-08-25T02:05:10.049700+00:00,site_latency,539.93,False
bfa1506d96696954b830627da7c88afc,2026-08-25T02:05:10.163655+00:00,checkout,398.02,False
95491c43e20d088ff2974f3c50a8dfdb,2026-08-25T02:05:10.008138+00:00,checkout,435.77,False
7880f96825118ab88b14fe15661fa67b,2026-08-25T02:05:09.102987+00:00,checkout,1078.49,False
4566e9341dd706da3422086091c19a29,2026-08-25T02:05:10.047640+00:00,checkout,531.45,False
6c20ef588f445dbd8c7a793d3c231e4b,2026-08-25T02:05:06.251229+00:00,site_latency,3881.39,False
3a0410274fd86d3264d4ad123ec4326b,2026-08-25T02:05:09.585365+00:00,site_latency,629.8,False
015c66df3f8fbc7c61165737ef08e9b4,2026-08-25T02:05:09.899490+00:00,checkout,772.09,False
1d985600f3e5362220a0366666299a80,2026-08-25T02:05:09.709658+00:00,checkout,519.74,False
57e31b4e903df4c48c3e23135e4ae9e5,2026-08-25T02:05:10.755053+00:00,api_generic,37.24,False
b1bb8e0ba98a4c1dde3b90cc91fa84c9,2026-08-25T02:05:09.769719+00:00,checkout,436.21,False
a68cb3b4ee4d679015b81a212a8e27e6,2026-08-25T02:05:10.774945+00:00,checkout,184.39,False
aaa521b31a70d56170232b9d54b9ff15,2026-08-25T02:05:09.571826+00:00,site_latency,569.38,False
19082d389a88355afe1ac9811dd59b46,2026-08-25T02:05:10.160921+00:00,api_generic,67.59,False
9e8dec74267a5f326d193fc674bbcca4,2026-08-25T02:05:10.776518+00:00,site_latency,205.83,False
d1e14225153a53a61b08e5740355939c,2026-08-25T02:05:09.636401+00:00,checkout,504.99,False
3a2c1197c10f06c6277ac0f431f4f015,2026-08-25T02:05:10.310842+00:00,site_latency,256.58,False
279d905f34454b7036581ccd015f498d,2026-08-25T02:05:09.870742+00:00,site_latency,360.44,False
72f001da8d600b6840412f8f8efc6b72,2026-08-25T02:05:10.353181+00:00,checkout,599.66,False
0edcf9030d2a21db13a10c35747b6ff5,2026-08-25T02:05:09.997944+00:00,checkout,590.28,False
12dfe2497da81e541a2091f3c0ed445b,2026-08-25T02:05:09.910803+00:00,checkout,410.1,False
44fca16c0b1ee1408618bc1c2ca10a5c,2026-08-25T02:05:10.026312+00:00,api_generic,106.77,False
335468d3f6b03dfc0b904bb527f3a3fd,2026-08-25T02:05:10.049201+00:00,site_latency,123.06,False
befaf6079387ca0a77b1677195247ba3,2026-08-25T02:05:10.245361+00:00,pix,103.27,False
ff92e607efa250301be4dc898cc31d4f,2026-08-25T02:05:10.148203+00:00,site_latency,296.0,False
104bde6c634e67fbdc7de103c7c2a221,2026-08-25T02:05:10.368389+00:00,site_latency,191.67,False
77f155cc8fc0fca2c9101ab036ee796f,2026-08-25T02:05:10.379060+00:00,site_latency,157.44,False
3709a5b42a7ad7cfb7b5fd9bcf013ff7,2026-08-25T02:05:10.248165+00:00,pix,114.61,False
4cd6df8935894fc4806a949bd05e5e4b,2026-08-25T02:05:09.950305+00:00,checkout,248.77,False
34030fc6dd45c71c67d9814af25510ef,2026-08-25T02:05:10.257429+00:00,site_latency,361.2,False
fb443451c86dc05c04e48a93d1c632c0,2026-08-25T02:05:10.391208+00:00,pix,230.59,False
6edb7ebba899199bda0d6f86b561ea24,2026-08-25T02:05:10.733133+00:00,site_latency,156.92,False
a989b08c7408c4ea2b487ddca9929dac,2026-08-25T02:05:10.418851+00:00,api_generic,44.64,False
a93b9804b33d3b58bed8bb982b6166c5,2026-08-25T02:05:10.156345+00:00,site_latency,444.5,False
2ef68feef7b068363f15796619fd7942,2026-08-25T02:05:09.819595+00:00,pix,1085.61,False
c37999d134f5645b0dae745cc06673d3,2026-08-25T02:05:09.475464+00:00,checkout,669.59,False
3a6f545eb0b3484cd7e07ab06eda709c,2026-08-25T02:05:10.376558+00:00,api_generic,52.97,False
98db7197bad65c9faab36227f4fff71e,2026-08-25T02:05:09.819107+00:00,site_latency,505.17,False
ba6d7b8bf59a94441227a47938eb9712,2026-08-25T02:05:10.190477+00:00,api_generic,201.23,True
b22976bfd5470c52d230d1b606943941,2026-08-25T02:05:10.825235+00:00,api_generic,129.38,False
9b006e6ecca902ba3101d603eb6bec31,2026-08-25T02:05:10.236938+00:00,site_latency,124.26,False
befa14a2a6d688d5acb80f244d13c26a,2026-08-25T02:05:10.732511+00:00,site_latency,229.77,False
831701320fe9424f67565ed288b6ab28,2026-08-25T02:05:09.958670+00:00,site_latency,290.79,False
ca0fd358d7e4ec8af2abc5ed83c71616,2026-08-25T02:05:09.527457+00:00,pix,615.21,False
b89bef5e1bbf633c0cdcd7785a2214eb,2026-08-25T02:05:10.199035+00:00,site_latency,170.54,False
c0febfa5570334ee6d6b753773c693c3,2026-08-25T02:05:08.183320+00:00,checkout,2391.92,False
ddcc6337aa4e3b0523173189fadfff4f,2026-08-25T02:05:09.855849+00:00,checkout,471.8,False
c227c31104e84de4e639fa8e5f8240ed,2026-08-25T02:05:10.011529+00:00,site_latency,523.65,False
04f9cf1d64d321b1451548b1bc8751ce,2026-08-25T02:05:10.080292+00:00,checkout,455.08,False
5d866e2d40976397378230c9596e0de3,2026-08-25T02:05:10.250472+00:00,checkout,474.57,False
23373c177a50bbe997c422aff631ad9a,2026-08-25T02:05:10.553497+00:00,checkout,408.17,False
c0c0bf82d4d032a6f60d03e9883ac9cd,2026-08-25T02:05:09.568130+00:00,site_latency,565.3,False
ad8614bd37e836aa675c51184fe8a190,2026-08-25T02:05:10.607545+00:00,pix,139.02,False
8595d9cb7c2fde89f1a14fbfb8ef3f63,2026-08-25T02:05:10.231920+00:00,pix,575.62,False
8af38d682410640634d926c632f88c1a,2026-08-25T02:05:10.480264+00:00,site_latency,367.27,False
7ccd54b10b514f7b54aaedea184d7450,2026-08-25T02:05:10.457735+00:00,site_latency,94.48,False
cfa41b2082bf14dfa4cda3639e4a3c99,2026-08-25T02:05:10.347186+00:00,api_generic,103.28,True
6bbfbe600e8ead53b78af4eccc800efb,2026-08-25T02:05:10.215125+00:00,site_latency,266.08,False
167e789edcdbe2eabd5bf1bcc9b3be67,2026-08-25T02:05:10.006529+00:00,api_generic,644.29,False
3b3bd385e90415ec19faca32d3d77280,2026-08-25T02:05:10.317216+00:00,site_latency,469.0,False
bff47c28d9ad9831cea774a2c49b3339,2026-08-25T02:05:10.831000+00:00,api_generic,116.71,True
49d886fd367675083ea5b6b6dd7ef684,2026-08-25T02:05:10.558088+00:00,api_generic,127.81,False
abf61e40332be83d2887b7cc45a6aa16,2026-08-25T02:05:10.432456+00:00,checkout,535.57,False
43bcad2364cac4d5ef4745d0b9c3b6ac,2026-08-25T02:05:10.422681+00:00,site_latency,429.97,False
593e6777ff1c1a0345c8a69da2d13ce4,2026-08-25T02:05:10.585035+00:00,checkout,202.97,False
f6ac47f78c20620d2776c6cb83943f95,2026-08-25T02:05:10.438650+00:00,site_latency,403.43,False
80742eed1815f3e097aa7f72e0024ff2,2026-08-25T02:05:09.894684+00:00,checkout,472.87,False
4d9536df93064c8f7bce46a8e2aea044,2026-08-25T02:05:10.428366+00:00,api_generic,124.27,True
f8fa3fce689a918c292002e1df82c199,2026-08-25T02:05:09.898514+00:00,site_latency,410.11,False
97ad4d6da2a82390e913607b504ee8e5,2026-08-25T02:05:10.484742+00:00,api_generic,61.31,False
8749a77140e16499e3cec797458c9807,2026-08-25T02:05:09.683549+00:00,checkout,894.99,False
9a6983501931736250d78066b16511d9,2026-08-25T02:05:10.562469+00:00,api_generic,227.94,True
f5864e4b1b51b827e0c226f4b578f4f5,2026-08-25T02:05:10.141155+00:00,site_latency,204.77,False
d7ba38e11d2750e672653ad461fd49f1,2026-08-25T02:05:10.922811+00:00,pix,86.97,False
7753452deb5a542da8f60a026010b0d1,2026-08-25T02:05:10.340712+00:00,checkout,196.87,False
e2c7bd7dfa23f0fcbdbd48fb94d2df9c,2026-08-25T02:05:10.680819+00:00,site_latency,56.22,False
6847afdc0de4ed9b7da6289045b63b2c,2026-08-25T02:05:10.208802+00:00,checkout,648.84,False
f20c33290bd8018eb924c0808f2475ce,2026-08-25T02:05:10.141021+00:00,site_latency,124.38,False
75989a01aaacc90a21964e8cf361e5ab,2026-08-25T02:05:10.732886+00:00,pix,101.89,False
657a6bd235551332522b8b2e32c87b43,2026-08-25T02:05:10.766489+00:00,api_generic,60.66,False
2456f34ad43880987f5a56d8ea467d1a,2026-08-25T02:05:10.326095+00:00,checkout,671.96,False
3e6821db6cb0418e027b444c330fe800,2026-08-25T02:05:10.906531+00:00,api_generic,211.43,True
41e9595dd820f810256349e3484920d4,2026-08-25T02:05:10.866198+00:00,site_latency,466.63,False
61519fc041200ceb08678eb7d429daa5,2026-08-25T02:05:11.206597+00:00,checkout,430.94,False
c2ac370b426732b2d997130d39d27865,2026-08-25T02:05:11.178799+00:00,checkout,753.18,False
bf7b99b3e58a08db1603967330ddf9bb,2026-08-25T02:05:10.465277+00:00,site_latency,706.93,False
942f2733763b98b2a44d4294f9baf863,2026-08-25T02:05:11.718369+00:00,checkout,187.03,False
ece193d56af91687e1aa30532be8b952,2026-08-25T02:05:11.254847+00:00,api_generic,102.62,False
60839793626a40a3837cfc45a41ec66e,2026-08-25T02:05:10.892076+00:00,site_latency,162.6,False
b2e7d68dbcf7caa5398f78a42c921cd2,2026-08-25T02:05:11.166829+00:00,checkout,184.16,False
a194b0e7e66723451ffbb98f1ac27f01,2026-08-25T02:05:10.563904+00:00,site_latency,565.03,False
aab99651ae2bdc38a7cfbe5a27bce028,2026-08-25T02:05:11.470436+00:00,site_latency,64.84,False
4e187e061705483de957080e035561d6,2026-08-25T02:05:11.274128+00:00,pix,79.68,False
dc60d9c405dd0e5db5d7c9975c469107,2026-08-25T02:05:11.458647+00:00,checkout,384.36,False
d5a86aab2d682dc1415c801a54710383,2026-08-25T02:05:11.230102+00:00,site_latency,156.06,False
aee96eb0318ac4478f89729d33b7160f,2026-08-25T02:05:11.395650+00:00,checkout,437.12,False
a2ec36fb5f74d599014c62f5acba4cd8,2026-08-25T02:05:10.852618+00:00,site_latency,361.37,False
824231bae78d8cc2e16a80897e59be80,2026-08-25T02:05:11.378326+00:00,checkout,295.92,False
39dcb0a8f9298c2d26567f9392d4d035,2026-08-25T02:05:11.215856+00:00,checkout,170.04,False
347df77c55ba6c5d82b59ee2b3037ed9,2026-08-25T02:05:11.532441+00:00,api_generic,61.66,False
03b78c86d3e8328df3211523cc252dd8,2026-08-25T02:05:11.696700+00:00,api_generic,134.28,False
dfc6e3efbd289bfdcc22377532111a61,2026-08-25T02:05:10.657662+00:00,checkout,460.5,False
07947f9103d6b08f84ebc47d8934fae0,2026-08-25T02:05:11.175597+00:00,site_latency,107.51,False
7a1cea70c2f8ef7efbbfb01d0e9a1bce,2026-08-25T02:05:11.532559+00:00,api_generic,83.86,False
cdbb81cd4e1c96e0a8b28d8d99042f48,2026-08-25T02:05:11.568877+00:00,site_latency,126.13,False
0b76f4c916f1b755371dc22f808b72cd,2026-08-25T02:05:10.957629+00:00,pix,91.89,False
a9c5e85fa4aa8a48732a5ac95e05380c,2026-08-25T02:05:11.734980+00:00,api_generic,235.02,True
8fd277ba2e5b13a9b9f657c6ab6cde24,2026-08-25T02:05:10.733523+00:00,checkout,487.53,False
05268c4562bad180f71ab730c4b64bb4,2026-08-25T02:05:11.357440+00:00,checkout,204.1,False
231d229ff7ce86270504497299680c30,2026-08-25T02:05:11.872707+00:00,site_latency,90.86,False
02dba0f990046d4f75729208b8ebede7,2026-08-25T02:05:11.075584+00:00,site_latency,889.96,False
c54672dbb3119cd8774f99ba02e17fef,2026-08-25T02:05:11.181985+00:00,site_latency,724.85,False
6ac8fb8c9f1c4f2fda4432d032011537,2026-08-25T02:05:11.575997+00:00,checkout,350.95,False
efefc5b369f161708c47a44c50643d63,2026-08-25T02:05:10.097639+00:00,checkout,1253.09,True
aaa57c74230a9c10aea1918ae62f36fc,2026-08-25T02:05:11.768744+00:00,site_latency,186.65,False
1a833ecb5fcca9ed31d874dc21db5a21,2026-08-25T02:05:10.787032+00:00,site_latency,436.16,False
6d7a58bd80fa486da061374fffcd9729,2026-08-25T02:05:11.087199+00:00,pix,87.8,False
be3ac970a95fbd2fcbe358b278c49047,2026-08-25T02:05:11.594058+00:00,site_latency,270.2,False
b66a33b40d03012289200df29757a0df,2026-08-25T02:05:10.848995+00:00,checkout,235.26,False
2bc55c76507b2c545aaf6f44a9e3d708,2026-08-25T02:05:11.181782+00:00,api_generic,71.49,False
8c1f4d29d35a6113ac2e4734498616ea,2026-08-25T02:05:11.227249+00:00,api_generic,94.53,False
caa51504eb5c026b5254ad5b8b3cd637,2026-08-25T02:05:11.084620+00:00,checkout,284.89,False
93071ccf76f50210b1d2b883ef89433f,2026-08-25T02:05:10.986625+00:00,api_generic,234.19,False
808da52a4ceb6fd58afb29e5726f2736,2026-08-25T02:05:11.371784+00:00,pix,95.26,False
8595cfcff05fad905d270f33e2aa92d4,2026-08-25T02:05:11.770259+00:00,api_generic,86.74,False
6e9acc28c5b7b242c7181c403e2f2ad5,2026-08-25T02:05:11.529799+00:00,api_generic,44.45,False
4ddcfcd19867e9a1deb24e883f711705,2026-08-25T02:05:11.266634+00:00,checkout,590.06,False
f3e0263b02e4523a42bfa777a4a47da1,2026-08-25T02:05:11.460488+00:00,checkout,267.07,False
8b3c6b75ac6ab8744e1b89d2bfe37512,2026-08-25T02:05:11.206491+00:00,site_latency,367.44,False
406484c0475ca30464cf489aea3256f6,2026-08-25T02:05:11.248486+00:00,site_latency,129.9,False
5e5b08f06be2eb0823b61857a8a2885b,2026-08-25T02:05:10.843275+00:00,site_latency,410.27,False
9db2926358b73e4a30ac81d11394861d,2026-08-25T02:05:11.043183+00:00,site_latency,400.61,False
9157a8f2e88e5b133288947f7df724ac,2026-08-25T02:05:10.957200+00:00,site_latency,610.61,True
27e56950964f13cbbade1a89bdd9f0ef,2026-08-25T02:05:11.230482+00:00,site_latency,564.38,True
ffa4b16594ab71bb01c3f8d5966855c8,2026-08-25T02:05:11.363376+00:00,checkout,189.42,False
7bc997b9953f5638e5bc57026cf2b9a6,2026-08-25T02:05:11.078123+00:00,site_latency,248.68,False
b76993d81db3eaec627179c5c89570f3,2026-08-25T02:05:10.636381+00:00,site_latency,389.41,False
64cc4a5abd481921d7ed123f804dc5a5,2026-08-25T02:05:10.961625+00:00,site_latency,117.87,False
c67c3acf94a5d350e603818ffbb7bf03,2026-08-25T02:05:11.164355+00:00,api_generic,186.97,False
0be0ced9f86b466452dd335adf7b5a24,2026-08-25T02:05:11.468765+00:00,site_latency,193.33,False
eb9c88f22a3c732aca9b8bc7c6a772fa,2026-08-25T02:05:11.400002+00:00,api_generic,120.42,False
e2775a4d9cafb8708a7626816fe7ff25,2026-08-25T02:05:11.231068+00:00,site_latency,519.42,False
957740417dea6251a381618ed04b3efb,2026-08-25T02:05:10.988827+00:00,checkout,285.84,False
d32c509771e68a53618378d199353a48,2026-08-25T02:05:11.479907+00:00,checkout,413.1,False
92cc756d4b17038233c3c8242792a826,2026-08-25T02:05:10.561638+00:00,checkout,507.1,False
be7ac296a2c08896bff5003e7b7a35cf,2026-08-25T02:05:10.732686+00:00,site_latency,859.66,False
97c9f6b8433de1fa16f2e6aa5e5839ed,2026-08-25T02:05:11.323158+00:00,checkout,345.07,False
9bff24fceba75dfe7aaed1f2bb306fa9,2026-08-25T02:05:09.349449+00:00,checkout,1865.15,False
e8b770716d9a1a4c80b34f22214c3725,2026-08-25T02:05:11.014969+00:00,pix,67.35,False
7c3fbb75cf4708859a58b1e22f5c42f4,2026-08-25T02:05:11.120744+00:00,api_generic,46.12,False
8664dc2f659d5f4de2addaa3701e6d17,2026-08-25T02:05:10.861806+00:00,pix,197.0,False
7ffd023487bd0838ea0ea8d22931008f,2026-08-25T02:05:11.226711+00:00,checkout,525.29,False
3c0877bde691a7e7090c34b99f3b44ef,2026-08-25T02:05:11.151949+00:00,checkout,109.87,False
0eddcd99e7681b3c3e33d862c3664824,2026-08-25T02:05:11.108667+00:00,pix,169.64,False
f67b5eba13447100055187e0d56ec1f5,2026-08-25T02:05:11.548893+00:00,site_latency,157.91,False
c6f4e4e25c4b312cc771d1cb56b756d5,2026-08-25T02:05:10.156619+00:00,checkout,1589.53,True
494da3eda7281032b0a58a8513102a72,2026-08-25T02:05:11.355079+00:00,checkout,514.54,False
ffdaa5f4251c71156b6a830c44d5fe18,2026-08-25T02:05:10.963357+00:00,site_latency,85.45,False
78db02d9b0612e7569d37612c12a22e4,2026-08-25T02:05:11.634789+00:00,site_latency,189.41,False
73af2eda32c94dad12bfecb50b763533,2026-08-25T02:05:11.107484+00:00,site_latency,446.73,False
eb041b833d6eb82b7f4f41817f706d52,2026-08-25T02:05:11.295838+00:00,site_latency,281.45,False
5844125b51f8593f70caa8b72dd4076f,2026-08-25T02:05:10.651524+00:00,checkout,429.63,False
968a16b893f0056f03306b36493ee88b,2026-08-25T02:05:10.969377+00:00,site_latency,222.88,False
d18fee1008db0aa9eefa2dcdcba0aaac,2026-08-25T02:05:11.605110+00:00,checkout,333.23,False
b610b3a668177ac3c0ef70386af8f17c,2026-08-25T02:05:10.826163+00:00,site_latency,568.08,False
a7cbb2c308cd58948385209f90f077e4,2026-08-25T02:05:11.297115+00:00,api_generic,69.05,False
5a1bf187e134aebcc73f05b835a3dda0,2026-08-25T02:05:11.073740+00:00,site_latency,286.89,False
08354e2488010921c0cb20db69b0dda9,2026-08-25T02:05:11.168025+00:00,api_generic,125.94,False
3686410bb84e785466e8788678004ae4,2026-08-25T02:05:11.414424+00:00,site_latency,113.66,False
bcc6f0d6c2ade01a8aec19ae44b225cf,2026-08-25T02:05:10.626895+00:00,checkout,424.6,False
6cab9b03e81daf721ac6293b031b8da4,2026-08-25T02:05:11.025385+00:00,site_latency,666.33,False
920a0a7f4dfdd4d0beba34bfdf8e2ec0,2026-08-25T02:05:11.370891+00:00,checkout,261.5,False
a9664a7057246baed10a8af820aa45d5,2026-08-25T02:05:11.242830+00:00,api_generic,592.07,False
fcc8d0943028afa5e3d67fe5343019eb,2026-08-25T02:05:11.820536+00:00,api_generic,91.38,False
8074b930fdb5076df8727ab15f7550e9,2026-08-25T02:05:10.993491+00:00,checkout,322.93,False
3a3fb1524a41009a9c47ce6c2bc34e61,2026-08-25T02:05:11.283070+00:00,checkout,458.43,False
3374acf13f46b1cfd19d1eb398961710,2026-08-25T02:05:10.999191+00:00,site_latency,274.97,False
e51ecedea8cd7a5b17532ebd44b0ec1c,2026-08-25T02:05:11.523655+00:00,api_generic,153.74,False
ee17015ccb8376822b531b9866272549,2026-08-25T02:05:11.222381+00:00,api_generic,92.89,False
774e1f2116aaa54fa3c6cd124ba6ad28,2026-08-25T02:05:11.252104+00:00,api_generic,86.88,False
b1dc24ffdce446ced0c2a20ba9e155e6,2026-08-25T02:05:11.384206+00:00,site_latency,149.8,False
8aa752a434ec110062d39b5cab0bcb1d,2026-08-25T02:05:10.819759+00:00,checkout,533.34,False
1a4a8eed269f802d634901fef2877112,2026-08-25T02:05:11.178698+00:00,site_latency,174.78,False
3363060eac265cf101d06af44e52a0e7,2026-08-25T02:05:11.032188+00:00,site_latency,425.11,False
56b886240e4377d2795c7a68a4470902,2026-08-25T02:05:10.570324+00:00,site_latency,690.94,False
b804bd0ae0781eddbcbdb25367f83812,2026-08-25T02:05:11.769354+00:00,site_latency,41.84,False
3e5cb28b6f279e6b466139c8136d051a,2026-08-25T02:05:11.431194+00:00,pix,141.14,False
9bd99d458326c34fb2b6ea29aad43a0f,2026-08-25T02:05:10.896011+00:00,checkout,460.25,False
d283d1caa7475d41093b14547d5444b9,2026-08-25T02:05:11.207027+00:00,site_latency,209.96,False
adeb28578b016f970baf1adce8e79a85,2026-08-25T02:05:11.243896+00:00,pix,315.82,False
fcf16dc979cd8e1735de3a8b057f7552,2026-08-25T02:05:11.565491+00:00,api_generic,48.13,False
0d7f904dd82e7fb3e8d0ddd1602e9dd5,2026-08-25T02:05:11.449040+00:00,site_latency,334.44,False
f5dc657a13b6d40d3eac9d9ad0a447be,2026-08-25T02:05:11.183303+00:00,api_generic,78.8,False
c7cd0e1618356b536da29497143e7e78,2026-08-25T02:05:11.155371+00:00,api_generic,46.64,False
f2c74e8cea2134f7957a0a16fed7c6d0,2026-08-25T02:05:10.921100+00:00,api_generic,128.06,False
748fdfafcb480b73c8f284c15f35b569,2026-08-25T02:05:11.087593+00:00,site_latency,158.61,False
b48d42962657277a32e7340664e24959,2026-08-25T02:05:10.949757+00:00,checkout,166.82,False
52f78be9f0222a2dc59ba903970ec5cc,2026-08-25T02:05:11.613581+00:00,api_generic,115.49,False
f236163895c0eae01bfea54f94c5af6a,2026-08-25T02:05:10.823085+00:00,site_latency,263.02,False
e41df3918a40ebcba58ef8bdbc8386f2,2026-08-25T02:05:11.215679+00:00,checkout,502.06,False
7d7a220d81925f78877fa77e48a74b47,2026-08-25T02:05:11.523226+00:00,api_generic,87.14,False
e6b5d28853751099cb24e51190ef562c,2026-08-25T02:05:10.972665+00:00,site_latency,149.27,False
49deaf8d57bf112e5a1e1e054c168fca,2026-08-25T02:05:10.940760+00:00,api_generic,125.58,False
e84000210ab4c211c1642053f812e612,2026-08-25T02:05:10.945810+00:00,checkout,481.41,False
a77050ac698aa40e69ccb6bc8e5fad5f,2026-08-25T02:05:11.237559+00:00,site_latency,702.08,False
782bb1e1cab68e4711019d12975561e7,2026-08-25T02:05:11.793648+00:00,api_generic,173.21,False
2a06d3c7cf7d0308692f61831a9a0f8c,2026-08-25T02:05:11.268568+00:00,api_generic,82.6,False
ddc06929dff6c8bd7cdc496dc3dff965,2026-08-25T02:05:11.647987+00:00,site_latency,85.53,False
55c39c30e24f634c2a1f093ce809ea0d,2026-08-25T02:05:11.033797+00:00,api_generic,36.84,False
707ff983a0c3215a19edd7fc4e71e93c,2026-08-25T02:05:11.448833+00:00,site_latency,114.06,False
059fb49d108a4426e4db0c911efd837a,2026-08-25T02:05:11.222042+00:00,site_latency,696.32,False
d05bd9778f913796c4b2b7e79da30cf4,2026-08-25T02:05:11.033626+00:00,site_latency,144.46,False
1bbc5a5535b51ce1d9a34bdb2619c427,2026-08-25T02:05:10.478138+00:00,site_latency,694.95,False
106e9a310603a160f823ccee86845c77,2026-08-25T02:05:11.099813+00:00,checkout,216.36,False
8183376f45d62122eec508b1e6703154,2026-08-25T02:05:11.540048+00:00,api_generic,70.54,False
1388e05f43c54591e04f27aff1b6f393,2026-08-25T02:05:10.942814+00:00,api_generic,167.01,False
47b4a1ae3ca26da3a8aeac0ff2baf050,2026-08-25T02:05:11.681628+00:00,api_generic,176.89,False
a59510327419f2cf34fb2c845ce38246,2026-08-25T02:05:10.944867+00:00,pix,131.47,False
d91efc442098ac3c405298ed3b5289da,2026-08-25T02:05:10.829820+00:00,site_latency,1042.17,False
830e3d730e806288a2cf40ccf0db4e02,2026-08-25T02:05:10.333909+00:00,site_latency,698.93,False
c9a06024f6b3a37dca1aaf3a9a542d03,2026-08-25T02:05:10.963844+00:00,site_latency,424.74,False
7718e236fa1fbe0304bbbc46614fb5c3,2026-08-25T02:05:11.501362+00:00,pix,128.66,False
0f2644b5f37c61f1335b4e7a75277f5e,2026-08-25T02:05:10.330295+00:00,checkout,1392.74,False
e7a43442959300c39c387993c0cac0c8,2026-08-25T02:05:10.391660+00:00,api_generic,846.67,False
631c5899b147d4950d6ed3312201a441,2026-08-25T02:05:11.058604+00:00,pix,116.17,False
555525ddb2679da0158a76f45855113d,2026-08-25T02:05:11.667145+00:00,checkout,322.77,False
cb8c9213a602b0fc8788a7bb8e98b9d4,2026-08-25T02:05:12.056253+00:00,checkout,519.59,False
1c390e372e37dc1a5a7e42378fcf017d,2026-08-25T02:05:11.496886+00:00,checkout,627.6,False
ac288e985737523298a5900296fcab2f,2026-08-25T02:05:12.720011+00:00,api_generic,101.82,False
c78ceb76afb52227241eabd5e4d8ea38,2026-08-25T02:05:11.876544+00:00,checkout,480.88,False
3c953de08f00b26c428ae0cbddd36c25,2026-08-25T02:05:12.221390+00:00,checkout,264.23,False
8db0b6555c22294e770a35eb933e8206,2026-08-25T02:05:12.037308+00:00,site_latency,179.82,False
8e9ccd718b7eb47a9533489bd4bdd594,2026-08-25T02:05:12.488231+00:00,site_latency,218.66,False
e604ee052324c30f234f51af5542ba17,2026-08-25T02:05:12.345306+00:00,site_latency,370.93,False
856e6d7ba0930440ae8a21a5309d13e5,2026-08-25T02:05:12.253715+00:00,site_latency,475.27,False
8fdf1b6a1c278f50b81235eff8db375f,2026-08-25T02:05:12.009506+00:00,checkout,227.93,False
c77066b82e6fb8a8f430159516c43c43,2026-08-25T02:05:11.689550+00:00,checkout,599.86,False
00be292cc7932de949ffb3d14ea7ae19,2026-08-25T02:05:11.901959+00:00,checkout,549.41,False
e4752b792ba99402404fe60fe41b1478,2026-08-25T02:05:12.698045+00:00,site_latency,185.39,False
d092162f60df3fd65265884c25c5a3be,2026-08-25T02:05:12.454632+00:00,site_latency,167.18,False
fdcdcc03426deeb1a29cf4b8a5ff87a8,2026-08-25T02:05:12.002450+00:00,checkout,178.93,False
bc456089b8e73b4ad937566b75314145,2026-08-25T02:05:11.860407+00:00,checkout,214.72,False
4eeadb28dfe7388e881d82f1de8e93fd,2026-08-25T02:05:12.355241+00:00,pix,131.74,True
168f62dacbbafa8ae08d64f36d2352dc,2026-08-25T02:05:12.305590+00:00,api_generic,540.39,False
d2893ae393b12a904001829a25e0b030,2026-08-25T02:05:11.738071+00:00,checkout,250.5,False
1dbe7d674982e1f7be4fdcba19949806,2026-08-25T02:05:12.411538+00:00,checkout,133.29,False
bd37c56dbd7e33d2e8dc1d2ce257cd7b,2026-08-25T02:05:11.956932+00:00,site_latency,771.28,False
94456d40554f80a9fefc52b800d02519,2026-08-25T02:05:12.009631+00:00,pix,145.13,False
3a47f768ceb08a17963f567999d96636,2026-08-25T02:05:12.158850+00:00,checkout,180.18,False
4096805b0ed1039cb088f854432724a0,2026-08-25T02:05:12.002676+00:00,checkout,424.54,False
629f3659e694e67d26631956625b8fb7,2026-08-25T02:05:12.325386+00:00,api_generic,126.34,False
a1158ab1ef0beeedd082b64eeba15c7d,2026-08-25T02:05:12.087959+00:00,api_generic,63.89,False
ac5b7156826a9e31b420a167685ee10b,2026-08-25T02:05:11.836126+00:00,checkout,418.76,False
1b8a07ca9e85268a070520d5b9ddf74f,2026-08-25T02:05:09.328343+00:00,checkout,2769.33,False
59a66e3d768b4afb240ca24bc8096211,2026-08-25T02:05:11.727520+00:00,checkout,410.38,False
f7b456d328ea9ad9bcdce5fa7c6f22dc,2026-08-25T02:05:12.372304+00:00,api_generic,55.28,False
37b7632bed18c0a0fdd67bd710fc5ed0,2026-08-25T02:05:11.722974+00:00,checkout,736.11,False
a3f45e2b3b35ec1afa09eb26741c4f48,2026-08-25T02:05:12.349996+00:00,api_generic,70.33,False
9b29ff112e1e02ed4a6ec0ef445c4ebe,2026-08-25T02:05:11.849993+00:00,checkout,597.1,False
8e7df90e42e8215e9c485b20761eafd8,2026-08-25T02:05:11.657542+00:00,api_generic,453.91,False
ecd4f7d64f4d64f35aa69e64fbe898b6,2026-08-25T02:05:11.713929+00:00,site_latency,683.64,False
69a6e698110720e23e306321cbe3b871,2026-08-25T02:05:12.113079+00:00,checkout,583.61,False
6510ed9aa1b96ad4dffc7afc22b1ffb1,2026-08-25T02:05:11.683282+00:00,site_latency,400.39,False
cb015b13f91fae1abee72e5325e79d3c,2026-08-25T02:05:12.113641+00:00,site_latency,100.2,False
faac94ed7207e0498ab0ee377901a4a4,2026-08-25T02:05:12.421894+00:00,checkout,467.89,False
f1f3ed243b549a4cea2bdbe3f4009dba,2026-08-25T02:05:12.140914+00:00,site_latency,163.44,False
18fd0f9e55049a4df894479db41aa892,2026-08-25T02:05:11.965301+00:00,pix,731.11,False
78dd4222e9c046d06f207e19ae684c71,2026-08-25T02:05:12.728951+00:00,site_latency,49.79,False
7a36d665d6cd29b1953787bda9bba622,2026-08-25T02:05:12.006634+00:00,pix,850.5,False
8521c88c1c9f7f79b0b91bdf3f5e5762,2026-08-25T02:05:11.667919+00:00,checkout,447.06,False
0863ad0d0c9fcfdf4c336587df568043,2026-08-25T02:05:11.568660+00:00,checkout,722.33,False
17a998798763966606d8ec1ecd25c43b,2026-08-25T02:05:12.623312+00:00,pix,115.05,False
010ff51de708dba42725d94f26a27de9,2026-08-25T02:05:12.551368+00:00,pix,141.01,False
9bf63d4cef8908e89628a9697ef048a6,2026-08-25T02:05:10.397294+00:00,site_latency,1605.88,False
0864b7cc75cfaebc6c53d49347df265f,2026-08-25T02:05:12.781318+00:00,api_generic,107.21,False
f734a1eb11c5b7c0e902d92f6f433fcf,2026-08-25T02:05:12.046509+00:00,checkout,462.18,False
17df40ff54852a9a0ead092c226a1204,2026-08-25T02:05:12.183932+00:00,site_latency,199.55,False
79c88e3298ad40167c7ecb1e354a4510,2026-08-25T02:05:12.514885+00:00,site_latency,189.93,False
092936ef114150b180719fe905df535a,2026-08-25T02:05:11.864024+00:00,site_latency,127.21,False
5d972f3d72e5baeb19b8a81fddfba48f,2026-08-25T02:05:11.675966+00:00,site_latency,433.63,False
7fd16bbd6753b52b8e92afbf1e753085,2026-08-25T02:05:11.914379+00:00,checkout,281.76,False
b06528f00854def66c2865736465cb9d,2026-08-25T02:05:12.319940+00:00,checkout,204.14,False
2ae6598188a7f719ac4a3826ddf9242f,2026-08-25T02:05:11.879013+00:00,site_latency,184.06,False
107191da5f189aca6bd3fb9642eed0cc,2026-08-25T02:05:11.079458+00:00,site_latency,1417.0,False
21be8bbda093254d5505e45dcea3de37,2026-08-25T02:05:12.674520+00:00,site_latency,206.76,False
6cde014483d15da71ba3ac89163bfa70,2026-08-25T02:05:12.431599+00:00,site_latency,105.2,False
ba5d1ad6913be931443df01d230398bc,2026-08-25T02:05:12.721531+00:00,site_latency,152.68,False
3140113ef1995a5521caafc3ff3455ab,2026-08-25T02:05:09.834292+00:00,site_latency,2351.23,False
aaf6c78dbcebb1c40224da5b0c7fc2b2,2026-08-25T02:05:11.861303+00:00,checkout,658.0,False
b3654934833a05f65b15aaa6042aa5ca,2026-08-25T02:05:12.593182+00:00,api_generic,108.51,False
e1c84c5d0fa1fc1801d079b8fb635355,2026-08-25T02:05:12.242443+00:00,checkout,562.87,False
e0913c430b52cdac72d92955a109c829,2026-08-25T02:05:11.695465+00:00,checkout,300.09,True
ea184e61352c3f4a0d291f4d8f760d92,2026-08-25T02:05:12.356260+00:00,checkout,66.97,False
9ab9c8c1975ce5270f32bd4ab5d4d593,2026-08-25T02:05:12.657611+00:00,pix,145.08,False
1c4fd8438d31499b1520472e77b66021,2026-08-25T02:05:11.446314+00:00,site_latency,586.29,False
0b9eba55f3f7aebffef0682c3b4f45fd,2026-08-25T02:05:12.558764+00:00,api_generic,257.14,False
33672dd4a28f7dde3e2bff00ca100cb1,2026-08-25T02:05:12.478514+00:00,api_generic,112.14,False
11a53b811a32e70fa8609a23b69906c8,2026-08-25T02:05:12.585308+00:00,pix,77.51,False
6feb2c8f8b1d1d0e718ee4c4ccf108b1,2026-08-25T02:05:12.005674+00:00,checkout,215.19,False
e2044735163d5d4797062ab754a80a32,2026-08-25T02:05:12.062738+00:00,api_generic,396.82,True
ee12e918b9440f70148b3c145d0dfe87,2026-08-25T02:05:12.592115+00:00,api_generic,91.69,False
98060b530b0057032da3085922be91d0,2026-08-25T02:05:11.755785+00:00,site_latency,637.72,False
0b4c152cadc399f8045859555e3413b4,2026-08-25T02:05:12.174427+00:00,api_generic,66.99,False
0f3d4bbadeca1a22bca50d7afd4e4367,2026-08-25T02:05:11.786684+00:00,checkout,546.06,False
b059b7e5f690f4079f7626d0b41ce218,2026-08-25T02:05:12.773835+00:00,api_generic,112.32,False
0c4c10725f9704c0f6e99f0dfa136849,2026-08-25T02:05:12.111414+00:00,api_generic,137.93,False
f92bd07dafa7c391926e17bc4a6c68de,2026-08-25T02:05:12.543038+00:00,site_latency,193.38,False
ae677a58bcef64516c0ee02ec4e603a6,2026-08-25T02:05:12.412854+00:00,checkout,461.64,False
7c6e9f29266ea066f22439849ff174e3,2026-08-25T02:05:12.370712+00:00,api_generic,188.1,False
a54d2f14a32e845d3c498a23d1b1b98a,2026-08-25T02:05:12.373880+00:00,site_latency,453.93,False
f6733787dc7b42a3709d6b88b10eac7d,2026-08-25T02:05:11.946930+00:00,site_latency,213.35,False
00ecd9c038ca6db83a8f147ae645293a,2026-08-25T02:05:12.021032+00:00,site_latency,221.44,False
c232bef89a3d1050fa698fd947cbe2e8,2026-08-25T02:05:11.810701+00:00,api_generic,203.08,True
60301b600ad336e2d69aea2f65742df6,2026-08-25T02:05:12.009252+00:00,site_latency,462.31,False
4f538d7d33e5f1298d18c824083da8a5,2026-08-25T02:05:11.964850+00:00,site_latency,186.07,False
28d6a30aa41dd96ab4e59e7c92ca4fff,2026-08-25T02:05:12.343608+00:00,checkout,493.7,False
0a726ec1acc8c5610ab607223f06e468,2026-08-25T02:05:11.734040+00:00,checkout,484.5,False
b3fccb009c9fc3cd0cfe46751e97fd9e,2026-08-25T02:05:12.260329+00:00,checkout,308.7,False
0571c310ccdfdd6ec6330bf434bab37d,2026-08-25T02:05:12.092357+00:00,site_latency,222.94,True
912bae52eb355448a6efd021c131be1e,2026-08-25T02:05:11.579027+00:00,checkout,567.31,False
11fcfde05c95baa0308a4751b277c179,2026-08-25T02:05:11.895494+00:00,checkout,443.73,False
cfb6f196129c5fcff1ad5eff2ed43edc,2026-08-25T02:05:11.746079+00:00,checkout,505.93,False
e69052efc05e2fe202a3027f5c348e2e,2026-08-25T02:05:12.083166+00:00,checkout,386.88,True
af864288e0e3d87c4a5598ad6aca8f6f,2026-08-25T02:05:12.152511+00:00,api_generic,81.3,False
2843cca57017f91a7d418aeb7e72fb47,2026-08-25T02:05:12.293183+00:00,pix,140.9,False
069f093672184d3580aaaddaf9cecc7d,2026-08-25T02:05:12.560228+00:00,api_generic,112.4,True
2a46725cb6b34050ad28f3b8b3dfdf5f,2026-08-25T02:05:12.190258+00:00,site_latency,132.91,False
316b97fd5c6633b1dcabad50b4a12f76,2026-08-25T02:05:12.735243+00:00,site_latency,140.74,False
2d27dd2a1b0c611d5594fad250b38822,2026-08-25T02:05:12.020572+00:00,api_generic,451.26,True
286ba847eb6c2c470e3ce4146d2dc1e3,2026-08-25T02:05:12.435799+00:00,site_latency,429.02,False
50c96d3fd029040b5d5b84f9ac77ee47,2026-08-25T02:05:12.243615+00:00,checkout,571.04,False
73da7235a78bc3faf2190ced83ef716e,2026-08-25T02:05:11.389758+00:00,api_generic,640.39,False
96a8da16c453e9b54ee3069cfe727d47,2026-08-25T02:05:11.807193+00:00,api_generic,432.33,False
64ee8c0a0997e7b593d37348597adf41,2026-08-25T02:05:11.851556+00:00,checkout,876.41,False
255537cc5bdb99aa9bb96f89c4df8dce,2026-08-25T02:05:11.266522+00:00,pix,1028.37,False
6a41a230aef0250c55dd5374e4d0d2fa,2026-08-25T02:05:11.321748+00:00,checkout,735.61,False
2f60b5ac294033a462fac203ddf40004,2026-08-25T02:05:12.572701+00:00,pix,77.46,False
0840801b6a730f4b10af312eb286c5cd,2026-08-25T02:05:11.941409+00:00,pix,76.57,False
4f3bfc6826d7a3b31c26366704b65a40,2026-08-25T02:05:12.186900+00:00,site_latency,350.59,False
b3c1831d6d2aaa7e9e4ac92adea03c76,2026-08-25T02:05:12.191653+00:00,checkout,476.9,False
402ec4a72bc946b83fd4dae392224078,2026-08-25T02:05:12.516231+00:00,api_generic,73.9,False
c55758797f6c567b0e25682587d7f834,2026-08-25T02:05:12.521913+00:00,site_latency,139.17,False
b21f699bec0767ccba1d62d86172e624,2026-08-25T02:05:12.432561+00:00,pix,138.35,False
15cbf10fefde44c3d6fab7537e336454,2026-08-25T02:05:11.500674+00:00,site_latency,582.53,False
88d0ac106d5172ae51ad39bc3a3e6508,2026-08-25T02:05:12.002774+00:00,site_latency,281.57,False
122cc5e509279660b0dda6bc6979f7d5,2026-08-25T02:05:12.411721+00:00,api_generic,57.08,False
89aa342e56f503c85c11ed70fc1ab43d,2026-08-25T02:05:12.570867+00:00,api_generic,40.94,False
f65232f97cb9e086b2780516f0b8321a,2026-08-25T02:05:11.573815+00:00,pix,481.81,False
25dbb5ac38f62689aaa2121c8d7dd632,2026-08-25T02:05:12.021515+00:00,pix,165.01,False
e7439df4e52a102b9bfa8409e4b90029,2026-08-25T02:05:11.786137+00:00,site_latency,586.59,False
359eaf90a00dfb12c8e02294398f0c88,2026-08-25T02:05:12.296949+00:00,site_latency,102.22,False
421fd3328c76744a151023a24d496cd6,2026-08-25T02:05:12.186282+00:00,site_latency,281.89,False
29e3e52f9bf93667ce7fbde3a03886f1,2026-08-25T02:05:12.431904+00:00,api_generic,98.89,False
9bc4328a96207869af68c304b59816a3,2026-08-25T02:05:12.157552+00:00,site_latency,159.46,False
fdbc81323bf000cb66e0fac1b26617b5,2026-08-25T02:05:11.660676+00:00,checkout,608.2,False
900eb4cf0e8cb92d6b5a835b3aabb8bb,2026-08-25T02:05:12.720179+00:00,api_generic,80.84,False
9d4c317715e94818b66f30425f45099a,2026-08-25T02:05:12.131103+00:00,checkout,424.18,False
fc657920375823df80e71cc46d38c031,2026-08-25T02:05:13.448995+00:00,site_latency,95.61,False
c9eb60a78bd622ba5062318a6736f0af,2026-08-25T02:05:12.925338+00:00,site_latency,127.94,False
a24776230134872bf89b2e55892e4594,2026-08-25T02:05:12.614271+00:00,checkout,580.47,False
2f960bdeb96f89a5b3081ffe8a58bd2e,2026-08-25T02:05:12.456640+00:00,site_latency,532.24,False
7d74a5d6861fc1c8fb0c75c94da0862d,2026-08-25T02:05:12.793087+00:00,checkout,425.65,False
8d9162d6a5edff573738c93d01941fc9,2026-08-25T02:05:13.113599+00:00,api_generic,97.03,True
35985a6b6eea3faf8788e3a1937e2e15,2026-08-25T02:05:13.102151+00:00,checkout,293.09,False
bd9123ece8ee2a3e402219f7dcf7e22a,2026-08-25T02:05:12.475878+00:00,site_latency,443.7,False
9403cf9a84a93cdcefe34266e28e644f,2026-08-25T02:05:12.960944+00:00,pix,160.28,False
a9bc96883f6b1a7fc3ca135ecbcc3dfb,2026-08-25T02:05:12.535110+00:00,checkout,681.02,False
ad3e2c0d78b5a5d75a1f0e00861093de,2026-08-25T02:05:12.675068+00:00,checkout,462.33,False
b57661cc29b143a623254dbc82843e03,2026-08-25T02:05:13.544309+00:00,checkout,207.1,False
265c482d2840d8f47ebcc3a85ae2c092,2026-08-25T02:05:13.357202+00:00,checkout,364.55,False
2bd51862aedd1bf4420b228910582cff,2026-08-25T02:05:12.750888+00:00,site_latency,205.11,False
8065c8422164b7d8a1bc3770574f0a95,2026-08-25T02:05:12.546597+00:00,checkout,573.05,False
664c6d8ed5b4118e5ec441c7fe314492,2026-08-25T02:05:13.234563+00:00,site_latency,438.79,False
2833cd86051a21f565a610420b15d718,2026-08-25T02:05:13.160655+00:00,api_generic,93.78,False
05aa1f044883db7bb8dc1410d4d402cc,2026-08-25T02:05:13.075342+00:00,checkout,78.39,False
dc0c23dfc788201cf5c6b30719071d25,2026-08-25T02:05:12.767677+00:00,api_generic,152.5,True
4b9213837fc81fac9c16bb88f7e66227,2026-08-25T02:05:12.893745+00:00,site_latency,443.1,False
a681d23bfc194778fe3a911809ae603b,2026-08-25T02:05:13.491585+00:00,api_generic,119.95,False
7ab67e7912f7e14d9421df1d25d55ac1,2026-08-25T02:05:12.744040+00:00,checkout,405.1,False
0eae93973245717061ca37a0d85b0cb3,2026-08-25T02:05:12.574678+00:00,checkout,658.11,False
3c4401d8dd50af97a1e6dade637678ee,2026-08-25T02:05:13.393593+00:00,site_latency,49.61,False
cc0aebfaae550dacccab9c7f247d1de7,2026-08-25T02:05:13.482309+00:00,api_generic,192.78,True
ca338047cd7395703d899db3b0561f99,2026-08-25T02:05:12.918958+00:00,site_latency,432.18,False
8cfbbec9f63176b82f0aef75a92eedb1,2026-08-25T02:05:12.815865+00:00,api_generic,110.52,False
8b5e3002a572be65f7bdfc4b8989755a,2026-08-25T02:05:12.734748+00:00,site_latency,211.79,False
d7f12a8e35ea4a3e31eed69cdcc3db84,2026-08-25T02:05:13.548362+00:00,pix,100.31,False
a63b22c3632bc485ef5ea7d8415061b1,2026-08-25T02:05:12.940789+00:00,site_latency,71.79,False
59f6cdf6eff103a9a9634e13571ba606,2026-08-25T02:05:13.117649+00:00,site_latency,148.37,False
c6c5f8885d6166dabf8983157f1a42ef,2026-08-25T02:05:13.304216+00:00,api_generic,83.4,False
8eef862fde868287caae08ab5aef9217,2026-08-25T02:05:12.098941+00:00,checkout,917.03,False
e0a935d9c303c978d05638aeaa707cc5,2026-08-25T02:05:12.690187+00:00,site_latency,492.62,False
e753090019c1ea0a609cafc4bcb0f658,2026-08-25T02:05:13.114937+00:00,pix,100.68,False
3cc2a912056602c29dc52020f3c31210,2026-08-25T02:05:12.665832+00:00,checkout,514.2,False
45459d2552a29089dff6a867ff5e90a3,2026-08-25T02:05:13.086005+00:00,api_generic,267.07,False
13056074a8ecddc1e7db5067ec0be034,2026-08-25T02:05:12.918302+00:00,checkout,628.06,False
1e04a535fa5d54a01be175e1c25bce99,2026-08-25T02:05:12.841918+00:00,site_latency,420.86,False
0b12828740ffd4bb4009a41c213563cd,2026-08-25T02:05:12.931761+00:00,checkout,461.87,False
9210aa0f2812df12364c4b9888b7e979,2026-08-25T02:05:13.395208+00:00,pix,94.69,False
284c34bd8086832d87e3e062fb62f058,2026-08-25T02:05:13.524760+00:00,api_generic,58.04,False
57bb18ab6eb7ec6877a2dc22f35ef85f,2026-08-25T02:05:13.359554+00:00,api_generic,51.53,False
46ee2fe4cd88ec705074a2f6e0437d66,2026-08-25T02:05:12.883380+00:00,api_generic,115.19,False
ae5e82bec98167ae534bd350b0eee63c,2026-08-25T02:05:13.386368+00:00,api_generic,228.34,True
d54069ff6605d58fd898b68ed8fe2680,2026-08-25T02:05:13.198566+00:00,checkout,201.99,False
db858eef324ae544705f2571474ec40c,2026-08-25T02:05:13.172142+00:00,api_generic,136.26,False
9e2d14215936b42e4f1c3982a0724840,2026-08-25T02:05:12.943744+00:00,checkout,679.83,True
4cb95841cfc96eefc8bc3af9c7b0c68f,2026-08-25T02:05:12.634925+00:00,site_latency,446.33,False
7e559741d0fb72f025de773192c9a732,2026-08-25T02:05:12.503178+00:00,site_latency,471.24,False
e87b84b447ec4e9525118be7771816e5,2026-08-25T02:05:12.512680+00:00,checkout,463.09,False
6941b3ab30119c4d5325d1b481e65c61,2026-08-25T02:05:13.004609+00:00,site_latency,110.66,False
1ed705d477b1735da6cae67ce85a1687,2026-08-25T02:05:13.466922+00:00,site_latency,115.55,False
ddbe8732280bdd2e01c02f93a0b5cc5a,2026-08-25T02:05:12.374401+00:00,checkout,626.54,False
7c9faab248857cc15224bf7902c8c5b0,2026-08-25T02:05:13.630732+00:00,api_generic,44.08,False
80f961f1ac22cb95792414fa7c1b38c8,2026-08-25T02:05:12.085822+00:00,site_latency,1539.41,False
cad9d7733460a312e06305dbf3ec1d00,2026-08-25T02:05:13.012543+00:00,site_latency,138.22,False
d167a8a1621e31cebdf73da0d863e0b6,2026-08-25T02:05:13.396489+00:00,api_generic,207.4,True
63a7de0876ac58e068a70dc8c8370a24,2026-08-25T02:05:13.637840+00:00,site_latency,59.37,False
43fe21b533d93e20f59ff94bc43524a6,2026-08-25T02:05:12.520660+00:00,checkout,452.96,False
53bf2f3069bcce85cae0a8dfb40935d7,2026-08-25T02:05:12.814625+00:00,site_latency,337.4,False
7f874026301e319943fb72a0077743db,2026-08-25T02:05:13.151994+00:00,api_generic,82.2,False
0fc55e4bff418ede7412b78401643f37,2026-08-25T02:05:12.937302+00:00,api_generic,51.33,False
b0cbb49f40290dfc26af1b14f4318d50,2026-08-25T02:05:13.450438+00:00,site_latency,45.68,False
955acac6d3088f9c6fc5e6c43fb07af8,2026-08-25T02:05:12.731813+00:00,site_latency,417.14,False
f8e40a336011074002beb5537b9ee52a,2026-08-25T02:05:13.111887+00:00,pix,188.75,False
872fde5d787e169d633bfd02b467839d,2026-08-25T02:05:12.745960+00:00,checkout,558.29,False
2691bfb7353fbf8a43443af0a5094e76,2026-08-25T02:05:13.688870+00:00,api_generic,84.53,False
e05e67eff4aa11326f524f4e8075d910,2026-08-25T02:05:12.430076+00:00,checkout,573.27,False
85013f9be191384d70b09831dbd129ce,2026-08-25T02:05:12.854556+00:00,checkout,494.98,False
bf9f49960b092dcbbb8aa5606a15f441,2026-08-25T02:05:13.217550+00:00,site_latency,302.69,False
64f489b7e53a6a4009443981590bab14,2026-08-25T02:05:13.265487+00:00,checkout,411.86,False
a14bb06ccd7afa823ab3c53b8b457593,2026-08-25T02:05:13.264340+00:00,pix,134.68,False
f378ce6da9bcf26ab4973be5b3dee6ef,2026-08-25T02:05:13.481756+00:00,api_generic,109.97,False
6c0c140246f81f551111c224f456005d,2026-08-25T02:05:13.463286+00:00,api_generic,77.29,False
81df1cda3d39ffbf8d35ef4dd1cf933f,2026-08-25T02:05:12.965577+00:00,checkout,703.78,False
526da5635bd04a9af49523457e093adc,2026-08-25T02:05:12.628922+00:00,checkout,455.72,False
a4394089e0aa6d09a35c7e4ba1e013f0,2026-08-25T02:05:13.607831+00:00,pix,130.55,False
714a926f8fa49f893c2151b93d23eaa3,2026-08-25T02:05:13.257195+00:00,checkout,497.0,False
32a3e11258ba2e937df6911b0bb2217c,2026-08-25T02:05:11.822968+00:00,pix,1136.98,False
43d0fe5c143dae9ef1d1a593cb856956,2026-08-25T02:05:12.806616+00:00,checkout,352.78,False
e177175238155739d3abdb1a94dd2ef4,2026-08-25T02:05:13.294083+00:00,api_generic,159.44,False
c94c3ba182e1540d481d841a489189ab,2026-08-25T02:05:12.733826+00:00,checkout,695.62,False
1bd74f9daaf9d1eb29d5c775efa9995c,2026-08-25T02:05:13.432800+00:00,pix,90.26,False
bb0eae219f311b66ae540e5cacc19b74,2026-08-25T02:05:13.278805+00:00,site_latency,201.65,False
73ac4914e1ed17d02e4cf6d655820231,2026-08-25T02:05:12.584431+00:00,site_latency,431.8,False
fbec4e6ad076959f46ad21f68c1ef7ba,2026-08-25T02:05:13.152544+00:00,checkout,473.15,False
66a30dac82273f8387cf7c2943c401c3,2026-08-25T02:05:13.165795+00:00,site_latency,410.17,False
f636df41d8d6071d392496e79d64b100,2026-08-25T02:05:13.546310+00:00,api_generic,181.74,False
c1dd5b788ee38a4721f724b7b3477fa0,2026-08-25T02:05:12.805237+00:00,checkout,201.87,False
482621fe40db14b11a29d707215b369f,2026-08-25T02:05:12.992083+00:00,checkout,125.66,False
3a93ad87356fd14ca88330a1ecc0a7c4,2026-08-25T02:05:12.861948+00:00,checkout,440.28,False
1623894010ec892ebb79e6dcf8a235a8,2026-08-25T02:05:13.260304+00:00,site_latency,180.49,False
ec324be8506f8750df1cabbdb4645837,2026-08-25T02:05:13.651393+00:00,site_latency,86.79,False
c7cf38e58c2def2ee54c48ee2484cd45,2026-08-25T02:05:12.845528+00:00,site_latency,274.37,False
30c7328bc8d048345ac9c52840a31b7d,2026-08-25T02:05:12.651654+00:00,checkout,293.46,False
fc30d3ee17f358af19032c609b147ffd,2026-08-25T02:05:12.148590+00:00,checkout,1478.29,False
61bda6147ea7fb5b7efa921b697835f1,2026-08-25T02:05:13.682220+00:00,site_latency,77.92,False
33d07dc9a270aaaee61c484f4393d9ec,2026-08-25T02:05:13.056646+00:00,api_generic,80.51,False
b74014bf9b64931495ea013c8b7eda17,2026-08-25T02:05:13.184693+00:00,site_latency,142.17,False
002a5a588eb485a1645dbf5a8d25b413,2026-08-25T02:05:12.948061+00:00,site_latency,165.57,False
b47a313e8908664c029c649b0b7f989f,2026-08-25T02:05:13.535269+00:00,site_latency,152.19,False
cbe83f7d1af9e7b46b0ca361e2183b16,2026-08-25T02:05:13.134830+00:00,site_latency,131.38,False
401a842433a05aafc5f107ad477b038f,2026-08-25T02:05:13.073941+00:00,api_generic,202.88,True
786720a4e3b7f44c9b65e8ddb0f482b7,2026-08-25T02:05:13.278329+00:00,site_latency,496.4,False
ed2efb98b5575559b07dc31942577648,2026-08-25T02:05:12.923921+00:00,pix,74.37,False
ab08149b93ef0b6589dc38354b856dc1,2026-08-25T02:05:11.738936+00:00,site_latency,1563.04,False
1bc777a99de472f000d0eb09166b753c,2026-08-25T02:05:12.391339+00:00,checkout,561.9,False
681c06e803b58ee625b721e44393ce74,2026-08-25T02:05:12.824166+00:00,checkout,452.31,False
17332829fbb1066baaab5bc38f63dcca,2026-08-25T02:05:13.297755+00:00,site_latency,69.32,False
8f309b4aee8cbfa5636c001823f804c5,2026-08-25T02:05:13.387555+00:00,site_latency,305.98,False
5713d54e1f477a2940d73f1ef26d845e,2026-08-25T02:05:12.810143+00:00,api_generic,405.73,False
e7b0d1645ff93101f64ca10a25ad8686,2026-08-25T02:05:13.037729+00:00,pix,118.18,False
5c30b8549fdd379a9586828f440e5a32,2026-08-25T02:05:13.240077+00:00,site_latency,101.76,False
806e5f23c537a53c6cf9df5ac282cd8e,2026-08-25T02:05:12.941290+00:00,checkout,457.41,False
3ad9070bb14b689cad14ddca7ed413cc,2026-08-25T02:05:12.395082+00:00,site_latency,1051.19,False
419116c978bf86fad2835a8c306ebbc0,2026-08-25T02:05:13.374256+00:00,site_latency,172.31,False
cb998b3add686938d3b3ed06ef7556b7,2026-08-25T02:05:12.706129+00:00,site_latency,230.27,False
1e07029b584856fbe7f7eb8c844cedb9,2026-08-25T02:05:13.344906+00:00,api_generic,82.07,False
55db9942e93380fe0dadceb9896870ce,2026-08-25T02:05:12.978007+00:00,checkout,425.14,False
d3f43400164e2f502e4ac20e83a5b31c,2026-08-25T02:05:13.050660+00:00,api_generic,97.8,False
4d05ca2f076d14a21d13037359b50ad7,2026-08-25T02:05:12.727928+00:00,pix,186.08,False
43ec64250f29880d80ac522b8686f8e4,2026-08-25T02:05:13.394183+00:00,site_latency,148.91,False
72947749cdef50b2702e7a59c7123aef,2026-08-25T02:05:12.615898+00:00,site_latency,1014.33,False
05ff19b747c017b314a79cdaf9236484,2026-08-25T02:05:12.316949+00:00,checkout,812.3,False
ffa164f8f94f5fc38e5fa962773d26f4,2026-08-25T02:05:13.038349+00:00,checkout,426.28,False
555180a5a62a851a671d9974cdfb52f4,2026-08-25T02:05:13.664355+00:00,api_generic,105.58,False
c7837761d2394991bb33d87b48e93cb9,2026-08-25T02:05:13.196888+00:00,pix,90.68,False
27141287f59957eeacc6b1c41d627b84,2026-08-25T02:05:13.570955+00:00,pix,79.17,False
19237634be43fcd8bec4a8d37d1a6b59,2026-08-25T02:05:13.501600+00:00,checkout,261.62,False
34bc68116547e48aa8ea80a18442fdb7,2026-08-25T02:05:13.584559+00:00,api_generic,97.04,False
ec1b2dc85091cd00cbb4a98ec320960d,2026-08-25T02:05:12.744586+00:00,checkout,580.98,False
26e3077595efd0c419a595749710e0f7,2026-08-25T02:05:13.076632+00:00,checkout,449.43,False
45ec2f3cdc619274927c49319648a2f0,2026-08-25T02:05:13.464595+00:00,checkout,497.85,False
a1c658e72f91c30da0baf9a240a2c2d1,2026-08-25T02:05:13.890009+00:00,site_latency,458.08,False
15a8bf3fa191e1478a8b751c9e96e1ae,2026-08-25T02:05:13.613777+00:00,site_latency,515.41,False
07361636bbcd7538e26d757156808e79,2026-08-25T02:05:13.975266+00:00,api_generic,165.68,True
e32c9cf3f5716b2353e364de42a98c30,2026-08-25T02:05:13.339217+00:00,checkout,543.5,False
a82ac5e2a7fa98fa872ae40634ba46a2,2026-08-25T02:05:13.457017+00:00,checkout,759.74,False
82e459d6072f8761a5e38dbc3dcd17e1,2026-08-25T02:05:13.723329+00:00,checkout,633.97,False
d78bba9fd2b7bfb68f6327d29d8fbe6d,2026-08-25T02:05:13.473804+00:00,checkout,432.86,False
855c1de37c4eeb2b23e4610591cde4b9,2026-08-25T02:05:14.278298+00:00,api_generic,78.35,False
60114425ced939140bb47240d7e17e7e,2026-08-25T02:05:13.919835+00:00,site_latency,144.54,False
b6e118dadd4d4e021caabb1baaa4aa2a,2026-08-25T02:05:13.847008+00:00,checkout,367.89,False
b146cc67291b673dc51c6f095f1ae47a,2026-08-25T02:05:14.133510+00:00,site_latency,170.71,False
38a718a307327cda3c9da2b9d8738a44,2026-08-25T02:05:14.152268+00:00,checkout,276.39,False
440d07a6636c9cde3921cefcb3e2f5f9,2026-08-25T02:05:14.501595+00:00,site_latency,143.6,False
e2d8d936729d04eb79fc68f795b9bac6,2026-08-25T02:05:13.954726+00:00,site_latency,210.79,False
99597de7e237f0356cbf3c2121830208,2026-08-25T02:05:13.699328+00:00,site_latency,282.68,False
9e698b20e2e5551e94440cfa94f8464a,2026-08-25T02:05:14.188648+00:00,checkout,473.3,False
86003591971556c929b1a93492bfb3a2,2026-08-25T02:05:13.503209+00:00,site_latency,551.24,False
24926dd1e44b64f0e955dc03e8bb6931,2026-08-25T02:05:14.174730+00:00,site_latency,303.31,False
9a514761e1d4dd77b2f6357af4c278c8,2026-08-25T02:05:13.704731+00:00,checkout,267.2,False
907ef2496d808ab18c388d9c148e98b5,2026-08-25T02:05:13.812987+00:00,checkout,444.39,False
8227badbb1687ba8cbe13b1389eb0387,2026-08-25T02:05:13.645801+00:00,checkout,412.46,False
22474f18e27f1efcdb9eda3141371dd2,2026-08-25T02:05:14.330945+00:00,api_generic,105.01,False
c9d0508b5a7645f7e8ccc7aaffcd25d0,2026-08-25T02:05:13.994810+00:00,site_latency,447.39,False
6c5d21aa88e9ffa849a0ee6a56981da1,2026-08-25T02:05:14.258981+00:00,pix,65.38,False
73359c4015bdbf46fc740335bfd39a84,2026-08-25T02:05:14.234821+00:00,checkout,426.84,False
bb133388c56bd74d86ec448827e0479d,2026-08-25T02:05:13.828638+00:00,checkout,794.6,False
741942b8dc6ef5814850c523ba292fb8,2026-08-25T02:05:14.565234+00:00,api_generic,134.55,True
39b994d31b1a7fcf1223a62a46b2fc32,2026-08-25T02:05:13.344243+00:00,checkout,674.54,False
ec348939e9036024d2ffd5266ebf9a59,2026-08-25T02:05:13.968495+00:00,checkout,367.39,False
773147b831f0ca5d7599bab598488177,2026-08-25T02:05:13.352610+00:00,site_latency,1127.79,True
d4920de869a32004d534d0a6a8618eed,2026-08-25T02:05:13.579861+00:00,checkout,460.33,False
094a0c788d3429bb036c5dcdf7bcab73,2026-08-25T02:05:13.400520+00:00,checkout,607.4,False
7b6ab771128597403a34c8ace531f56e,2026-08-25T02:05:14.337620+00:00,site_latency,290.3,False
fee2b43e0e145ba2d69084bc6691e3e3,2026-08-25T02:05:13.879258+00:00,checkout,243.93,False
04b1b5209bf24e9798ea4c8cf1a41d39,2026-08-25T02:05:14.172311+00:00,site_latency,89.37,False
79983e5f2b1e9dd2ab752d36bc655b79,2026-08-25T02:05:14.014573+00:00,checkout,455.17,False
5850cb2a1dfed2623d1b89d7cc8a1a24,2026-08-25T02:05:13.146267+00:00,checkout,795.25,False
767a3c4a6cb0d1f6812d6bcbf21bd5ef,2026-08-25T02:05:13.810298+00:00,api_generic,101.86,False
9c8c4520ca25f45b557adf93e5369827,2026-08-25T02:05:14.167194+00:00,site_latency,323.38,False
33d473ea378493a74f36233cf7713f54,2026-08-25T02:05:13.704499+00:00,pix,119.36,False
d4333f73e8bfdc6d4fc5a5745d6fca4c,2026-08-25T02:05:12.497614+00:00,site_latency,1423.84,False
cba26043191b6654da811150f0f4bb23,2026-08-25T02:05:13.993430+00:00,site_latency,98.0,False
4df67a9dc631b7e01b0df2b2871291bd,2026-08-25T02:05:13.527706+00:00,checkout,452.57,False
ca0df7606270e42b656924c60edcaee6,2026-08-25T02:05:14.329596+00:00,site_latency,163.85,False
59caa3fa94bf7d5525be2b44bf28f81a,2026-08-25T02:05:13.740145+00:00,site_latency,111.71,False
1c0e7502a50a2c9de3b962413118693d,2026-08-25T02:05:14.420404+00:00,site_latency,150.49,False
a63bd94db69b1b3ed11f8ad35237e43b,2026-08-25T02:05:13.867671+00:00,api_generic,140.52,False
2a41c664e266f90f366080db0076c71e,2026-08-25T02:05:14.130380+00:00,api_generic,59.43,False
38b7b8176113563eaaf3079543627ddc,2026-08-25T02:05:14.216725+00:00,pix,107.95,False
3536735814e5deaef2d474bb40708123,2026-08-25T02:05:14.147108+00:00,checkout,430.44,False
6abf946809d1b48666d4f2417308dda3,2026-08-25T02:05:13.730417+00:00,site_latency,431.66,False
9a8cea14f31b90385dea923b15beba69,2026-08-25T02:05:11.323564+00:00,site_latency,2970.59,False
fecffc05cfb9d5bc134289edd93adc0f,2026-08-25T02:05:14.010840+00:00,checkout,511.52,False
23d43ded22c74cd716e938366ae9ab04,2026-08-25T02:05:14.182184+00:00,checkout,417.27,False
af7b3f49e3e6bd4a0271a3a84429f10b,2026-08-25T02:05:13.911497+00:00,site_latency,90.28,False
21be6ce19d3345778236669d20d82530,2026-08-25T02:05:13.973820+00:00,checkout,394.61,False
d5d9ea07ab9649810318407e0cc57acb,2026-08-25T02:05:13.861288+00:00,api_generic,85.23,False
13ea5f5457af6f0bd2cc011a3addcbef,2026-08-25T02:05:14.352885+00:00,api_generic,87.54,False
b3fa9a3540eaa62c8e4221cdc9723117,2026-08-25T02:05:13.813302+00:00,site_latency,65.52,False
41e145c2e1b29e8ad3f8626fad861ab8,2026-08-25T02:05:13.621822+00:00,checkout,259.44,False
3419c65e82708e5fabba5d3fb3078acd,2026-08-25T02:05:13.582421+00:00,checkout,224.02,False
b5f0a712fb3fa830b2bc07b2a2abbf40,2026-08-25T02:05:13.725887+00:00,site_latency,150.19,False
4e1eef0ab0dee1248f584fe75703c38c,2026-08-25T02:05:14.498935+00:00,pix,102.62,False
c228508782127e3b0397880a6327cf6d,2026-08-25T02:05:13.810180+00:00,pix,208.83,False
151cd3abac1820415d45736ccfc5b7e5,2026-08-25T02:05:14.166815+00:00,api_generic,107.49,False
752887a12771950f6416fecde996cdb7,2026-08-25T02:05:14.588359+00:00,api_generic,66.64,False
3952cbec01b1d1b88d5166c4e4081c13,2026-08-25T02:05:13.824232+00:00,checkout,359.13,False
cfa58fe2b6a91f6e8af05ef57481020d,2026-08-25T02:05:13.306792+00:00,checkout,515.63,False
8a969d6db30284bdcdbd57ea41c6b89a,2026-08-25T02:05:14.453587+00:00,api_generic,222.14,False
830e060b12efca89d961267f4545a1ce,2026-08-25T02:05:13.844096+00:00,api_generic,58.15,False
73fc3ee4a0c1f8ec26b2e10dfca0ddfe,2026-08-25T02:05:13.979076+00:00,site_latency,511.77,False
fae18cb231eeb0de68c5798ecb644471,2026-08-25T02:05:14.482707+00:00,checkout,112.08,False
6cafbbb074df3b8f05fdd1eedbee880d,2026-08-25T02:05:14.367020+00:00,checkout,131.96,False
c3a1a735261aaa7ef718fe78f322cc9e,2026-08-25T02:05:13.616238+00:00,api_generic,305.46,False
b471aeec05862c2d8d47c2ae777ec016,2026-08-25T02:05:13.891696+00:00,site_latency,172.4,False
3964fa1f73af78a8739bfa31344d31c3,2026-08-25T02:05:14.372699+00:00,api_generic,50.25,False
9b1c4e17bebff1d569c7e59b0edb4eab,2026-08-25T02:05:13.658559+00:00,checkout,695.59,False
8de7cb7f6109397a215612100946eb20,2026-08-25T02:05:13.958820+00:00,site_latency,516.05,False
ff8628460b162531ff0adeb7253328f6,2026-08-25T02:05:13.645270+00:00,site_latency,253.29,False
a1197345f096e31be80cfe64bdd287be,2026-08-25T02:05:13.206846+00:00,site_latency,900.95,False
9046ea5a11b9099e68217f30de6e0e9e,2026-08-25T02:05:14.163617+00:00,checkout,349.16,False
b694a6884fa68b918072a64e1c6b5184,2026-08-25T02:05:14.133273+00:00,site_latency,99.14,False
dea2e16553ac516993cad7d5e32886c5,2026-08-25T02:05:13.878749+00:00,checkout,267.15,False
3dc4ad97aed94ff26b3e0b031d034101,2026-08-25T02:05:13.956709+00:00,site_latency,406.22,False
2232a24f1e08722ba7927408c4c586f1,2026-08-25T02:05:14.382996+00:00,api_generic,95.34,False
53febcc8f80fd65a970470cb0bab32e5,2026-08-25T02:05:14.107469+00:00,checkout,310.17,False
69d7c65a2222a87bd4580d7e0b5de138,2026-08-25T02:05:13.667837+00:00,checkout,259.43,False
3997174bedd4fdaf3d93650ac0ca7f58,2026-08-25T02:05:13.861813+00:00,api_generic,105.68,False
1dac6213c5f439d75615b2d9702cf0cb,2026-08-25T02:05:13.967452+00:00,site_latency,358.63,False
fb0a50f78fee59bc09297cd382047dfc,2026-08-25T02:05:13.340626+00:00,site_latency,465.33,False
f129b120e939363efdfa3e54367e2ca5,2026-08-25T02:05:14.236922+00:00,site_latency,357.58,False
bd195be3522b711879a8365cd531109b,2026-08-25T02:05:10.792075+00:00,checkout,3558.08,False
29b080bd12da189c03e9ea4e25e3485e,2026-08-25T02:05:13.813640+00:00,site_latency,222.11,False
177e876b87fe0b8b4d634577fc05096d,2026-08-25T02:05:14.451173+00:00,pix,62.99,False
19bec58e291126551c6b7ea662464479,2026-08-25T02:05:14.603234+00:00,pix,82.7,False
3dd0c8151bb383c735ccdb016bacfb65,2026-08-25T02:05:13.703744+00:00,checkout,404.27,False
303b10f28fc725e33d04414b1c791143,2026-08-25T02:05:13.821916+00:00,checkout,361.96,False
f48b2d1ff409baa206eaeb4408e6b4f5,2026-08-25T02:05:13.966576+00:00,site_latency,286.5,False
ef5bf9ef4c0873b7e13e251a1e5fa231,2026-08-25T02:05:11.514401+00:00,site_latency,2404.16,False
63d315ef3fab77e96f6378c926bbefe8,2026-08-25T02:05:14.437921+00:00,site_latency,79.33,False
4801743d0b3fe60af897a38f2f121795,2026-08-25T02:05:13.451716+00:00,site_latency,505.4,False
a9c28e516de0f64671de5c19ce08f860,2026-08-25T02:05:14.073371+00:00,checkout,405.24,False
b5bf897181deb8a234590c4d7b330e4d,2026-08-25T02:05:13.357418+00:00,checkout,1054.15,False
0f62c002811bdb294aa31f6ee623873c,2026-08-25T02:05:13.695535+00:00,checkout,623.61,False
ab01419cc4d5dd2496a0d104fb9077a0,2026-08-25T02:05:13.930926+00:00,api_generic,61.51,False
fe6e78af306be7876b5583865c9a662c,2026-08-25T02:05:14.561078+00:00,api_generic,119.41,False
f7df2f702cab607af14b01313b357a16,2026-08-25T02:05:14.037011+00:00,checkout,246.31,False
c7fa4259c77ae8681937653d08d59aa3,2026-08-25T02:05:14.301737+00:00,site_latency,158.58,False
c0097c4f3acf78680471d2aa2ea83053,2026-08-25T02:05:14.362625+00:00,site_latency,303.95,False
1f9f71f7d01494ff37f9a86485e64efc,2026-08-25T02:05:13.896391+00:00,site_latency,547.26,False
abf79a6ec63eb8034c25bf66f406dd52,2026-08-25T02:05:13.607025+00:00,checkout,494.16,False
898f0dac02420894d86ca47fc7bf46b0,2026-08-25T02:05:13.226920+00:00,checkout,1145.82,False
c907d2688239fe7ffb136f67f635fc70,2026-08-25T02:05:14.630800+00:00,api_generic,72.68,False
ed4430a9a825b0af159925f8c78777e2,2026-08-25T02:05:13.813097+00:00,api_generic,74.91,False
564c55b91086fbc4926a8cff0b209e3b,2026-08-25T02:05:14.174521+00:00,api_generic,188.14,False
7883aa7f5ecc4fcaf2b59e4cdb5f116f,2026-08-25T02:05:13.549298+00:00,site_latency,270.69,False
97c0f6848e2bc5f94d56da1dca3b4723,2026-08-25T02:05:13.811984+00:00,api_generic,89.97,False
3c3325b45ab2ac65878509dc72154807,2026-08-25T02:05:13.948960+00:00,site_latency,655.97,False
c8911b384c9d82245775bd4feba3a634,2026-08-25T02:05:13.943015+00:00,site_latency,151.36,False
c0dc5765cd7f775c6cd2f477a1967694,2026-08-25T02:05:14.250197+00:00,site_latency,45.87,False
45c04aaa43beb131c4e1ebc8a665c502,2026-08-25T02:05:13.593769+00:00,site_latency,359.47,False
9e3d58d64786b02b5a127957d686e8c9,2026-08-25T02:05:14.522321+00:00,api_generic,132.47,False
24c744be76f209af3474d1ab00974297,2026-08-25T02:05:14.277815+00:00,api_generic,72.55,False
92c8562aacb4405e508ebf2b46cbd474,2026-08-25T02:05:13.705963+00:00,api_generic,100.92,False
0061ae0eca0533a99ce39bb29d528161,2026-08-25T02:05:14.186260+00:00,pix,125.22,False
6ef2f10e590e4ddcf81b2ef8de200284,2026-08-25T02:05:14.137014+00:00,checkout,413.37,False
ad0aaa37da2f7dba5f026c89e43a3762,2026-08-25T02:05:14.167991+00:00,site_latency,470.43,False
663b6654d6e29c4a843b33725425e279,2026-08-25T02:05:15.188290+00:00,site_latency,153.44,False
0f66043adbbfe42d60ee83a5b97ca21c,2026-08-25T02:05:14.769742+00:00,site_latency,772.75,False
5b8317bdae09f314de87414b82d900d1,2026-08-25T02:05:14.789837+00:00,checkout,660.85,False
f8e36eee6f745232e5d5feb382c90a5c,2026-08-25T02:05:14.022521+00:00,site_latency,1072.49,False
30cf9f135b777fdf323e9b43a25a4681,2026-08-25T02:05:15.015359+00:00,pix,309.61,True
19e6c8943820bba360abda0b3f028703,2026-08-25T02:05:15.274524+00:00,site_latency,124.09,True
40a4074a34a583fe6fabeb93823a60e2,2026-08-25T02:05:14.810928+00:00,api_generic,34.87,False
53e82a8d11fa03b0b56c42fc84d28236,2026-08-25T02:05:15.400332+00:00,api_generic,125.48,False
0ab8ecdce51f749475033d746cb51eca,2026-08-25T02:05:15.222378+00:00,pix,114.37,False
869902dbb1d4446dfe202c3e40f79095,2026-08-25T02:05:14.913638+00:00,site_latency,145.12,False
afd9b0b3dca76229a4afeddd8aeedd8a,2026-08-25T02:05:15.175384+00:00,site_latency,210.89,False
f6dfeb0420bd23d234b16caee6077bc6,2026-08-25T02:05:14.423343+00:00,site_latency,409.21,False
381c8fb2e88d64899a5a798206a78171,2026-08-25T02:05:14.833472+00:00,api_generic,37.8,False
bae6d4d16cd8c19225b343b70e077582,2026-08-25T02:05:14.510005+00:00,checkout,776.49,False
24e6731f32dea04886447a38c3cbb2f0,2026-08-25T02:05:14.756858+00:00,api_generic,135.16,False
e2d281c4e8467d25e03064f2a18c3f81,2026-08-25T02:05:14.299325+00:00,site_latency,659.06,False
be06b907d054178e001565bea02d0136,2026-08-25T02:05:14.551917+00:00,checkout,461.13,False
c07911cab7dedc46f9ff86e51b3eefdc,2026-08-25T02:05:14.775195+00:00,site_latency,229.35,False
fe34f8af56c8e70d28055bef519587c4,2026-08-25T02:05:14.743346+00:00,api_generic,55.37,False
2de83a32179dc56000f4c6dcf3a5af3c,2026-08-25T02:05:15.028411+00:00,checkout,286.53,False
34645b609c48cb1086d0c9af72222720,2026-08-25T02:05:15.454611+00:00,api_generic,95.59,False
ae5cd43fa1ac4a57bede8d99b55e228d,2026-08-25T02:05:14.326045+00:00,site_latency,407.51,False
d05ce2eecb29007bcea60940ec239251,2026-08-25T02:05:14.961378+00:00,site_latency,332.96,False
5a79c93190175c172707ca34a3e13947,2026-08-25T02:05:14.909323+00:00,api_generic,200.94,False
1ad651a603b8633627704c2304d16e97,2026-08-25T02:05:14.537421+00:00,site_latency,473.99,False
117d11b7f80ac4acb31d7b7b2df9815f,2026-08-25T02:05:14.659025+00:00,site_latency,540.31,False
8f200cb62eea0f21ecb80766ff159153,2026-08-25T02:05:15.251966+00:00,site_latency,324.28,False
f5bc767359d62f85f1012458ad2f6f65,2026-08-25T02:05:14.754989+00:00,checkout,451.33,False
8331191d2a09e9ba2a70ea19530ee2cc,2026-08-25T02:05:13.624025+00:00,site_latency,1093.15,False
6807950743436b277d02dc645f173b6d,2026-08-25T02:05:14.605804+00:00,api_generic,129.92,False
efaab78f24fc586e29e92bfc177ad9e0,2026-08-25T02:05:15.116192+00:00,checkout,124.97,False
bc4078169d8b0b3a4884caa32e86a31c,2026-08-25T02:05:15.020099+00:00,api_generic,101.94,False
5b5d0b42399ddef5c71d2dfe485d49f3,2026-08-25T02:05:14.043702+00:00,checkout,1026.49,False
d6137213edea383695b775a3cf32a39f,2026-08-25T02:05:14.516354+00:00,checkout,480.82,False
4b5b4cc09386487863a0e32dba28f7c8,2026-08-25T02:05:14.419070+00:00,checkout,560.05,False
aa85186e50b991eda177e3a4a1cc2e06,2026-08-25T02:05:14.747472+00:00,checkout,365.84,False
cde77bf942753b5a1b62cb6896b02df4,2026-08-25T02:05:14.616322+00:00,pix,140.06,False
870e094e2778acb558bda16ccfd486b4,2026-08-25T02:05:14.888142+00:00,checkout,331.29,False
ab10e1d0ef871d8a365869744ce81038,2026-08-25T02:05:15.008241+00:00,site_latency,299.73,False
44ff9f289d575d2a124cd3618bc2183f,2026-08-25T02:05:15.182745+00:00,pix,126.95,False
4c784c57b62c1ab681924ecfe04b6910,2026-08-25T02:05:15.378963+00:00,site_latency,92.81,False
e74c78fce045ca75fdcc2d2ba78fe0a6,2026-08-25T02:05:14.912790+00:00,site_latency,211.95,False
3ada8bb7b5b85b7ff197ca9267bec47a,2026-08-25T02:05:14.524345+00:00,site_latency,210.94,False
27881b61e817d8488159dbcf3548c6f7,2026-08-25T02:05:14.441890+00:00,checkout,419.07,False
9eb65d8da8234f239c5b4bbbe36b891a,2026-08-25T02:05:14.825628+00:00,checkout,409.77,False
a6c6b2011ce07e2d64207cb046d3a3cd,2026-08-25T02:05:14.923728+00:00,checkout,443.05,False
3159cf75c3f26cdb353c862be3bf7332,2026-08-25T02:05:14.987670+00:00,checkout,488.92,False
6eb192c2f8901f5471fe27d06dc4774d,2026-08-25T02:05:14.123159+00:00,site_latency,617.1,False
00fa58fbc0388ddeb5f66b0078f4e054,2026-08-25T02:05:14.572587+00:00,site_latency,224.25,False
896d26b56e020e8141999a69de307455,2026-08-25T02:05:14.990976+00:00,site_latency,392.57,False
f4ff723fbaf664393854ac6ed3c130cd,2026-08-25T02:05:14.664391+00:00,checkout,168.42,False
3ced6ddacd2b87e851f8b1994d6b46a3,2026-08-25T02:05:14.708600+00:00,checkout,648.47,False
4d0520dc23eca15ed2c7628f74bea0ae,2026-08-25T02:05:15.088653+00:00,checkout,404.89,False
164aa6666bab384f6d6eecedec6fb5e2,2026-08-25T02:05:14.607200+00:00,checkout,594.05,True
b9377b3e67a5cfe4b68889508efaba55,2026-08-25T02:05:14.996685+00:00,checkout,449.03,False
523ee28e325a8cd21873b086406c7d0c,2026-08-25T02:05:14.112347+00:00,api_generic,674.91,False
c7841ee827f19ef9136dd7871212a485,2026-08-25T02:05:14.150447+00:00,checkout,745.99,False
90c9109d7fc033514fe83fb3b3744748,2026-08-25T02:05:14.877258+00:00,checkout,569.44,False
79bf9d964647a3a76e424aa019961d1f,2026-08-25T02:05:13.922122+00:00,api_generic,1217.72,False
21d643fa533885b96ec0e72b8d1df159,2026-08-25T02:05:14.332745+00:00,checkout,402.37,False
a1bf038f6eca39a949d7a48782ce3bcd,2026-08-25T02:05:14.752350+00:00,api_generic,34.66,False
644487aa47dff2781fc0610c0ad9bbb4,2026-08-25T02:05:14.656859+00:00,site_latency,472.71,False
310159be2966592dd49019f07228c929,2026-08-25T02:05:15.538301+00:00,api_generic,49.33,False
7db14d428cf41349f7928db08dbd5009,2026-08-25T02:05:15.314074+00:00,checkout,214.6,False
e2ba6110d6e69a2bc0220302367262e0,2026-08-25T02:05:14.801947+00:00,checkout,436.04,False
8984abe30e6c2ea3dbaae50c44bd509f,2026-08-25T02:05:14.405358+00:00,site_latency,448.26,False
0463effa7d87cc19fbedc61f45399120,2026-08-25T02:05:14.839348+00:00,site_latency,84.67,False
fecbdaff21eff150a50746a64df25bed,2026-08-25T02:05:15.432927+00:00,api_generic,39.1,False
6f153024edaea01e95f21af9cfd232f4,2026-08-25T02:05:14.835662+00:00,checkout,402.59,False
fd35c8d739b30cb583bff9ad75dd61ac,2026-08-25T02:05:14.182070+00:00,site_latency,622.41,False
3616ad3e9998908f7ea6043132df3dc5,2026-08-25T02:05:15.106216+00:00,checkout,440.16,False
1fea5251e051e35adc79a6c7461c6513,2026-08-25T02:05:14.758006+00:00,checkout,496.76,False
84f2d52ef19a86fb1fd0565618449030,2026-08-25T02:05:14.574964+00:00,checkout,534.85,False
61f74d121d45ac294edeeece474aa203,2026-08-25T02:05:15.014896+00:00,site_latency,126.76,False
79a4c177bcf9dd56da889d54d779ddcf,2026-08-25T02:05:15.358312+00:00,pix,116.72,False
32cf9a13c7282b0cc6a169ea10d815df,2026-08-25T02:05:14.465521+00:00,api_generic,430.72,False
dfd777088286fe86c27ee21ebbce0efd,2026-08-25T02:05:15.063262+00:00,api_generic,239.43,True
9e3996f626b84e82728991f84b887d98,2026-08-25T02:05:14.620816+00:00,pix,113.94,False
97cfc2e2ea56ae5bbd9b40378424e086,2026-08-25T02:05:14.328851+00:00,checkout,413.8,False
b94450b6509e878fc206f9b51c69677d,2026-08-25T02:05:14.372537+00:00,site_latency,646.36,False
910acf2f79a3b7befd4e9bcdb85e042e,2026-08-25T02:05:14.833300+00:00,checkout,156.41,False
7db3e41bd0ea1369b075b5313a19c48e,2026-08-25T02:05:14.770681+00:00,site_latency,571.54,False
cd4e179e564e4b5aa76d293512ccb99c,2026-08-25T02:05:14.641824+00:00,site_latency,478.3,False
769dbed9266b6d56f19bce8206c2d5f6,2026-08-25T02:05:14.348050+00:00,checkout,789.4,False
85e808a197ddd401579910570fba20b3,2026-08-25T02:05:14.800173+00:00,site_latency,276.9,False
2837599970bcd7c113ff8d8fe47fb368,2026-08-25T02:05:14.805927+00:00,api_generic,57.04,False
0972c45a452031a87a1ab5828777a076,2026-08-25T02:05:15.039452+00:00,pix,61.99,False
316321243ed7b91583d51fab93f7d980,2026-08-25T02:05:14.926591+00:00,checkout,490.82,False
125370a2f33c783c9232b2a6b750ac98,2026-08-25T02:05:15.329958+00:00,api_generic,93.22,False
bfa70804da948f293cb32576da6d680e,2026-08-25T02:05:14.354105+00:00,site_latency,627.92,False
101c8ad2734ccb494ed5673eb8e472c0,2026-08-25T02:05:14.730352+00:00,api_generic,99.82,False
d507053b44aa1578640dd087d4918209,2026-08-25T02:05:14.641633+00:00,pix,103.59,False
ad0167684425db08420de5f6905868c2,2026-08-25T02:05:14.687133+00:00,site_latency,152.26,False
af089cff9dabe426252261b88d3fc10f,2026-08-25T02:05:15.033247+00:00,site_latency,211.76,False
b62d6b5081e16c29078303619ad18957,2026-08-25T02:05:14.624449+00:00,api_generic,195.69,False
877f71e3222a0c67f07abe764597691d,2026-08-25T02:05:14.999038+00:00,site_latency,243.5,False
48cf6b689d9b0b9618dd35be5076d102,2026-08-25T02:05:15.169329+00:00,checkout,411.04,False
4bd15976dc2c630dd0070d0215f5f95e,2026-08-25T02:05:15.203818+00:00,site_latency,113.47,False
387e31b438e0baa03e55a091343ba077,2026-08-25T02:05:14.862232+00:00,checkout,576.63,False
a505c0a5297c426ffefaec6aa013f2dc,2026-08-25T02:05:15.001655+00:00,checkout,167.17,False
44c6a1bb819680fcced93e5f7b3c9b64,2026-08-25T02:05:14.990219+00:00,site_latency,526.49,False
c6e67556ac1e230211d73c21065c9c8a,2026-08-25T02:05:15.122625+00:00,pix,74.82,False
dfb7038b633dae8bc285c3d4ad9e7c87,2026-08-25T02:05:13.625603+00:00,site_latency,1428.82,False
8f6aeaf128df7a28c6151ca448e19fca,2026-08-25T02:05:15.197412+00:00,site_latency,256.24,False
8a7686ecf11a614ef3d216399b018bbe,2026-08-25T02:05:14.437383+00:00,api_generic,690.84,False
9ed2ed77d8442172635ecca8da7eb72b,2026-08-25T02:05:14.875868+00:00,api_generic,51.01,False
1ef21350ea2177d6b8daeb1293b07267,2026-08-25T02:05:14.322438+00:00,checkout,452.35,False
0dab359f6335dc80b3cc26c92352f191,2026-08-25T02:05:14.751968+00:00,pix,104.11,False
46bcaf95b0e62162506ee353ddc1d8c6,2026-08-25T02:05:14.563149+00:00,site_latency,418.41,True
9c4fa8fdec91485fba3516e5fae9b871,2026-08-25T02:05:14.588584+00:00,pix,208.03,True
8b848deba67985d3bb64059fbc1836bf,2026-08-25T02:05:15.479571+00:00,api_generic,78.09,False
2366b959c4a341a841475d3a2da5eeee,2026-08-25T02:05:15.207511+00:00,api_generic,284.97,False
a4f82a1bafb6e7a2eb8aa5e1cd1eeaa9,2026-08-25T02:05:14.122446+00:00,checkout,695.79,False
32004cad60d77ecff45ff38505d5cce6,2026-08-25T02:05:14.847559+00:00,pix,159.54,False
96438034211fd256e1900c88646d4997,2026-08-25T02:05:15.107403+00:00,api_generic,59.79,False
29cf16d62330b4243844de30679f8a49,2026-08-25T02:05:14.603051+00:00,pix,133.5,False
6d2224b927507fbf72a42ff8bea0128d,2026-08-25T02:05:15.114639+00:00,site_latency,268.1,False
51366b71ce1dc8d48e184b978afe5c9b,2026-08-25T02:05:14.919549+00:00,checkout,407.41,False
bf5feb8eb96262bf4a2d51f7b508f444,2026-08-25T02:05:13.373729+00:00,checkout,2145.08,False
f43944535854ee2812c61071a6ccc9b7,2026-08-25T02:05:15.328674+00:00,site_latency,605.47,False
d094a699aafd1d65540088ade2627415,2026-08-25T02:05:16.059533+00:00,site_latency,137.54,False
a9058765e4677b737a9fa2a2c92fcf20,2026-08-25T02:05:15.789143+00:00,checkout,414.89,False
9e11434cae930b8dffa88c95e05bb7d5,2026-08-25T02:05:16.086418+00:00,checkout,350.04,False
49213c2b48880604ddd67dd238fb4c56,2026-08-25T02:05:15.532248+00:00,site_latency,476.11,False
16adba921929d38f77895027acd2fd58,2026-08-25T02:05:15.581953+00:00,site_latency,538.53,False
c7108ac9c78afb54ab8c079d0e9ec0f8,2026-08-25T02:05:15.733505+00:00,checkout,443.93,False
f58ae44dba0bf4331437dfe6250dca53,2026-08-25T02:05:16.036110+00:00,site_latency,423.67,True
ad613e6a9fcc6b945be6c0ca77d78bcc,2026-08-25T02:05:16.392421+00:00,api_generic,70.87,False
94dc1acdcb7e9a533edc9a618752d922,2026-08-25T02:05:15.701559+00:00,api_generic,44.88,False
93f1bdbfdb75da7b2f924b7db438f504,2026-08-25T02:05:15.966993+00:00,api_generic,173.78,False
1c2c7e20cbb6d134d1f24a2fe588ce1c,2026-08-25T02:05:16.045734+00:00,site_latency,99.1,False
57003e1697d76a806b4d9b968c8fcd7f,2026-08-25T02:05:15.601734+00:00,checkout,437.25,False
8d2fea5cb95923fd9dcfe2e64e8f13a2,2026-08-25T02:05:15.714537+00:00,checkout,590.83,False
553c8011ed40757cd192acda5a43a57c,2026-08-25T02:05:15.627626+00:00,site_latency,416.97,False
7154d6c4a49337aaa98ba2c1c7394cbd,2026-08-25T02:05:16.297572+00:00,pix,62.13,False
6379458edd5ed4ac3d34c4ae4b41f748,2026-08-25T02:05:15.665729+00:00,api_generic,63.49,False
21b54a23a4dab827b6a850c71d6a3be0,2026-08-25T02:05:15.976361+00:00,site_latency,142.74,False
9b0277ef86cc2ace030d9949e8b34642,2026-08-25T02:05:15.727127+00:00,site_latency,76.01,False
b8ee49649bde35177934ac03fbe93965,2026-08-25T02:05:16.143304+00:00,site_latency,87.27,False
e176767a164723c888082dcdc7ea2d6b,2026-08-25T02:05:15.799076+00:00,checkout,490.12,True
deb26b0751fdbf2f9bc5299823ca1896,2026-08-25T02:05:15.592385+00:00,api_generic,91.98,False
0d9cc33451753b5b9dbfcaa99a9e791e,2026-08-25T02:05:14.658585+00:00,checkout,1206.32,False
5d43fbed640487ec17172c60ab836abb,2026-08-25T02:05:15.947660+00:00,checkout,253.01,False
8c424a072a8e33ef9b160a12883641c1,2026-08-25T02:05:15.852315+00:00,site_latency,427.4,False
8af350f5eb63d68b9e5800b00a401b61,2026-08-25T02:05:15.921203+00:00,checkout,480.02,False
fd79d6d02a77eb8da86c8c2f511b5bb4,2026-08-25T02:05:15.702839+00:00,site_latency,101.51,False
713d49b2d1903d255b14042e3fb5b1a2,2026-08-25T02:05:16.199043+00:00,site_latency,128.81,False
f54be2c78e04133854884fbf411c7482,2026-08-25T02:05:14.757394+00:00,site_latency,1077.23,False
73a14a4a4dd7b4681ec22b607d5b7e9d,2026-08-25T02:05:15.388273+00:00,site_latency,615.92,False
db050fb9dee7bcaf7f307d9fd21a0bd2,2026-08-25T02:05:15.414321+00:00,checkout,493.68,False
de9bd3c8355544cdb08b5894b7406f97,2026-08-25T02:05:15.521383+00:00,checkout,359.99,True
f41846df69dfa6f15c3202e72214730d,2026-08-25T02:05:15.129534+00:00,checkout,1028.99,False
b5259bcc60f73ebddf226536116c32e4,2026-08-25T02:05:15.973215+00:00,site_latency,476.49,False
bb754c9fa50856eb428aef8eb94ff46b,2026-08-25T02:05:15.755043+00:00,site_latency,419.79,False
23663c36f380042f707d6a7950ef10ee,2026-08-25T02:05:15.619382+00:00,site_latency,119.85,False
1eb79a302a37c5fef204ad1da2feccca,2026-08-25T02:05:15.861784+00:00,pix,153.27,False
9a4afc565c02eefd5a996abf4ad69468,2026-08-25T02:05:15.557143+00:00,api_generic,195.88,False
fb9b60cad29d39a5516ca3b9a7f0c45a,2026-08-25T02:05:16.356529+00:00,pix,119.11,False
8167e18a3bd19e66bdcca74714394792,2026-08-25T02:05:15.516248+00:00,checkout,818.52,False
75b7b0a55d5b5d3065b968e32fa636a6,2026-08-25T02:05:15.635846+00:00,site_latency,444.83,False
c6aea9c1d68724065979c933d25ae89b,2026-08-25T02:05:15.521538+00:00,api_generic,97.92,False
108f816ce3803717ba1f78fa17ab0fa9,2026-08-25T02:05:15.992258+00:00,api_generic,65.65,False
7b7c70692e15691929baf9aa0f94f137,2026-08-25T02:05:15.582459+00:00,site_latency,197.75,False
8a6b0426fecdc23b5d8c907f7f61fd81,2026-08-25T02:05:15.851343+00:00,api_generic,68.62,False
f5b18a05f562f9240c14236515a1eca7,2026-08-25T02:05:15.149297+00:00,site_latency,514.62,False
16cf92ce1d54588bc58a621a2443c2f9,2026-08-25T02:05:16.113532+00:00,api_generic,249.9,False
af72be30d8ed8a0064d9dd7a4580bba2,2026-08-25T02:05:15.236674+00:00,checkout,488.8,False
24ce8979d9084e9a20dc76b5dee5b905,2026-08-25T02:05:16.057811+00:00,api_generic,203.3,False
546c47e3c04fe86c00c4b5857262b194,2026-08-25T02:05:15.752988+00:00,site_latency,349.61,False
96e27ebad81a3d7344fb2db2d36cb7d0,2026-08-25T02:05:16.273096+00:00,checkout,212.52,False
d06c3f1c781c68c9b405c3e9ae1c4bc4,2026-08-25T02:05:15.814631+00:00,pix,56.33,False
8443fd1bd12fd549ebc31007fe461eac,2026-08-25T02:05:15.621939+00:00,checkout,348.61,False
0cfa0ac95b749238d8995d1ce23f8c25,2026-08-25T02:05:15.687261+00:00,pix,75.23,False
b9432c6664c232c1bd41e4a2889b589a,2026-08-25T02:05:15.633200+00:00,api_generic,209.8,False
bff0262801ee15e6337cd703ae1b987f,2026-08-25T02:05:15.878926+00:00,site_latency,189.72,False
6128ed67e708cd4acdde9841c00e0a4b,2026-08-25T02:05:15.571161+00:00,checkout,386.62,False
ba2129b1cf83d8afbe66b392ef0580bd,2026-08-25T02:05:15.099530+00:00,site_latency,754.9,False
3649c38d038561c867f20cc7590ac7f7,2026-08-25T02:05:15.761046+00:00,api_generic,239.17,True
240d98e5798fdd04f6ae5dbd3153050c,2026-08-25T02:05:16.243986+00:00,site_latency,185.64,False
5a8a828b1d673b448fa3cfee604e17e3,2026-08-25T02:05:16.107038+00:00,api_generic,65.63,False
e8195339bdb78e2e05b8ff267fc50b31,2026-08-25T02:05:15.749512+00:00,api_generic,55.46,False
a4ef5d5d10c9d71d459a49729468668c,2026-08-25T02:05:15.837483+00:00,site_latency,103.0,False
50f65bdae0983c8c8cdefe32ba542b92,2026-08-25T02:05:15.627005+00:00,site_latency,421.63,False
509d549594f769b4ffc559bb7cab9271,2026-08-25T02:05:16.172345+00:00,site_latency,69.92,False
debe63b9e5f21da66a94c777aaae1dc5,2026-08-25T02:05:15.674628+00:00,checkout,470.43,False
0de38be439d6fdb4fb521638956d197c,2026-08-25T02:05:16.091737+00:00,checkout,129.14,False
8bc006b4f193b3516850a7da376b6a02,2026-08-25T02:05:16.117110+00:00,checkout,212.19,False
12cc92fdbea6db6b8c5904e3fb14fc9d,2026-08-25T02:05:16.441838+00:00,api_generic,51.85,False
5b3cd59da97fad909878cf3b560ab6ea,2026-08-25T02:05:15.784803+00:00,pix,157.32,False
5cddd37446068220a29cf33279c2c251,2026-08-25T02:05:15.554641+00:00,pix,103.64,False
8a0044c6871ff938671f1d17b77fa7df,2026-08-25T02:05:15.740361+00:00,api_generic,64.45,False
519af2665c2c758c952def01157df118,2026-08-25T02:05:15.839452+00:00,checkout,152.84,False
d8bcebca27dce06445182901a1e84a0c,2026-08-25T02:05:15.787045+00:00,api_generic,82.11,False
d540846affc650611164158fe15a5145,2026-08-25T02:05:15.801032+00:00,api_generic,51.33,False
b89fc2693124158dc6abb66508e5481f,2026-08-25T02:05:15.367782+00:00,api_generic,657.41,False
1dcdb4525bea6a5b3cd8816379535e46,2026-08-25T02:05:15.406835+00:00,checkout,411.46,False
6ee4e2d7728bfc9b029d004aff908d3d,2026-08-25T02:05:15.314891+00:00,site_latency,359.77,False
d869a9758a590c315b15d0fd58e3f917,2026-08-25T02:05:15.801786+00:00,site_latency,122.64,False
b0eb3a5bb1601c71a040f42215a9772a,2026-08-25T02:05:16.202899+00:00,api_generic,66.69,False
fb6cff5d8aa689b43a9c4316aefa929c,2026-08-25T02:05:13.491827+00:00,checkout,2947.84,False
44efa91dddad1445e75890efc025c3a7,2026-08-25T02:05:15.870521+00:00,site_latency,146.4,False
61f5675566afaa207344ae20a9ac3183,2026-08-25T02:05:16.331187+00:00,site_latency,126.4,False
aa425465ce1976cb76ebaab3142d2606,2026-08-25T02:05:14.942679+00:00,checkout,1517.35,False
b8670ae627b13bf4c4d77f91f18b7f69,2026-08-25T02:05:16.274411+00:00,pix,219.61,False
6701ad90af20e79a151ae0dcd87a5f1d,2026-08-25T02:05:15.079895+00:00,api_generic,697.7,False
3f17daa5a005bf45c04abc00340a1fdf,2026-08-25T02:05:15.548051+00:00,checkout,409.53,False
741c869d6a536ba062f3f1255a32a6eb,2026-08-25T02:05:15.525455+00:00,checkout,490.07,False
0376aa1d5203e62aa016ab78eea2030d,2026-08-25T02:05:15.626604+00:00,checkout,224.37,False
a39a9ee7f9748f29de312865a9061c29,2026-08-25T02:05:16.294242+00:00,pix,103.3,False
f432c93807b5bedd5f9cc7cdd8f370c3,2026-08-25T02:05:15.884165+00:00,site_latency,113.53,False
2b1c1770ff549cc986eac9bd2fbb39e3,2026-08-25T02:05:15.097974+00:00,site_latency,1039.0,False
c864b184922e264a6209a47299035e75,2026-08-25T02:05:15.659806+00:00,checkout,687.48,False
5185bccb845489e9a31a607852ccefdb,2026-08-25T02:05:16.044556+00:00,api_generic,114.26,False
ef7c7452d6c553345baf5893159fbfb7,2026-08-25T02:05:15.339967+00:00,site_latency,509.79,False
b5ed20f40fbe455e73a1af33fc27671a,2026-08-25T02:05:15.538774+00:00,checkout,553.0,False
9bf94e60d5ab4ef59632e5efca2ece34,2026-08-25T02:05:15.853500+00:00,site_latency,147.36,False
411dd125a9f14f59a6c4253e37c8f3df,2026-08-25T02:05:15.251297+00:00,checkout,429.74,False
e1db0dfdad3a8b9e668d093be87ab21b,2026-08-25T02:05:15.634557+00:00,site_latency,102.27,False
cbdb73d4c9d6b4248c1d900093258a06,2026-08-25T02:05:15.201194+00:00,checkout,496.25,False
0f584d724ef5df222b75a6379ce4e3db,2026-08-25T02:05:15.525573+00:00,site_latency,177.3,False
171e283f74503e53144fee6f862f384e,2026-08-25T02:05:16.084319+00:00,checkout,329.27,False
a2afd8518b83cd78636530e438035a9d,2026-08-25T02:05:15.866668+00:00,pix,152.38,False
1de398a44ba5f80c0a6a72bb90b845d5,2026-08-25T02:05:15.560401+00:00,site_latency,614.25,False
086d1c8c311f8ece3a28f31fbae9a46c,2026-08-25T02:05:16.022590+00:00,checkout,248.69,False
50afb1564afe86b517349a55f6a5dc42,2026-08-25T02:05:15.554108+00:00,api_generic,81.78,False
4f3eb5bca0071eb9cf478b8f352f3115,2026-08-25T02:05:15.125964+00:00,checkout,673.61,True
6ee64d261f90afafa3a33d4343c6c15e,2026-08-25T02:05:15.884800+00:00,checkout,447.98,False
fd6e9ecc53ce89934b39f7a2fe612535,2026-08-25T02:05:15.852145+00:00,api_generic,82.3,False
cb499303f4f2b046dab90a84d282e11e,2026-08-25T02:05:15.844308+00:00,site_latency,128.0,False
40bb5d05f42d9db252143b62ad2167d5,2026-08-25T02:05:15.863323+00:00,checkout,460.82,False
d8208cca3701f28a50f33de812d824ee,2026-08-25T02:05:15.354899+00:00,checkout,329.06,False
67c7aabdc010580bab23f17385ba9ee1,2026-08-25T02:05:16.053419+00:00,api_generic,164.26,False
fe0a8a3505033f6e79c64ce941a5de43,2026-08-25T02:05:16.182024+00:00,site_latency,100.13,False
f3f2ee3ba78b1fac350c1eb468f68c03,2026-08-25T02:05:15.913378+00:00,api_generic,127.65,False
0e837901d50ffede4bf4ef159f38b57b,2026-08-25T02:05:15.733342+00:00,site_latency,301.11,False
d7bcfa3444b6b33d990c789b4189e6aa,2026-08-25T02:05:15.847770+00:00,api_generic,141.26,False
460cc2ad1cd6f94e903f1863d7c74756,2026-08-25T02:05:14.949282+00:00,checkout,691.4,False
22c012eee6b0cd7c6e86dec7aefccf06,2026-08-25T02:05:16.255097+00:00,api_generic,78.34,False
0dbc17895348d78eceb3f1adeae7256c,2026-08-25T02:05:16.691839+00:00,site_latency,162.28,False
637b468d71490ca24bbda9c65f5d6902,2026-08-25T02:05:16.661940+00:00,site_latency,144.14,False
c5ef92092c9be33f50f79eb9e8739245,2026-08-25T02:05:16.835533+00:00,checkout,424.21,False
aec15bb485dc146c1153b926bfa06d0d,2026-08-25T02:05:16.405592+00:00,site_latency,180.91,False
458dae1fdb0641e56d4f3ec90a46746f,2026-08-25T02:05:16.649671+00:00,site_latency,439.19,False
9c4cce3e492142ddf2f09f71ef241fca,2026-08-25T02:05:15.102699+00:00,checkout,1412.37,False
9b70ca031dda1d9160d846b06036d255,2026-08-25T02:05:16.529990+00:00,site_latency,137.93,False
5e7f894261da4f1a5955e4f0c69a30e5,2026-08-25T02:05:17.220685+00:00,api_generic,129.76,False
0a3ae41900cf5fd99412b36ca731e3dc,2026-08-25T02:05:16.801211+00:00,api_generic,177.46,False
e9e1553d1235096e5f48a244df418bde,2026-08-25T02:05:16.720462+00:00,api_generic,94.17,False
344c02fdb0df2557352f4fdf02d4db58,2026-08-25T02:05:16.845255+00:00,api_generic,122.33,False
ef746a2623665615489278b498e8c37e,2026-08-25T02:05:16.954377+00:00,api_generic,61.57,False
b37ed92d2d22e6e6c07d5a37ec5c5fd6,2026-08-25T02:05:16.092135+00:00,checkout,1240.48,False
bee4d0c386a363bd943743d187782ce5,2026-08-25T02:05:16.878406+00:00,site_latency,401.89,False
9d51297b0b83675371c3108d420245ca,2026-08-25T02:05:15.755991+00:00,site_latency,840.11,False
9ce79be4f0db23577729600f1b29e244,2026-08-25T02:05:17.194457+00:00,pix,71.29,False
5344a8a5ae6b8fc28554e5a73cc14ee6,2026-08-25T02:05:16.531591+00:00,pix,165.99,False
9e113a15f847a4e357574ede67d6c15b,2026-08-25T02:05:16.305307+00:00,checkout,641.81,False
6e00c607727d28f9ac03fb11f8a09c71,2026-08-25T02:05:15.809029+00:00,checkout,706.74,False
3a3f59645a846da1ce70911b3f6797a6,2026-08-25T02:05:16.868333+00:00,site_latency,226.08,False
29775c1af4ecb4af6ae50bb8091fb275,2026-08-25T02:05:16.713356+00:00,api_generic,72.22,False
2b63d0a2a3a7036e8293beb0df3451c5,2026-08-25T02:05:16.747764+00:00,checkout,278.13,False
e9540c500a62f165ccfda07ea5460db5,2026-08-25T02:05:16.464563+00:00,site_latency,167.73,False
240b987de596d9a3ef8cc022c3be3926,2026-08-25T02:05:16.693099+00:00,api_generic,95.62,False
d3bd32a1b23532b9c332f8aca7f5d120,2026-08-25T02:05:16.701232+00:00,api_generic,108.84,False
72068bc650a1b4304164ee83a9bf7d15,2026-08-25T02:05:15.886033+00:00,site_latency,657.99,False
3117c7399d3d869b44a51905d1166d37,2026-08-25T02:05:16.537762+00:00,pix,119.74,False
479268742a51063cd995079c1dfe1c9f,2026-08-25T02:05:16.315926+00:00,checkout,420.52,False
a1e51e27533a74e690fc17e497d80ef6,2026-08-25T02:05:17.050751+00:00,site_latency,111.43,False
5ebbd4f5cbe3d1618ae1a0840938dee6,2026-08-25T02:05:16.490518+00:00,checkout,231.68,False
c377264bea588d5e66c4ca540810eb8e,2026-08-25T02:05:16.738851+00:00,site_latency,471.5,True
290e714c7c13b91523ebabaa2564e7a7,2026-08-25T02:05:16.345235+00:00,checkout,321.57,False
8a268a28068d878356c90c176646e88a,2026-08-25T02:05:16.386747+00:00,api_generic,400.39,True
361da8d457f635eff352a3f528ac0246,2026-08-25T02:05:16.671659+00:00,site_latency,432.85,False
6fed3b77b4c80c357ce3aa6cb0a9849c,2026-08-25T02:05:16.707790+00:00,api_generic,93.49,True
978cfbc6dfdc5c9c858f1072e452094c,2026-08-25T02:05:16.409127+00:00,checkout,216.35,False
2d5f9329e465f83f16512006588fe6b7,2026-08-25T02:05:17.107431+00:00,api_generic,42.99,False
9cd24d2e24d0f76322b165676006b266,2026-08-25T02:05:16.758188+00:00,site_latency,51.51,False
308562fb8025a60f08029cef6e05176d,2026-08-25T02:05:16.733146+00:00,site_latency,212.27,False
25435466d17acec1cc8dbabece0722c9,2026-08-25T02:05:16.422949+00:00,site_latency,101.07,False
92fcdc9b1b09a6776cf00aba4a3cb463,2026-08-25T02:05:16.185293+00:00,site_latency,547.26,False
a4a92cd9966c3b68cec44bb671770189,2026-08-25T02:05:17.024908+00:00,api_generic,147.66,False
c4b9de38e96fbacf2f56aec17d523554,2026-08-25T02:05:16.196758+00:00,checkout,777.04,True
d276cfb51877c88d8ef134327ace1486,2026-08-25T02:05:16.689406+00:00,checkout,432.08,False
a40656a783b6c2402717bcbf69c2efd3,2026-08-25T02:05:16.852964+00:00,site_latency,54.15,False
4b7229031738693f1c84d0d0732c9ed2,2026-08-25T02:05:16.789527+00:00,checkout,291.29,False
83ca8678847ce92f99fbcd10cd841a3b,2026-08-25T02:05:16.074423+00:00,site_latency,461.37,False
56b25fc916bae8fcbc8f20c7944d655a,2026-08-25T02:05:16.461549+00:00,pix,103.85,False
b5a8a086c27f25d4713a7d3104f404d0,2026-08-25T02:05:15.647475+00:00,api_generic,1101.49,False
848470c4c4d71ba9f90c89f7c44c5fbe,2026-08-25T02:05:16.561235+00:00,checkout,254.02,False
9c0168a4f01d56123d80840f21bf6f86,2026-08-25T02:05:16.626712+00:00,site_latency,396.76,False
a7eb92a36a5c0dafd138a88b62c90e8d,2026-08-25T02:05:16.554719+00:00,api_generic,153.79,False
4d2d904d57ae6d6fdc3906337edbf5b8,2026-08-25T02:05:16.924400+00:00,checkout,433.68,False
62b6ed6aa284729fb3e2cc9a7aa294c6,2026-08-25T02:05:16.849255+00:00,checkout,208.74,False
0a5705c647774e62e5a090065c08b8e7,2026-08-25T02:05:16.558821+00:00,api_generic,101.08,False
c43ff7ac1be6fc13569ca48dc4b31cc4,2026-08-25T02:05:16.623360+00:00,api_generic,302.71,True
e9638350888011d0486e75d6f12e30e6,2026-08-25T02:05:16.960521+00:00,checkout,262.83,False
6246a2953bf3670fd05e65edc88eb82d,2026-08-25T02:05:16.857147+00:00,api_generic,65.95,False
179a9084f0b76d79047a78faaf82b1fa,2026-08-25T02:05:16.475321+00:00,site_latency,658.87,False
a24e03da1a87c560e9bbad4c701880f8,2026-08-25T02:05:16.173945+00:00,site_latency,472.65,False
90ddd300a181a3e261d550cc5e9f9e13,2026-08-25T02:05:16.575945+00:00,api_generic,112.11,False
52cd81f72e9ca3b52d981f565114b348,2026-08-25T02:05:16.111116+00:00,checkout,521.0,False
fb5aac941e62defd35081aa7d42fa11f,2026-08-25T02:05:17.061466+00:00,site_latency,172.6,False
65584da56fd284dfde97897b9b544f93,2026-08-25T02:05:16.431279+00:00,pix,119.82,False
9185bfd5f56c19cc9ae0aac37940d6ad,2026-08-25T02:05:16.035650+00:00,site_latency,682.31,False
9fcfb0de0ee2149faa58d4fb9eacae9c,2026-08-25T02:05:16.343931+00:00,site_latency,172.23,False
60b3c68fb999fdbf7187d4caa3feed3a,2026-08-25T02:05:16.538031+00:00,checkout,575.89,False
db9c1b4360c22b839329b0f7d7b1db8e,2026-08-25T02:05:16.586453+00:00,site_latency,184.28,False
6e96d33d4a729a149d9dd9b7e6861846,2026-08-25T02:05:16.629690+00:00,checkout,282.69,False
28ba1afa7c5c31308796a10ca0d2b0b1,2026-08-25T02:05:16.651528+00:00,api_generic,78.28,False
98164b6cd5b69bc83da0374c7bb5ed06,2026-08-25T02:05:17.061022+00:00,site_latency,214.04,False
2408db864dc464eb96c9ef31d743754c,2026-08-25T02:05:15.864576+00:00,pix,667.63,False
6f8087931db7b5ea09e397ab21808b2c,2026-08-25T02:05:16.363391+00:00,checkout,550.77,False
3ac20f9c77f32c2d3e3f5835fbbab152,2026-08-25T02:05:16.070619+00:00,checkout,480.68,False
ce7e15db778f45b5096afedf8e762310,2026-08-25T02:05:17.232672+00:00,api_generic,134.64,False
869bb67af0997f515d3593718180498f,2026-08-25T02:05:16.995661+00:00,pix,140.09,False
a1ab032f37348e6c24054fd6d2abcd14,2026-08-25T02:05:17.268449+00:00,api_generic,69.91,False
7820a377c32b420812090f19de2a0dba,2026-08-25T02:05:16.838484+00:00,api_generic,51.41,False
4b99e6d02d04afb98b9583e22e709753,2026-08-25T02:05:16.969076+00:00,pix,90.42,False
292a85d4f67d873b873575c217b30cc9,2026-08-25T02:05:15.960538+00:00,api_generic,663.67,False
b455f00dacf1e0277c53aa4706657b79,2026-08-25T02:05:16.924891+00:00,api_generic,95.14,False
8b9fc1a729465bc3ccaf3a19ca2233ac,2026-08-25T02:05:16.647167+00:00,checkout,601.26,True
b45e1e2c39c1487abfe1c022799ba68e,2026-08-25T02:05:16.945144+00:00,api_generic,125.82,False
f47744d5206d3c1da38c825836b79c43,2026-08-25T02:05:16.735971+00:00,site_latency,436.88,False
62230616dac69ac0352490c7488e7ce5,2026-08-25T02:05:16.743403+00:00,site_latency,624.27,False
9fa4592c70fe7377979237d7cd93eb03,2026-08-25T02:05:17.059442+00:00,checkout,303.89,False
0687e9ab6a73d82dc1035048fd6047b2,2026-08-25T02:05:16.047532+00:00,site_latency,475.23,False
dad4dd8b037dfcd95dbd542dbe84931a,2026-08-25T02:05:16.900102+00:00,checkout,303.84,False
af4e4629aa51934b122d2b6260f6b92a,2026-08-25T02:05:16.961023+00:00,api_generic,100.03,False
6bf2cbea8e06f0ed101e27ce1efbdf15,2026-08-25T02:05:16.858175+00:00,site_latency,193.87,False
dd61cea45805bc45ceedcd66cc1d3765,2026-08-25T02:05:16.363835+00:00,checkout,253.56,False
a9371e17e4693d9b2b8eac4b4063d0d9,2026-08-25T02:05:16.764695+00:00,checkout,510.7,False
b5d9b13141b4de5f7820acaf1d8c9261,2026-08-25T02:05:17.237401+00:00,site_latency,73.48,False
ebbee0df6d499075b9578013f412e219,2026-08-25T02:05:16.683538+00:00,checkout,596.33,False
2b495263111e6f712e45b7f4844ebdfc,2026-08-25T02:05:16.702701+00:00,checkout,423.85,False
a487b203a34e15afb1235380ef153018,2026-08-25T02:05:16.456153+00:00,checkout,240.11,False
759a3596d06313719c5e9b3b9933715b,2026-08-25T02:05:16.531430+00:00,checkout,427.82,False
3d2eafefed301350700e63ac29da1715,2026-08-25T02:05:14.776750+00:00,checkout,2457.56,False
28aa76160bfdce0363111cc5279b630f,2026-08-25T02:05:17.189708+00:00,api_generic,92.97,False
1e7e82e66361d7278e4bcc213534ef4d,2026-08-25T02:05:17.022110+00:00,api_generic,50.51,False
4c4b329ed42e1ffbff97a3e3f04e26b0,2026-08-25T02:05:16.719162+00:00,site_latency,151.35,False
830548cfbea497edb1d9f6572d447fc5,2026-08-25T02:05:15.002359+00:00,site_latency,2013.41,False
98a4a302a89512e4b4f9657c6a63e109,2026-08-25T02:05:17.164874+00:00,site_latency,110.72,False
0d2a417dbce9dfb356ef8d476431fb6b,2026-08-25T02:05:16.342585+00:00,site_latency,217.4,False
d2f35fbb6fa13dde70e93c64dec4a6fa,2026-08-25T02:05:16.032828+00:00,checkout,725.41,False
792d046075951683ae269054f39f62c0,2026-08-25T02:05:16.085834+00:00,site_latency,673.74,False
d5033a41c189a0a57ee9624e4f641e2d,2026-08-25T02:05:16.670022+00:00,checkout,346.55,True
b6ae8af1f5ce1527d9e7a881e2f6a291,2026-08-25T02:05:17.188791+00:00,api_generic,73.56,False
358cc468cefefa6d419d6d6e75511581,2026-08-25T02:05:16.407575+00:00,checkout,439.32,False
1ca09b439d3971d67a90775aea43f89c,2026-08-25T02:05:16.791207+00:00,site_latency,430.79,False
af5a6ac1deece2dea7b51c46ba2d6e0d,2026-08-25T02:05:17.185454+00:00,pix,62.71,False
cb723938f5c28783d16df2be88235b67,2026-08-25T02:05:16.774911+00:00,checkout,581.75,False
6cc6cd69bd713e37880624350401e220,2026-08-25T02:05:16.633824+00:00,api_generic,643.86,False
cbcccd9229bb9b8bcb68b99d78769d46,2026-08-25T02:05:16.439143+00:00,site_latency,348.25,False
956f0fea22383986519853725d65d487,2026-08-25T02:05:16.919640+00:00,checkout,341.39,False
539db2239be2c120f8c96eda7fec4ffe,2026-08-25T02:05:16.272554+00:00,checkout,515.99,False
25892aa9035bd13c6649afd533539ac0,2026-08-25T02:05:17.074885+00:00,checkout,435.32,False
a917179d30fece6b2a4ccc6d44db5ec7,2026-08-25T02:05:17.657928+00:00,site_latency,265.65,False
fddcc7f8bcad52eb11afa016ae32c75d,2026-08-25T02:05:17.308726+00:00,site_latency,224.34,True
852216144d913971196d875165c7bcd7,2026-08-25T02:05:16.874173+00:00,checkout,683.18,False
788c57086e44ba7046f9a49f3dcb0da8,2026-08-25T02:05:17.076197+00:00,checkout,484.63,False
dfa3729fb82dc631565766d705ce2d7f,2026-08-25T02:05:17.417491+00:00,site_latency,174.57,False
483ccff60be0e91176e6ca76205e04d8,2026-08-25T02:05:17.672191+00:00,site_latency,401.84,False
41a74f6217a9a37c72eefc795ea6cc97,2026-08-25T02:05:18.047964+00:00,site_latency,142.66,False
afb76f3868f61b71432af231c1fb2d1c,2026-08-25T02:05:17.308215+00:00,checkout,325.96,False
4fd4e71ad0dbee3e439b81c53cb28328,2026-08-25T02:05:17.616970+00:00,checkout,420.83,False
e40b3b8358566c10ff8cd8e72119b66a,2026-08-25T02:05:17.908021+00:00,checkout,330.55,False
e77a06323eb6527a9e751b7531d70e06,2026-08-25T02:05:17.480754+00:00,api_generic,430.48,True
d7799302abe59a87c65f4f2ae1519919,2026-08-25T02:05:17.543340+00:00,site_latency,480.55,True
5397340cb9ba38e24f05df17bbe631db,2026-08-25T02:05:17.045724+00:00,site_latency,555.95,False
ea74234175cb2bc46df093de3b726c9b,2026-08-25T02:05:17.351691+00:00,api_generic,664.54,False
c7f7ba97534c580a1424aa2dbdc838dd,2026-08-25T02:05:17.369452+00:00,site_latency,134.61,False
5d743113e6cd3d763b41a62cbf562641,2026-08-25T02:05:17.121455+00:00,checkout,472.31,False
c44f5c01daefccb8eaec1a348e5ca788,2026-08-25T02:05:17.480070+00:00,site_latency,435.37,False
da91ea3b5f82effb644256ed714264a5,2026-08-25T02:05:17.779438+00:00,api_generic,331.39,True
3136d6a8c94396606cb04055dd74b3fa,2026-08-25T02:05:18.026768+00:00,api_generic,147.38,True
c74ba41e9c885bec3091a8b56a3ec146,2026-08-25T02:05:17.904905+00:00,api_generic,45.13,False
08d6d506aef50882d3bf7381d6954149,2026-08-25T02:05:17.195690+00:00,site_latency,224.01,False
cbebd34e3275ab677b586611bb746431,2026-08-25T02:05:16.915982+00:00,site_latency,512.34,False
225c4729594c734df6d60ec55c84a646,2026-08-25T02:05:16.942156+00:00,checkout,537.17,False
e529eb95b0ad234461aeac53dab73312,2026-08-25T02:05:16.712361+00:00,checkout,927.63,False
77800e8ebb0db4bc02bba8526aaa1523,2026-08-25T02:05:17.987536+00:00,api_generic,162.99,False
6c377fab6229f6f8035ac684c9e1a683,2026-08-25T02:05:17.955395+00:00,api_generic,118.35,False
80dba6a441dbc99a5fc6ff8759900f36,2026-08-25T02:05:17.429756+00:00,site_latency,313.89,False
73f92d71cb47a0393a02af34861c15ac,2026-08-25T02:05:17.668958+00:00,site_latency,126.19,False
8988a0883c7cdd87c7df72d2d8ab80df,2026-08-25T02:05:17.547150+00:00,checkout,147.0,False
a1a826d56a58d9791f0ddf522aaaa006,2026-08-25T02:05:17.762745+00:00,checkout,515.43,False
403eecad8afa44b046179dd76124e3b9,2026-08-25T02:05:16.934034+00:00,pix,536.31,False
e2a37f4c140528c6771ea79b1cb96dba,2026-08-25T02:05:17.632812+00:00,site_latency,512.75,False
b758a00565dd96a607bebedbc9e93894,2026-08-25T02:05:18.082297+00:00,api_generic,124.79,False
164ded2c519ae7c2b05ddce9d4a40412,2026-08-25T02:05:17.772842+00:00,site_latency,106.37,False
b5ef0923666e8d7ea54b0be01b5697b2,2026-08-25T02:05:17.966623+00:00,api_generic,81.39,False
ded41461af8f798de1b5ecf8616603c8,2026-08-25T02:05:17.284869+00:00,checkout,872.75,False
449d9c78d75f23df4bbaa0e3dbfe7872,2026-08-25T02:05:17.525454+00:00,site_latency,513.97,False
3b6bf59f260b3b67b84777eaaf62bdff,2026-08-25T02:05:17.248030+00:00,api_generic,172.17,False
f747e684dd727cd21f43f457566b6113,2026-08-25T02:05:17.467850+00:00,checkout,146.67,False
2b6d319845f29ecd64e7a939417adcea,2026-08-25T02:05:17.688769+00:00,api_generic,129.99,False
44360dea9970dd2b4b597fa7bf8ba15c,2026-08-25T02:05:16.948384+00:00,checkout,542.71,False
4eb205fabf4875b01d66151cb74b8186,2026-08-25T02:05:17.304107+00:00,checkout,441.01,False
a5b1812216072e33b1522ffcbff3fe7c,2026-08-25T02:05:17.282644+00:00,site_latency,467.19,True
5de17ee93773556e5fa93a5ac574a034,2026-08-25T02:05:17.175060+00:00,checkout,394.92,False
be1aecfa97165e2049ab8e76ca8802a5,2026-08-25T02:05:16.201339+00:00,site_latency,1528.39,False
8835b48424683cd1faa69a5338252cd8,2026-08-25T02:05:17.862859+00:00,api_generic,63.84,False
077e45b41546e1bd4d50a5685e7e8040,2026-08-25T02:05:17.572838+00:00,api_generic,188.08,False
eac2c175a5788f0b9e0260ce247bef6e,2026-08-25T02:05:17.914261+00:00,site_latency,225.4,False
45727e33a930baa8912ce10df147322d,2026-08-25T02:05:17.279631+00:00,api_generic,458.86,True
ef8433a26471b4bf1c774bf61732815d,2026-08-25T02:05:17.424702+00:00,checkout,482.11,False
c334a0244cb58a764c2a08b9c7c836a4,2026-08-25T02:05:17.484271+00:00,checkout,176.68,False
4dec5ac87524c1b723d4231f2d3fc45a,2026-08-25T02:05:17.770780+00:00,site_latency,71.64,False
82a5ee2871fda2c42cd7e43bbe43c40a,2026-08-25T02:05:17.390336+00:00,checkout,478.55,False
0cdd23aa2f4734276d3290b19a655dec,2026-08-25T02:05:17.388812+00:00,site_latency,577.86,False
685a401362f97b4a0838d548f9a16b15,2026-08-25T02:05:17.877742+00:00,pix,146.36,False
fe36cfbd00cf4300d9360ac7c456576b,2026-08-25T02:05:17.643722+00:00,api_generic,519.66,True
1ce983c057709731bc5d2ec28b76deb0,2026-08-25T02:05:17.468565+00:00,pix,158.28,False
fc21401e19463079090d94d5f84601f0,2026-08-25T02:05:17.734902+00:00,api_generic,162.73,False
d105f7cbf20a082c778f8d51e07c2802,2026-08-25T02:05:17.632376+00:00,checkout,488.77,False
5d3f14e542cd6a58ba8ea201dfe342d7,2026-08-25T02:05:17.133808+00:00,checkout,380.01,False
e4dd99ed15eeac143e588a0fd7d3fa4f,2026-08-25T02:05:17.671468+00:00,checkout,340.5,False
ec2fbc02dfc9e39ddce9c8ea673384a0,2026-08-25T02:05:17.941937+00:00,api_generic,91.59,False
718c362a3db6f9e318426c248c7d0b51,2026-08-25T02:05:17.669489+00:00,site_latency,139.07,False
e3c394d2b8c91d30c9ad9c000e9ce9de,2026-08-25T02:05:17.063366+00:00,site_latency,545.47,False
de7b11607867cf5ebba6141e8830e2a8,2026-08-25T02:05:17.957654+00:00,site_latency,251.91,False
b51b4eec1f13f28b2ab8b134ed70bd0b,2026-08-25T02:05:16.945361+00:00,checkout,630.37,False
c0c492b46e57f5a586993a09d352b842,2026-08-25T02:05:17.515032+00:00,site_latency,139.64,False
c9721c43886f40144da01e8c2ee4f09f,2026-08-25T02:05:17.772403+00:00,api_generic,61.56,False
58bef1d33ac11ba288979b2d6dbf6870,2026-08-25T02:05:17.385516+00:00,api_generic,85.27,False
42addead6c80bead2867babd0689f611,2026-08-25T02:05:17.430056+00:00,site_latency,142.29,False
62aa32df16d56acf1bcd708620d4d134,2026-08-25T02:05:17.495543+00:00,api_generic,82.0,False
511d92032834e70da9224efd645daadb,2026-08-25T02:05:17.186918+00:00,site_latency,431.24,False
aeb9e66cc6e9d4ef2725aa7718512133,2026-08-25T02:05:17.672427+00:00,api_generic,36.67,False
235ce36bb930e1db87e3eae5745be38b,2026-08-25T02:05:18.039111+00:00,pix,115.17,False
7026925f91219ac9441a7f550503311c,2026-08-25T02:05:17.636705+00:00,api_generic,169.38,False
b3c68387711e97013285cbbda9fc2c57,2026-08-25T02:05:15.953089+00:00,checkout,2049.86,True
efae886c6233281fea8569eee81233aa,2026-08-25T02:05:16.979025+00:00,site_latency,433.97,False
c063da42d8e87e02a950ea68f1c8ebc1,2026-08-25T02:05:17.818729+00:00,site_latency,157.35,False
671d38336e8f0c93f096cdebda11d149,2026-08-25T02:05:16.203985+00:00,checkout,1606.46,True
3df9df0893c43e29243377facfdae4b3,2026-08-25T02:05:17.735341+00:00,site_latency,158.28,False
0732cc566eb4ee3f2214a046cffa1235,2026-08-25T02:05:17.843683+00:00,api_generic,161.29,True
7c81e0728820120c062c25f3417e1bce,2026-08-25T02:05:17.302849+00:00,checkout,640.39,False
aef024ecfad4f52e9b2a06fdd4f9e67c,2026-08-25T02:05:18.118637+00:00,api_generic,76.79,False
5e922e7f6d6adf0a86d58ca8144ace7e,2026-08-25T02:05:17.157375+00:00,site_latency,653.32,False
e12a7950b359b4b4f724aadf363532af,2026-08-25T02:05:17.539971+00:00,site_latency,163.08,False
8e1ec8ebbc0af3e0c4f736babd437bcb,2026-08-25T02:05:17.734740+00:00,site_latency,168.57,False
d330380a047ee71b9491d07948f8ff17,2026-08-25T02:05:18.107543+00:00,api_generic,169.39,False
3679d1c469a97266d3735423a7ce20f3,2026-08-25T02:05:17.953804+00:00,site_latency,232.44,False
e92386f6b82601f3926441c8543688ef,2026-08-25T02:05:17.839696+00:00,checkout,408.39,False
7e2f59a03b32cfab201f9ca8d8ba490f,2026-08-25T02:05:17.679095+00:00,site_latency,433.75,False
e5ba4f654231a3c66f3585bfb2cef275,2026-08-25T02:05:17.467755+00:00,api_generic,162.63,False
10b4d87bcda93ff79f845799744417a0,2026-08-25T02:05:17.027172+00:00,checkout,530.44,False
64e9a63d6273dce76174d3c888cc404c,2026-08-25T02:05:17.012941+00:00,checkout,400.51,False
59603d27e8b16f0dd7f3b4859516fbb3,2026-08-25T02:05:17.813583+00:00,site_latency,150.17,False
0334a592dc1823a052ce6dec828bd9e3,2026-08-25T02:05:17.341679+00:00,site_latency,169.79,False
94aee4f25be2f6381de15df5f62c457b,2026-08-25T02:05:17.990421+00:00,site_latency,155.34,False
ef221ffc1808a06ee81a763a59354623,2026-08-25T02:05:18.108438+00:00,api_generic,135.35,False
394ef02bc446b1c27f71f5b148a4fdbd,2026-08-25T02:05:17.564094+00:00,checkout,445.61,False
eaaca5af139f0c549888555bf909cbf1,2026-08-25T02:05:17.510160+00:00,checkout,427.48,False
d0a5966852e4ea129d688be9f6fb6798,2026-08-25T02:05:17.354799+00:00,site_latency,138.0,False
236c577b1af0c5ffee7d6d3fa976b783,2026-08-25T02:05:17.637265+00:00,pix,89.96,False
f3ded7b7b41113c27957e9126e40b878,2026-08-25T02:05:17.686617+00:00,api_generic,85.84,False
38cae9769e30bbd2dc8649952bd81878,2026-08-25T02:05:17.108154+00:00,checkout,491.12,False
8dd51196be2ced21eb092393e9303b0e,2026-08-25T02:05:16.914123+00:00,checkout,562.85,False
049174e0bb6cb0e63f8798f42f48b05d,2026-08-25T02:05:17.699250+00:00,checkout,406.0,False
70135a4b49be60d00c08ffd077437fbb,2026-08-25T02:05:17.300700+00:00,checkout,241.36,False
d9d4bf63e61150ed151c87e9f2104097,2026-08-25T02:05:17.826954+00:00,api_generic,52.65,False
a3bd189190d78061db8d837ea9fd507a,2026-08-25T02:05:17.481354+00:00,pix,60.26,False
b70edcfcbb0fd52d787a3683cf4232a7,2026-08-25T02:05:16.778787+00:00,site_latency,962.13,False
20a32e30b40009c816285a8fe80e87c7,2026-08-25T02:05:17.863680+00:00,api_generic,66.78,False
1e109e9b8d3db52c027c1bbd5c0131ca,2026-08-25T02:05:17.941722+00:00,api_generic,179.24,True
9e708e903cdbe65cbc2cbe50c961ad61,2026-08-25T02:05:17.512656+00:00,site_latency,758.37,False
4dcb8e6f21673366db317aa1636aa165,2026-08-25T02:05:17.409507+00:00,api_generic,94.34,False
f218a83b7061df50271f017de003130c,2026-08-25T02:05:17.328842+00:00,api_generic,525.51,True
1530ab1bef16d2add42fce6d9f5b4d6a,2026-08-25T02:05:17.658476+00:00,site_latency,136.23,False
c570a24c1a5b27dc63d13b8faf607442,2026-08-25T02:05:17.745084+00:00,pix,94.07,False
4816712b8e0c249385368c1e0d4e1a3a,2026-08-25T02:05:16.714122+00:00,site_latency,1165.31,False
f79985b4109d5e730c0ef585801a689f,2026-08-25T02:05:17.264971+00:00,site_latency,626.3,False
289acf952a61c47a2fab486c0b4657c8,2026-08-25T02:05:16.239588+00:00,api_generic,1303.81,False
109dd024851af353590dbfc4c14e9e66,2026-08-25T02:05:17.259704+00:00,checkout,452.17,False
38382f29b18bdd483bc4e4a7baa379c6,2026-08-25T02:05:17.792051+00:00,pix,101.86,False
ec0c2efce8e5e9d713fdc41fe9c047fa,2026-08-25T02:05:15.031054+00:00,checkout,2699.68,False
b6315cd9fe1bd7a931ef1e34059db124,2026-08-25T02:05:17.161340+00:00,checkout,408.06,False
e2f24449b836909df25105921fc65162,2026-08-25T02:05:17.968248+00:00,api_generic,149.1,False
3f1b2e17f9a7cbb3fa2fde076fb1935f,2026-08-25T02:05:17.643469+00:00,site_latency,114.18,False
a927c6a11adfa73b9afbc071ebbf0c3c,2026-08-25T02:05:17.734571+00:00,site_latency,206.19,False
68c06fa14f1600c66e06bdca485265da,2026-08-25T02:05:18.713294+00:00,api_generic,112.74,False
6809f36ac70965fc745d577da75a47d4,2026-08-25T02:05:18.584621+00:00,site_latency,400.05,False
5b47c5abfe9c14c4c95c4abe33395b08,2026-08-25T02:05:17.952034+00:00,checkout,870.8,False
59569dc56782195e3159a1f93d2c28e7,2026-08-25T02:05:19.030347+00:00,api_generic,145.72,False
8677785971454e1fff4e726458ed567a,2026-08-25T02:05:18.647486+00:00,checkout,297.74,False
d2119c22c63f8cd98fbeca28fa685c8d,2026-08-25T02:05:18.524664+00:00,checkout,426.8,False
84de9412598526c943b44aa258b51a41,2026-08-25T02:05:17.883065+00:00,checkout,435.24,False
4b59851cea15ae45173f9f7fa7108fe1,2026-08-25T02:05:18.120709+00:00,pix,197.92,False
96ad2ef83f6a4836a5bdef936ed56dec,2026-08-25T02:05:18.853433+00:00,api_generic,107.75,False
77c0851e568dbc00ea52cce7088be2f0,2026-08-25T02:05:18.548061+00:00,api_generic,120.21,False
4fe12579110b9cb24f0b7bf019ee01cf,2026-08-25T02:05:17.883436+00:00,site_latency,1145.01,False
c29e53a1b235090319a003a43be77d05,2026-08-25T02:05:17.931709+00:00,api_generic,391.37,True
7bdb0144140187033e46fcb4f12f64f1,2026-08-25T02:05:18.708731+00:00,site_latency,117.58,False
bdab673c361453fc3d1a8bf246556918,2026-08-25T02:05:18.626989+00:00,checkout,203.49,False
3ac037ba75e1e67bdd1795052244361b,2026-08-25T02:05:18.328975+00:00,pix,620.66,False
c630d690e35212c0ea9f931e68015454,2026-08-25T02:05:18.386812+00:00,pix,149.9,False
72afdc1f2ba4756198844510627b6d18,2026-08-25T02:05:18.528350+00:00,api_generic,122.95,False
bc6228baa8fc4174e261453f8073dcea,2026-08-25T02:05:18.472340+00:00,site_latency,538.97,False
22c1c098f84c6a7341a952923432b9c4,2026-08-25T02:05:18.505569+00:00,site_latency,429.69,False
665f2bcb1b35a723bedfcde53c5782de,2026-08-25T02:05:17.730523+00:00,site_latency,1042.94,False
780105f0a546b4aef3322d82380fdd63,2026-08-25T02:05:18.528733+00:00,site_latency,234.01,False
a706a93d6c79dff25f52269291ba276c,2026-08-25T02:05:18.397182+00:00,pix,107.17,False
3cb39657e2ab10bee690d56ddeed0387,2026-08-25T02:05:18.036520+00:00,site_latency,519.2,False
ce98470e0d17e6e1ea272b38b570d7c0,2026-08-25T02:05:17.221121+00:00,site_latency,1565.99,False
b9c5c18cda4bc5d6cc358716f42eff89,2026-08-25T02:05:17.574265+00:00,site_latency,999.01,False
36acf39fc1112a62e33a874fb4542ad3,2026-08-25T02:05:18.175871+00:00,checkout,522.57,False
ef637914def0bddfe8836d92fa523306,2026-08-25T02:05:18.171616+00:00,checkout,430.38,False
320186e7ce0ac27abe4eceae93d9c809,2026-08-25T02:05:18.248534+00:00,pix,127.33,False
dfee0d7775c9e7b2d278a074346d5415,2026-08-25T02:05:18.030232+00:00,site_latency,496.59,False
09a1df48fd6acbd029a84efc705f970d,2026-08-25T02:05:18.208400+00:00,checkout,580.98,False
28e4f37c805a07c567ef22f5f33b9473,2026-08-25T02:05:18.398480+00:00,site_latency,80.92,False
3966ad326c95fc266ca92bedf6baaea5,2026-08-25T02:05:18.256250+00:00,checkout,409.73,False
50a23c1c99f863cae2f70ccb6e4e642d,2026-08-25T02:05:18.396328+00:00,site_latency,61.6,False
be840d12052df82eb61bb2cbfbf5c0e0,2026-08-25T02:05:17.821610+00:00,checkout,684.01,False
667c11a286ca2fde7c0d90e41bd28713,2026-08-25T02:05:17.733111+00:00,checkout,620.39,False
921388a9c9e9b8c791fe7589de92ef2c,2026-08-25T02:05:18.248051+00:00,site_latency,584.41,False
46feed262e279d1fec47823da40fa222,2026-08-25T02:05:18.668222+00:00,checkout,608.46,False
7f0867405a0312298551638c1576269a,2026-08-25T02:05:18.334486+00:00,checkout,713.86,True
383373be77cd5d132d4ad014d9a89410,2026-08-25T02:05:18.459385+00:00,api_generic,104.1,False
c000b6efcbd17766214a4c5f57a03059,2026-08-25T02:05:18.453900+00:00,checkout,378.36,False
3924c8e3b23d6a5f3e69b3e5ca597c63,2026-08-25T02:05:18.676226+00:00,pix,44.64,False
22b67abb8b89df7c06f3f6c1a50cbffb,2026-08-25T02:05:18.835874+00:00,api_generic,440.61,False
33aba18d3d9c6f2e347748cf05d29f1f,2026-08-25T02:05:18.377426+00:00,checkout,543.54,False
0793bf3988cd7ada2f9fcac5b3f3e273,2026-08-25T02:05:17.948393+00:00,site_latency,653.27,False
7a3673fe3f665ecee768a4087e6f3938,2026-08-25T02:05:18.173903+00:00,api_generic,807.15,False
9d2b4535c68a875b9b60b0c6d4b861ee,2026-08-25T02:05:18.574832+00:00,api_generic,151.84,False
bda9afea7c0758687bd40bcea4b4c843,2026-08-25T02:05:19.050922+00:00,api_generic,59.5,False
e413545f566b6c46c59ca13c8c09fcd9,2026-08-25T02:05:17.969800+00:00,pix,865.56,True
2a9146846b7d28f4fbb767195d66b2c9,2026-08-25T02:05:18.219063+00:00,checkout,391.4,False
8cc5dcc670d4f7975de8d9172d97a78b,2026-08-25T02:05:18.986634+00:00,api_generic,61.46,False
74f22756f3055bddb9dd4a98a7fcf71a,2026-08-25T02:05:18.646493+00:00,site_latency,333.24,False
77bc72825408912dec0aa786d53a652e,2026-08-25T02:05:18.762706+00:00,api_generic,142.12,False
0d64b3cd0859ed962ace4c51d802c429,2026-08-25T02:05:18.888410+00:00,site_latency,284.17,False
78c2e825140d055e71a7da283e7d63c1,2026-08-25T02:05:18.311834+00:00,api_generic,82.65,False
5d8372cceb16859695c40c7e6c6c23af,2026-08-25T02:05:18.585765+00:00,site_latency,278.51,False
d5550aeb86e0242b70ab55e175711a28,2026-08-25T02:05:18.887570+00:00,site_latency,70.31,False
37667fea1d824ea3aec801762f201b2b,2026-08-25T02:05:18.829357+00:00,checkout,427.91,False
f969d6e0b8d7449d270d28b97c9f5679,2026-08-25T02:05:18.237411+00:00,checkout,562.6,False
f4de7f985ca33db96f9b7a9a63a9741e,2026-08-25T02:05:18.710083+00:00,checkout,451.41,False
958f748709f227d49f26ef53c94381aa,2026-08-25T02:05:18.350929+00:00,site_latency,176.14,False
afd88884012188187a4da6c67f9d07b8,2026-08-25T02:05:18.243737+00:00,pix,178.46,False
ae0320f3779b27d1979590cc40f1da99,2026-08-25T02:05:18.312532+00:00,api_generic,691.48,False
844cc917d1e8a67b308d6fc820cc51bc,2026-08-25T02:05:18.479345+00:00,site_latency,89.67,False
924e6613aaae6bac78a2cf71132ec18c,2026-08-25T02:05:18.287123+00:00,site_latency,454.84,False
bfcf73be617e6815244be3ed87e3ebc9,2026-08-25T02:05:18.235371+00:00,checkout,476.19,False
431a01b0cb4ab7cbeb7830c4c35f362f,2026-08-25T02:05:18.824207+00:00,site_latency,126.68,False
c21bc633ec1e525ea97ddd82f45a67ec,2026-08-25T02:05:18.394452+00:00,site_latency,121.17,False
a8abfa313b1097dd99f9fe96280f4cf9,2026-08-25T02:05:18.912319+00:00,site_latency,188.02,False
ad841f52a942d649dbd7d68648cd9aad,2026-08-25T02:05:18.848561+00:00,checkout,445.64,False
3a0c8af2ca4f8a43acd91b822360fd62,2026-08-25T02:05:18.251714+00:00,site_latency,276.67,False
988bf7cafcf7eedbb0bcd3263a93713a,2026-08-25T02:05:18.777314+00:00,api_generic,162.86,True
7c54241f00315106622467f305a349af,2026-08-25T02:05:18.432009+00:00,pix,613.94,False
2624ae9192bfd7440b135d84a4d9823b,2026-08-25T02:05:18.515589+00:00,checkout,411.91,False
115a1e6376cefa3d4872d10ce0c940a6,2026-08-25T02:05:18.083062+00:00,site_latency,485.72,False
399acc0ae0eeff72938522d552a5a28d,2026-08-25T02:05:18.407382+00:00,checkout,449.37,False
3fbbf9d23935f483f99d4ba2334c1f50,2026-08-25T02:05:18.827527+00:00,site_latency,88.4,False
404191a8f50bff403620cc5733e59ee5,2026-08-25T02:05:18.917217+00:00,checkout,224.56,False
5a8aa6f28fcc01e1f32f8bc5c8b67566,2026-08-25T02:05:18.741841+00:00,api_generic,105.17,False
93886cf0ea557d89b8b4d8cee6698be8,2026-08-25T02:05:18.171820+00:00,site_latency,758.35,False
d58f87be242199d8b4966e6c9ee54f18,2026-08-25T02:05:18.261473+00:00,site_latency,269.57,False
593030af5d2698eddc4104cd6dd94925,2026-08-25T02:05:18.645959+00:00,checkout,578.06,False
b16170f61a19e827031b28ae1aa13161,2026-08-25T02:05:18.743228+00:00,checkout,356.51,False
89e9c6ccce1f3b6f93e1088e1a4776cd,2026-08-25T02:05:19.144029+00:00,checkout,165.96,False
43569f8c97428e6e5cae57fd31b267ce,2026-08-25T02:05:18.931473+00:00,api_generic,233.37,False
0f379bf5820e75249979b801da64fa5f,2026-08-25T02:05:18.170431+00:00,site_latency,712.86,False
964d637e3ae4b0933bac4fad965d0398,2026-08-25T02:05:17.964373+00:00,api_generic,464.5,False
ced69beac27aa151672ab7dff2fbbbc8,2026-08-25T02:05:18.874473+00:00,site_latency,116.57,False
606921c6c37928f018abb8ab44e52cb6,2026-08-25T02:05:17.914039+00:00,checkout,479.17,False
4f4454097f601a81d1046a829122ab60,2026-08-25T02:05:18.328251+00:00,checkout,519.05,False
4b587a47bc17c8e75c101353ab39362d,2026-08-25T02:05:18.599240+00:00,site_latency,331.15,False
dad38682e6350e5a841273a8deff3963,2026-08-25T02:05:18.349656+00:00,checkout,411.43,False
500c153b0332ffca034bab0547231feb,2026-08-25T02:05:18.409568+00:00,checkout,480.02,False
7b512b9928b0905593588d143efd7f2c,2026-08-25T02:05:18.764721+00:00,site_latency,523.18,False
cc2f9a3f896f2b1b3fd6cc409f98c3b6,2026-08-25T02:05:18.699704+00:00,site_latency,548.09,False
19c0b24814e406c8d129e8d6c77ef274,2026-08-25T02:05:17.887307+00:00,site_latency,600.47,False
a8a7f1c34be5592e7a87ea9a8fa952af,2026-08-25T02:05:19.027346+00:00,pix,136.98,False
b515b76863205503824c8619514ee502,2026-08-25T02:05:17.775075+00:00,pix,698.97,False
560038a95391ede339ddb20bf3ce02ce,2026-08-25T02:05:18.616391+00:00,pix,142.4,False
9aa622d8aae5f4df41e675ef4efc3c6a,2026-08-25T02:05:18.175381+00:00,checkout,273.25,False
bc7fff7d64af28fecc68d038e005bc64,2026-08-25T02:05:19.172528+00:00,api_generic,91.72,False
27201b7f08bf5cc1596c753525d16af1,2026-08-25T02:05:18.344381+00:00,site_latency,50.56,False
0852b5adb26441e1209f7efbc2936850,2026-08-25T02:05:18.974388+00:00,site_latency,83.55,False
2cd5c99b7da6cb03cad81050ea5fbdb8,2026-08-25T02:05:18.112804+00:00,checkout,616.93,False
f5441a87cf54dd7e3d4ec5812d0cd236,2026-08-25T02:05:17.900910+00:00,checkout,1016.34,False
bc95efe3a94bbd6b22271417dcc60709,2026-08-25T02:05:18.837536+00:00,site_latency,96.7,False
3db3549c32a8673355ca9c83d0a10c4a,2026-08-25T02:05:18.898975+00:00,checkout,204.95,False
a5793c3a5d2548d6add63c822feade50,2026-08-25T02:05:18.763292+00:00,api_generic,104.98,False
3350254591d7ae79a107e357fac504ac,2026-08-25T02:05:18.905649+00:00,site_latency,157.74,False
7a21ed18c0a610137bf0d1773557057c,2026-08-25T02:05:18.992638+00:00,api_generic,77.17,False
4a2f71019a83c321d4cd67d1b82665fe,2026-08-25T02:05:18.445891+00:00,checkout,582.29,True
b3e53416b43d1f8bc8fcbac1a3134b22,2026-08-25T02:05:17.980685+00:00,checkout,1114.17,True
49e0266c80ddcb63b277c4cf58f39f03,2026-08-25T02:05:17.810154+00:00,site_latency,1121.58,False
75b513ee63c056b0e32f9cf4e523328b,2026-08-25T02:05:18.858341+00:00,api_generic,208.88,True
a18d73df92a70a244e34db8c9f8821a9,2026-08-25T02:05:18.474473+00:00,checkout,253.86,False
6e78f38fc9a9b6fe60b786adab10641e,2026-08-25T02:05:18.760319+00:00,site_latency,458.71,False
02d71aa8da0074b1ae2deb1afd7d1d52,2026-08-25T02:05:17.383131+00:00,site_latency,1370.03,False
e62a8c654dbe1a52c3500dcaf5f3bb01,2026-08-25T02:05:18.793958+00:00,site_latency,289.37,False
685770c63cb25f06cdd95df50af73793,2026-08-25T02:05:18.848991+00:00,site_latency,413.97,False
414e29269e9f9a280477d0cc66216c03,2026-08-25T02:05:18.345612+00:00,pix,125.49,False
7e3d8553b064a8a68bb58a69a37d9156,2026-08-25T02:05:18.993508+00:00,api_generic,167.63,False
cf48564166c0b423518e571e7b3a688c,2026-08-25T02:05:18.612059+00:00,site_latency,259.91,False
dab1615c1bf65278009ead54986dcb42,2026-08-25T02:05:18.390340+00:00,site_latency,70.86,False
24454ad54e76ca3f1e59e0fea54c4416,2026-08-25T02:05:18.510973+00:00,checkout,479.77,False
a8f31b0fe27c89301385c69f439ad15d,2026-08-25T02:05:18.192781+00:00,checkout,730.21,True
110d0fcf4c0a5946e7c4284152e107dd,2026-08-25T02:05:18.925366+00:00,api_generic,244.29,False
b6cddd00eb42d40d696661174691c8fe,2026-08-25T02:05:18.106125+00:00,api_generic,211.95,False
02be12ff40d07eb47e652ac105e41304,2026-08-25T02:05:18.278108+00:00,pix,100.83,False
249e0e6bc5900c7307ed576874c19ce5,2026-08-25T02:05:18.799965+00:00,site_latency,480.72,False
73173bc5c3575b7b5600341754fc7da0,2026-08-25T02:05:18.295365+00:00,api_generic,37.41,False
c56d9001e6c3f38aa09d6eec87616a6f,2026-08-25T02:05:18.776600+00:00,pix,91.4,False
2c12b0a3cdc571c8e64566b447a27220,2026-08-25T02:05:18.603736+00:00,api_generic,123.21,True
769570fc206b2ab9412bd0edb4e2daa9,2026-08-25T02:05:18.120145+00:00,site_latency,218.83,False
e87447fc8cacde674e36b8770cbb3bd0,2026-08-25T02:05:18.495908+00:00,pix,133.3,False
4288a3c490a73e1bc4e1467aad5139a1,2026-08-25T02:05:18.079669+00:00,site_latency,238.17,False
ac969e86fbaf75266cd63e11d2d596c8,2026-08-25T02:05:18.672488+00:00,site_latency,404.35,False
1e69d4581ba44fb8b15247bdf9d4e2b3,2026-08-25T02:05:17.829164+00:00,checkout,830.88,False
57f32eecbb4d53245e07e2a673d3907c,2026-08-25T02:05:18.873185+00:00,api_generic,70.94,False
38a09c4b24976985f1441debb3a8d7bf,2026-08-25T02:05:18.659986+00:00,site_latency,264.6,False
e3662e1cfac87984ef79e472a4e3638f,2026-08-25T02:05:19.889182+00:00,api_generic,262.88,True
1243cb9c1a1e681aded3c6ef2302c7d4,2026-08-25T02:05:18.870809+00:00,site_latency,538.65,True
b562c3bb7ba4d2436855a3debd879bf0,2026-08-25T02:05:18.657152+00:00,site_latency,980.42,True
0a889eb5e2094ee9b9f57a82a0f982c6,2026-08-25T02:05:18.954846+00:00,checkout,485.35,False
e4c4dfb9e05266e69a82ebebab1bd610,2026-08-25T02:05:19.364148+00:00,site_latency,269.94,False
7cc36a2c787e3ea669c3894c0d0f6326,2026-08-25T02:05:19.690405+00:00,checkout,448.03,False
0f34f8cca240a82fe9a89ba0d540665f,2026-08-25T02:05:19.614263+00:00,api_generic,69.12,False
8680c2267b9166c5b8995f8d78ea8e3a,2026-08-25T02:05:19.715188+00:00,api_generic,39.45,False
44ba6d255c41f093dacd66a894954509,2026-08-25T02:05:19.250154+00:00,site_latency,592.53,False
3eb615691c9baa6546d31c525a9c1fa1,2026-08-25T02:05:19.898887+00:00,pix,98.58,False
db2ab780ffecd0e2527059684652a7c6,2026-08-25T02:05:19.587686+00:00,site_latency,335.15,False
84f39e5a7190abd0c58cad4dff2dfe16,2026-08-25T02:05:19.374542+00:00,site_latency,317.04,False
30a4de31281052a6f4d9bcced4ea73de,2026-08-25T02:05:18.942153+00:00,site_latency,415.47,False
3606f9ae8b0aa81dcb0ad2de938773bf,2026-08-25T02:05:19.445242+00:00,api_generic,167.38,False
45608d39329e76e7bf765cfaa059cac2,2026-08-25T02:05:19.715299+00:00,site_latency,99.49,False
25eb8a17e73db94096b53aca2c739fb8,2026-08-25T02:05:19.437328+00:00,pix,243.38,False
7af2b0c942e00b5b16013189921f7326,2026-08-25T02:05:19.682329+00:00,site_latency,388.68,False
e236adcf62338f1a6a73c9fe71aca594,2026-08-25T02:05:19.164030+00:00,site_latency,456.46,False
fba20decf6724547629412148f02a484,2026-08-25T02:05:19.431107+00:00,pix,96.39,False
7b34927e764d9b9058147f03be272b99,2026-08-25T02:05:19.300434+00:00,api_generic,619.17,False
09d4211935450f948886e57294e0bb73,2026-08-25T02:05:19.290132+00:00,site_latency,360.38,False
0b47933d32ec991c8601bba2a2868f6e,2026-08-25T02:05:19.588618+00:00,site_latency,370.28,False
5a88a2a40220120337ab982290bbab24,2026-08-25T02:05:19.904022+00:00,api_generic,97.67,True
3ea79e372dd9601d7d2900432960806e,2026-08-25T02:05:18.956648+00:00,checkout,461.36,False
f8ad1b686aa54b475359b1f2bf5c9abe,2026-08-25T02:05:18.931367+00:00,checkout,704.57,False
fcba272d2618e919add6952ed9ac8e3b,2026-08-25T02:05:19.916759+00:00,site_latency,192.41,False
94efcdf7d73050013bb62cb5b26ae763,2026-08-25T02:05:19.506899+00:00,api_generic,78.79,False
7b35deff7bf880723067f27715549c88,2026-08-25T02:05:19.382685+00:00,api_generic,327.77,True
b60a769fc8bc71f747a28a568a529535,2026-08-25T02:05:19.374693+00:00,site_latency,426.93,True
b889942a88629b1c22be5c66a26cffef,2026-08-25T02:05:19.378727+00:00,site_latency,135.39,False
933162261be83e8eb44f1d13ad06fa19,2026-08-25T02:05:18.909475+00:00,checkout,570.23,False
7c85e41ba13620d64980a1be399d438d,2026-08-25T02:05:19.384251+00:00,site_latency,117.97,False
49fd35c05bf38854d00cb01196413b7e,2026-08-25T02:05:19.187150+00:00,api_generic,152.14,False
52c4fe4d6ea17727fb6c95d9a31ac3eb,2026-08-25T02:05:19.659939+00:00,api_generic,51.09,False
ac6dadb1c3ba174acf7a2683ab996795,2026-08-25T02:05:19.457960+00:00,api_generic,67.86,False
3d4ab64ac1a62bf8811c9d847d62ad63,2026-08-25T02:05:19.694248+00:00,site_latency,141.43,False
77f07482bca925238f9e41fa2eeb41a0,2026-08-25T02:05:19.223979+00:00,site_latency,845.4,False
ac06519291291a6b4677b90db1e4515a,2026-08-25T02:05:19.385971+00:00,api_generic,150.8,True
15c8409faf26afc23e7790afadf4da90,2026-08-25T02:05:19.815923+00:00,site_latency,70.55,False
a1b1e9b8091f90d86e91046d4b5fbecf,2026-08-25T02:05:19.626494+00:00,checkout,186.44,False
2f0683cf202dce38d2c3134b7bc49371,2026-08-25T02:05:19.460843+00:00,site_latency,71.09,False
3718bc963b57c2e082e51bb95b487ccc,2026-08-25T02:05:19.251939+00:00,pix,97.55,False
5e773f5e9d74d4f3e992efd81200074b,2026-08-25T02:05:19.539816+00:00,site_latency,560.64,False
f4d8867ac58186c214bef7256aeeae41,2026-08-25T02:05:19.793259+00:00,api_generic,129.09,True
00d551066a4fbd41ed07f0e98a1c0384,2026-08-25T02:05:19.847033+00:00,pix,224.67,False
f050070a1cb266a9f0c8b8581333b27e,2026-08-25T02:05:19.366767+00:00,site_latency,211.3,False
a79da997169cc2915275fe15b1eddabd,2026-08-25T02:05:19.126765+00:00,checkout,640.85,False
c6e405fa9083f90cfbf001c0d5f2afff,2026-08-25T02:05:19.595303+00:00,site_latency,462.9,False
1350ec2bfcefd10971a615c5e7cb5aa5,2026-08-25T02:05:19.889510+00:00,api_generic,85.06,False
51fd6019f4c1126ccb11d70c713d3233,2026-08-25T02:05:20.026786+00:00,pix,182.76,False
1816431eb23e511071401993b214e2cb,2026-08-25T02:05:19.528638+00:00,pix,160.3,False
5ffc65472b221d4eb3d198c7d4928e80,2026-08-25T02:05:19.565113+00:00,api_generic,45.7,False
96174882b56b388f098de93c858068cc,2026-08-25T02:05:19.145422+00:00,checkout,572.88,False
e07a50f162fac80a8e87c78bf2f7bb00,2026-08-25T02:05:19.388745+00:00,checkout,502.18,False
449df5411bafbef736a108c42a7b94d3,2026-08-25T02:05:19.660823+00:00,site_latency,363.76,False
74a3a2838580bcf4fd77071d6c4e0716,2026-08-25T02:05:16.290586+00:00,checkout,3143.36,False
7e67ade018ec6f6fc111379820199793,2026-08-25T02:05:19.400492+00:00,pix,101.97,False
2f5f8685bc99dfd4d58a90d0db7ee2cd,2026-08-25T02:05:18.529636+00:00,checkout,942.68,False
db9ce623c8da3167105a799e6da8f71d,2026-08-25T02:05:19.496411+00:00,checkout,641.76,False
b21f3cdc83e11a0f415ed73782d209a6,2026-08-25T02:05:19.111692+00:00,checkout,366.54,False
8fd0d3598dc4a27daf58e18d66ea57ae,2026-08-25T02:05:19.525203+00:00,site_latency,552.79,True
ed76fa171f20be0ea064674db291a37e,2026-08-25T02:05:19.474169+00:00,site_latency,448.46,False
4a784041ba8a984b960734a640310218,2026-08-25T02:05:19.841258+00:00,pix,114.16,False
02498d911f42ee0dbfc44bfa0bce150a,2026-08-25T02:05:19.083289+00:00,checkout,847.65,False
27af788ba2f6a5b8227b697fa09df59a,2026-08-25T02:05:19.171236+00:00,checkout,169.6,False
76583fedf8f79bb6082368e59c2262c8,2026-08-25T02:05:18.741322+00:00,checkout,872.97,False
e901c991f4c70ded93a5106baf837700,2026-08-25T02:05:18.865575+00:00,checkout,474.84,False
e6971d8bef6af96a478f5bf7f0cd3037,2026-08-25T02:05:19.377532+00:00,site_latency,78.84,False
2234f0b20a6e4c8b04833e9c4be7be4f,2026-08-25T02:05:19.304778+00:00,site_latency,60.04,False
afcab837934c1eaebabe9d06620867a0,2026-08-25T02:05:19.313460+00:00,site_latency,310.8,False
e63522a53b82fa88e2b5d623a15735a5,2026-08-25T02:05:19.894620+00:00,api_generic,112.67,False
722a8b203342906792e5c5ffd5b2800b,2026-08-25T02:05:18.934199+00:00,site_latency,902.52,False
3063fcdf3e67d6d9d19a7a6a0fe68d2a,2026-08-25T02:05:19.907213+00:00,api_generic,73.31,False
046ea1f89792a3b19be4518d43f3fd48,2026-08-25T02:05:19.732724+00:00,checkout,423.09,False
33010f2e3d353dc6089aceca23e80cba,2026-08-25T02:05:19.058714+00:00,site_latency,371.9,False
424a35f5f77a96e84fe36addebb238f4,2026-08-25T02:05:19.839906+00:00,site_latency,220.25,False
3f3b7533a3366ee3d785a6dd9b3eebc4,2026-08-25T02:05:19.613237+00:00,checkout,126.59,False
1117de9efc45d00329a153b2f9af5e75,2026-08-25T02:05:19.880608+00:00,api_generic,73.95,False
c99091f187811202a59e2d3cf1847d06,2026-08-25T02:05:18.967867+00:00,checkout,401.4,False
735db383d3e21096288742be9d6d879d,2026-08-25T02:05:19.686730+00:00,api_generic,134.72,False
6e0a0a89c91b51b814627dab0f4b46ee,2026-08-25T02:05:19.659762+00:00,site_latency,67.62,False
61dd83d9ab890e9966c2b92847bd40f5,2026-08-25T02:05:17.468667+00:00,checkout,2721.23,False
eb27b712c1f62c946dbb20dc278ff549,2026-08-25T02:05:18.904785+00:00,checkout,459.81,False
20696a22f302502c06e0e640618b3aa5,2026-08-25T02:05:19.840442+00:00,api_generic,110.45,False
62e358c89e0541ab0e7bea7f8c18e81a,2026-08-25T02:05:19.575708+00:00,checkout,140.15,False
c4987d72a415aaebf21f9fed97bad976,2026-08-25T02:05:19.281504+00:00,api_generic,173.38,False
fa6992105d674768db87c28c795d94c1,2026-08-25T02:05:19.595774+00:00,api_generic,244.18,False
ffd48349ff1c56a1faf53613ff334c78,2026-08-25T02:05:19.881351+00:00,api_generic,223.97,False
07fb37ad8948f8a6c7cdb24c039831c2,2026-08-25T02:05:18.491103+00:00,api_generic,1562.79,False
c7c79ca8dcae00fdafda5735c161f6b5,2026-08-25T02:05:19.107659+00:00,api_generic,434.46,False
f3653339d8b6a0d0a041368d513999f8,2026-08-25T02:05:19.169621+00:00,checkout,573.62,False
071bf8dc5f90638bbe9014e1d7fc43ff,2026-08-25T02:05:19.533073+00:00,checkout,522.79,False
958fb949864409d15a57844ed3be89f7,2026-08-25T02:05:19.477417+00:00,site_latency,358.06,False
b413501762079c34c9d8ea926d078542,2026-08-25T02:05:19.778526+00:00,api_generic,122.8,False
1e81b1190d89a4646f5cdc416fa23601,2026-08-25T02:05:19.888134+00:00,api_generic,95.72,False
bdf700a55bb858cd53615f94358eeb7a,2026-08-25T02:05:19.133316+00:00,site_latency,491.33,False
2089298f0ca63c7fdd91af253ea34901,2026-08-25T02:05:19.067561+00:00,site_latency,461.53,False
4cd60e03de6ab09574118e8006028450,2026-08-25T02:05:19.824345+00:00,api_generic,121.24,False
c15aba7bcdb93ad8583aa5208f2056ff,2026-08-25T02:05:19.769143+00:00,api_generic,53.67,False
3e796187862612030ed67bbf7a17a926,2026-08-25T02:05:18.973612+00:00,checkout,599.58,False
19844e071abd4d34de33230fb4b597bb,2026-08-25T02:05:19.430581+00:00,site_latency,180.57,False
667d403ce2bf8212b14b5362c0eb22b9,2026-08-25T02:05:18.025492+00:00,site_latency,1882.87,False
fde01b4a81beb4e385c8e330afc50a93,2026-08-25T02:05:19.760608+00:00,api_generic,152.21,False
48c1f41fa26a9fee0affdc51f7ca2047,2026-08-25T02:05:19.538714+00:00,checkout,236.63,False
0ded3c565afaee1002e78a60842bfdb3,2026-08-25T02:05:19.973709+00:00,api_generic,62.47,False
22e0926e75f3b91031d23485556574e9,2026-08-25T02:05:18.835076+00:00,site_latency,529.33,True
ccf459e8f995cbfcc8d01db8cace519d,2026-08-25T02:05:19.324684+00:00,site_latency,145.99,False
6403ecb8e7057db3d77bd1d24f5c8616,2026-08-25T02:05:19.297551+00:00,api_generic,51.73,False
6c18a1e714c1cbeb2e6eb91c2f005a00,2026-08-25T02:05:19.534546+00:00,checkout,217.07,False
70e3dbad8c2cab931c31611326062537,2026-08-25T02:05:18.546865+00:00,checkout,1119.68,False
f869d49d5ec36927730153baf18427c0,2026-08-25T02:05:19.235619+00:00,checkout,466.82,False
0da4a98f04c042ea0c30d8b2a6c93474,2026-08-25T02:05:19.451710+00:00,checkout,141.98,False
eff5b3d3e5b971c97d5295bb72d323cc,2026-08-25T02:05:18.327353+00:00,site_latency,1902.08,False
e48d966b4d2c6a0e31605b66043119ab,2026-08-25T02:05:17.658105+00:00,checkout,3304.74,False
a5546abbd38a3b655727472d9e1be0a5,2026-08-25T02:05:19.816971+00:00,checkout,577.28,False
72fa385cfdc525d5377ea21e17c7d27c,2026-08-25T02:05:20.882658+00:00,site_latency,123.12,False
a0a6cb597814dbd5c17eea9bbc88132c,2026-08-25T02:05:20.548305+00:00,site_latency,227.9,False
9c5ed01e72a2a23d356543b331abbe06,2026-08-25T02:05:20.830581+00:00,checkout,246.12,False
e3aa7f2058774901935e8383d4fcf45d,2026-08-25T02:05:20.923808+00:00,api_generic,161.85,False
74910e96a4c30c6cd5cf166e28518886,2026-08-25T02:05:20.351735+00:00,api_generic,163.92,True
94e47fbb4e464096b318e04f81d2404b,2026-08-25T02:05:20.505017+00:00,api_generic,115.33,False
2e6e7fb5aa4a4552a8a755a6a66ee64a,2026-08-25T02:05:20.471126+00:00,api_generic,229.59,True
2938693934154e90e99c25ff0085024a,2026-08-25T02:05:20.873124+00:00,checkout,223.1,False
e80547a1c7ed8775bbf5df309e980be2,2026-08-25T02:05:20.003127+00:00,site_latency,422.04,False
2de64621e076db6dca8a1ebd8972a8e3,2026-08-25T02:05:19.872126+00:00,site_latency,401.2,False
64dadb69f86ef5676b30c21419800fc3,2026-08-25T02:05:20.452009+00:00,site_latency,428.69,False
5f8b72a836fd04bcf33f0c85d4669e72,2026-08-25T02:05:20.441181+00:00,checkout,437.22,False
914db26a1fb22e80158a57dd341613ce,2026-08-25T02:05:20.237976+00:00,site_latency,175.44,False
6084e7615688d7555a0555b29f23f5c9,2026-08-25T02:05:20.555729+00:00,pix,97.7,False
ea4c6f27a9fdba0d81ab3bb93648f242,2026-08-25T02:05:20.300561+00:00,pix,73.75,False
3c03dc4231d38b822bcfed0a2291bebf,2026-08-25T02:05:20.647870+00:00,api_generic,97.8,True
244702d5994cf38b70b76a0c27e70a60,2026-08-25T02:05:20.100425+00:00,pix,147.16,False
7ad9b9580406eb7ead4a824d77100c6e,2026-08-25T02:05:20.080412+00:00,checkout,546.36,False
aeb46af4c00c467d417107b92c2de58e,2026-08-25T02:05:20.712140+00:00,checkout,107.27,False
f9849a702268315debd6a3f916ee330c,2026-08-25T02:05:20.216327+00:00,api_generic,843.95,False
87bf87bc01a505e20fb3278e974dd8ce,2026-08-25T02:05:20.649457+00:00,checkout,450.15,False
e78e7cb3f6506354796b3b172c9f350d,2026-08-25T02:05:20.939738+00:00,api_generic,85.92,False
52a4aea5436cc9cafb9914a69546e411,2026-08-25T02:05:20.107772+00:00,checkout,892.36,False
240f6cfeeb0c1ffb1517be2c37a6b51f,2026-08-25T02:05:20.190346+00:00,site_latency,212.68,False
4e4c3387fc1bf9d6fe195b4038ab0e7d,2026-08-25T02:05:20.103695+00:00,pix,146.36,False
295114230dec3cc26ba1ad404548dbbc,2026-08-25T02:05:20.183780+00:00,checkout,527.14,False
64f38a4f7680eb58b9a323e312b26a4d,2026-08-25T02:05:19.947211+00:00,checkout,893.54,False
cce2a8dd87083fdbc3c5b3feb965fc18,2026-08-25T02:05:20.250414+00:00,api_generic,140.05,True
23abb57cf2a4ae67aabff1bac1b794b9,2026-08-25T02:05:20.888587+00:00,api_generic,122.04,False
e1331b4d29f4ca22d83e08a5a6bd5009,2026-08-25T02:05:20.104169+00:00,checkout,472.83,False
48418e98bb4f0d1ea6c42c26c512ba45,2026-08-25T02:05:20.538137+00:00,api_generic,108.49,False
3fe89e5e2096f84a08004498c2886c93,2026-08-25T02:05:19.792446+00:00,site_latency,488.69,False
b39e447f5d1aabc1a0f66d5250df6b29,2026-08-25T02:05:20.442333+00:00,api_generic,609.3,False
96e68ab383490888cefa4240f94ad408,2026-08-25T02:05:19.932168+00:00,api_generic,474.22,False
43dba2390eb2105fd9052df060becc88,2026-08-25T02:05:20.569342+00:00,api_generic,214.2,True
7e5ef74422ca45e8a6fff2e670b0f7dc,2026-08-25T02:05:20.770016+00:00,checkout,197.04,False
bf4cae941867fd69a15f07134ed33c39,2026-08-25T02:05:19.792812+00:00,checkout,479.59,False
c3b9034ecf888eddc1b3e69458eb0fc2,2026-08-25T02:05:20.736309+00:00,checkout,326.4,False
551cc97074e9247cc4cd27c5e16ae4a4,2026-08-25T02:05:19.754416+00:00,site_latency,604.67,False
5ecd8854b40e356cc06b3bf2159dc0a2,2026-08-25T02:05:19.454242+00:00,checkout,813.87,False
00c6d5ace36b2c42ef320ae98584dd5b,2026-08-25T02:05:19.145837+00:00,site_latency,1421.88,True
76df513a4c0ca916e5b2c01a9625e923,2026-08-25T02:05:20.335872+00:00,site_latency,517.38,False
999017a77c62c00955d9103bd065bb52,2026-08-25T02:05:19.896021+00:00,checkout,1124.63,False
cdd0eae67597ebd7cc42866ddbc318d5,2026-08-25T02:05:20.522558+00:00,site_latency,440.05,False
1853546c7c27cd8a278833fec9b4d210,2026-08-25T02:05:20.547491+00:00,checkout,141.3,False
436afe3e86b0b4987b642f216f925c3f,2026-08-25T02:05:20.772831+00:00,api_generic,100.34,False
494d6efb5887672a31152b38159bc203,2026-08-25T02:05:20.141775+00:00,site_latency,226.82,False
4d9ec8f14ea69ff7cadfb4e7de16efe0,2026-08-25T02:05:20.408891+00:00,api_generic,91.3,False
39a8c40e8fffc72e3ea33bc398db2944,2026-08-25T02:05:20.496198+00:00,checkout,462.02,False
5158d1a84dcfa3636856948a060a044b,2026-08-25T02:05:20.014381+00:00,checkout,508.42,False
8a7fb863945206f55ca8b54594f47f97,2026-08-25T02:05:20.379019+00:00,checkout,488.25,False
202a89e5f770b582f6c17673ab9c2274,2026-08-25T02:05:20.228250+00:00,api_generic,424.74,True
8cf6b151bfd14716ae47a248c09a629b,2026-08-25T02:05:20.029700+00:00,site_latency,409.58,False
1d3cc901a3b3291a213f3f34a79453ad,2026-08-25T02:05:20.686261+00:00,checkout,418.11,False
8fa7512766eea753e122ca95f7af509c,2026-08-25T02:05:20.972080+00:00,pix,117.54,False
be9e84535343e659576366768a511fe2,2026-08-25T02:05:20.249061+00:00,site_latency,183.03,False
df8a7c6d0a42deab1d4095ac3302d2d9,2026-08-25T02:05:20.576665+00:00,site_latency,532.96,False
7808f7e549ee75c3c5763b5186efb255,2026-08-25T02:05:20.256262+00:00,api_generic,718.06,False
dd0fdaf02fb5f22fe9087f5e63e4b85d,2026-08-25T02:05:20.060900+00:00,site_latency,434.89,False
f2ec741f54349fb2b4c635ab484083ac,2026-08-25T02:05:20.644704+00:00,api_generic,70.8,False
f589130d6e1e345dced3b3e0225f94f9,2026-08-25T02:05:20.710852+00:00,site_latency,302.72,False
7164408f7bf44bc664d96c61e0490474,2026-08-25T02:05:20.672673+00:00,site_latency,178.64,False
f7a1c24bdca3fb1e0b2fb128a9c01a2c,2026-08-25T02:05:20.856303+00:00,api_generic,110.5,False
63dff3700ea82e5a1a2b2ee14d171a1a,2026-08-25T02:05:20.056330+00:00,checkout,478.97,False
4c0913dc3e583edf643271fa64b88ab6,2026-08-25T02:05:20.523222+00:00,api_generic,164.21,False
b1b517688b2d8f95f003a9d9ced4f0d7,2026-08-25T02:05:20.700672+00:00,checkout,225.27,False
0c92adac18453758768a86f4e26bf4fe,2026-08-25T02:05:19.612584+00:00,api_generic,662.71,False
280dd39a1d989574e7ebe5ec8488da38,2026-08-25T02:05:20.288343+00:00,site_latency,36.21,False
0e51ff99d3f4d400b0e1d5747baaa853,2026-08-25T02:05:20.516988+00:00,site_latency,135.67,False
2047ef28ce75a1befb39fa467041d3ca,2026-08-25T02:05:19.911604+00:00,checkout,410.11,False
bc95be6d1d89daea19dc4a5cec8e88cc,2026-08-25T02:05:20.316540+00:00,checkout,508.59,False
202f571f600dac86eb078eb8f4d7fb93,2026-08-25T02:05:20.822421+00:00,checkout,277.52,False
cd518cd99f030ca876da0c2e027bed1d,2026-08-25T02:05:20.365394+00:00,api_generic,68.94,False
c75b6c20f80f4b2b66d605d3a471e67c,2026-08-25T02:05:20.246634+00:00,site_latency,494.6,False
2f59e783d6e5810a79836fee6702a767,2026-08-25T02:05:20.228090+00:00,site_latency,406.29,False
2d84563cf69b868171ac38d98f3acb1c,2026-08-25T02:05:20.060521+00:00,checkout,481.03,False
579531b448f4d1f82982cb696d183ae7,2026-08-25T02:05:20.295163+00:00,site_latency,123.6,False
6288dbae8933d33f88503b4a1c138780,2026-08-25T02:05:20.547823+00:00,pix,158.16,False
ac20f592b23aa7959b2d470a5dd3b965,2026-08-25T02:05:19.676580+00:00,checkout,724.42,False
0e9bd6780d3e56210cf75727a81a099c,2026-08-25T02:05:19.861545+00:00,checkout,431.1,False
0306d5690555b2571d47dd508f5807a2,2026-08-25T02:05:20.086640+00:00,checkout,459.56,False
af1c5efe19d89259e3827c856f416ca2,2026-08-25T02:05:20.750981+00:00,api_generic,107.48,False
e03ddd165b0cc1ff2cf3b0892e1954c6,2026-08-25T02:05:20.506485+00:00,checkout,90.82,False
22be875cb2ea7971252e312711a2bad8,2026-08-25T02:05:20.697922+00:00,checkout,273.61,False
0960b9f5cba34ed2b06d814e069151c9,2026-08-25T02:05:19.729787+00:00,site_latency,515.28,False
ba58089b2724d43f285ad68cafe9422e,2026-08-25T02:05:19.814531+00:00,site_latency,412.9,False
a1fa11576601efb1995e3d56082250bf,2026-08-25T02:05:20.663761+00:00,site_latency,165.99,False
d8a697aabce67aec2ea67550a5c7b4f9,2026-08-25T02:05:20.395614+00:00,site_latency,192.03,False
db4f2c632b37fb36e56e86972284b236,2026-08-25T02:05:20.482600+00:00,checkout,485.43,False
8d375af13f25831ffcd303841bfa1327,2026-08-25T02:05:20.464598+00:00,checkout,237.78,False
685d976d627e8073c4f78b3507dd53ed,2026-08-25T02:05:20.712615+00:00,api_generic,113.14,False
67c14305097421de7c30ae99351a1d86,2026-08-25T02:05:20.629586+00:00,pix,187.82,True
c0cb2ecb16ff4169d4581e8a4328d746,2026-08-25T02:05:20.728034+00:00,checkout,223.32,False
e9ff378a8f0ceae9e44c7445d58df1b0,2026-08-25T02:05:20.144194+00:00,checkout,473.48,False
6ed974a2415527860beac0810c94808e,2026-08-25T02:05:20.567485+00:00,api_generic,103.23,False
c1938c4df9d2d208a9af01a2364fa436,2026-08-25T02:05:20.485585+00:00,checkout,429.49,False
413f110074339a8030d514376770181a,2026-08-25T02:05:20.243471+00:00,pix,103.75,False
833c58c1fe0bf817ae7bd429837a88e0,2026-08-25T02:05:19.892518+00:00,checkout,463.6,False
61ce383d0daa8d209cff7682bb29b4b8,2026-08-25T02:05:20.270516+00:00,checkout,555.06,False
26e16b9efeee10966171b96044ceb471,2026-08-25T02:05:19.963748+00:00,site_latency,277.54,False
3ca00c5e59223c5cfe9af3390fc1cbfb,2026-08-25T02:05:20.082350+00:00,site_latency,266.31,False
2514a087ef182f2ec4db92ea29196844,2026-08-25T02:05:20.825049+00:00,pix,156.41,False
d6d80a376aab8b5eebee2f0827e4b6d4,2026-08-25T02:05:20.081830+00:00,site_latency,469.61,False
46d870f870759b84d4501e61ef50b24f,2026-08-25T02:05:20.354261+00:00,site_latency,520.0,False
67441109702c88907a15ce1cadd70982,2026-08-25T02:05:20.628685+00:00,checkout,145.8,False
6c3c8fa61f02fb16f39b8410bd819952,2026-08-25T02:05:20.415587+00:00,checkout,405.95,False
2a11d4203378fa5bca6f1bfb96bbc7f7,2026-08-25T02:05:20.699860+00:00,api_generic,234.13,False
ccc560ecdb888680868357ab76b35640,2026-08-25T02:05:20.175545+00:00,site_latency,164.31,False
d5b489229a41bb0293541ef548b3d1f8,2026-08-25T02:05:20.731724+00:00,checkout,133.9,False
dd7f981bb9eb9fc9dd0616b817518787,2026-08-25T02:05:19.920080+00:00,site_latency,717.66,False
b913259bd8ff715f5c1543847448f84f,2026-08-25T02:05:20.358050+00:00,site_latency,331.05,False
8890672a027c8dcdd122e4b7b049e76a,2026-08-25T02:05:20.580644+00:00,checkout,140.96,False
8bdd6d2a945aaedf02bb2157cd098d35,2026-08-25T02:05:19.843954+00:00,site_latency,425.27,False
ef8b1bb1a9853d77cb1c0dfaf4e91a67,2026-08-25T02:05:20.392863+00:00,api_generic,131.81,False
7e188421070b852fb98c89da805f9793,2026-08-25T02:05:20.972409+00:00,site_latency,128.04,False
95b121b9da85a125e78a0dda3bce93f4,2026-08-25T02:05:20.518750+00:00,site_latency,127.03,False
9c10d2dcf0846ff5a2948f4b5b149398,2026-08-25T02:05:20.883929+00:00,checkout,602.05,False
74f0c7ac4b5ebbf347afc48ae95e06d0,2026-08-25T02:05:20.964584+00:00,api_generic,686.01,False
9c594b9aebd8e301fd8e522f83334194,2026-08-25T02:05:20.969950+00:00,checkout,447.63,False
b68ea2b2a145ce747a6f1c05edbea877,2026-08-25T02:05:21.411627+00:00,api_generic,50.48,False
13d1a407310f6f62fd455bf6ce9c7a6b,2026-08-25T02:05:21.694486+00:00,api_generic,138.07,False
7fcd979b84b6f60d30c4fcc6492d7f4a,2026-08-25T02:05:21.553658+00:00,api_generic,113.24,False
2ccb20d912c741c07715191e243d2e3d,2026-08-25T02:05:21.855846+00:00,api_generic,63.73,False
543c6ef912714ca73e73fea77acd8ed9,2026-08-25T02:05:21.288100+00:00,site_latency,257.61,True
96221bc940c6aceca9df9be02a3651b8,2026-08-25T02:05:19.980009+00:00,site_latency,1604.67,False
5ca1fafb89a1b50cc76eaf6b3d29c139,2026-08-25T02:05:21.915619+00:00,api_generic,31.02,False
f3cae741864ca2efad908b2a47236ee3,2026-08-25T02:05:20.958183+00:00,checkout,940.45,False
13098a9e17cf2944fb0404bc3e9e9921,2026-08-25T02:05:21.143248+00:00,pix,179.39,False
8b08e89c4a220051246d7d48032db7d6,2026-08-25T02:05:21.408086+00:00,site_latency,64.23,False
82fe84db26c32a02381179d77d935c81,2026-08-25T02:05:21.159869+00:00,site_latency,69.19,False
f49893ca98e35241d2b232638b875eca,2026-08-25T02:05:21.393710+00:00,site_latency,100.87,False
22a72484d5c2e9e2c5eee051f6b64c68,2026-08-25T02:05:21.707631+00:00,api_generic,46.03,False
a35494c6aa43289ebdb43b3f51d51a86,2026-08-25T02:05:21.788934+00:00,api_generic,116.44,False
669a408f60c2f9a5cb69f8b25fe84fd8,2026-08-25T02:05:21.762126+00:00,site_latency,149.7,False
ed1693371ff15648c79afb6e0f3c65b9,2026-08-25T02:05:21.454993+00:00,checkout,465.04,False
8763bc666344a5c1fb0ea6b6f06f6808,2026-08-25T02:05:20.753573+00:00,checkout,521.32,False
7610a6a83a70f1381714eacb07440d54,2026-08-25T02:05:21.528707+00:00,site_latency,429.71,False
cbc4f585a4f612a09f17f1be0bd576d4,2026-08-25T02:05:21.014895+00:00,api_generic,146.18,False
889a1166378d4cf38de6bd246e989a10,2026-08-25T02:05:21.550365+00:00,site_latency,245.74,False
24a479b2c1b6142539e014c1e9a83417,2026-08-25T02:05:20.537282+00:00,site_latency,641.63,False
0d853de04e6f10e275d27b97cbbc5f4d,2026-08-25T02:05:21.724526+00:00,site_latency,222.41,False
72f4d0254780a21f4ff4a3d9d65ac664,2026-08-25T02:05:20.937809+00:00,checkout,269.72,False
f22ae1d1a248b8814c56d8a7b639c15d,2026-08-25T02:05:21.206749+00:00,site_latency,444.96,False
b2d0ed48099bafb07d2070b661cb6456,2026-08-25T02:05:21.463441+00:00,checkout,478.56,False
a157f9fc29c587138b2417ae9698ccf3,2026-08-25T02:05:21.107935+00:00,checkout,532.56,False
46d4aea3fe2c549d2632b192bd9dc205,2026-08-25T02:05:20.916958+00:00,checkout,599.06,False
ca92040e8d4ce63a1174740ba7563e82,2026-08-25T02:05:21.343112+00:00,site_latency,266.02,False
b9b37fae647ffc65f2a5bfac8d649418,2026-08-25T02:05:21.504233+00:00,site_latency,183.94,False
1f8a2aeb331bf74cf029a31d75517274,2026-08-25T02:05:21.924401+00:00,api_generic,79.65,False
1b506eaa41307d5d6888431bdc246a3c,2026-08-25T02:05:21.281675+00:00,pix,171.92,False
531099b30267eeb1e0deee0da28279d7,2026-08-25T02:05:21.503264+00:00,api_generic,147.12,False
fda817f94e39a49b763111082b2a5f88,2026-08-25T02:05:21.448254+00:00,checkout,218.35,False
7df2127583ed7b2678b7bffef911aa6d,2026-08-25T02:05:21.289058+00:00,site_latency,307.35,False
728402ed9d4e5b8a3addbcb0c90ef545,2026-08-25T02:05:21.800770+00:00,checkout,204.97,False
37cfc09017c7c870fc6d71436e657454,2026-08-25T02:05:21.534660+00:00,api_generic,59.3,False
bcb5aea51d90623f401e8d82574d787e,2026-08-25T02:05:21.321193+00:00,checkout,425.23,False
cfbc8a6c41e5dfb444ebe4a0cd79778a,2026-08-25T02:05:21.694680+00:00,checkout,238.06,False
587d468397e84303ca7a0e629eecdeae,2026-08-25T02:05:21.563216+00:00,checkout,426.9,False
4ea72ebb1c6d3d2112c6ba0bf1b0b2e3,2026-08-25T02:05:20.854556+00:00,site_latency,524.94,False
ae7f3c689d644757080f7172c9bb39da,2026-08-25T02:05:20.989496+00:00,checkout,510.55,False
a0bec7cf05bcee4767c73e3eadc58958,2026-08-25T02:05:21.776858+00:00,api_generic,30.26,False
eac146e87bcb66635e08ea6bf1682b88,2026-08-25T02:05:21.080895+00:00,site_latency,446.27,False
f5b309d474182afc20eac4dc47684f77,2026-08-25T02:05:21.282211+00:00,api_generic,68.44,False
a62d9ed745242ea652b707d4448b1d90,2026-08-25T02:05:21.282413+00:00,pix,168.21,False
d5f26fffd39407bdd2bf2a0094daaf20,2026-08-25T02:05:21.646142+00:00,checkout,287.17,False
b20b309c2336766d3b391efe92e9c2fa,2026-08-25T02:05:21.360434+00:00,checkout,414.77,False
3b4902d7b48d4a7af9b2510dcaaed49f,2026-08-25T02:05:21.216523+00:00,checkout,125.4,False
3e79ea2a06692d7ec6e925b08b9097c0,2026-08-25T02:05:21.582384+00:00,api_generic,228.35,False
00974ac2b18622aeb07c91546a14d3df,2026-08-25T02:05:21.067082+00:00,api_generic,105.2,False
9aa1bdc637ef13335b6ecfeac91bb876,2026-08-25T02:05:21.046999+00:00,checkout,587.46,False
8a598daa9940022cd287e94ecfc5ed22,2026-08-25T02:05:21.643300+00:00,site_latency,117.25,False
7014ab1e833d0eddab12b7c65cbd14e8,2026-08-25T02:05:20.758127+00:00,checkout,587.01,False
86ba9bb004cd5d2a9f73553f7c9e1f16,2026-08-25T02:05:21.253351+00:00,pix,138.37,False
1ad61c7bfc34f2e493a686eabd5d8940,2026-08-25T02:05:21.507529+00:00,api_generic,73.5,False
c03186c44ac85bf66e2365324b0c5938,2026-08-25T02:05:21.215191+00:00,site_latency,445.27,False
35bd7475981f4ef24fa1b931d9a33b0c,2026-08-25T02:05:21.022025+00:00,checkout,646.48,False
a39d722bd9a223e39deec5ee6589099d,2026-08-25T02:05:21.287137+00:00,checkout,471.84,False
a9eb4d6db99d841f78ea055775151b8c,2026-08-25T02:05:21.143077+00:00,site_latency,755.86,False
cf968e4d58747a6d4c50e8f26f56b9c1,2026-08-25T02:05:20.975811+00:00,site_latency,196.67,False
d8958b6b8afe061da8185e08000c7efc,2026-08-25T02:05:21.073624+00:00,checkout,256.85,False
be36471f5219244bc933cef7be1a6e81,2026-08-25T02:05:20.785321+00:00,site_latency,905.27,True
2ce996388c9781ba239f0eee3949854c,2026-08-25T02:05:21.561721+00:00,api_generic,87.02,False
c01de1a7d6733bb0178f6c04af547073,2026-08-25T02:05:21.062016+00:00,api_generic,86.57,False
83daef2eab175da86d84589390ca862d,2026-08-25T02:05:21.082247+00:00,api_generic,131.49,True
9cda31b451ab75c154da9bc2a88ed151,2026-08-25T02:05:21.616254+00:00,checkout,317.78,False
a909cbf6186e6cca468132a2e3121869,2026-08-25T02:05:21.351905+00:00,site_latency,192.03,False
bf7c9558ffde73574554bc8c02101439,2026-08-25T02:05:21.499995+00:00,api_generic,103.58,False
d3e878caf06cc0b00cd62f5144f4cb20,2026-08-25T02:05:21.226603+00:00,api_generic,90.26,True
82307f127b6343970725e997fc9f54a3,2026-08-25T02:05:21.375077+00:00,site_latency,127.39,False
efa2d0ada115d8e1af0bbf66ba6ca1b8,2026-08-25T02:05:21.137449+00:00,api_generic,52.31,False
ba988b5e52685dcab70a8f6b93d7f183,2026-08-25T02:05:20.855081+00:00,checkout,567.23,False
03a9639c8340e54b30d4caf7eadf76b3,2026-08-25T02:05:21.564790+00:00,checkout,405.5,False
a74b6d09276a388c15e9839a92726f37,2026-08-25T02:05:21.651676+00:00,api_generic,144.23,False
e77742d14f13d6bf40dd3030ed296535,2026-08-25T02:05:21.373735+00:00,checkout,425.03,False
975c12e4942970d1f51ac8c7402ee47c,2026-08-25T02:05:21.715491+00:00,site_latency,136.09,False
d5a8a876fbb8f86372f3454ce267bb24,2026-08-25T02:05:21.001745+00:00,site_latency,307.85,False
68fce19c81c7e88cc8c877e21d295adf,2026-08-25T02:05:21.318099+00:00,api_generic,83.12,False
29aa2d61eeabe6e6985dc14185289e58,2026-08-25T02:05:21.423597+00:00,site_latency,79.08,False
8a6043823a0c21f3bc4ce77311e59fe1,2026-08-25T02:05:21.193586+00:00,api_generic,99.7,False
fa7e1bd6c842de62cab996334e7af053,2026-08-25T02:05:21.663751+00:00,pix,145.5,False
d4bfa88556aed495dc3b96e2f4c67559,2026-08-25T02:05:21.391691+00:00,checkout,485.9,False
5a40217b2634c3e2b4450c72d03599db,2026-08-25T02:05:20.951316+00:00,site_latency,186.17,False
4a9716351960bc9ddf33a3091181825e,2026-08-25T02:05:21.623479+00:00,api_generic,35.62,False
34c7ef6339293582a21e14614a083416,2026-08-25T02:05:20.766008+00:00,pix,943.02,False
0b9574f72ef99337f43921d8a9f19a31,2026-08-25T02:05:21.402558+00:00,site_latency,536.66,False
6da39fd17324cd61141ee414c4f1cbc6,2026-08-25T02:05:20.749210+00:00,checkout,439.88,False
8becea20ac4e42e27ebcb7828aebe565,2026-08-25T02:05:21.359195+00:00,site_latency,110.19,False
654ee5931088282d899bc9c024477b9b,2026-08-25T02:05:20.846134+00:00,checkout,404.67,False
ab81e37f290102e5854b488ab5fa4091,2026-08-25T02:05:20.895058+00:00,site_latency,276.75,False
54ed5039b7372b29d321b3fbe2482ce1,2026-08-25T02:05:21.787944+00:00,checkout,209.59,False
41b354ba7e0cd3381436c039676974db,2026-08-25T02:05:21.207036+00:00,checkout,411.62,False
38f03240857caa46ad9929d3e9f1a089,2026-08-25T02:05:20.422342+00:00,checkout,714.29,False
1463ea5db8e11dfd2d31e8cc34e5353d,2026-08-25T02:05:20.181901+00:00,checkout,1753.99,False
ec276d555ad9af0f468270fdf5f19505,2026-08-25T02:05:21.340726+00:00,site_latency,376.89,False
3325d2468c64f5bb722e7d94e8851b19,2026-08-25T02:05:20.238691+00:00,checkout,1004.4,False
49a9ded5f0c462fb3fb583890bb5640a,2026-08-25T02:05:21.192718+00:00,checkout,626.36,False
b9796f3cc4ee7dd434bdc0b492a4efb2,2026-08-25T02:05:21.065254+00:00,checkout,595.46,False
6428032e6e0636755b0284c3d5c6dbd1,2026-08-25T02:05:21.476035+00:00,pix,71.56,False
99fe88fe769aa72b40013ef969634370,2026-08-25T02:05:21.502432+00:00,pix,210.69,False
4c6a0d5c4ae4644866d9608b39be996c,2026-08-25T02:05:21.655658+00:00,api_generic,63.27,False
18ef73032eae24d4ddb64d3a68f9808f,2026-08-25T02:05:21.424113+00:00,checkout,226.07,False
6911cd515fcae275e581dc12928ba057,2026-08-25T02:05:20.060110+00:00,site_latency,1196.47,False
28320670bdc4d14eb1b18fff6469f067,2026-08-25T02:05:21.524353+00:00,api_generic,164.22,False
e172ef257d72147dee1ec11e7a755b0e,2026-08-25T02:05:21.316783+00:00,pix,540.18,False
37ac2bc8795c1009b033403a4f41e25e,2026-08-25T02:05:21.923448+00:00,api_generic,43.93,False
7bf8da40158f9c3cfdd85d725394c2b0,2026-08-25T02:05:21.048188+00:00,api_generic,149.76,False
f8c9979d4ca55f6db177713246181019,2026-08-25T02:05:21.497272+00:00,pix,171.66,False
e15b1515281106fdf8ecfbf475288cd4,2026-08-25T02:05:21.141248+00:00,checkout,141.92,False
a156e1ba1364e460ebd9ae6a68579a87,2026-08-25T02:05:21.469979+00:00,api_generic,111.3,False
d57da7eafd32984e895ed393f10d4bc4,2026-08-25T02:05:21.079059+00:00,checkout,796.02,True
f4a9b700fa857eafbdd47686d1233dee,2026-08-25T02:05:21.594434+00:00,site_latency,399.97,False
9d371a07e12dad6bbd3341801958219a,2026-08-25T02:05:21.140556+00:00,site_latency,423.6,False
2dcf62f2381c5392f3417add71fe571f,2026-08-25T02:05:21.462068+00:00,pix,211.06,False
8b9f483a951d226952e30d936077df41,2026-08-25T02:05:21.716328+00:00,pix,67.64,False
db1f386863f2869c8f4b8f604ba2ba6c,2026-08-25T02:05:21.012627+00:00,checkout,547.25,False
86145ad99adac075e0b08f78785d2ed4,2026-08-25T02:05:21.475207+00:00,site_latency,633.67,False
be4e1905c3565daf7f836bad9a3f2449,2026-08-25T02:05:21.707856+00:00,pix,790.69,False
3e5140098912061bbd61208ebb884bb4,2026-08-25T02:05:22.369244+00:00,api_generic,111.22,False
8a8736c66c84483892a0b90184066f1f,2026-08-25T02:05:21.858182+00:00,checkout,382.09,False
21ab72c1e6bb1f120daffadcf7646492,2026-08-25T02:05:22.495526+00:00,site_latency,404.18,False
c0cfec5be22a0e15c90dc5a98a975247,2026-08-25T02:05:22.133615+00:00,api_generic,47.84,False
4ea328eeb22a72115ca8b6247daf67a0,2026-08-25T02:05:22.554549+00:00,checkout,136.27,False
6ea188bbbedf525c03f30e3ecbaddb0d,2026-08-25T02:05:22.582926+00:00,checkout,299.07,False
d8e89a437d5500dfca6002761e475269,2026-08-25T02:05:22.040254+00:00,site_latency,910.32,False
4855ee77c4e9976343f33150a9f80487,2026-08-25T02:05:22.184368+00:00,api_generic,103.64,False
8bff17e8edd25bcb63289d5b4e0604a7,2026-08-25T02:05:22.691374+00:00,site_latency,117.89,False
a290d23248c1a730c174454f613759b0,2026-08-25T02:05:20.842524+00:00,site_latency,1365.93,False
96847f18cdd59bece4ab24cff4a4cc98,2026-08-25T02:05:22.691258+00:00,site_latency,193.47,False
7cbd6c823e5a23db2b99e372ec623a77,2026-08-25T02:05:21.936429+00:00,pix,130.26,False
37cdc35df6946d0c3b12c32ae24528d9,2026-08-25T02:05:21.940495+00:00,checkout,579.52,False
dc9583427fc731fb020e6c9f6cab1395,2026-08-25T02:05:21.176636+00:00,checkout,1487.64,True
d8eb92d57242ed677a6f357f4adb5b8b,2026-08-25T02:05:22.287937+00:00,site_latency,71.0,False
6add19efc97548112b29929294c8b119,2026-08-25T02:05:22.130351+00:00,checkout,551.77,False
756e1fe19ebeaa71518254f6e052f7ba,2026-08-25T02:05:22.563785+00:00,pix,89.0,False
8c00ec0290c4e38f85b6851abd916601,2026-08-25T02:05:22.740216+00:00,pix,87.77,False
838b33c4124f45561d7b9e2f09fc4fc6,2026-08-25T02:05:22.429208+00:00,site_latency,186.05,False
4565325afc76fa89feebafaab8b71028,2026-08-25T02:05:22.344336+00:00,checkout,323.83,False
2fe521c000dc609550c19e3d6d5a680e,2026-08-25T02:05:20.141294+00:00,site_latency,2244.96,False
0fa74cd7f9cd770b039f9876940a39a9,2026-08-25T02:05:21.673083+00:00,checkout,510.55,False
20ec9f983eb5d6fa5f1a563832caccf2,2026-08-25T02:05:16.477432+00:00,checkout,6439.77,False
b6dfd218743941d1ac49b26d3c8bddcb,2026-08-25T02:05:22.233109+00:00,checkout,217.07,False
8577a370b99e89c2b92aaa6a38274577,2026-08-25T02:05:22.630594+00:00,site_latency,162.18,False
b24e24ddb43f0f4182e5b66c3a523d19,2026-08-25T02:05:21.800285+00:00,site_latency,384.17,False
79904e9e9561456d8adbd3fd706b0e25,2026-08-25T02:05:21.338224+00:00,checkout,730.39,False
e30df9f9c2955f2b41bb9e6aa1649586,2026-08-25T02:05:21.695888+00:00,checkout,492.3,False
a5c4d1c38414b7d7524f4e443314d8e9,2026-08-25T02:05:21.813377+00:00,site_latency,345.26,False
b4b76fc19ad472f6f6cfab1363df32d1,2026-08-25T02:05:22.081436+00:00,checkout,492.98,False
b5f626e461723e48e1cc1698acc46ac0,2026-08-25T02:05:21.824438+00:00,site_latency,215.86,False
d3c81207ddd6030c716ce0d9714deff1,2026-08-25T02:05:21.991798+00:00,site_latency,422.72,False
78c642f1821895776e82aca1db8824c4,2026-08-25T02:05:21.901164+00:00,pix,125.55,False
3d82c2833c6453e80bce1ac46dcfe38a,2026-08-25T02:05:22.318268+00:00,checkout,310.37,False
9f80d2a063988eae09e4e7faf286388b,2026-08-25T02:05:21.471138+00:00,site_latency,740.14,False
64e424ed636bbb811ccf2bd16115a93d,2026-08-25T02:05:22.444677+00:00,api_generic,499.03,False
5e67adc1e213b3c20a631129ac01d7dc,2026-08-25T02:05:21.968809+00:00,site_latency,448.46,False
da6d7b3ccbd3c9115e7453c84239b8cf,2026-08-25T02:05:22.290602+00:00,checkout,555.38,False
3b7f11c6c0415fa61c3be4666341a8c2,2026-08-25T02:05:21.851538+00:00,checkout,468.58,False
b043db301a4c2297aaacc773e934f9ed,2026-08-25T02:05:21.658188+00:00,checkout,832.44,False
45daf2cfd78b922ba33e016d2788db09,2026-08-25T02:05:21.919543+00:00,checkout,192.92,False
8768584e8f56cd6a357e1b1a146616bc,2026-08-25T02:05:22.224857+00:00,checkout,563.44,False
e29401093bdfdf501e79db4edeed81d7,2026-08-25T02:05:22.712557+00:00,site_latency,143.59,False
5de7d9ae2c411d802ff708ee76e6332b,2026-08-25T02:05:21.655904+00:00,checkout,379.36,False
9cb5d79e3ec3036496278967f180f13d,2026-08-25T02:05:21.640054+00:00,checkout,410.02,False
20e9faa8a835c5df9f3272f7d5cd6ab3,2026-08-25T02:05:22.224097+00:00,api_generic,61.83,False
4b8b1cf0684ff9f5466863b4150c76fc,2026-08-25T02:05:21.197805+00:00,checkout,887.41,False
22c5161676dd64505efbf3f099fb9f17,2026-08-25T02:05:22.452250+00:00,checkout,401.56,False
14e2f83a6dde9e1d2b7c13c0bdf28616,2026-08-25T02:05:21.958368+00:00,site_latency,453.38,False
fd2da84c61da07f98538a18118a7c6b8,2026-08-25T02:05:22.133089+00:00,site_latency,446.38,False
1e78707a991a708a8d90980d289141cd,2026-08-25T02:05:22.192121+00:00,site_latency,235.54,False
80ea418e7013db2a05aa27bce3cf9477,2026-08-25T02:05:21.962156+00:00,checkout,451.81,False
ba49a940ceaf537705a45f071c253c3e,2026-08-25T02:05:22.061078+00:00,pix,112.69,False
fb48bd597ccfb0f0414c6767334d97dd,2026-08-25T02:05:22.407685+00:00,site_latency,444.12,False
34abfb941050602ea10111b73a4c8a01,2026-08-25T02:05:21.728201+00:00,site_latency,454.02,False
64286ed1baa488cfd94797f3b0f85c03,2026-08-25T02:05:22.907164+00:00,api_generic,38.38,False
b47db7e9d3e908e4d076fedfe18bf671,2026-08-25T02:05:22.195702+00:00,site_latency,620.92,False
b8de3da0f1f0e4b173ecfff75a7cc3d0,2026-08-25T02:05:21.808448+00:00,checkout,546.62,False
8f0cc6cfdbabd0cacaa387b3b63349ef,2026-08-25T02:05:22.423951+00:00,site_latency,517.84,False
fc48022410f31517b2518611af54572d,2026-08-25T02:05:21.798542+00:00,api_generic,423.39,False
470271e1153964480b19d5564915313f,2026-08-25T02:05:21.997971+00:00,checkout,506.48,False
fd79976ab2d2228b96289c23ff5dc52a,2026-08-25T02:05:21.958815+00:00,checkout,516.56,False
1fe66337fb76a20bab4aa811c07a56cc,2026-08-25T02:05:21.610848+00:00,checkout,993.31,False
1d44bc0dc08e170e2388ca43da266825,2026-08-25T02:05:21.081429+00:00,checkout,1577.02,False
4da4fa099959a03431fc65658caf4ed0,2026-08-25T02:05:21.922798+00:00,site_latency,248.52,False
1dc95e5c79eab2151b3b07eb688c434e,2026-08-25T02:05:22.550930+00:00,site_latency,95.59,False
5dc22fa81129baeb948869ce1c18b5c7,2026-08-25T02:05:22.812843+00:00,site_latency,129.34,False
6833884c9d0c5e86e6720cc73407abf7,2026-08-25T02:05:22.137552+00:00,checkout,141.06,False
c45a66bfd41bdbd3d7a64959cf849074,2026-08-25T02:05:21.926726+00:00,api_generic,411.25,False
fdce4405db6e4d57dd1b958162814680,2026-08-25T02:05:22.029725+00:00,checkout,521.49,False
e66ea93e0fbdc1dd97de2fb9532c2c14,2026-08-25T02:05:22.001001+00:00,site_latency,145.15,False
f448aaa4390a706bb18e401f213c5b56,2026-08-25T02:05:22.127010+00:00,pix,112.48,False
348c66fe6220a9b991d08a932070cb9b,2026-08-25T02:05:21.943821+00:00,site_latency,125.5,False
75063c77e68c2528227b7045d4c14d8e,2026-08-25T02:05:22.188137+00:00,api_generic,78.49,False
960512e1a0ff9ebe224bb12fdd14f3dc,2026-08-25T02:05:21.903893+00:00,site_latency,479.67,False
3eeea9fb098920689bd02662938979b5,2026-08-25T02:05:22.029513+00:00,api_generic,169.97,False
8e7f71f34c63678e81d2261d32931641,2026-08-25T02:05:22.111048+00:00,checkout,456.47,True
344537567fcf669fa1bd6c43bc1882fb,2026-08-25T02:05:22.103985+00:00,pix,135.14,False
21e8c26b846186e54c29a9b637841e5b,2026-08-25T02:05:21.970875+00:00,checkout,138.29,False
7d96945b2486f1af812d5850efc3e0a8,2026-08-25T02:05:21.710520+00:00,site_latency,787.55,False
f7ea9711b96dc876746e8a7dd0b89370,2026-08-25T02:05:22.167634+00:00,checkout,681.59,False
1bced3106ce11c8d6eb0384ed585acda,2026-08-25T02:05:22.188629+00:00,site_latency,263.69,True
0a91b41c5991416ea5d11728cf91abdd,2026-08-25T02:05:22.064512+00:00,site_latency,728.0,True
9988f121496693946af262214be06b8a,2026-08-25T02:05:21.571880+00:00,checkout,720.78,False
835ee30724133e200d1fe7b8025af24a,2026-08-25T02:05:22.611455+00:00,api_generic,85.52,False
f4685b841d2d9fdea36176daf764785d,2026-08-25T02:05:21.934711+00:00,checkout,400.86,False
c9a7f28f3bca803f9e6f8801794c5ce8,2026-08-25T02:05:21.925204+00:00,site_latency,193.21,False
747750df74cba3e3b98f9b8c1ee2725e,2026-08-25T02:05:21.876436+00:00,site_latency,890.35,False
1a379a2d3d89dc0be8eb9eed3eee5170,2026-08-25T02:05:22.068385+00:00,api_generic,175.0,True
1c478c64451e3a75f5ba3380cf926a5e,2026-08-25T02:05:22.413913+00:00,pix,97.92,False
5483511a29cc88b31e64c367bc99c923,2026-08-25T02:05:22.196040+00:00,site_latency,448.53,False
89af86d231ebd98f94befde47b209ea9,2026-08-25T02:05:22.693522+00:00,checkout,181.37,False
6d87a3bc264f6a3d675bbf399e495410,2026-08-25T02:05:22.214552+00:00,site_latency,114.47,False
04cb12c6a26b523053291cb231c3e994,2026-08-25T02:05:21.054266+00:00,checkout,1099.26,True
f3f0a7b11833eaea1a2d8811001cf486,2026-08-25T02:05:22.646479+00:00,site_latency,132.37,False
97e9f224db8abe51eb7c566db71fc93b,2026-08-25T02:05:22.420254+00:00,site_latency,470.4,False
20cf7002ff0eca3381007aa7524424a2,2026-08-25T02:05:21.371357+00:00,api_generic,655.61,False
88ad447981b953105124cf7aa8766223,2026-08-25T02:05:22.040140+00:00,checkout,415.45,False
2b9a3c618a5c15e6d279de31b74ddd08,2026-08-25T02:05:22.035215+00:00,pix,618.93,False
48f4a36bfff8abcabdafdb1e114245b3,2026-08-25T02:05:21.948599+00:00,site_latency,708.51,False
8b0531a3102bdb5b3745c599686ef92d,2026-08-25T02:05:22.494185+00:00,api_generic,130.1,False
ce895ae3a8481e23514ba2a3c1b567f8,2026-08-25T02:05:21.957642+00:00,site_latency,429.06,False
675d29894082b0436c3deaacb114ba89,2026-08-25T02:05:21.921598+00:00,checkout,500.06,False
7ce76c34ed2df7a663f963f14447ffba,2026-08-25T02:05:21.973089+00:00,site_latency,71.4,False
9d23a229b3a7908f6c18c64d8d22abfe,2026-08-25T02:05:22.140491+00:00,checkout,410.47,False
543f8b55c313ae7359de3ccbe493ad81,2026-08-25T02:05:22.043636+00:00,api_generic,81.67,False
6ace37e09a29e9ff65701c5605069427,2026-08-25T02:05:21.973511+00:00,pix,148.69,False
b0e88f3bc6143a7b7d83679819daccdb,2026-08-25T02:05:22.453552+00:00,site_latency,228.36,False
983d2edf23bfad9f738713f5bc42a027,2026-08-25T02:05:22.199196+00:00,api_generic,71.41,False
6abb5fee204e59225cb1d10f7196ebb0,2026-08-25T02:05:22.861760+00:00,pix,91.64,False
ce6b01b69b215fd57dcea6c950077893,2026-08-25T02:05:22.038289+00:00,api_generic,404.28,False
f9f5683f24c576a7f721ff6c0bf81898,2026-08-25T02:05:21.704506+00:00,checkout,517.03,False
282daa45a82c68cef55655ac35105c39,2026-08-25T02:05:22.765545+00:00,pix,80.16,False
57adbd5303f295547d6fbcbfbd4bcd6d,2026-08-25T02:05:22.650370+00:00,site_latency,104.14,False
318d02868a8e3845166af12b8711ad11,2026-08-25T02:05:22.588775+00:00,site_latency,264.81,True
873cdaed4a481a8fd3ffea590c0ba5ca,2026-08-25T02:05:21.638156+00:00,checkout,421.7,False
0f8d5eea1c9dc232d0490664868f0b15,2026-08-25T02:05:22.768564+00:00,site_latency,76.68,False
665cc3289d49a370f24092719fab5f12,2026-08-25T02:05:22.463530+00:00,api_generic,75.13,False
e4bb10bb9d82e828640f663e611159e4,2026-08-25T02:05:22.112423+00:00,site_latency,462.31,False
f7c1b4a9407b95e9f68d5c94cdbf5cfa,2026-08-25T02:05:22.497979+00:00,api_generic,203.3,True
100e0227b41e47d85e1d2e14ecfee3b6,2026-08-25T02:05:22.279978+00:00,checkout,491.2,False
4f9226cf3a7b0bc0fd07b26630bbda76,2026-08-25T02:05:23.124347+00:00,api_generic,174.72,False
00263bb841d69d91d2492c655ccace3b,2026-08-25T02:05:23.312999+00:00,site_latency,228.98,False
548ef282791ecc932bb3adbe279bb034,2026-08-25T02:05:23.507431+00:00,site_latency,167.29,False
cc8fc7f6b9b823c23246636f392f871e,2026-08-25T02:05:23.650058+00:00,checkout,178.59,False
1a8a1463057331d4c38c37d8e661abdb,2026-08-25T02:05:22.939764+00:00,checkout,683.74,False
e66a241bb4e9927e851f5b46527ae879,2026-08-25T02:05:22.890311+00:00,checkout,148.88,False
0acb13e2296c6a5f9a4169526ec7fbdb,2026-08-25T02:05:23.306413+00:00,api_generic,73.13,False
4c44c9d4ddf91bc25c3f3a1dd3f48714,2026-08-25T02:05:23.324740+00:00,api_generic,85.02,False
4980f54da0806b701d215b40e1feebcd,2026-08-25T02:05:22.248151+00:00,checkout,1015.16,False
35dedbb60c1103094b1456498a456049,2026-08-25T02:05:23.559769+00:00,api_generic,90.56,False
513fbd96c5bd412f79f65bd712a0f685,2026-08-25T02:05:23.089249+00:00,pix,209.57,False
6234c258eb3dbbd92cbe6653144e11ce,2026-08-25T02:05:23.023057+00:00,api_generic,56.49,False
87b6d5e37c2342b11e922490cc7181af,2026-08-25T02:05:23.201595+00:00,pix,123.2,False
a46f4300a401e237ec2ba9defe1ad3c9,2026-08-25T02:05:22.475284+00:00,checkout,628.55,False
2d71ca0eb92067a54afd46fb314c39bc,2026-08-25T02:05:23.296653+00:00,api_generic,77.52,False
9f8c7ea05d8431340cc7b34681fc4a3e,2026-08-25T02:05:22.953345+00:00,site_latency,422.88,False
00605b0c13d13b9d18344a740434ab10,2026-08-25T02:05:22.620483+00:00,site_latency,618.45,True
a0c955615a6bfc83bcde035ab8889684,2026-08-25T02:05:23.051246+00:00,api_generic,38.51,False
6cc2e697368931846c6798f06210c8c9,2026-08-25T02:05:22.541105+00:00,checkout,488.23,False
78c7cb52e77f3b7503c6dc1b1f3a4545,2026-08-25T02:05:23.540831+00:00,api_generic,192.32,True
808b717b1f116b56b06da3d6d69a10e9,2026-08-25T02:05:22.556921+00:00,checkout,924.92,False
26517076a718a7351cd29d2729ff0a27,2026-08-25T02:05:23.566841+00:00,pix,129.83,False
9acc4e3bf1b9f054bdfbfe954af02d85,2026-08-25T02:05:23.535198+00:00,pix,167.9,False
240a75f7da838fc759443916f812dbfa,2026-08-25T02:05:22.707631+00:00,checkout,405.45,False
4d1203b8f6c5c761cc48e770c7a8b773,2026-08-25T02:05:22.701211+00:00,api_generic,456.03,False
896c675760d1395f21d0962a8491b1a3,2026-08-25T02:05:23.500529+00:00,site_latency,100.45,False
2524b5791899b76225dc629f6aa86112,2026-08-25T02:05:23.179797+00:00,checkout,163.68,False
3e2c935b48f83ee3a2fd516a893ae050,2026-08-25T02:05:22.506108+00:00,checkout,530.62,False
c3b7b9711624198cc5aa458d90f28504,2026-08-25T02:05:22.925434+00:00,checkout,444.38,False
dfa81cc481f12ed129a3cebb08e9f167,2026-08-25T02:05:23.457571+00:00,api_generic,35.65,True
bfabf5c4c7e5e2756d0a312f8865e6fd,2026-08-25T02:05:23.701164+00:00,site_latency,141.96,False
19a021bd8a8110be8eb4ca13b1fcca57,2026-08-25T02:05:23.312886+00:00,checkout,432.27,False
ebd336840843c7f90d9d6ad3eba5a356,2026-08-25T02:05:23.716674+00:00,api_generic,56.21,False
a33f6ce409fdc14e2c99a717de950bf8,2026-08-25T02:05:22.874857+00:00,site_latency,120.69,False
27441d70383566fece239234c62035cf,2026-08-25T02:05:23.698893+00:00,api_generic,55.79,False
8caa2fea4035105aa7c5d09a5c57191e,2026-08-25T02:05:22.903855+00:00,checkout,299.87,False
d03aaca927f007b4f291d99c88fcfb9b,2026-08-25T02:05:23.022869+00:00,checkout,488.6,False
f9017ee6e3b62e0186b8712835215ab4,2026-08-25T02:05:23.602303+00:00,checkout,240.56,False
5bd5d615b5047687cb7d011824d0af8d,2026-08-25T02:05:23.221435+00:00,pix,106.15,False
71e1b38a11d7af2f27f32d49fec4bb60,2026-08-25T02:05:23.396704+00:00,site_latency,303.06,False
58a516efe9f23175dd740766a796b638,2026-08-25T02:05:23.088017+00:00,site_latency,173.35,False
c23ad99ca59fb0e5c85e5ab12400444a,2026-08-25T02:05:23.079386+00:00,api_generic,126.35,False
1375f63ebd8af4325307b243dd2b603a,2026-08-25T02:05:23.461765+00:00,api_generic,146.55,True
c46d921615cc6365fc005e0c50a9876a,2026-08-25T02:05:22.888296+00:00,site_latency,434.67,False
6f7b8161096f1f829a5365b7cc5e3a16,2026-08-25T02:05:23.014086+00:00,api_generic,130.82,False
38d9e4f42cf55786235f2b306f3bc62e,2026-08-25T02:05:23.504420+00:00,site_latency,197.06,False
e21f234add1c4b456bb23e07cd007efe,2026-08-25T02:05:22.728293+00:00,checkout,354.56,False
10357b9efc3b60eaa7e8a1a2841e6113,2026-08-25T02:05:22.838360+00:00,site_latency,471.39,False
48621d960778bf010ff14156c870c086,2026-08-25T02:05:23.388981+00:00,api_generic,201.67,False
a1c66dcc2bfb0f319c918db0a3d09f7e,2026-08-25T02:05:23.511425+00:00,site_latency,316.29,False
e12043baee6dbd2fe5fd5b609198ae38,2026-08-25T02:05:23.412410+00:00,checkout,416.44,False
961bb49963ba35f677923eda483d4585,2026-08-25T02:05:23.426107+00:00,pix,149.7,False
f3575dc36959adf6f31c5485269e692c,2026-08-25T02:05:23.114390+00:00,site_latency,623.97,True
ca73daef0a0c82fb70ad658aadbb9d4a,2026-08-25T02:05:22.979841+00:00,pix,530.07,False
7d8abbecbe0e0629f4c7cebaf71970ac,2026-08-25T02:05:22.469499+00:00,site_latency,1359.54,False
d6dc5b3673139f6664ec71496bdc087c,2026-08-25T02:05:22.642424+00:00,checkout,432.92,False
fe8d6e338c8aca4ef7a5185fb7ca7e3c,2026-08-25T02:05:23.142480+00:00,site_latency,184.85,False
8271587bb44ac5907296927207d8d081,2026-08-25T02:05:23.209282+00:00,checkout,256.81,False
d521faac1f0a5d0aaedd6aa717916e36,2026-08-25T02:05:23.248284+00:00,site_latency,256.17,False
34151d2f71672fdb374f6529daf3ef15,2026-08-25T02:05:23.343445+00:00,site_latency,199.93,False
8fc2462aa42e1d8acb8528c4c832e077,2026-08-25T02:05:22.854811+00:00,checkout,621.31,False
d15238b63b4692567c7a75eec97243d6,2026-08-25T02:05:23.110033+00:00,checkout,725.3,False
5a627f2f5396c97e075ceee3113fd598,2026-08-25T02:05:22.861516+00:00,checkout,490.39,False
e5484ad2d5ef697ac87d8ac72be69bb6,2026-08-25T02:05:23.095438+00:00,site_latency,205.94,False
811b8311f52d0b4cb54f2ec55a73c597,2026-08-25T02:05:23.241328+00:00,site_latency,390.64,False
5aed65bbf85ff7b4e042b61c8c5738e5,2026-08-25T02:05:22.952487+00:00,site_latency,283.68,False
396994a5f6a37be82686e94ab4bdeb54,2026-08-25T02:05:23.702351+00:00,checkout,155.39,False
c9a02617fe348c6c794ec4990ea2092e,2026-08-25T02:05:23.348004+00:00,api_generic,107.45,False
25070b877f0cd6939e9442dd08ce6939,2026-08-25T02:05:23.490248+00:00,site_latency,66.69,False
57192d00950d711895b48fd23642cd3e,2026-08-25T02:05:22.895335+00:00,checkout,459.5,False
d45d38b9b7d6630846379658d27a0a7d,2026-08-25T02:05:23.011509+00:00,site_latency,857.43,True
86ed39623d45eeae6f80028005e6ddd1,2026-08-25T02:05:23.274406+00:00,pix,149.11,False
ddaf0b28de613abdf58ffe4e174b95d2,2026-08-25T02:05:23.598307+00:00,pix,117.08,False
6a0c63c17dc4235bf2cc8b67c7ea52a2,2026-08-25T02:05:23.348776+00:00,api_generic,63.88,False
fb943d9f7a4d115ab4d12895abc86d31,2026-08-25T02:05:23.413837+00:00,site_latency,407.95,False
fe4672d3395002343457f8d15629c3b4,2026-08-25T02:05:22.167121+00:00,site_latency,1036.31,False
93e47ada8c3a0766c02bc08deb5ea6b5,2026-08-25T02:05:23.440331+00:00,site_latency,223.66,False
84c0113bf4ee4bd60359adf5e5f6279b,2026-08-25T02:05:23.627801+00:00,api_generic,90.11,False
5ef06303a3df03404ab62b02bced2445,2026-08-25T02:05:23.327294+00:00,api_generic,127.9,False
21b4626b48032c48f550d3246bb5ee2e,2026-08-25T02:05:22.595236+00:00,checkout,405.89,False
304eeb11da306fe41568296cc9a0b21a,2026-08-25T02:05:22.926205+00:00,checkout,439.95,False
7c90dd0e4ef3b2845218dc54a440b941,2026-08-25T02:05:23.509826+00:00,site_latency,266.31,False
7c648d63f104db6cc3e4139125759e61,2026-08-25T02:05:23.084608+00:00,site_latency,238.08,False
6b114d4404d237fd6040c54bf6c9b313,2026-08-25T02:05:23.344424+00:00,checkout,271.04,False
26e6cba435c00928f8d78ae260627e01,2026-08-25T02:05:22.362463+00:00,checkout,597.98,False
951c00b8074694c9ef9e7bdf241a6c91,2026-08-25T02:05:23.377386+00:00,checkout,192.89,False
aedfc2066c046dd271bad86a8ba9e01c,2026-08-25T02:05:22.905086+00:00,checkout,502.99,False
3faadbdc290b90a5368029f2c23454a8,2026-08-25T02:05:22.649546+00:00,checkout,598.77,False
9a8bbea3e887ba7bd7f7ad5a69024cb2,2026-08-25T02:05:23.362144+00:00,checkout,260.99,False
fce69894083bcbbdd6b29ecba8633a87,2026-08-25T02:05:22.693328+00:00,site_latency,310.11,False
dc755c04070ef667cadc83a03db7ff39,2026-08-25T02:05:22.786115+00:00,checkout,236.96,False
6ea5f28c4d93fff14869aabed5abf622,2026-08-25T02:05:22.567446+00:00,site_latency,485.29,False
882d8f2efcb3e568314696b6dd8b43cd,2026-08-25T02:05:22.700439+00:00,pix,493.06,False
a70f6ea6ddb2654ab4871bfdaa37d119,2026-08-25T02:05:23.166542+00:00,checkout,318.47,False
adf48db99e15852cb4cc633a26ce9739,2026-08-25T02:05:23.063838+00:00,checkout,438.09,False
71e70f5281fdbd716ab8a91a45c02d74,2026-08-25T02:05:22.696279+00:00,checkout,418.17,False
91c14e6a59cb2fd2bdffe25c60ddd53e,2026-08-25T02:05:23.106328+00:00,api_generic,108.28,False
ee751fb30ab9e208a7856fa56c19c08d,2026-08-25T02:05:23.105764+00:00,checkout,473.94,False
2e0d8b31d47351167dd7ca1f7774170b,2026-08-25T02:05:23.394724+00:00,site_latency,77.92,False
680b7fb50b55e626a136e28ce004be05,2026-08-25T02:05:22.695229+00:00,site_latency,665.69,False
0fb5d82a32b32bf1c45821143a4cbe8b,2026-08-25T02:05:23.447955+00:00,api_generic,111.85,False
60d01529b24410e5d1a6bde7c2f39428,2026-08-25T02:05:22.825795+00:00,checkout,233.88,False
be02627196d6679725a17781e7270356,2026-08-25T02:05:23.353151+00:00,api_generic,88.34,False
635b6e5b4f0ca509c85e3872af5dbc6f,2026-08-25T02:05:23.264492+00:00,site_latency,75.76,False
f666c61b83240974edf9d7d8a9f1d281,2026-08-25T02:05:23.342283+00:00,site_latency,126.38,False
ca3838508e93aa3b4df0beba66bea99a,2026-08-25T02:05:22.702590+00:00,site_latency,688.55,False
25bef2b13f92daa97ff2b112173cdaab,2026-08-25T02:05:22.869479+00:00,checkout,132.03,False
52b0e71bbbfd50528039e040547e1fe0,2026-08-25T02:05:23.336723+00:00,checkout,351.16,False
4641b1ee257b0a94a2d26981b6c04782,2026-08-25T02:05:23.279276+00:00,checkout,554.95,False
356e22385b873200282f737330c14f02,2026-08-25T02:05:23.017200+00:00,api_generic,201.87,True
459464b08e9ac414b5587861c8d64548,2026-08-25T02:05:23.582718+00:00,checkout,278.05,False
415cd513c3dc2af540bf3cc9d8c73d66,2026-08-25T02:05:23.192306+00:00,checkout,479.75,False
84346e90aba95a3fd96697afbdb69980,2026-08-25T02:05:22.754941+00:00,checkout,496.21,False
f4fe2198aa30c407243951649fcd8495,2026-08-25T02:05:23.286187+00:00,checkout,218.72,False
b31a2a549dc068bf2bf96164614c846b,2026-08-25T02:05:23.179917+00:00,site_latency,437.81,False
9e9855ee75843a0ff36e3215c6a1894d,2026-08-25T02:05:23.467561+00:00,api_generic,81.0,False
3238e3c9020d574233882da748162106,2026-08-25T02:05:23.160805+00:00,checkout,703.15,False
c330cacd4149c17a2b506262ce02f62a,2026-08-25T02:05:22.800110+00:00,checkout,704.99,False
8aa7d9266ff5eadbc0b779d6cd435a87,2026-08-25T02:05:23.006107+00:00,pix,76.43,False
0eba2c16e4f2707ed9587c20180215f5,2026-08-25T02:05:23.648877+00:00,checkout,207.13,False
e811bcf39a8406b39e23570b96adf0ec,2026-08-25T02:05:22.858394+00:00,checkout,414.59,False
1fef65a1aec43fdec357694d8cdb6864,2026-08-25T02:05:23.207022+00:00,site_latency,133.49,False
283ca113bf08372c3230a9c125c2ee03,2026-08-25T02:05:22.918205+00:00,api_generic,77.54,False
77fa0ed6608c23cbf502769edd626bb8,2026-08-25T02:05:23.502481+00:00,site_latency,244.96,False
bf6eb70d1301b62311ebc1a12ff193de,2026-08-25T02:05:22.774462+00:00,checkout,366.74,False
3fb33b54a1a99f43f6c2e9dea0c26580,2026-08-25T02:05:23.334724+00:00,site_latency,434.43,False
911c393af499d15d9470c0b31ee7ec95,2026-08-25T02:05:23.305972+00:00,checkout,339.2,False
5210f2d50cba7d21b15b433f49cef095,2026-08-25T02:05:23.115634+00:00,api_generic,101.93,False
08666d71251dcff820d8ad83e2102a36,2026-08-25T02:05:23.403708+00:00,site_latency,166.84,False
d2511799feea30361be722e3104e9e65,2026-08-25T02:05:23.350355+00:00,api_generic,516.49,False
677c6d19c939ce6d733a8afe53c5f269,2026-08-25T02:05:22.817132+00:00,api_generic,179.26,False
3b71e2c23d772be95b218d4ca8dde552,2026-08-25T02:05:23.278822+00:00,api_generic,108.91,False
a1c102e28b8a7049de604f4ad123e6ac,2026-08-25T02:05:21.821275+00:00,site_latency,1479.94,False
02d6d19a41fc0a79b485fd9996d31d6c,2026-08-25T02:05:23.494094+00:00,api_generic,81.4,False
ba10d501b8ea629b81b24e13bca4922a,2026-08-25T02:05:23.094107+00:00,checkout,456.43,False
94b86c51a9015abc533996b078ce4eb4,2026-08-25T02:05:23.132168+00:00,checkout,454.95,False
d31e824ad0f21016b68536ab6b7f4833,2026-08-25T02:05:23.805218+00:00,checkout,455.17,False
137c0312e8606a10b10ac5c02a4faad9,2026-08-25T02:05:24.042782+00:00,api_generic,54.43,False
ff11ac427459211e694c0aa4c06b1c59,2026-08-25T02:05:24.052321+00:00,api_generic,65.65,False
3f9ffa2bb666c89bc49fa3286827d713,2026-08-25T02:05:24.184712+00:00,api_generic,54.72,False
967615b156f02c98b946c2a78a9b3137,2026-08-25T02:05:24.654867+00:00,pix,155.33,False
06b26f80b7a8e9433f6262e3036f7227,2026-08-25T02:05:22.869063+00:00,checkout,1112.54,False
94d30cf3476b1ef2f17f507ad120a4e4,2026-08-25T02:05:24.050272+00:00,checkout,745.18,True
695a72e3945a0a8973d9f60447e57a8e,2026-08-25T02:05:24.211413+00:00,api_generic,87.91,False
61aeb5f806703f5f6484fa345ca73e73,2026-08-25T02:05:23.107591+00:00,pix,1369.55,False
c04ef454012a7ed95b0b1e704cda3d3d,2026-08-25T02:05:23.887154+00:00,api_generic,103.94,False
f25a98347f6f1e258718b519c361bdd7,2026-08-25T02:05:23.734795+00:00,site_latency,449.99,False
b15bb01441238cc786ec5c276e6bfca9,2026-08-25T02:05:24.316090+00:00,api_generic,48.6,False
6f1953c1ee1d2547704d9c2e46e6a224,2026-08-25T02:05:23.777048+00:00,checkout,709.74,False
b1d97148468d54b8b56fe05175a19bab,2026-08-25T02:05:24.011019+00:00,site_latency,559.5,False
dcd1c176d1a35ea92924c789bd367272,2026-08-25T02:05:24.588883+00:00,pix,116.49,False
752163ff4e228686775f8b9b0c503c4d,2026-08-25T02:05:24.161494+00:00,checkout,236.44,False
7e5399d29730236ebca6b9a8264d8b03,2026-08-25T02:05:23.470651+00:00,site_latency,421.42,False
092abf2a7b6cfa5440fce91a18efc3cb,2026-08-25T02:05:24.129475+00:00,pix,125.22,False
dfc5e2eefcef0f5fb8e42fada3cba52f,2026-08-25T02:05:24.149111+00:00,site_latency,461.8,False
22be9234e54352d44e2edc6139867a49,2026-08-25T02:05:24.493131+00:00,api_generic,87.96,False
d00c87341e4475f15d588f1d4937fc61,2026-08-25T02:05:24.100335+00:00,checkout,431.82,False
e9becdd466c96b8ad983a4b013903cb0,2026-08-25T02:05:24.114135+00:00,checkout,459.44,False
b378602f09c335ade82ce7b69d9231fe,2026-08-25T02:05:23.397193+00:00,site_latency,510.49,False
7c12ff78ec7a834f74d27acbc1061310,2026-08-25T02:05:23.868184+00:00,site_latency,141.83,False
ef55f6b8b19571e9a20bb34948ffdb3f,2026-08-25T02:05:24.046367+00:00,pix,129.29,False
08cb268aae3e1aaf4e73d90c90602c76,2026-08-25T02:05:24.255040+00:00,api_generic,115.43,False
717dc3e9301aaf63df9df125f794efcd,2026-08-25T02:05:23.658874+00:00,site_latency,737.75,False
be35bf98e2a726d9041554b8732c2a30,2026-08-25T02:05:24.541254+00:00,checkout,218.68,False
55a05b0bbb83565c2d69a55bcf562ce1,2026-08-25T02:05:23.842832+00:00,api_generic,109.0,False
52855b75d4f03830d796a59ce1ba8ab4,2026-08-25T02:05:23.543322+00:00,checkout,456.59,False
5cf38533f478532348a1c98e0f00f57c,2026-08-25T02:05:23.572318+00:00,checkout,430.8,False
f76f034159ca925e753294754bf6ca72,2026-08-25T02:05:23.791949+00:00,site_latency,102.14,False
3996ba0dfc92b4c9933a564759af012d,2026-08-25T02:05:24.237011+00:00,site_latency,301.44,False
adf15b470e81757bcb70652f8f2753c2,2026-08-25T02:05:23.959161+00:00,api_generic,69.87,False
2d40fc0788e0762c2ab94e4a54712f72,2026-08-25T02:05:24.538975+00:00,pix,110.69,False
a4b42252a189fc682e11a850567b19c8,2026-08-25T02:05:23.910715+00:00,api_generic,62.12,False
3ac4019758e21712cf52a13b77fc7b93,2026-08-25T02:05:23.986416+00:00,site_latency,86.02,False
1c051eb5a886f98d060128d00e708fca,2026-08-25T02:05:23.785503+00:00,pix,143.31,False
52dc6481ae7738307dd6c0636a4d53aa,2026-08-25T02:05:24.376492+00:00,pix,161.76,False
f43e071145966ff68ba74657443c7b3e,2026-08-25T02:05:23.183028+00:00,api_generic,857.58,False
2281358b267f5a2f0720c81d14967f1c,2026-08-25T02:05:23.862791+00:00,site_latency,521.59,False
a390b3e713aba2a47d7cb6012f6819a0,2026-08-25T02:05:24.689157+00:00,api_generic,49.52,False
8b9fe199e96010c81932085b4ef12df8,2026-08-25T02:05:24.071226+00:00,site_latency,112.49,False
33884348229fb7798a18c4b73c06724e,2026-08-25T02:05:24.279429+00:00,checkout,442.57,False
61463e8459670350407183651e302483,2026-08-25T02:05:23.812689+00:00,api_generic,444.34,True
997b2cbe93de0c576cae345a26216ace,2026-08-25T02:05:24.260143+00:00,site_latency,96.53,False
69b10366a4b4b8a350a43a259056a0e5,2026-08-25T02:05:23.375733+00:00,checkout,1197.59,False
3ebd94575363b71020f5fd6920859790,2026-08-25T02:05:23.592907+00:00,checkout,597.16,False
9b2ef8b591e27b05b76663588033c864,2026-08-25T02:05:24.225185+00:00,api_generic,111.22,True
5bab48626ae885e08b7bc548b66f36df,2026-08-25T02:05:24.571731+00:00,site_latency,185.51,False
9b198b461389906f8bd2f803563fba0c,2026-08-25T02:05:24.192204+00:00,site_latency,135.78,False
5290f981dd9e7c4d188e3e0c01e2662f,2026-08-25T02:05:24.431726+00:00,site_latency,142.04,False
947dbbc0bff1cbb968334ac8e438bb38,2026-08-25T02:05:23.956826+00:00,site_latency,458.93,False
b22bc52396616fa810a0b2f11c4b2e6a,2026-08-25T02:05:23.845751+00:00,site_latency,108.97,False
153f3519179c153c5c7570b7e24b58d5,2026-08-25T02:05:23.331752+00:00,api_generic,814.45,False
70edac214cf820201684f23f546b570c,2026-08-25T02:05:24.071107+00:00,api_generic,196.21,True
023dae87f5cee4e54ee8e8d148fb49b7,2026-08-25T02:05:24.273030+00:00,checkout,410.3,False
4a48b7cb53d273c9297a105c22e92315,2026-08-25T02:05:24.050441+00:00,checkout,426.05,False
b2a10ee86544b13ff65973f3fc62f9bf,2026-08-25T02:05:23.812070+00:00,pix,111.23,False
9457c917ef20e1b54e45af788e2dab24,2026-08-25T02:05:23.941703+00:00,pix,104.7,False
f35c6b6ceeb94bc4c6fa752b876902c0,2026-08-25T02:05:23.452768+00:00,checkout,723.56,False
b64c5439d6dea76c63c3c735a0e30f09,2026-08-25T02:05:24.495678+00:00,checkout,195.98,False
92f267e1510cadebb010a675a4e12e7a,2026-08-25T02:05:23.652464+00:00,checkout,440.42,False
e57790664d1b9a5d8b7cc97fc663ac52,2026-08-25T02:05:23.771852+00:00,site_latency,401.23,False
90c8ead215f7198d9141d2328a6ccf59,2026-08-25T02:05:23.905483+00:00,site_latency,520.01,False
28488cfde5a5748fd13b701e5fb24be0,2026-08-25T02:05:24.211926+00:00,checkout,488.71,False
a8d8627c6053d42b6b10720b02385edc,2026-08-25T02:05:24.140521+00:00,site_latency,190.14,False
c7fa8d6c39b2006ba897255b77386217,2026-08-25T02:05:24.097770+00:00,checkout,432.81,False
ef19102b75c69043e7b6281cff291da9,2026-08-25T02:05:24.248806+00:00,checkout,371.83,False
b9c0958750b330ae2f4082f648977fec,2026-08-25T02:05:24.596326+00:00,checkout,188.65,False
1cd359eefb806cf95a0ecec60ac3d52a,2026-08-25T02:05:23.835056+00:00,checkout,255.52,True
a73f10ada83c34bb6c0f87e9bd4e6b57,2026-08-25T02:05:23.609682+00:00,checkout,526.01,False
102a8bb251977e7a9148bd42625285a1,2026-08-25T02:05:24.210007+00:00,site_latency,133.64,False
e29ee633ca020a8d05727c6ba7404208,2026-08-25T02:05:23.473955+00:00,checkout,483.98,False
3fe05bf7eff507e42a7e1b6f22cade7d,2026-08-25T02:05:23.537220+00:00,checkout,476.42,False
f96b76c9f936c78f118b246e25a67c6e,2026-08-25T02:05:24.280191+00:00,checkout,243.37,False
b98c017b81542e3a68e9b3a4c80c8c1c,2026-08-25T02:05:24.509487+00:00,site_latency,89.41,False
725bdf7117716d9392fc4e908b5d550d,2026-08-25T02:05:23.144867+00:00,site_latency,846.51,False
b7dd9d70aeacc9fce2c6256d2260d5f8,2026-08-25T02:05:24.146973+00:00,site_latency,145.7,False
00b80dbbbb2a9ba0440af65be978fb2e,2026-08-25T02:05:24.149499+00:00,checkout,472.9,False
6057e85e44edba01dd2f67f13bf6db1d,2026-08-25T02:05:24.150612+00:00,site_latency,282.28,False
97310405ae1801b6f27af44075691f84,2026-08-25T02:05:24.195047+00:00,checkout,307.04,False
f6120e9be9c6add14360cbe8897d8ec1,2026-08-25T02:05:24.380150+00:00,api_generic,137.9,False
78aff30fabd683b203ea37691a4ccfbb,2026-08-25T02:05:22.596504+00:00,pix,2176.54,False
4b38fb42a4aa9d4dc877e60622eeff08,2026-08-25T02:05:23.456897+00:00,site_latency,438.57,False
46dd188eeb6a7c456bb7b5302849905d,2026-08-25T02:05:24.354045+00:00,pix,243.49,True
26f5d379dd18a71f5c7440fc5d55bbf4,2026-08-25T02:05:23.526755+00:00,site_latency,565.27,False
4c334b19330f4605a469145b3b9e0d90,2026-08-25T02:05:24.309717+00:00,checkout,414.1,False
2f5d0e653d399b77243789b9e670b795,2026-08-25T02:05:23.976389+00:00,pix,149.24,False
e81f88fc146c925ac6809a8c7f222485,2026-08-25T02:05:24.192709+00:00,checkout,422.99,False
1a47a34432734420e593da3eb36310a8,2026-08-25T02:05:24.095270+00:00,site_latency,380.19,False
849799db124f2f1fa0e254533b77736d,2026-08-25T02:05:24.494792+00:00,api_generic,42.19,False
bc112036cbd6788b9776a9d294397aab,2026-08-25T02:05:22.979324+00:00,checkout,1221.75,False
441b28d388ea8b94fa03e35c77cf304b,2026-08-25T02:05:24.364647+00:00,pix,142.01,False
4e8025470eaaef38733059a5246a67e9,2026-08-25T02:05:24.644243+00:00,api_generic,44.95,False
13cf5cd7931afb029754b7c37d1b30e0,2026-08-25T02:05:23.943812+00:00,checkout,752.29,False
25799ffe59bbb97ab89ec34abec25b44,2026-08-25T02:05:24.058822+00:00,site_latency,113.68,False
765ae4237ff3fc262dc777121174172d,2026-08-25T02:05:24.147809+00:00,site_latency,230.43,False
e6e641c300ef7cfee568f24f40149743,2026-08-25T02:05:24.334418+00:00,checkout,310.36,False
2d910eb69af9ce36f511eeb521116f75,2026-08-25T02:05:23.859075+00:00,checkout,576.18,False
7034bc288e501dd3993778d4cc45edda,2026-08-25T02:05:24.051731+00:00,api_generic,225.04,False
4a716f6b5f644e8ef9dd6cc2787e928b,2026-08-25T02:05:24.644724+00:00,site_latency,88.52,False
8a5687a49facaa442634fbcdabd90ebd,2026-08-25T02:05:23.823084+00:00,site_latency,114.06,False
5b3128d8a17a1f7e67088d40e7f5abf2,2026-08-25T02:05:23.966867+00:00,api_generic,111.81,False
880ba02181a1f23a080f394f40e5eb54,2026-08-25T02:05:23.969359+00:00,api_generic,124.6,False
f20306b5a8e6aa4ad29b295a7e41a6fd,2026-08-25T02:05:23.624985+00:00,api_generic,746.15,True
f5777af8b4c2f71617f7e00a2d3447bc,2026-08-25T02:05:23.727960+00:00,checkout,604.07,False
8aee3127f2a264a2adfe365e0dd5fc64,2026-08-25T02:05:23.831530+00:00,site_latency,134.13,False
815043d83651d7a0040b5729e3ad887f,2026-08-25T02:05:23.920128+00:00,site_latency,410.28,False
430783e557fb677e927ddbcd7692d769,2026-08-25T02:05:24.514661+00:00,checkout,175.78,False
2d3c746833bab53cef35838652efdabb,2026-08-25T02:05:24.182689+00:00,site_latency,627.24,False
f397d00b95b9f836e29f20f826c50db6,2026-08-25T02:05:23.608731+00:00,checkout,423.51,False
0122d761ece3225e210d727906d5da36,2026-08-25T02:05:24.605741+00:00,pix,71.66,False
dd6bb39a09ca4c794bf95ebe98acce10,2026-08-25T02:05:23.496588+00:00,checkout,480.94,False
54a684d96bf6d54f4b6d8daa95328244,2026-08-25T02:05:24.260801+00:00,site_latency,122.32,False
c01af70add3a8652244dba4ddc3ba12a,2026-08-25T02:05:24.002634+00:00,api_generic,138.01,False
d19b582bfc2699bddf4f694d2cc6d8bc,2026-08-25T02:05:23.740299+00:00,api_generic,199.22,True
0cad39ca1640d7d663719f6c03ad25cc,2026-08-25T02:05:24.197839+00:00,api_generic,82.4,False
d63b5e9ee646aad4ba9122c36222d047,2026-08-25T02:05:23.621832+00:00,checkout,272.68,False
f7b2fdefaeaabc67f594a8a90e69e0e0,2026-08-25T02:05:23.793189+00:00,api_generic,153.24,True
2c1c30582b3cc30ab15662220541c47c,2026-08-25T02:05:24.108847+00:00,api_generic,115.12,False
bf30f08631705c463068068a2d01153e,2026-08-25T02:05:23.078925+00:00,site_latency,1047.54,False
c9a4732247dd3917c8ed85c0b4167175,2026-08-25T02:05:23.836508+00:00,site_latency,203.61,False
44ce93a49100efa516e9f2c6b6cd08b8,2026-08-25T02:05:24.095803+00:00,site_latency,491.87,False
cef199babfdc14d74e7c3a3912886cb7,2026-08-25T02:05:24.391268+00:00,api_generic,43.06,False
f130f19aafa5a2e8367602357fc97a07,2026-08-25T02:05:24.849426+00:00,site_latency,462.47,False
43678528ea41525eec575cd34a1614e4,2026-08-25T02:05:25.546269+00:00,site_latency,92.58,False
b551ff64f927195e85313bfbb5ec75a5,2026-08-25T02:05:24.325105+00:00,checkout,513.97,False
28dcb6993c14316080d7c9e87c785094,2026-08-25T02:05:24.556632+00:00,checkout,474.88,False
87c4340d63bb5ff5122ec9294f64a6fb,2026-08-25T02:05:25.017009+00:00,api_generic,70.91,False
7380fc9d17854e307fe0104ed259162b,2026-08-25T02:05:25.041015+00:00,site_latency,326.06,False
9700782eca209006735fd7b3f1a1a8fb,2026-08-25T02:05:24.981354+00:00,checkout,571.55,False
0ae011076f1681b9a5ffb480e59a2f8a,2026-08-25T02:05:25.017484+00:00,pix,98.43,False
baf7e8d2969c54b56a0e486c7d78a82f,2026-08-25T02:05:24.696069+00:00,checkout,304.9,False
e8718706f8054cf87c39e5ee99ccf334,2026-08-25T02:05:25.118229+00:00,site_latency,191.4,False
39c86d2da87aa536706876d4d6f4db33,2026-08-25T02:05:25.302994+00:00,api_generic,118.37,True
f926ed443e374c30bb94f63814432778,2026-08-25T02:05:24.653700+00:00,api_generic,295.8,False
06adf6f265501c9f11716384fa95a981,2026-08-25T02:05:25.363221+00:00,site_latency,114.85,False
29242f2bf1d07e99a80c60a516770456,2026-08-25T02:05:24.722959+00:00,site_latency,173.08,False
676e70eac5cd3c6d0f6bb5a3edaf141e,2026-08-25T02:05:24.631258+00:00,checkout,453.76,False
b2c21d7067e3bf86cf07fa17c1718e48,2026-08-25T02:05:25.003281+00:00,api_generic,60.02,False
a3b2c33a827245fc989ee9f38f911e77,2026-08-25T02:05:24.794243+00:00,api_generic,48.51,False
9558391bbe50ab04f359ac5fabab93f3,2026-08-25T02:05:25.270905+00:00,api_generic,38.43,False
860f4c0e36229ea0dbd8bd011149d243,2026-08-25T02:05:25.091952+00:00,checkout,398.33,False
d9b6ddc5d800053accddc17353135d72,2026-08-25T02:05:23.909395+00:00,site_latency,1017.29,False
5d75cc47f095ed2fd8dacafeef9b2373,2026-08-25T02:05:25.133474+00:00,pix,148.64,False
c194517a806093753e70863597617d58,2026-08-25T02:05:25.195550+00:00,api_generic,78.68,False
0954b14b212534423becb8bcbef85ef7,2026-08-25T02:05:25.315081+00:00,api_generic,95.86,False
83410768216623b1e8a7cb6606ea3f6c,2026-08-25T02:05:24.869174+00:00,pix,155.44,False
e5aed96ac672248427067bbf156594cc,2026-08-25T02:05:24.856443+00:00,site_latency,265.26,False
1f954fe6b32cc278ff248825e1dfd1ea,2026-08-25T02:05:24.773618+00:00,api_generic,92.71,False
df8b6e9324f866fe2e06e22dd19f4e00,2026-08-25T02:05:24.757188+00:00,site_latency,554.48,False
d666ce620465934d305e4ef93bdd8c8c,2026-08-25T02:05:24.749228+00:00,site_latency,245.56,False
ac73cb0bfded61af1f4e6e0db1d9b6ce,2026-08-25T02:05:25.168816+00:00,checkout,417.06,False
9aa64c1fdfc2f225ca3dfcfe045fd64c,2026-08-25T02:05:24.785321+00:00,api_generic,216.74,True
b220fa91b0ff19bc5c6c2fac28d0d358,2026-08-25T02:05:24.807176+00:00,checkout,184.02,False
81fec4aa41ba10b1f94d65de84eb116a,2026-08-25T02:05:24.435219+00:00,checkout,486.89,False
38c1a6942b3b5037e26c92ea367dc658,2026-08-25T02:05:25.601619+00:00,pix,104.15,False
cd9079118986df1695929479cfc3ac5b,2026-08-25T02:05:25.107991+00:00,checkout,625.63,False
c4ee6a134e5cfabb383e00fbf4a228fd,2026-08-25T02:05:24.534141+00:00,checkout,517.23,False
691a48fa537e411a98359b0464057a49,2026-08-25T02:05:25.336496+00:00,api_generic,74.65,False
a6e07e2b6f1354da55bad4b8996a1a37,2026-08-25T02:05:24.976775+00:00,checkout,459.2,False
d8015c7db372b8d207a13b66210fc76c,2026-08-25T02:05:24.589323+00:00,site_latency,402.04,False
8afa4e2e533ada450ab720b6c33cfcf5,2026-08-25T02:05:25.111038+00:00,api_generic,120.18,False
3a8fe79a4046aee1e0525fd12ede936c,2026-08-25T02:05:24.970793+00:00,api_generic,67.93,False
ebadde182de536a944262a7fdf8b96ac,2026-08-25T02:05:24.735013+00:00,checkout,456.58,False
9f4ba027d2dcc6629c43c4b9cb4db982,2026-08-25T02:05:25.117753+00:00,checkout,429.06,False
fc1a3e390025e5bcf469e56cea6ed40d,2026-08-25T02:05:24.668020+00:00,site_latency,992.61,False
60444c1cda7faa9d5d71156fe8577011,2026-08-25T02:05:25.596655+00:00,api_generic,65.79,False
0ef8056e7cff2636952ad556239c0db8,2026-08-25T02:05:25.431154+00:00,pix,174.5,False
b65f89ceafbb260d1f641b3f56682a84,2026-08-25T02:05:24.862198+00:00,site_latency,96.56,False
d4bb72fa423fca22ea8987e399c95afb,2026-08-25T02:05:23.588452+00:00,site_latency,1751.9,False
737f73384ae4f9d9ce47fb9ebf86be31,2026-08-25T02:05:25.236621+00:00,checkout,459.27,False
970aef7057366b56618ab1089ac57d26,2026-08-25T02:05:24.384351+00:00,checkout,455.52,False
6bf06d38e95c8d91111f1dff3326286b,2026-08-25T02:05:25.111224+00:00,checkout,400.87,False
b692119fb77656f43525fc42ee42d012,2026-08-25T02:05:25.424513+00:00,site_latency,114.43,False
7fc9f5f6622b6ee498dee6bfe96f40f4,2026-08-25T02:05:24.688262+00:00,checkout,470.57,False
74aca21eb0cdce77a59446afa7a09800,2026-08-25T02:05:25.438065+00:00,site_latency,102.94,False
6d72a4fe78a2d9e4fbf8c792196b19ff,2026-08-25T02:05:24.707048+00:00,site_latency,232.72,False
fe1d721849080fadf6bbf5aef3e64f6d,2026-08-25T02:05:24.636600+00:00,site_latency,492.21,False
550b40c606e20b3c9bc27c24fce8ad21,2026-08-25T02:05:25.052873+00:00,pix,140.28,False
7698a4167d1ca1c79caf83cd3e9eba05,2026-08-25T02:05:24.781720+00:00,checkout,308.98,True
e30e84ef19ccac6b8d02a8274c143182,2026-08-25T02:05:25.038380+00:00,api_generic,70.46,False
f2a609a6eab3e58817d52504abd9788d,2026-08-25T02:05:24.972173+00:00,api_generic,115.99,False
6ead4848b98a740a783f5cb8ca3d7570,2026-08-25T02:05:25.191554+00:00,checkout,458.04,False
766b5e77b96f949d39c9dd8f795283f1,2026-08-25T02:05:25.415618+00:00,pix,96.18,False
79052a1661674a0fb5b220da7f7f83f0,2026-08-25T02:05:25.444527+00:00,site_latency,105.71,False
6ce452f408abeb56eb8ac1b195cbc310,2026-08-25T02:05:24.793284+00:00,site_latency,581.61,False
c2450d89f7c5b53343d701e90402133e,2026-08-25T02:05:25.398825+00:00,api_generic,91.09,False
d16ca160d396ce18cfdacaea1ff021f9,2026-08-25T02:05:24.117306+00:00,checkout,807.81,True
2a9fe79e0d2602436c156f6447b9140d,2026-08-25T02:05:24.753934+00:00,checkout,661.73,False
b2dbee50d0e83036d210bdc85f67e178,2026-08-25T02:05:24.962108+00:00,site_latency,441.64,False
701a209c994f218eb906f02a3500ec86,2026-08-25T02:05:25.307682+00:00,api_generic,44.66,False
7d0ab3ace14a56acf1f641996b889921,2026-08-25T02:05:24.584140+00:00,site_latency,454.8,False
d81ec9b3f4cb0f17e0b4e34cc46379cf,2026-08-25T02:05:23.906154+00:00,site_latency,1691.94,True
668158debd0b0d6d7d1ecfa7252dd25d,2026-08-25T02:05:24.347823+00:00,site_latency,531.19,False
e1019bcae9f7ad1b6c770948be9cc547,2026-08-25T02:05:24.485450+00:00,site_latency,515.7,False
e738655791bb744fb292da092f5ebf78,2026-08-25T02:05:24.196566+00:00,checkout,989.96,False
fbf54263715fe35640f96f7b52a07f0a,2026-08-25T02:05:24.523079+00:00,checkout,406.44,False
579c8eed28a7ba300753a3c6211efed3,2026-08-25T02:05:25.416958+00:00,site_latency,154.67,False
cc98209e6beb68d0daa9fd0fc3f9c884,2026-08-25T02:05:24.775246+00:00,site_latency,819.77,False
9ff5a6e1c8e7f88ebcad6f9a3ea728fa,2026-08-25T02:05:24.493425+00:00,site_latency,562.08,False
b6864f66ef58161cd7e53342f9abe6c9,2026-08-25T02:05:24.908342+00:00,checkout,458.2,False
efd0370f4907a461b9743393e09960b4,2026-08-25T02:05:25.371156+00:00,site_latency,143.2,False
a63c2fae26dc6ac3f910e49d85c90b1b,2026-08-25T02:05:24.838942+00:00,api_generic,127.73,False
a48a0775681dacef22fc406d5ac0fd3d,2026-08-25T02:05:24.636993+00:00,checkout,443.72,False
3c3fe846dc595ef0f920d691203b33c8,2026-08-25T02:05:25.256629+00:00,site_latency,420.91,False
2e939c33908a4d3aaaf8d97218722bea,2026-08-25T02:05:25.482615+00:00,api_generic,115.94,True
d4e1198a09afbe87f3d1ed501ce43a9d,2026-08-25T02:05:24.999074+00:00,checkout,425.48,False
3c3ee1cd28920698f2ae7da44e8ca134,2026-08-25T02:05:24.847382+00:00,site_latency,464.03,False
a2c69b5ffe7ccd02427f6e74990f964e,2026-08-25T02:05:25.065275+00:00,checkout,234.45,False
a9ba3608f475dc87cd5415de82931150,2026-08-25T02:05:25.396260+00:00,api_generic,258.87,False
51f5f45868f239aa78b7a28400499158,2026-08-25T02:05:25.149686+00:00,site_latency,405.91,False
6a6d41b229865c91ab31881a5a09ca50,2026-08-25T02:05:24.641727+00:00,checkout,192.31,False
cc7f485f91c47937efc53e3e071ea6c2,2026-08-25T02:05:24.926651+00:00,api_generic,73.05,False
47b62576a0df413d42f5f6695206e134,2026-08-25T02:05:24.524742+00:00,checkout,590.93,False
56fa3a275c6f555d94dad59f1eb40f1d,2026-08-25T02:05:23.047719+00:00,site_latency,1834.97,True
dc2148a013d978c34c38822a2828cc1d,2026-08-25T02:05:24.979032+00:00,site_latency,72.63,False
8f8b4232ed1d790bc9b7161196f68a01,2026-08-25T02:05:24.745120+00:00,site_latency,735.72,False
ba6af8056ece5ffd7696fd135864e4cd,2026-08-25T02:05:24.621815+00:00,checkout,859.3,False
05277031c5c72885ab147ae215f98e69,2026-08-25T02:05:24.187320+00:00,api_generic,1311.61,True
6910761ad8d0c4282eb3f03888cb4438,2026-08-25T02:05:25.032671+00:00,checkout,455.38,False
ccb05b2a3298be61a8e92204be061c7a,2026-08-25T02:05:25.601165+00:00,api_generic,131.07,False
5aa3565f8d3f1c690ade672f120b70c2,2026-08-25T02:05:25.612840+00:00,pix,80.11,False
870c1f672728d53096103207305290ee,2026-08-25T02:05:24.949395+00:00,checkout,417.92,False
71b21d07191ec85316a99d108cf645ae,2026-08-25T02:05:25.276629+00:00,api_generic,28.37,False
14e6992c8f8972960de369f6518972bc,2026-08-25T02:05:25.315532+00:00,pix,95.78,False
1029cc090604cd3c78e0eda75805db0a,2026-08-25T02:05:24.240976+00:00,checkout,593.46,False
525176fd16abd39669deb9457d11a406,2026-08-25T02:05:25.622837+00:00,pix,104.91,False
6221b64990e6a1bec3af24b56fcf6a5c,2026-08-25T02:05:25.068912+00:00,checkout,469.84,False
e8902b6ddc9ca157412114aeb6aad0e0,2026-08-25T02:05:25.550788+00:00,api_generic,148.95,False
555d579d23c9b8d4020e269d348b7fae,2026-08-25T02:05:24.492054+00:00,site_latency,444.92,False
1d40a109a48b309a3552fa1b21c4296e,2026-08-25T02:05:25.082144+00:00,checkout,471.13,False
04d1507df402d48e4a644c12258d0eb7,2026-08-25T02:05:24.259069+00:00,checkout,783.28,False
d80181d5ea3d16bf45b83abc336605da,2026-08-25T02:05:25.108594+00:00,checkout,188.74,False
6389d8e9fb0e0f977a9ff2fda2e0e803,2026-08-25T02:05:25.233739+00:00,pix,187.41,False
99ae5b871873f672d874a4e31885d5b0,2026-08-25T02:05:24.289002+00:00,checkout,785.64,False
09307f7c5306f419baa12f2f4627a56e,2026-08-25T02:05:24.895983+00:00,site_latency,630.07,False
5347ccf95d1394f13aa81b99230d243d,2026-08-25T02:05:25.522619+00:00,checkout,146.88,False
4e128ba02b18bd929d07003310a2123b,2026-08-25T02:05:24.993585+00:00,checkout,449.74,False
58ef9def8375308a8ea56aa15bce668e,2026-08-25T02:05:25.516217+00:00,api_generic,42.44,False
7eac65bea1605fd2c72b1dbdf87a6230,2026-08-25T02:05:25.304740+00:00,site_latency,217.46,False
dc8ffbe5eaabc4a503d252695d45d888,2026-08-25T02:05:25.050207+00:00,api_generic,140.06,False
426bc095f56e56d67999c65ae1fd3bde,2026-08-25T02:05:24.997736+00:00,api_generic,97.87,False
fd4593ab2c259b309fbd0c5b6043f6cf,2026-08-25T02:05:24.840929+00:00,pix,176.12,False
b3a1a4469ad9a500944785d5858ef94b,2026-08-25T02:05:24.519264+00:00,checkout,501.17,False
8698b937cbee635c8f7b5a764b3cf1aa,2026-08-25T02:05:26.108828+00:00,site_latency,431.23,False
32f97a26daa5c8f5289c97caa5ef0925,2026-08-25T02:05:25.277008+00:00,checkout,500.67,False
714c444a94c792819b01e75e50c2b3cd,2026-08-25T02:05:25.376631+00:00,checkout,421.08,False
a899cb33e11658f6c7001e57f25f082f,2026-08-25T02:05:25.655101+00:00,site_latency,179.32,False
db98b8c04b8f60d861ff938a00c80948,2026-08-25T02:05:25.865140+00:00,checkout,537.12,False
7e3bca492765f4d1ba2c15cb31cfbb25,2026-08-25T02:05:25.637682+00:00,pix,201.49,False
9e7e2af6439a88322a9453f947e69b88,2026-08-25T02:05:24.299296+00:00,site_latency,1477.65,False
c740d4cbd71fcc852fb77f478b1fd30f,2026-08-25T02:05:25.528103+00:00,checkout,284.85,False
018892b269b2b8ff7614d7a54ba104fa,2026-08-25T02:05:25.881513+00:00,pix,173.02,False
4f279f658753cfaf263ac71e60d4f97c,2026-08-25T02:05:25.535183+00:00,api_generic,349.88,True
38e907aa4ee6e071fb899c2b55dba001,2026-08-25T02:05:26.272479+00:00,api_generic,81.05,False
caccf69f18c7ce82519ce23d833dc182,2026-08-25T02:05:24.614521+00:00,site_latency,1212.66,False
89c6178ad82b0e240ee62da3d5bd8961,2026-08-25T02:05:25.867464+00:00,api_generic,618.89,False
3378deae5ef7f02ea1ffc9ebf34246da,2026-08-25T02:05:26.434600+00:00,api_generic,74.25,False
c25052cc0aa7056eb5c7aeb0a1ebd564,2026-08-25T02:05:25.540688+00:00,site_latency,508.62,False
3cff480ed88a1493eaa8a9e6b2945be0,2026-08-25T02:05:25.615929+00:00,site_latency,510.79,False
ab4f09e3b8a66e7e2488f78fb0ef74b8,2026-08-25T02:05:26.319176+00:00,checkout,240.52,False
7e4b10f16fd02d43ebe827d797080d29,2026-08-25T02:05:25.706275+00:00,api_generic,150.38,False
597d8da0a15b62abebd14b54e2242cb7,2026-08-25T02:05:25.766949+00:00,api_generic,864.04,False
267debe9a03bcfb8826c19b5ec2b9412,2026-08-25T02:05:25.699687+00:00,site_latency,205.46,False
2d1675d6e974072a65364f65a7269c25,2026-08-25T02:05:25.281256+00:00,checkout,558.09,False
402d18f8b29949b1c1108cda1d98127e,2026-08-25T02:05:25.338711+00:00,site_latency,449.56,False
79a52035ac1826b0d3eb5ec99a889f74,2026-08-25T02:05:26.318565+00:00,pix,163.43,False
cfdc9ba7a1dccf6fddd404db1c357d6f,2026-08-25T02:05:25.340313+00:00,checkout,525.13,False
a389b3c2a6fd2ebffe1963b15f818a44,2026-08-25T02:05:25.837515+00:00,pix,87.23,False
d2753782e7c748d3ba263586c7e59fec,2026-08-25T02:05:18.169792+00:00,checkout,7954.97,False
2cf624c6f43f9e8f6f339f7c974efe1f,2026-08-25T02:05:25.880110+00:00,pix,86.72,False
d8bd1d529672d16a70813108186d888a,2026-08-25T02:05:26.250709+00:00,site_latency,327.69,True
70f9844af67fd5bfe579b05614be245c,2026-08-25T02:05:25.880286+00:00,checkout,425.73,False
516fd92a7abd889da5751cbb79981635,2026-08-25T02:05:26.025006+00:00,api_generic,181.26,False
9e426eb1f8938e851c859d185e8e75bc,2026-08-25T02:05:26.075623+00:00,site_latency,349.79,False
e53ff07a0768fb3fd7ff278b106066ac,2026-08-25T02:05:25.961764+00:00,site_latency,281.41,True
640c2c7d7d59cbe2013e957a30cc4622,2026-08-25T02:05:25.464269+00:00,site_latency,319.64,False
2c89884b3ce88490286029d2464cabca,2026-08-25T02:05:25.705709+00:00,checkout,302.59,False
e3db8d8984df7166ea9fd1230b05f4f3,2026-08-25T02:05:25.869532+00:00,api_generic,47.98,False
05bd694175258a6a7b73c1d43bfc03eb,2026-08-25T02:05:23.497026+00:00,site_latency,3134.38,False
9591ddff41346e8c5d970e39719aa87d,2026-08-25T02:05:25.920788+00:00,checkout,322.19,False
7d5506f36805c43f86fba190667a83e0,2026-08-25T02:05:25.972421+00:00,checkout,418.43,False
e96ed7af448eaf595aa25043ca561807,2026-08-25T02:05:25.844403+00:00,api_generic,121.14,False
41f93f6badd9fdb4b2adb42842b1b68c,2026-08-25T02:05:26.148539+00:00,api_generic,76.85,False
aed6222112bb6de4962aa98b08620f7d,2026-08-25T02:05:25.002016+00:00,checkout,1479.69,True
d768348423bd82494f52cf0e29ef5b2e,2026-08-25T02:05:25.323095+00:00,checkout,442.0,False
bc6e1030f4cf727a89b19154dcc3647e,2026-08-25T02:05:26.423952+00:00,site_latency,190.96,False
e34667fdde5669f2c99ee4fac122f883,2026-08-25T02:05:25.844841+00:00,site_latency,283.42,False
0448f36d3872cad0e773252be4520744,2026-08-25T02:05:26.405074+00:00,pix,72.0,False
b0f47da037bdf44c57aa277883995445,2026-08-25T02:05:25.598044+00:00,checkout,631.02,False
3f2f2d0278b82c1ac9ff066b382464a2,2026-08-25T02:05:26.310982+00:00,site_latency,102.02,False
d64e94181f36460e02be60cdb183619a,2026-08-25T02:05:26.269025+00:00,pix,115.49,False
01e5ce326fc928d5043238250aa082ba,2026-08-25T02:05:25.962667+00:00,checkout,541.09,False
aae8d274c794fdaadecd6330ff42304e,2026-08-25T02:05:25.744349+00:00,api_generic,105.06,False
ec48647391bffb1f7f0b598ac1679146,2026-08-25T02:05:26.166671+00:00,api_generic,43.77,False
abcac0c2aeaaa14c9db140b312f03bed,2026-08-25T02:05:25.371578+00:00,checkout,510.59,False
5c8599dbee5da5507ba05767e42a3886,2026-08-25T02:05:26.052001+00:00,pix,181.06,False
9b6e9611bd411b845ed726d9354f5b1b,2026-08-25T02:05:26.079108+00:00,checkout,330.3,False
0d8bb8a09401db96df2bf3c9f087fb84,2026-08-25T02:05:26.488347+00:00,pix,137.59,False
38b5fbaee34bddc7fa1f343e47517afd,2026-08-25T02:05:26.188645+00:00,api_generic,90.82,False
c1a70021383f8d08db1cece6a60a524d,2026-08-25T02:05:26.360837+00:00,pix,114.03,False
d27e6c8512c0ae61ae6d221066c839a3,2026-08-25T02:05:26.379042+00:00,site_latency,108.88,False
169524d44e5dfcbeb8dd2ae215c7959b,2026-08-25T02:05:25.516059+00:00,pix,359.18,True
21cad74cc0dd2f4c3c69c881f8c120b5,2026-08-25T02:05:25.710566+00:00,site_latency,608.05,False
d6bce7ccd23d583bd95c028d9bd58309,2026-08-25T02:05:26.023929+00:00,checkout,427.94,False
c99e6c128be8e1d5806f182eaf4216cd,2026-08-25T02:05:25.712413+00:00,checkout,460.17,False
8847e91838df93c35869ba6246b92aab,2026-08-25T02:05:25.983508+00:00,checkout,463.97,False
b872e9fdaf71f3a9014b0909725142ce,2026-08-25T02:05:25.599610+00:00,checkout,319.95,False
d5db5c6669db885bc3cd078cd31d4596,2026-08-25T02:05:25.378151+00:00,site_latency,546.09,False
d90a95bf7b294812190b43b9dcb10e66,2026-08-25T02:05:26.055931+00:00,site_latency,416.11,False
6435aab1377c5d7573ad98b7afa3f1a3,2026-08-25T02:05:25.679536+00:00,checkout,156.61,False
e56092a65249755ec80014bfb3a61eaf,2026-08-25T02:05:25.371336+00:00,site_latency,710.87,False
03cfef96e9ab8fad762ce4fd391c5a47,2026-08-25T02:05:26.221651+00:00,site_latency,404.54,False
a5a69a4b9e9b956776db8ffbba75105f,2026-08-25T02:05:25.939548+00:00,api_generic,27.12,False
b964a337931ce871eb803d54875ee342,2026-08-25T02:05:25.933937+00:00,checkout,364.99,True
8e3c97020e555831c01ae55a04a2015d,2026-08-25T02:05:26.268056+00:00,api_generic,85.69,False
90a3fda587591dbc2f8882c996ae1103,2026-08-25T02:05:24.868226+00:00,api_generic,1056.31,False
f4e97a28f754b360b85d2ad7b6f9fc60,2026-08-25T02:05:25.799617+00:00,site_latency,295.83,False
9b0f5ee8af1e59fcff6b32201678e4c7,2026-08-25T02:05:26.097755+00:00,api_generic,91.44,False
49437e0ee95dc18e2c3d7aa491eb6e72,2026-08-25T02:05:25.805072+00:00,pix,91.21,False
77d1176476a45008b512805af11ea37e,2026-08-25T02:05:25.745151+00:00,site_latency,435.01,False
4c0ca4b6a9ad500f767bc8bd282da1a1,2026-08-25T02:05:25.557053+00:00,site_latency,210.61,False
805692cc265b55ae9abfe5079299bbac,2026-08-25T02:05:25.419314+00:00,checkout,430.62,False
6a0e923cedaae26ef15fa072b70b1e69,2026-08-25T02:05:25.791052+00:00,checkout,122.43,False
bd10408fd9b07c0e71ea2eb51902dcf1,2026-08-25T02:05:25.635663+00:00,site_latency,839.91,False
a7cdca45d491d657a38b7bcdd1a23259,2026-08-25T02:05:25.670857+00:00,site_latency,178.77,False
8f7e6ac3963490ce09711b5b5a83810b,2026-08-25T02:05:26.200938+00:00,checkout,337.32,False
2637ab1b713a7da1d0001d3e0d595562,2026-08-25T02:05:25.844261+00:00,site_latency,125.85,False
c045b717af12d91499a205b9470c6db4,2026-08-25T02:05:26.282753+00:00,site_latency,158.59,False
0733aff92ed8d652bc8727d0843862b3,2026-08-25T02:05:25.551823+00:00,checkout,327.81,False
8b62c8a0ce6126864bfa151105c0370c,2026-08-25T02:05:25.432134+00:00,site_latency,461.95,False
e41b15385adf87b6bc694be5694c10b5,2026-08-25T02:05:25.888007+00:00,api_generic,89.24,False
e56662278be8141f8da4825251478396,2026-08-25T02:05:26.137393+00:00,site_latency,167.09,False
9f968f0f053a71ab7c460444c2fb6ea7,2026-08-25T02:05:25.804162+00:00,checkout,471.05,False
652586cbfbdf00355999b3411351036e,2026-08-25T02:05:25.589629+00:00,site_latency,186.61,False
6c93d900e2288f9afa6b61935b74dd22,2026-08-25T02:05:25.594666+00:00,checkout,602.34,False
36944a73a38339d7a9a9874baec76afd,2026-08-25T02:05:25.373532+00:00,checkout,461.12,False
416b8b2ac8c2a43a49d340024a8c52be,2026-08-25T02:05:25.942301+00:00,checkout,229.9,False
20ae3a3fd0491b95001ab9d4ddf67f1a,2026-08-25T02:05:25.072670+00:00,checkout,1295.35,False
57e0e188f2d4ea276da9745b75cd6016,2026-08-25T02:05:26.412956+00:00,pix,111.7,False
287f84fe588ccf92afb880c8b296b923,2026-08-25T02:05:25.774046+00:00,checkout,422.56,False
673c047e0c00ad76d4f2846b30bf6d75,2026-08-25T02:05:25.732202+00:00,pix,195.96,False
9d8bfce0151cb3708453018d76bc5ae9,2026-08-25T02:05:25.869261+00:00,checkout,415.39,False
b8af65233d2f9f18283f84d708297eb9,2026-08-25T02:05:25.816512+00:00,checkout,669.32,False
a521cef32f347857a0718c282e1eadc5,2026-08-25T02:05:26.281038+00:00,api_generic,70.71,False
4bf171a383058d2eb059ca4621f23fc2,2026-08-25T02:05:21.550041+00:00,checkout,4499.64,True
ff6ee46719b694fe2cd907b86b685444,2026-08-25T02:05:25.722108+00:00,site_latency,215.01,False
3d1b4067c04bc0a781c6c7ca971e0756,2026-08-25T02:05:25.976755+00:00,checkout,519.04,False
5fcf4bbd968ea07fa1b5e7bcdfed0baa,2026-08-25T02:05:26.392364+00:00,site_latency,111.75,False
9203a86a028c441522b074ce74bc8bc4,2026-08-25T02:05:25.491348+00:00,site_latency,580.85,False
86cff95f293a06d8dbfee44a04daaeb3,2026-08-25T02:05:25.767256+00:00,checkout,450.69,False
65bce3b383d134907e0dfe764177ddb6,2026-08-25T02:05:25.209132+00:00,api_generic,1150.35,True
334b42b7df43cfbe1a0cc9255f878e9d,2026-08-25T02:05:26.090644+00:00,site_latency,55.91,False
d15ed2bfcc6ed392afd49f17a4e720fd,2026-08-25T02:05:25.803068+00:00,checkout,216.39,False
0647b4c6c25f1069feac9b6c18a12351,2026-08-25T02:05:26.074180+00:00,site_latency,87.44,False
1be223e266b0c29713055b40d701e263,2026-08-25T02:05:25.944919+00:00,site_latency,141.81,False
3e525f3cf8f64fa06029e9d325e7826a,2026-08-25T02:05:26.432827+00:00,pix,125.01,False
12e4cf143f4d4839be6e14c6ac076722,2026-08-25T02:05:25.212630+00:00,checkout,619.81,False
0212f26c6874728d98947a7e02f27aa9,2026-08-25T02:05:25.462788+00:00,checkout,422.61,False
1e9023622ec61b3f32a8c9ac7ff04638,2026-08-25T02:05:25.517032+00:00,site_latency,367.68,False
a2309a8eb7c0abf6ff7847d0d3c47750,2026-08-25T02:05:25.929482+00:00,site_latency,597.06,False
bad40c446d462e7f8dbdeef6fe666424,2026-08-25T02:05:25.645962+00:00,site_latency,169.89,False
93afaa9d03ebdb707af9d34aac98f7a4,2026-08-25T02:05:26.051496+00:00,pix,84.32,False
ee8116b3de682f9b4c6681b2a9429e63,2026-08-25T02:05:25.861515+00:00,checkout,432.07,False
f203ee5834cfe4c9980c03b8aaa52d82,2026-08-25T02:05:26.234497+00:00,pix,119.5,False
9883dd06fee7187c1d5783174f09de25,2026-08-25T02:05:26.019084+00:00,checkout,421.95,False
49a80c660e490d815b498f11c2f04861,2026-08-25T02:05:26.374212+00:00,site_latency,153.91,False
a43ff8e2516718a2681ce6e26c37fa22,2026-08-25T02:05:26.347535+00:00,api_generic,226.22,True
bafd947015c19ca621214faf8e66567c,2026-08-25T02:05:25.692882+00:00,checkout,244.56,False
03d461ccca79b5fd1bf6e82abfd9a6b0,2026-08-25T02:05:26.063187+00:00,checkout,534.21,False
c3656b7df3552559c25a4bd1111257fd,2026-08-25T02:05:26.282944+00:00,site_latency,103.21,False
0f194f0f9f0686726b8ea048c78bc6cb,2026-08-25T02:05:26.412219+00:00,api_generic,129.87,False
0f6c6f96fee0b5890011f5201bacac8c,2026-08-25T02:05:26.444437+00:00,checkout,102.44,False
a2ac18a645dd80f92d427e7fa7ad775c,2026-08-25T02:05:25.906619+00:00,api_generic,225.98,True
19b959c701e798471fa8d07878505529,2026-08-25T02:05:26.497181+00:00,pix,129.34,False
6f455665b86b77b072bac9a08beb9e6a,2026-08-25T02:05:25.366209+00:00,site_latency,401.74,False
c136ac0d9ed0393c25727abd30a6f8cd,2026-08-25T02:05:25.457802+00:00,site_latency,309.49,False
9dee4a1e08b65ac659d617d83768002f,2026-08-25T02:05:26.092661+00:00,site_latency,451.31,False
d13e52cea04adc7c8dbe1eabe2d44b00,2026-08-25T02:05:25.479652+00:00,site_latency,292.05,False
f6420ebe750c9d36923a2d8fc6e837b8,2026-08-25T02:05:26.088552+00:00,checkout,527.86,False
680fd6745228e7220e0d798ce9f69ad4,2026-08-25T02:05:26.359436+00:00,checkout,201.94,False
e5c4be27bcb18e2f583e6013918850a5,2026-08-25T02:05:26.021108+00:00,site_latency,169.74,False
64560f7cfb6020165e575984a24ead99,2026-08-25T02:05:25.606090+00:00,site_latency,480.43,False
9cdf0152d53cda84f33d7fdd2f5643d6,2026-08-25T02:05:26.044408+00:00,checkout,412.13,False
a925a2e25e24a613a60c4739633cdb20,2026-08-25T02:05:26.267667+00:00,site_latency,341.6,False
12fbd406e8df0df1435ed24209e971b0,2026-08-25T02:05:25.679932+00:00,api_generic,77.13,False
040ef35aee7481e6c1e3c6b68192b8d3,2026-08-25T02:05:26.625817+00:00,checkout,188.74,False
a506b895ed6ff29ac71690c642d41e52,2026-08-25T02:05:26.312812+00:00,site_latency,627.36,False
d75609422955794f42ade7efc15bfcce,2026-08-25T02:05:27.148413+00:00,checkout,363.68,False
af6fab18de19be88b47bc1fc0157d649,2026-08-25T02:05:27.133068+00:00,api_generic,52.49,False
a26dfe221f479bb790032bc9bcbe8769,2026-08-25T02:05:26.976044+00:00,checkout,237.29,False
f35b3380fe3d4a177bd6395074ad60b7,2026-08-25T02:05:26.819147+00:00,site_latency,626.62,False
f88d5eb4b32806999ef36e01e4914ee6,2026-08-25T02:05:26.735863+00:00,checkout,421.44,False
1f57e0ed1ce0e9dbef6b178ed0095764,2026-08-25T02:05:27.150288+00:00,site_latency,186.85,False
8e3c5292100c6a61feb31917bc4f1570,2026-08-25T02:05:26.488586+00:00,site_latency,168.44,False
56ceeabc67ca77a5eacfb9b1c8d54241,2026-08-25T02:05:26.564163+00:00,checkout,667.35,False
da778b380e034805dff93e0cfbd8dea2,2026-08-25T02:05:27.044008+00:00,checkout,288.7,False
b3b330eb2feeb496ac7546d961ed9460,2026-08-25T02:05:26.305977+00:00,checkout,645.52,False
0a64daf2cea67ce832e1123eca3184a2,2026-08-25T02:05:26.356934+00:00,checkout,599.04,False
9e00239e2ec40136f31c024e3f7387b9,2026-08-25T02:05:26.975490+00:00,checkout,237.46,False
17d2e3599ddccc59667065f90e9d3112,2026-08-25T02:05:26.851172+00:00,site_latency,154.62,False
f1672cba574d686ae388a23623a76b39,2026-08-25T02:05:26.614852+00:00,site_latency,272.12,False
cab09b70e9539f8c17611c1085d6b06a,2026-08-25T02:05:27.312970+00:00,pix,200.99,False
d7230cfdacb602b9834412b4bf0c8770,2026-08-25T02:05:27.305785+00:00,api_generic,42.19,False
de3f1d31d989aaf687fbe97db9724422,2026-08-25T02:05:26.947459+00:00,pix,175.13,False
36482e07c5a5c81b0fcf9ee4af6aa362,2026-08-25T02:05:26.191804+00:00,checkout,467.79,False
8e50e211fb96af2a3db5e4b299dd4a2f,2026-08-25T02:05:27.235398+00:00,pix,117.45,False
d7e5517dfaeb6ce4b7276341a78cc337,2026-08-25T02:05:27.256067+00:00,site_latency,173.87,False
12e00b7b9014cec364ead5cd526cfd45,2026-08-25T02:05:26.685819+00:00,site_latency,331.39,False
a8430913bd78009b64b545c0a7cc5b6d,2026-08-25T02:05:26.433359+00:00,api_generic,272.18,True
fafd096ab9f495ea9868403b6f6929ac,2026-08-25T02:05:27.167336+00:00,checkout,196.75,False
b92be3005b582d8c32e1e2059d97a725,2026-08-25T02:05:26.974408+00:00,checkout,427.34,False
4fd396e65e964dea14349a243e72d112,2026-08-25T02:05:26.494575+00:00,site_latency,269.95,False
1d6de36dba15ec7262d6e78a40888b8d,2026-08-25T02:05:26.921360+00:00,api_generic,160.56,False
fd1c6abb81c879cd8c9df02772a7900f,2026-08-25T02:05:26.787653+00:00,api_generic,80.51,False
d64aa18cf245c18a95b0d3c47c3f5eed,2026-08-25T02:05:27.020777+00:00,api_generic,65.73,False
f450d0d36844f4129c7aef714061559e,2026-08-25T02:05:26.414675+00:00,api_generic,787.52,False
4bc2763d3cc62f7792132ee269aa747c,2026-08-25T02:05:26.278593+00:00,site_latency,455.33,False
167b0411126edcf08e2b10b78b8d248d,2026-08-25T02:05:27.322665+00:00,api_generic,68.17,False
8a7a367d513fd276b312b9cb8736a926,2026-08-25T02:05:26.686963+00:00,api_generic,118.56,False
2b2d87d165703280f83c049174a24ee0,2026-08-25T02:05:27.090618+00:00,site_latency,221.95,False
23cf6abe4c821836e932d3125be03485,2026-08-25T02:05:27.337103+00:00,api_generic,41.61,False
bd3c95380bd4d5d8d73088032a58467b,2026-08-25T02:05:26.713614+00:00,checkout,491.37,False
3871c17cb081174a6b015e1c3187ab5b,2026-08-25T02:05:26.520477+00:00,site_latency,232.77,False
5f67d95a8fdfc04fdce57dcfce29a874,2026-08-25T02:05:27.431629+00:00,api_generic,80.77,False
7bf099017ab7b9c6c41ffba7a5f208b6,2026-08-25T02:05:25.871352+00:00,checkout,929.71,False
248a72ba21e56cc2b5a6039e5079a98f,2026-08-25T02:05:26.669573+00:00,api_generic,167.47,False
219ca19aaec1f3d8d9b7165697384611,2026-08-25T02:05:27.011994+00:00,checkout,197.06,False
0408d17607ec91ad2d2f3bd0fbe08375,2026-08-25T02:05:26.509539+00:00,checkout,231.57,False
7144011177b962872c994fc0196e6cce,2026-08-25T02:05:27.255849+00:00,api_generic,95.28,False
e94f61278f74d1ff0b7764d38625ac27,2026-08-25T02:05:24.375936+00:00,checkout,3025.6,False
c7491bd798b990fe06db85e67acea0d9,2026-08-25T02:05:26.994765+00:00,checkout,407.42,False
1676dcaec7bc47bb0d3eee72c7722a0d,2026-08-25T02:05:27.157014+00:00,api_generic,52.43,False
5fe52cae0160421e14d51c93914f17c7,2026-08-25T02:05:26.813389+00:00,site_latency,398.39,False
c908e2a751ddc16acd4a5bece722ff63,2026-08-25T02:05:26.760111+00:00,checkout,400.72,False
38e009b4df02288a5df5a7c0ce70755c,2026-08-25T02:05:26.927692+00:00,site_latency,337.47,False
f6963c732d433fa2e5a3dd8dc4f18a02,2026-08-25T02:05:26.439856+00:00,checkout,464.0,False
91d601acb7882d9741eae2404b8f305f,2026-08-25T02:05:26.585024+00:00,api_generic,137.99,False
b5ea1e4f8657c1248d6b56beb832393d,2026-08-25T02:05:27.062849+00:00,checkout,401.53,False
b48382b74ea26d6ca1113d88dcd3fbb6,2026-08-25T02:05:26.079875+00:00,site_latency,652.11,False
0bf2dac6488c80463cf9e42a062d2809,2026-08-25T02:05:26.706463+00:00,checkout,332.96,False
e1cee863193d1ff8f73886faeb6350a2,2026-08-25T02:05:27.089811+00:00,pix,143.83,False
05c729f4068a3a26ac9cadbcbfc9c876,2026-08-25T02:05:26.855076+00:00,site_latency,289.27,False
e70435e97ab6d73904097965f875a235,2026-08-25T02:05:26.670252+00:00,site_latency,768.36,False
f09f3fd6cc2ac1a95ef795afd229558a,2026-08-25T02:05:27.147638+00:00,site_latency,141.99,False
b7b4b8fdabd5a9dbc5ae1e129569a595,2026-08-25T02:05:26.816850+00:00,checkout,575.69,True
26a425da29072d9238d770c8819ff79e,2026-08-25T02:05:26.680542+00:00,api_generic,69.75,False
56b8c2f02fb11e974dd94d044edd8380,2026-08-25T02:05:26.939883+00:00,site_latency,420.81,False
f8b2bdee258132c8ef62021f316e6d7e,2026-08-25T02:05:26.954792+00:00,site_latency,516.76,False
9a07de489a637fb112f13c8a6a653128,2026-08-25T02:05:26.690325+00:00,checkout,616.37,False
65114f48294bef00a1fcf3c6e2c00683,2026-08-25T02:05:26.679121+00:00,site_latency,216.3,False
6eadc537383d988f25099a2a69ffc49b,2026-08-25T02:05:26.188528+00:00,api_generic,470.85,True
95fb99aa4de71efdd03cf692bbece5ba,2026-08-25T02:05:26.279183+00:00,checkout,390.45,True
eeb016c81f064469aacb7ee30a1a97ab,2026-08-25T02:05:26.407951+00:00,site_latency,409.89,False
7d3d1b8aa1607df491bbecfcab89e17e,2026-08-25T02:05:26.877005+00:00,site_latency,246.98,False
48985e63ef0375b37d7e84fb862fafa2,2026-08-25T02:05:26.398653+00:00,checkout,518.8,False
fa460548b26f2a2f0fc9349c13bc4138,2026-08-25T02:05:26.293414+00:00,site_latency,454.05,False
1187251f0e9f4bdf43c27d7440b7cbbb,2026-08-25T02:05:26.713945+00:00,api_generic,39.57,False
82fbfdad95560e1882b2f4e805f21440,2026-08-25T02:05:26.736840+00:00,checkout,514.63,False
ee15c102a580e45e10c8bf3ab14e0fc7,2026-08-25T02:05:27.177522+00:00,api_generic,148.06,False
c9c57f0344697ff928c9feeec9eba20a,2026-08-25T02:05:26.991363+00:00,api_generic,96.67,False
49d1f677d578acb0fb1cedcbfe177f6a,2026-08-25T02:05:26.582051+00:00,site_latency,211.7,False
72597cea9bf5282962e532f271ebe6b9,2026-08-25T02:05:27.061637+00:00,api_generic,76.68,False
aa63e8724b0b64e5a9d25f1c026b7614,2026-08-25T02:05:26.733834+00:00,api_generic,143.51,False
a9b8b81085c5793959e2e634318176ea,2026-08-25T02:05:26.384478+00:00,site_latency,610.34,True
e80d392fa3922ef994c9516175aeafbf,2026-08-25T02:05:27.145056+00:00,api_generic,133.6,False
93a6fdbe4cf89049869eb342bf211104,2026-08-25T02:05:27.312538+00:00,pix,176.06,False
53ae25a25941e768e0c8b36ba89f9f70,2026-08-25T02:05:26.670563+00:00,checkout,533.72,False
f5da731533a2a72eefe7e9f4b7677761,2026-08-25T02:05:26.429077+00:00,site_latency,556.4,False
617e8cfdcd6401b4fb4c18e9dcfbdf3c,2026-08-25T02:05:27.160635+00:00,site_latency,267.75,False
01aca20e25f97c8ba09f63fce576dc03,2026-08-25T02:05:27.327860+00:00,api_generic,124.6,False
21fd5c034cd7bff9d531a3447ef3cd49,2026-08-25T02:05:26.403687+00:00,checkout,258.93,False
90fc2670d6a67ad9cfa6637ae4a38244,2026-08-25T02:05:26.686119+00:00,site_latency,251.56,False
07793d1f7985e3833b2636be332dfe41,2026-08-25T02:05:26.866609+00:00,checkout,350.25,False
48551a19763f5a0c5abf4d0a622665e0,2026-08-25T02:05:26.983950+00:00,pix,72.71,False
9b9a8d481cc8620c554290d48303c8f7,2026-08-25T02:05:26.882021+00:00,checkout,252.29,False
3a340ffe4422c9bc890e5121ab536b15,2026-08-25T02:05:27.068515+00:00,api_generic,441.43,False
b4c8e175b87b2d8dc5c254ef5f2f0a38,2026-08-25T02:05:26.276989+00:00,site_latency,463.42,False
5b10bda25d05bc8e13410d595377f5b8,2026-08-25T02:05:26.679240+00:00,api_generic,71.27,False
957fa372ed0bb686a4070959214f2b2a,2026-08-25T02:05:26.809174+00:00,checkout,570.52,False
41e97f3b839ba0a2745b2ea08cdeb348,2026-08-25T02:05:26.529648+00:00,site_latency,265.16,False
999b042391fb8389c5859da8d80599a6,2026-08-25T02:05:27.087997+00:00,api_generic,40.16,False
727e5af5abc69609f4f437c3b33fbb38,2026-08-25T02:05:26.678462+00:00,checkout,266.39,False
e0ee66a808fc852525de41f905e0c5fc,2026-08-25T02:05:26.693624+00:00,pix,99.32,False
551ef0c04d1587ce844b14d88a714d9c,2026-08-25T02:05:26.616358+00:00,site_latency,504.0,False
1255c12f7e9df58d41d61b68c7d3500e,2026-08-25T02:05:27.162674+00:00,checkout,238.18,False
5e52d966c65898f674152aafaa0160cd,2026-08-25T02:05:27.019624+00:00,site_latency,451.42,False
6f33764f17f82ae777a72aa2ca85d564,2026-08-25T02:05:27.317179+00:00,api_generic,39.3,False
2b68cbdd0642315acfaf0616f528b05b,2026-08-25T02:05:26.454338+00:00,checkout,413.06,False
c3775e0f14b5ab9e2a8b202eaf7b5594,2026-08-25T02:05:26.635579+00:00,pix,74.74,False
214f994f37e11e2286c790f01532a3a5,2026-08-25T02:05:26.381781+00:00,checkout,346.9,False
95085d2582bc5b672b466dec02f36282,2026-08-25T02:05:27.021203+00:00,api_generic,186.97,False
1000746aca8c392c794ea52ba44d465f,2026-08-25T02:05:26.466536+00:00,checkout,468.74,False
d7431ba2e4b8afa5898eb0816cb7b402,2026-08-25T02:05:26.684045+00:00,checkout,492.11,False
9b1b1b92fcbde5764b3aa8b84824af87,2026-08-25T02:05:27.363724+00:00,pix,120.28,False
9a35e4dfa9055079c439b18ad3671a54,2026-08-25T02:05:26.690967+00:00,checkout,445.95,False
e097ac8fccfede6ec1b7f5b595018f4b,2026-08-25T02:05:26.528680+00:00,pix,171.45,False
cbf27b6d4efd066eb85dac1f1c91fc91,2026-08-25T02:05:26.945226+00:00,pix,113.41,False
d692374537f801768706929b28a471ba,2026-08-25T02:05:26.789337+00:00,api_generic,61.88,False
5c0b84a961c1f17d4a66ea5c32c4f4e0,2026-08-25T02:05:27.558304+00:00,checkout,133.66,False
3ad024d136c9cfc32643b8ae79d77107,2026-08-25T02:05:27.453834+00:00,site_latency,246.28,False
fbaf6c127375c83e1908fe3d2f163d46,2026-08-25T02:05:27.911579+00:00,site_latency,416.03,False
25ced9e0df42e29475380f4bb39b27fc,2026-08-25T02:05:27.942301+00:00,pix,92.01,False
4e0d4b1133dc89e4c809f7f7b8f6e907,2026-08-25T02:05:27.776239+00:00,site_latency,80.06,False
d59ebcf7f347d5303601a382d0209593,2026-08-25T02:05:27.334791+00:00,site_latency,412.01,False
ef73e3903a6fcbeff1e5a0ca063a9f63,2026-08-25T02:05:27.653361+00:00,site_latency,237.01,False
1e9e139bbcc2ffd37e509857bc35ef33,2026-08-25T02:05:27.624274+00:00,api_generic,73.94,True
5dd316f7c47de3bb29401513e3491ccb,2026-08-25T02:05:27.629124+00:00,checkout,193.51,False
e95a1192489b01d3762d3648bb4afd75,2026-08-25T02:05:27.328626+00:00,site_latency,224.29,False
afe169978106806332e3bc14324e4963,2026-08-25T02:05:27.512053+00:00,site_latency,460.68,False
d3c5f3ef0aa67e12f71cfc1a02d194e1,2026-08-25T02:05:27.714953+00:00,site_latency,456.41,False
ca3faf174ddc5852bc36fdaee37eb845,2026-08-25T02:05:27.901920+00:00,checkout,451.24,False
c38f645c278e8ac97c2f69308ebeda62,2026-08-25T02:05:27.566731+00:00,checkout,408.05,False
61cb175efe0d8eaedb6528851961ce04,2026-08-25T02:05:27.653798+00:00,checkout,571.53,False
1410d144ae92ee4d903e0a6214ede2b2,2026-08-25T02:05:27.864882+00:00,api_generic,50.59,False
0e85674358fee422bb7944177fb424af,2026-08-25T02:05:27.927197+00:00,api_generic,59.54,False
b804ff9054fcc39253e7476fe249521e,2026-08-25T02:05:28.155268+00:00,pix,85.63,False
265860699d26f82f2fc81785b93955f1,2026-08-25T02:05:27.954457+00:00,site_latency,196.3,False
0c1a1bc90faec1a05c5200dd279a0e5b,2026-08-25T02:05:27.567052+00:00,checkout,84.23,False
6fd2df07bae7fe649db5ff330c7df4f2,2026-08-25T02:05:27.357773+00:00,site_latency,514.87,False
f39b2e744f036f1bda07a8d11aa29df3,2026-08-25T02:05:27.590468+00:00,pix,101.1,False
74762ae7df568bd2495364868aee9072,2026-08-25T02:05:28.268956+00:00,api_generic,29.19,False
ad46df54be22c4fe7516e40666ddcb27,2026-08-25T02:05:27.310803+00:00,site_latency,241.93,False
e9261c4b8fac036ef6e8238c12669ead,2026-08-25T02:05:27.442727+00:00,checkout,256.04,False
9370c8c2018ccb761d7147a2a2872d62,2026-08-25T02:05:27.749768+00:00,site_latency,106.73,False
5979ff49a0c2b0e5c8094832cee7ec06,2026-08-25T02:05:27.639333+00:00,site_latency,647.56,False
c0404ee420290e6a97d8cda622f4a932,2026-08-25T02:05:27.149590+00:00,site_latency,479.12,False
f443262eb11528e4875678b3e1b63d96,2026-08-25T02:05:27.492479+00:00,checkout,688.74,False
b74eb194b444d027e38859f6183376ae,2026-08-25T02:05:27.541336+00:00,site_latency,52.62,False
1bf4f3f33ee988e9e812b57fb4d38cd5,2026-08-25T02:05:27.624064+00:00,site_latency,257.4,False
3b9f87ef77d3393c7bbe59f6b1022aba,2026-08-25T02:05:27.902267+00:00,checkout,198.14,False
f733188317290699041f433c3168aaed,2026-08-25T02:05:28.103971+00:00,api_generic,60.67,False
7a0681caab49ae4c7deaad9d75d6a6c2,2026-08-25T02:05:27.466048+00:00,api_generic,98.99,False
2d58cf7d9d957389252de26fc7e9f1ab,2026-08-25T02:05:27.525904+00:00,api_generic,50.76,False
e8740c1b2ff569ae82a0c4ae2ded901e,2026-08-25T02:05:27.779842+00:00,checkout,320.9,False
1715edc45065695cb5294e8126ce49cb,2026-08-25T02:05:27.495045+00:00,checkout,742.87,False
ab085081c15d093edc0e8130b1e080d3,2026-08-25T02:05:27.750632+00:00,pix,76.33,False
d610f1f4a91914348e06f87688d3b8be,2026-08-25T02:05:27.663975+00:00,site_latency,447.27,False
c38297e9a94e35fce10f96a6d20a0ab0,2026-08-25T02:05:27.784604+00:00,site_latency,431.06,False
d5145f19d4cdfb00b64e63543dffbca3,2026-08-25T02:05:27.000070+00:00,checkout,627.03,False
08dcce262955c14b1c02d33d396059d3,2026-08-25T02:05:27.031181+00:00,checkout,521.26,False
0719f38ffb3c552dac41c7483812ab47,2026-08-25T02:05:27.987431+00:00,checkout,315.23,False
767ed5cce7a33f5403dc1372033e0398,2026-08-25T02:05:28.212638+00:00,api_generic,109.0,False
fac407b4fad943437cddf2b623976832,2026-08-25T02:05:27.694235+00:00,checkout,663.48,False
6af3514fa1e72944ec6a76acc5a42f6f,2026-08-25T02:05:28.162455+00:00,site_latency,112.76,False
e2b314ef312fef8ff5ea81632d93aafd,2026-08-25T02:05:28.222668+00:00,site_latency,68.69,False
3dd5bacd2b1c86f1c2a8e371b82e1a14,2026-08-25T02:05:27.005461+00:00,checkout,541.23,False
1e220c78cb9a0433b05e402f870852fc,2026-08-25T02:05:27.497484+00:00,site_latency,91.89,False
8ca24d6bc89b25b49ceda2556358d1d2,2026-08-25T02:05:28.251519+00:00,site_latency,106.69,False
788c3ed4c1d5151b4bc609ba34e20e9c,2026-08-25T02:05:27.504780+00:00,site_latency,431.4,False
f688838b7e0d4491eacfcc232673a991,2026-08-25T02:05:27.999283+00:00,site_latency,211.37,False
ff117e061ea1065931253bd2727fb29e,2026-08-25T02:05:27.242652+00:00,checkout,459.32,False
fe95faefae6a9741c88ae0565a40b932,2026-08-25T02:05:27.967929+00:00,checkout,259.53,False
0de5ffdb173f96452efeef3cf84f73c2,2026-08-25T02:05:27.572386+00:00,api_generic,59.69,False
1a8931ab7e98a128f2b0aca9febfb294,2026-08-25T02:05:27.635463+00:00,checkout,388.35,False
d968e5096c7796349527e604d9bd73d2,2026-08-25T02:05:27.462018+00:00,checkout,174.98,False
238c0b3ccfa9d7733333f601ab630275,2026-08-25T02:05:27.155072+00:00,checkout,433.81,False
0439b9d6de9806fe37c5ffea021f54bf,2026-08-25T02:05:27.489465+00:00,site_latency,136.45,False
907edaf5a77bd31119f67a3aa62350e1,2026-08-25T02:05:27.700840+00:00,site_latency,139.87,False
06c693295495df63e270b0c4e7ae398f,2026-08-25T02:05:27.678461+00:00,site_latency,99.96,False
efa643b1d44f0e5828e17add57e94ec6,2026-08-25T02:05:27.588143+00:00,site_latency,314.21,False
a4f72bbc6e132e63c33d979ef9e792e0,2026-08-25T02:05:27.574048+00:00,checkout,701.77,False
45114809e53c45f4c39a384f0b2fdd62,2026-08-25T02:05:27.148208+00:00,checkout,479.14,False
9b024aa7de39727516c1e0a439a9c4c9,2026-08-25T02:05:27.872604+00:00,site_latency,231.99,False
c308e49f52ebdb412abc2bb952fce81f,2026-08-25T02:05:27.500643+00:00,pix,756.44,False
56e94d80e0ae33b2dc719b7f84cfdf09,2026-08-25T02:05:27.625405+00:00,site_latency,443.71,False
f71f48031367089d5e4625d49e80d10e,2026-08-25T02:05:27.509902+00:00,api_generic,49.06,False
b134d3c3b18b4f1938d655d6445761cc,2026-08-25T02:05:27.598765+00:00,api_generic,243.57,False
5d316af771cd029da071c34a197b3f7f,2026-08-25T02:05:27.834639+00:00,pix,130.09,False
0e56e0d1a06a4383f203263ec775fa48,2026-08-25T02:05:26.374536+00:00,pix,1919.42,False
1af521acc780dabb56a6ba987752a379,2026-08-25T02:05:27.962231+00:00,pix,119.22,False
76d7496c565a149326fb582761e9f061,2026-08-25T02:05:28.077986+00:00,checkout,271.81,False
2548a7fa36e5c227bca0c4a037b01ed8,2026-08-25T02:05:28.088290+00:00,checkout,216.99,False
fa3bc4fc9ec197a83c53817a351806a9,2026-08-25T02:05:25.898613+00:00,site_latency,1664.82,False
5548a0bc33f89fbdd3e70974ee618586,2026-08-25T02:05:27.070036+00:00,checkout,996.49,False
f52fa0a4b747af1d27247e1b196d1b1d,2026-08-25T02:05:28.147401+00:00,site_latency,117.32,False
11a0e47c7d44d6b9f1c107cf4f6f7754,2026-08-25T02:05:27.809969+00:00,api_generic,37.12,False
76c51a5804fdd88a1d13cacc472be925,2026-08-25T02:05:27.032125+00:00,site_latency,916.36,False
9dea6e4c45ba2b5bdd53845553cc42d6,2026-08-25T02:05:27.574332+00:00,site_latency,104.18,False
32f6990e0fa7008a9e5ee7b82905717c,2026-08-25T02:05:27.666701+00:00,api_generic,54.09,False
0c72cdffff6fb08d5c1f5721d1201067,2026-08-25T02:05:27.498067+00:00,pix,122.0,False
760c8e8a639a0c434df85c59e7c81ad3,2026-08-25T02:05:27.869051+00:00,api_generic,38.58,False
a133b84d9304556f77f40ea5b9141242,2026-08-25T02:05:27.958683+00:00,site_latency,119.73,False
1234f5a511867b8532c20ea22086c32c,2026-08-25T02:05:27.160094+00:00,api_generic,943.91,False
3dfe160c79011c1e770727676290172d,2026-08-25T02:05:27.895845+00:00,site_latency,456.91,False
afd3b0aa83eb48968c789207ef9f039e,2026-08-25T02:05:27.198109+00:00,checkout,449.15,False
a5c89267ec52f2924930683bbc327983,2026-08-25T02:05:27.791747+00:00,site_latency,134.53,False
9de169288e36b5e038a2c03d686ffa86,2026-08-25T02:05:27.937824+00:00,site_latency,441.88,True
4ada22be9c6537801294532186568b47,2026-08-25T02:05:27.291782+00:00,checkout,771.68,False
64fba4bad0fdc6c71933772a0e225148,2026-08-25T02:05:27.035885+00:00,api_generic,504.49,False
5eb7522e40447fae83222828ef67ec0a,2026-08-25T02:05:26.691249+00:00,checkout,1140.24,True
7f08d2ada14163021b78a7e12a07165e,2026-08-25T02:05:27.045402+00:00,site_latency,559.76,False
fcbc0fcc39847eeb3bc2201eee6ba543,2026-08-25T02:05:27.610102+00:00,checkout,410.84,False
80600064fa0175c461dd2911afc4771a,2026-08-25T02:05:28.097228+00:00,checkout,267.43,False
a5dadb4813898d723e445db9f280a682,2026-08-25T02:05:27.320810+00:00,site_latency,216.44,False
f4628204258d6d42878be71c1f0c06d5,2026-08-25T02:05:27.820010+00:00,api_generic,49.67,False
be2a7fb42bea3005451c89ef39b77147,2026-08-25T02:05:27.804463+00:00,checkout,445.76,False
b94983697272e7daceebda8d368b031a,2026-08-25T02:05:27.783782+00:00,site_latency,293.16,True
75469b7093966b463d63c913d1a469c9,2026-08-25T02:05:27.481622+00:00,site_latency,177.04,False
ee24c95191b5b3d89a55be9febabb95f,2026-08-25T02:05:28.078375+00:00,site_latency,74.05,False
4bfaceda3930bd4cbc514246bba01a34,2026-08-25T02:05:28.147983+00:00,pix,56.62,False
b629a6dc2abf94b1bd68ae3b9afea778,2026-08-25T02:05:27.558816+00:00,site_latency,592.16,False
399084372dfa0bbbd8a2cf3929a081b9,2026-08-25T02:05:27.211718+00:00,site_latency,486.8,False
2db18ce500417cb4ca95c7f729d0b39f,2026-08-25T02:05:27.625833+00:00,api_generic,447.15,False
c2e9742c0ac6ab4ae69a9e0f7e23c6dd,2026-08-25T02:05:27.654907+00:00,pix,97.95,False
432f37595ffc44f9f9e3e3a6f9acebbd,2026-08-25T02:05:27.144894+00:00,site_latency,642.55,False
705971a1c16b505518a611928f58a5f3,2026-08-25T02:05:27.955102+00:00,pix,91.24,False
9504f2412f106d4359c54b4a7da4a3c1,2026-08-25T02:05:27.680328+00:00,checkout,204.42,False
7a57edf0ef3f1cedd356e4cdf6b27704,2026-08-25T02:05:27.972340+00:00,checkout,192.57,False
1e197d55ed236facb9c03565db277c43,2026-08-25T02:05:27.323927+00:00,checkout,450.17,False
6995437a8a2b83c560c505ba68f784b5,2026-08-25T02:05:27.380477+00:00,api_generic,431.25,False
7e3170a11bc928df50cc6f63c890d9d6,2026-08-25T02:05:27.724018+00:00,pix,106.82,False
102b55ab593df9fc20b6cb30de78bc89,2026-08-25T02:05:27.925088+00:00,site_latency,97.34,False
6f7ce5471c0a6b1473edc0aa913c3d11,2026-08-25T02:05:27.595146+00:00,site_latency,62.11,False
db362cfd312deb6e9bba4bff70e9b697,2026-08-25T02:05:27.912955+00:00,api_generic,84.58,False
1df61ab0b4a7b9bf008290224551fa85,2026-08-25T02:05:27.723108+00:00,checkout,206.44,False
